dataset,dataset_id,generator,seed,split_seed,n_synthetic_samples,n_train,n_test,task,training_time_seconds,generation_time_seconds,evaluation_time_seconds,total_time_seconds,metric_category,metric_name,metric_value
Cancer,cancer,CTGAN,123,42,1000,455,114,classification,76.60656310198829,0.0,5.222942436113954,81.83954001800157,Fidelity,Quality_Score,
Cancer,cancer,CTGAN,123,42,1000,455,114,classification,76.60656310198829,0.0,5.222942436113954,81.83954001800157,Fidelity,KS_Complement,0.7087820512820514
Cancer,cancer,CTGAN,123,42,1000,455,114,classification,76.60656310198829,0.0,5.222942436113954,81.83954001800157,Fidelity,Wasserstein_Distance,23.614010534310435
Cancer,cancer,CTGAN,123,42,1000,455,114,classification,76.60656310198829,0.0,5.222942436113954,81.83954001800157,Fidelity,MMD,0.1971944192537396
Cancer,cancer,CTGAN,123,42,1000,455,114,classification,76.60656310198829,0.0,5.222942436113954,81.83954001800157,Utility,Accuracy_TRTR,0.958187134502924
Cancer,cancer,CTGAN,123,42,1000,455,114,classification,76.60656310198829,0.0,5.222942436113954,81.83954001800157,Utility,Accuracy_TSTR,0.4812865497076023
Cancer,cancer,CTGAN,123,42,1000,455,114,classification,76.60656310198829,0.0,5.222942436113954,81.83954001800157,Utility,Accuracy_Gap,0.4769005847953216
Cancer,cancer,CTGAN,123,42,1000,455,114,classification,76.60656310198829,0.0,5.222942436113954,81.83954001800157,Utility,F1_TRTR,0.9579899186677384
Cancer,cancer,CTGAN,123,42,1000,455,114,classification,76.60656310198829,0.0,5.222942436113954,81.83954001800157,Utility,F1_TSTR,0.4537007049028936
Cancer,cancer,CTGAN,123,42,1000,455,114,classification,76.60656310198829,0.0,5.222942436113954,81.83954001800157,Utility,F1_Gap,0.5042892137648449
Cancer,cancer,CTGAN,123,42,1000,455,114,classification,76.60656310198829,0.0,5.222942436113954,81.83954001800157,Utility,Precision_TRTR,0.9585588829451
Cancer,cancer,CTGAN,123,42,1000,455,114,classification,76.60656310198829,0.0,5.222942436113954,81.83954001800157,Utility,Precision_TSTR,0.4445833998769507
Cancer,cancer,CTGAN,123,42,1000,455,114,classification,76.60656310198829,0.0,5.222942436113954,81.83954001800157,Utility,Precision_Gap,0.5139754830681492
Cancer,cancer,CTGAN,123,42,1000,455,114,classification,76.60656310198829,0.0,5.222942436113954,81.83954001800157,Utility,Recall_TRTR,0.958187134502924
Cancer,cancer,CTGAN,123,42,1000,455,114,classification,76.60656310198829,0.0,5.222942436113954,81.83954001800157,Utility,Recall_TSTR,0.4812865497076023
Cancer,cancer,CTGAN,123,42,1000,455,114,classification,76.60656310198829,0.0,5.222942436113954,81.83954001800157,Utility,Recall_Gap,0.4769005847953216
Cancer,cancer,CTGAN,123,42,1000,455,114,classification,76.60656310198829,0.0,5.222942436113954,81.83954001800157,Privacy,Mahalanobis_Distance,114.5245502877272
Cancer,cancer,CTGAN,123,42,1000,455,114,classification,76.60656310198829,0.0,5.222942436113954,81.83954001800157,Privacy,Mean_Distance,114.5245502877272
Cancer,cancer,CTGAN,123,42,1000,455,114,classification,76.60656310198829,0.0,5.222942436113954,81.83954001800157,Privacy,Median_Distance,102.09025171792766
Cancer,cancer,CTGAN,123,42,1000,455,114,classification,76.60656310198829,0.0,5.222942436113954,81.83954001800157,Privacy,NNDR,0.981481546157858
Cancer,cancer,CTGAN,123,42,1000,455,114,classification,76.60656310198829,0.0,5.222942436113954,81.83954001800157,Privacy,MIA_AUC,0.991111111111111
Cancer,cancer,CTGAN,123,42,1000,455,114,classification,76.60656310198829,0.0,5.222942436113954,81.83954001800157,Compute,training_time_seconds,76.60656310198829
Cancer,cancer,CTGAN,123,42,1000,455,114,classification,76.60656310198829,0.0,5.222942436113954,81.83954001800157,Compute,generation_time_seconds,0.0
Cancer,cancer,CTGAN,123,42,1000,455,114,classification,76.60656310198829,0.0,5.222942436113954,81.83954001800157,Compute,evaluation_time_seconds,5.222942436113954
Cancer,cancer,CTGAN,123,42,1000,455,114,classification,76.60656310198829,0.0,5.222942436113954,81.83954001800157,Compute,total_time_seconds,81.83954001800157
Cancer,cancer,CTGAN,2024,42,1000,455,114,classification,71.86530623910949,0.0,5.178388346219435,77.06332916091196,Fidelity,Quality_Score,
Cancer,cancer,CTGAN,2024,42,1000,455,114,classification,71.86530623910949,0.0,5.178388346219435,77.06332916091196,Fidelity,KS_Complement,0.7218120879120877
Cancer,cancer,CTGAN,2024,42,1000,455,114,classification,71.86530623910949,0.0,5.178388346219435,77.06332916091196,Fidelity,Wasserstein_Distance,20.70595432454513
Cancer,cancer,CTGAN,2024,42,1000,455,114,classification,71.86530623910949,0.0,5.178388346219435,77.06332916091196,Fidelity,MMD,0.2153142910933406
Cancer,cancer,CTGAN,2024,42,1000,455,114,classification,71.86530623910949,0.0,5.178388346219435,77.06332916091196,Utility,Accuracy_TRTR,0.958187134502924
Cancer,cancer,CTGAN,2024,42,1000,455,114,classification,71.86530623910949,0.0,5.178388346219435,77.06332916091196,Utility,Accuracy_TSTR,0.525438596491228
Cancer,cancer,CTGAN,2024,42,1000,455,114,classification,71.86530623910949,0.0,5.178388346219435,77.06332916091196,Utility,Accuracy_Gap,0.4327485380116959
Cancer,cancer,CTGAN,2024,42,1000,455,114,classification,71.86530623910949,0.0,5.178388346219435,77.06332916091196,Utility,F1_TRTR,0.9579899186677384
Cancer,cancer,CTGAN,2024,42,1000,455,114,classification,71.86530623910949,0.0,5.178388346219435,77.06332916091196,Utility,F1_TSTR,0.5270058712825908
Cancer,cancer,CTGAN,2024,42,1000,455,114,classification,71.86530623910949,0.0,5.178388346219435,77.06332916091196,Utility,F1_Gap,0.4309840473851477
Cancer,cancer,CTGAN,2024,42,1000,455,114,classification,71.86530623910949,0.0,5.178388346219435,77.06332916091196,Utility,Precision_TRTR,0.9585588829451
Cancer,cancer,CTGAN,2024,42,1000,455,114,classification,71.86530623910949,0.0,5.178388346219435,77.06332916091196,Utility,Precision_TSTR,0.588493372263326
Cancer,cancer,CTGAN,2024,42,1000,455,114,classification,71.86530623910949,0.0,5.178388346219435,77.06332916091196,Utility,Precision_Gap,0.3700655106817739
Cancer,cancer,CTGAN,2024,42,1000,455,114,classification,71.86530623910949,0.0,5.178388346219435,77.06332916091196,Utility,Recall_TRTR,0.958187134502924
Cancer,cancer,CTGAN,2024,42,1000,455,114,classification,71.86530623910949,0.0,5.178388346219435,77.06332916091196,Utility,Recall_TSTR,0.525438596491228
Cancer,cancer,CTGAN,2024,42,1000,455,114,classification,71.86530623910949,0.0,5.178388346219435,77.06332916091196,Utility,Recall_Gap,0.4327485380116959
Cancer,cancer,CTGAN,2024,42,1000,455,114,classification,71.86530623910949,0.0,5.178388346219435,77.06332916091196,Privacy,Mahalanobis_Distance,129.20127005420258
Cancer,cancer,CTGAN,2024,42,1000,455,114,classification,71.86530623910949,0.0,5.178388346219435,77.06332916091196,Privacy,Mean_Distance,129.20127005420258
Cancer,cancer,CTGAN,2024,42,1000,455,114,classification,71.86530623910949,0.0,5.178388346219435,77.06332916091196,Privacy,Median_Distance,110.22118803778346
Cancer,cancer,CTGAN,2024,42,1000,455,114,classification,71.86530623910949,0.0,5.178388346219435,77.06332916091196,Privacy,NNDR,0.9778312905796892
Cancer,cancer,CTGAN,2024,42,1000,455,114,classification,71.86530623910949,0.0,5.178388346219435,77.06332916091196,Privacy,MIA_AUC,0.9974074074074074
Cancer,cancer,CTGAN,2024,42,1000,455,114,classification,71.86530623910949,0.0,5.178388346219435,77.06332916091196,Compute,training_time_seconds,71.86530623910949
Cancer,cancer,CTGAN,2024,42,1000,455,114,classification,71.86530623910949,0.0,5.178388346219435,77.06332916091196,Compute,generation_time_seconds,0.0
Cancer,cancer,CTGAN,2024,42,1000,455,114,classification,71.86530623910949,0.0,5.178388346219435,77.06332916091196,Compute,evaluation_time_seconds,5.178388346219435
Cancer,cancer,CTGAN,2024,42,1000,455,114,classification,71.86530623910949,0.0,5.178388346219435,77.06332916091196,Compute,total_time_seconds,77.06332916091196
Cancer,cancer,CTGAN,42,42,1000,455,114,classification,71.96204185509123,0.0,6.491197895957157,78.4635386171285,Fidelity,Quality_Score,0.6722121099996817
Cancer,cancer,CTGAN,42,42,1000,455,114,classification,71.96204185509123,0.0,6.491197895957157,78.4635386171285,Fidelity,KS_Complement,0.6981571428571429
Cancer,cancer,CTGAN,42,42,1000,455,114,classification,71.96204185509123,0.0,6.491197895957157,78.4635386171285,Fidelity,Wasserstein_Distance,23.458555318099386
Cancer,cancer,CTGAN,42,42,1000,455,114,classification,71.96204185509123,0.0,6.491197895957157,78.4635386171285,Fidelity,MMD,0.2225401600036953
Cancer,cancer,CTGAN,42,42,1000,455,114,classification,71.96204185509123,0.0,6.491197895957157,78.4635386171285,Utility,Accuracy_TRTR,0.958187134502924
Cancer,cancer,CTGAN,42,42,1000,455,114,classification,71.96204185509123,0.0,6.491197895957157,78.4635386171285,Utility,Accuracy_TSTR,0.5160818713450293
Cancer,cancer,CTGAN,42,42,1000,455,114,classification,71.96204185509123,0.0,6.491197895957157,78.4635386171285,Utility,Accuracy_Gap,0.4421052631578946
Cancer,cancer,CTGAN,42,42,1000,455,114,classification,71.96204185509123,0.0,6.491197895957157,78.4635386171285,Utility,F1_TRTR,0.9579899186677384
Cancer,cancer,CTGAN,42,42,1000,455,114,classification,71.96204185509123,0.0,6.491197895957157,78.4635386171285,Utility,F1_TSTR,0.5116878070896664
Cancer,cancer,CTGAN,42,42,1000,455,114,classification,71.96204185509123,0.0,6.491197895957157,78.4635386171285,Utility,F1_Gap,0.4463021115780721
Cancer,cancer,CTGAN,42,42,1000,455,114,classification,71.96204185509123,0.0,6.491197895957157,78.4635386171285,Utility,Precision_TRTR,0.9585588829451
Cancer,cancer,CTGAN,42,42,1000,455,114,classification,71.96204185509123,0.0,6.491197895957157,78.4635386171285,Utility,Precision_TSTR,0.5909817708167657
Cancer,cancer,CTGAN,42,42,1000,455,114,classification,71.96204185509123,0.0,6.491197895957157,78.4635386171285,Utility,Precision_Gap,0.3675771121283342
Cancer,cancer,CTGAN,42,42,1000,455,114,classification,71.96204185509123,0.0,6.491197895957157,78.4635386171285,Utility,Recall_TRTR,0.958187134502924
Cancer,cancer,CTGAN,42,42,1000,455,114,classification,71.96204185509123,0.0,6.491197895957157,78.4635386171285,Utility,Recall_TSTR,0.5160818713450293
Cancer,cancer,CTGAN,42,42,1000,455,114,classification,71.96204185509123,0.0,6.491197895957157,78.4635386171285,Utility,Recall_Gap,0.4421052631578946
Cancer,cancer,CTGAN,42,42,1000,455,114,classification,71.96204185509123,0.0,6.491197895957157,78.4635386171285,Privacy,Mahalanobis_Distance,133.50330829978603
Cancer,cancer,CTGAN,42,42,1000,455,114,classification,71.96204185509123,0.0,6.491197895957157,78.4635386171285,Privacy,Mean_Distance,133.50330829978603
Cancer,cancer,CTGAN,42,42,1000,455,114,classification,71.96204185509123,0.0,6.491197895957157,78.4635386171285,Privacy,Median_Distance,119.64834591710988
Cancer,cancer,CTGAN,42,42,1000,455,114,classification,71.96204185509123,0.0,6.491197895957157,78.4635386171285,Privacy,NNDR,0.9815696177020452
Cancer,cancer,CTGAN,42,42,1000,455,114,classification,71.96204185509123,0.0,6.491197895957157,78.4635386171285,Privacy,MIA_AUC,1.0
Cancer,cancer,CTGAN,42,42,1000,455,114,classification,71.96204185509123,0.0,6.491197895957157,78.4635386171285,Compute,training_time_seconds,71.96204185509123
Cancer,cancer,CTGAN,42,42,1000,455,114,classification,71.96204185509123,0.0,6.491197895957157,78.4635386171285,Compute,generation_time_seconds,0.0
Cancer,cancer,CTGAN,42,42,1000,455,114,classification,71.96204185509123,0.0,6.491197895957157,78.4635386171285,Compute,evaluation_time_seconds,6.491197895957157
Cancer,cancer,CTGAN,42,42,1000,455,114,classification,71.96204185509123,0.0,6.491197895957157,78.4635386171285,Compute,total_time_seconds,78.4635386171285
Cancer,cancer,CopulaGAN,42,42,1000,455,114,classification,73.830597324064,0.0,6.844208926195279,80.71898122597486,Fidelity,Quality_Score,0.670829269714067
Cancer,cancer,CopulaGAN,42,42,1000,455,114,classification,73.830597324064,0.0,6.844208926195279,80.71898122597486,Fidelity,KS_Complement,0.6973714285714284
Cancer,cancer,CopulaGAN,42,42,1000,455,114,classification,73.830597324064,0.0,6.844208926195279,80.71898122597486,Fidelity,Wasserstein_Distance,33.40136545244344
Cancer,cancer,CopulaGAN,42,42,1000,455,114,classification,73.830597324064,0.0,6.844208926195279,80.71898122597486,Fidelity,MMD,0.268642812482075
Cancer,cancer,CopulaGAN,42,42,1000,455,114,classification,73.830597324064,0.0,6.844208926195279,80.71898122597486,Utility,Accuracy_TRTR,0.958187134502924
Cancer,cancer,CopulaGAN,42,42,1000,455,114,classification,73.830597324064,0.0,6.844208926195279,80.71898122597486,Utility,Accuracy_TSTR,0.5982456140350878
Cancer,cancer,CopulaGAN,42,42,1000,455,114,classification,73.830597324064,0.0,6.844208926195279,80.71898122597486,Utility,Accuracy_Gap,0.3599415204678361
Cancer,cancer,CopulaGAN,42,42,1000,455,114,classification,73.830597324064,0.0,6.844208926195279,80.71898122597486,Utility,F1_TRTR,0.9579899186677384
Cancer,cancer,CopulaGAN,42,42,1000,455,114,classification,73.830597324064,0.0,6.844208926195279,80.71898122597486,Utility,F1_TSTR,0.5893977715051525
Cancer,cancer,CopulaGAN,42,42,1000,455,114,classification,73.830597324064,0.0,6.844208926195279,80.71898122597486,Utility,F1_Gap,0.368592147162586
Cancer,cancer,CopulaGAN,42,42,1000,455,114,classification,73.830597324064,0.0,6.844208926195279,80.71898122597486,Utility,Precision_TRTR,0.9585588829451
Cancer,cancer,CopulaGAN,42,42,1000,455,114,classification,73.830597324064,0.0,6.844208926195279,80.71898122597486,Utility,Precision_TSTR,0.7298174664919795
Cancer,cancer,CopulaGAN,42,42,1000,455,114,classification,73.830597324064,0.0,6.844208926195279,80.71898122597486,Utility,Precision_Gap,0.2287414164531204
Cancer,cancer,CopulaGAN,42,42,1000,455,114,classification,73.830597324064,0.0,6.844208926195279,80.71898122597486,Utility,Recall_TRTR,0.958187134502924
Cancer,cancer,CopulaGAN,42,42,1000,455,114,classification,73.830597324064,0.0,6.844208926195279,80.71898122597486,Utility,Recall_TSTR,0.5982456140350878
Cancer,cancer,CopulaGAN,42,42,1000,455,114,classification,73.830597324064,0.0,6.844208926195279,80.71898122597486,Utility,Recall_Gap,0.3599415204678361
Cancer,cancer,CopulaGAN,42,42,1000,455,114,classification,73.830597324064,0.0,6.844208926195279,80.71898122597486,Utility,ROC_AUC_TRTR,0.9709325396825398
Cancer,cancer,CopulaGAN,42,42,1000,455,114,classification,73.830597324064,0.0,6.844208926195279,80.71898122597486,Utility,ROC_AUC_TSTR,0.7324074074074074
Cancer,cancer,CopulaGAN,42,42,1000,455,114,classification,73.830597324064,0.0,6.844208926195279,80.71898122597486,Utility,ROC_AUC_Gap,0.2385251322751324
Cancer,cancer,CopulaGAN,42,42,1000,455,114,classification,73.830597324064,0.0,6.844208926195279,80.71898122597486,Privacy,Mahalanobis_Distance,130.62796331489355
Cancer,cancer,CopulaGAN,42,42,1000,455,114,classification,73.830597324064,0.0,6.844208926195279,80.71898122597486,Privacy,Mean_Distance,130.62796331489355
Cancer,cancer,CopulaGAN,42,42,1000,455,114,classification,73.830597324064,0.0,6.844208926195279,80.71898122597486,Privacy,Median_Distance,116.4259912431834
Cancer,cancer,CopulaGAN,42,42,1000,455,114,classification,73.830597324064,0.0,6.844208926195279,80.71898122597486,Privacy,NNDR,0.97853305831354
Cancer,cancer,CopulaGAN,42,42,1000,455,114,classification,73.830597324064,0.0,6.844208926195279,80.71898122597486,Privacy,MIA_AUC,0.9998765432098766
Cancer,cancer,CopulaGAN,42,42,1000,455,114,classification,73.830597324064,0.0,6.844208926195279,80.71898122597486,Compute,training_time_seconds,73.830597324064
Cancer,cancer,CopulaGAN,42,42,1000,455,114,classification,73.830597324064,0.0,6.844208926195279,80.71898122597486,Compute,generation_time_seconds,0.0
Cancer,cancer,CopulaGAN,42,42,1000,455,114,classification,73.830597324064,0.0,6.844208926195279,80.71898122597486,Compute,evaluation_time_seconds,6.844208926195279
Cancer,cancer,CopulaGAN,42,42,1000,455,114,classification,73.830597324064,0.0,6.844208926195279,80.71898122597486,Compute,total_time_seconds,80.71898122597486
Cancer,cancer,CopulaGAN,123,42,1000,455,114,classification,69.59509833087213,0.0,7.012478957884014,76.61866615293548,Fidelity,Quality_Score,0.656727473538518
Cancer,cancer,CopulaGAN,123,42,1000,455,114,classification,69.59509833087213,0.0,7.012478957884014,76.61866615293548,Fidelity,KS_Complement,0.6704912087912088
Cancer,cancer,CopulaGAN,123,42,1000,455,114,classification,69.59509833087213,0.0,7.012478957884014,76.61866615293548,Fidelity,Wasserstein_Distance,43.11187027961803
Cancer,cancer,CopulaGAN,123,42,1000,455,114,classification,69.59509833087213,0.0,7.012478957884014,76.61866615293548,Fidelity,MMD,0.2646409755683581
Cancer,cancer,CopulaGAN,123,42,1000,455,114,classification,69.59509833087213,0.0,7.012478957884014,76.61866615293548,Utility,Accuracy_TRTR,0.958187134502924
Cancer,cancer,CopulaGAN,123,42,1000,455,114,classification,69.59509833087213,0.0,7.012478957884014,76.61866615293548,Utility,Accuracy_TSTR,0.6394736842105261
Cancer,cancer,CopulaGAN,123,42,1000,455,114,classification,69.59509833087213,0.0,7.012478957884014,76.61866615293548,Utility,Accuracy_Gap,0.3187134502923978
Cancer,cancer,CopulaGAN,123,42,1000,455,114,classification,69.59509833087213,0.0,7.012478957884014,76.61866615293548,Utility,F1_TRTR,0.9579899186677384
Cancer,cancer,CopulaGAN,123,42,1000,455,114,classification,69.59509833087213,0.0,7.012478957884014,76.61866615293548,Utility,F1_TSTR,0.6438284290533591
Cancer,cancer,CopulaGAN,123,42,1000,455,114,classification,69.59509833087213,0.0,7.012478957884014,76.61866615293548,Utility,F1_Gap,0.3141614896143794
Cancer,cancer,CopulaGAN,123,42,1000,455,114,classification,69.59509833087213,0.0,7.012478957884014,76.61866615293548,Utility,Precision_TRTR,0.9585588829451
Cancer,cancer,CopulaGAN,123,42,1000,455,114,classification,69.59509833087213,0.0,7.012478957884014,76.61866615293548,Utility,Precision_TSTR,0.6546969389104528
Cancer,cancer,CopulaGAN,123,42,1000,455,114,classification,69.59509833087213,0.0,7.012478957884014,76.61866615293548,Utility,Precision_Gap,0.3038619440346471
Cancer,cancer,CopulaGAN,123,42,1000,455,114,classification,69.59509833087213,0.0,7.012478957884014,76.61866615293548,Utility,Recall_TRTR,0.958187134502924
Cancer,cancer,CopulaGAN,123,42,1000,455,114,classification,69.59509833087213,0.0,7.012478957884014,76.61866615293548,Utility,Recall_TSTR,0.6394736842105261
Cancer,cancer,CopulaGAN,123,42,1000,455,114,classification,69.59509833087213,0.0,7.012478957884014,76.61866615293548,Utility,Recall_Gap,0.3187134502923978
Cancer,cancer,CopulaGAN,123,42,1000,455,114,classification,69.59509833087213,0.0,7.012478957884014,76.61866615293548,Utility,ROC_AUC_TRTR,0.9709325396825398
Cancer,cancer,CopulaGAN,123,42,1000,455,114,classification,69.59509833087213,0.0,7.012478957884014,76.61866615293548,Utility,ROC_AUC_TSTR,0.6672012786596119
Cancer,cancer,CopulaGAN,123,42,1000,455,114,classification,69.59509833087213,0.0,7.012478957884014,76.61866615293548,Utility,ROC_AUC_Gap,0.3037312610229279
Cancer,cancer,CopulaGAN,123,42,1000,455,114,classification,69.59509833087213,0.0,7.012478957884014,76.61866615293548,Privacy,Mahalanobis_Distance,131.0070055832447
Cancer,cancer,CopulaGAN,123,42,1000,455,114,classification,69.59509833087213,0.0,7.012478957884014,76.61866615293548,Privacy,Mean_Distance,131.0070055832447
Cancer,cancer,CopulaGAN,123,42,1000,455,114,classification,69.59509833087213,0.0,7.012478957884014,76.61866615293548,Privacy,Median_Distance,116.48863285942568
Cancer,cancer,CopulaGAN,123,42,1000,455,114,classification,69.59509833087213,0.0,7.012478957884014,76.61866615293548,Privacy,NNDR,0.977944304460262
Cancer,cancer,CopulaGAN,123,42,1000,455,114,classification,69.59509833087213,0.0,7.012478957884014,76.61866615293548,Privacy,MIA_AUC,0.9977777777777778
Cancer,cancer,CopulaGAN,123,42,1000,455,114,classification,69.59509833087213,0.0,7.012478957884014,76.61866615293548,Compute,training_time_seconds,69.59509833087213
Cancer,cancer,CopulaGAN,123,42,1000,455,114,classification,69.59509833087213,0.0,7.012478957884014,76.61866615293548,Compute,generation_time_seconds,0.0
Cancer,cancer,CopulaGAN,123,42,1000,455,114,classification,69.59509833087213,0.0,7.012478957884014,76.61866615293548,Compute,evaluation_time_seconds,7.012478957884014
Cancer,cancer,CopulaGAN,123,42,1000,455,114,classification,69.59509833087213,0.0,7.012478957884014,76.61866615293548,Compute,total_time_seconds,76.61866615293548
Cancer,cancer,CopulaGAN,2024,42,1000,455,114,classification,69.54114146204665,0.0,6.787713655969128,76.3459458060097,Fidelity,Quality_Score,0.6592414056312632
Cancer,cancer,CopulaGAN,2024,42,1000,455,114,classification,69.54114146204665,0.0,6.787713655969128,76.3459458060097,Fidelity,KS_Complement,0.6716725274725273
Cancer,cancer,CopulaGAN,2024,42,1000,455,114,classification,69.54114146204665,0.0,6.787713655969128,76.3459458060097,Fidelity,Wasserstein_Distance,36.75500236204747
Cancer,cancer,CopulaGAN,2024,42,1000,455,114,classification,69.54114146204665,0.0,6.787713655969128,76.3459458060097,Fidelity,MMD,0.2578231857459137
Cancer,cancer,CopulaGAN,2024,42,1000,455,114,classification,69.54114146204665,0.0,6.787713655969128,76.3459458060097,Utility,Accuracy_TRTR,0.958187134502924
Cancer,cancer,CopulaGAN,2024,42,1000,455,114,classification,69.54114146204665,0.0,6.787713655969128,76.3459458060097,Utility,Accuracy_TSTR,0.6230994152046783
Cancer,cancer,CopulaGAN,2024,42,1000,455,114,classification,69.54114146204665,0.0,6.787713655969128,76.3459458060097,Utility,Accuracy_Gap,0.3350877192982456
Cancer,cancer,CopulaGAN,2024,42,1000,455,114,classification,69.54114146204665,0.0,6.787713655969128,76.3459458060097,Utility,F1_TRTR,0.9579899186677384
Cancer,cancer,CopulaGAN,2024,42,1000,455,114,classification,69.54114146204665,0.0,6.787713655969128,76.3459458060097,Utility,F1_TSTR,0.6057686130410401
Cancer,cancer,CopulaGAN,2024,42,1000,455,114,classification,69.54114146204665,0.0,6.787713655969128,76.3459458060097,Utility,F1_Gap,0.3522213056266984
Cancer,cancer,CopulaGAN,2024,42,1000,455,114,classification,69.54114146204665,0.0,6.787713655969128,76.3459458060097,Utility,Precision_TRTR,0.9585588829451
Cancer,cancer,CopulaGAN,2024,42,1000,455,114,classification,69.54114146204665,0.0,6.787713655969128,76.3459458060097,Utility,Precision_TSTR,0.6880783768080578
Cancer,cancer,CopulaGAN,2024,42,1000,455,114,classification,69.54114146204665,0.0,6.787713655969128,76.3459458060097,Utility,Precision_Gap,0.2704805061370421
Cancer,cancer,CopulaGAN,2024,42,1000,455,114,classification,69.54114146204665,0.0,6.787713655969128,76.3459458060097,Utility,Recall_TRTR,0.958187134502924
Cancer,cancer,CopulaGAN,2024,42,1000,455,114,classification,69.54114146204665,0.0,6.787713655969128,76.3459458060097,Utility,Recall_TSTR,0.6230994152046783
Cancer,cancer,CopulaGAN,2024,42,1000,455,114,classification,69.54114146204665,0.0,6.787713655969128,76.3459458060097,Utility,Recall_Gap,0.3350877192982456
Cancer,cancer,CopulaGAN,2024,42,1000,455,114,classification,69.54114146204665,0.0,6.787713655969128,76.3459458060097,Utility,ROC_AUC_TRTR,0.9709325396825398
Cancer,cancer,CopulaGAN,2024,42,1000,455,114,classification,69.54114146204665,0.0,6.787713655969128,76.3459458060097,Utility,ROC_AUC_TSTR,0.7407297178130511
Cancer,cancer,CopulaGAN,2024,42,1000,455,114,classification,69.54114146204665,0.0,6.787713655969128,76.3459458060097,Utility,ROC_AUC_Gap,0.2302028218694887
Cancer,cancer,CopulaGAN,2024,42,1000,455,114,classification,69.54114146204665,0.0,6.787713655969128,76.3459458060097,Privacy,Mahalanobis_Distance,151.20313284348288
Cancer,cancer,CopulaGAN,2024,42,1000,455,114,classification,69.54114146204665,0.0,6.787713655969128,76.3459458060097,Privacy,Mean_Distance,151.20313284348288
Cancer,cancer,CopulaGAN,2024,42,1000,455,114,classification,69.54114146204665,0.0,6.787713655969128,76.3459458060097,Privacy,Median_Distance,138.28650858032944
Cancer,cancer,CopulaGAN,2024,42,1000,455,114,classification,69.54114146204665,0.0,6.787713655969128,76.3459458060097,Privacy,NNDR,0.979480809337024
Cancer,cancer,CopulaGAN,2024,42,1000,455,114,classification,69.54114146204665,0.0,6.787713655969128,76.3459458060097,Privacy,MIA_AUC,1.0
Cancer,cancer,CopulaGAN,2024,42,1000,455,114,classification,69.54114146204665,0.0,6.787713655969128,76.3459458060097,Compute,training_time_seconds,69.54114146204665
Cancer,cancer,CopulaGAN,2024,42,1000,455,114,classification,69.54114146204665,0.0,6.787713655969128,76.3459458060097,Compute,generation_time_seconds,0.0
Cancer,cancer,CopulaGAN,2024,42,1000,455,114,classification,69.54114146204665,0.0,6.787713655969128,76.3459458060097,Compute,evaluation_time_seconds,6.787713655969128
Cancer,cancer,CopulaGAN,2024,42,1000,455,114,classification,69.54114146204665,0.0,6.787713655969128,76.3459458060097,Compute,total_time_seconds,76.3459458060097
Cancer,cancer,TVAE,42,42,1000,455,114,classification,12.577952857129276,0.0,6.379982613027096,18.968550226883963,Fidelity,Quality_Score,0.8403516811907786
Cancer,cancer,TVAE,42,42,1000,455,114,classification,12.577952857129276,0.0,6.379982613027096,18.968550226883963,Fidelity,KS_Complement,0.8521739926739927
Cancer,cancer,TVAE,42,42,1000,455,114,classification,12.577952857129276,0.0,6.379982613027096,18.968550226883963,Fidelity,Wasserstein_Distance,10.558340179198533
Cancer,cancer,TVAE,42,42,1000,455,114,classification,12.577952857129276,0.0,6.379982613027096,18.968550226883963,Fidelity,MMD,0.0366128893592974
Cancer,cancer,TVAE,42,42,1000,455,114,classification,12.577952857129276,0.0,6.379982613027096,18.968550226883963,Utility,Accuracy_TRTR,0.958187134502924
Cancer,cancer,TVAE,42,42,1000,455,114,classification,12.577952857129276,0.0,6.379982613027096,18.968550226883963,Utility,Accuracy_TSTR,0.9634502923976604
Cancer,cancer,TVAE,42,42,1000,455,114,classification,12.577952857129276,0.0,6.379982613027096,18.968550226883963,Utility,Accuracy_Gap,-0.0052631578947365
Cancer,cancer,TVAE,42,42,1000,455,114,classification,12.577952857129276,0.0,6.379982613027096,18.968550226883963,Utility,F1_TRTR,0.9579899186677384
Cancer,cancer,TVAE,42,42,1000,455,114,classification,12.577952857129276,0.0,6.379982613027096,18.968550226883963,Utility,F1_TSTR,0.9635721470792984
Cancer,cancer,TVAE,42,42,1000,455,114,classification,12.577952857129276,0.0,6.379982613027096,18.968550226883963,Utility,F1_Gap,-0.0055822284115599
Cancer,cancer,TVAE,42,42,1000,455,114,classification,12.577952857129276,0.0,6.379982613027096,18.968550226883963,Utility,Precision_TRTR,0.9585588829451
Cancer,cancer,TVAE,42,42,1000,455,114,classification,12.577952857129276,0.0,6.379982613027096,18.968550226883963,Utility,Precision_TSTR,0.964571600539423
Cancer,cancer,TVAE,42,42,1000,455,114,classification,12.577952857129276,0.0,6.379982613027096,18.968550226883963,Utility,Precision_Gap,-0.006012717594323
Cancer,cancer,TVAE,42,42,1000,455,114,classification,12.577952857129276,0.0,6.379982613027096,18.968550226883963,Utility,Recall_TRTR,0.958187134502924
Cancer,cancer,TVAE,42,42,1000,455,114,classification,12.577952857129276,0.0,6.379982613027096,18.968550226883963,Utility,Recall_TSTR,0.9634502923976604
Cancer,cancer,TVAE,42,42,1000,455,114,classification,12.577952857129276,0.0,6.379982613027096,18.968550226883963,Utility,Recall_Gap,-0.0052631578947365
Cancer,cancer,TVAE,42,42,1000,455,114,classification,12.577952857129276,0.0,6.379982613027096,18.968550226883963,Utility,ROC_AUC_TRTR,0.9709325396825398
Cancer,cancer,TVAE,42,42,1000,455,114,classification,12.577952857129276,0.0,6.379982613027096,18.968550226883963,Utility,ROC_AUC_TSTR,0.9809082892416224
Cancer,cancer,TVAE,42,42,1000,455,114,classification,12.577952857129276,0.0,6.379982613027096,18.968550226883963,Utility,ROC_AUC_Gap,-0.0099757495590826
Cancer,cancer,TVAE,42,42,1000,455,114,classification,12.577952857129276,0.0,6.379982613027096,18.968550226883963,Privacy,Mahalanobis_Distance,44.38181328341296
Cancer,cancer,TVAE,42,42,1000,455,114,classification,12.577952857129276,0.0,6.379982613027096,18.968550226883963,Privacy,Mean_Distance,44.38181328341296
Cancer,cancer,TVAE,42,42,1000,455,114,classification,12.577952857129276,0.0,6.379982613027096,18.968550226883963,Privacy,Median_Distance,33.981997253812324
Cancer,cancer,TVAE,42,42,1000,455,114,classification,12.577952857129276,0.0,6.379982613027096,18.968550226883963,Privacy,NNDR,0.9507224999726478
Cancer,cancer,TVAE,42,42,1000,455,114,classification,12.577952857129276,0.0,6.379982613027096,18.968550226883963,Privacy,MIA_AUC,0.7682716049382716
Cancer,cancer,TVAE,42,42,1000,455,114,classification,12.577952857129276,0.0,6.379982613027096,18.968550226883963,Compute,training_time_seconds,12.577952857129276
Cancer,cancer,TVAE,42,42,1000,455,114,classification,12.577952857129276,0.0,6.379982613027096,18.968550226883963,Compute,generation_time_seconds,0.0
Cancer,cancer,TVAE,42,42,1000,455,114,classification,12.577952857129276,0.0,6.379982613027096,18.968550226883963,Compute,evaluation_time_seconds,6.379982613027096
Cancer,cancer,TVAE,42,42,1000,455,114,classification,12.577952857129276,0.0,6.379982613027096,18.968550226883963,Compute,total_time_seconds,18.968550226883963
Cancer,cancer,TVAE,123,42,1000,455,114,classification,12.512129039037973,0.0,6.194203899009153,18.71685807988979,Fidelity,Quality_Score,0.8664644771488004
Cancer,cancer,TVAE,123,42,1000,455,114,classification,12.512129039037973,0.0,6.194203899009153,18.71685807988979,Fidelity,KS_Complement,0.8690578754578753
Cancer,cancer,TVAE,123,42,1000,455,114,classification,12.512129039037973,0.0,6.194203899009153,18.71685807988979,Fidelity,Wasserstein_Distance,8.330919436962121
Cancer,cancer,TVAE,123,42,1000,455,114,classification,12.512129039037973,0.0,6.194203899009153,18.71685807988979,Fidelity,MMD,0.0232539722053743
Cancer,cancer,TVAE,123,42,1000,455,114,classification,12.512129039037973,0.0,6.194203899009153,18.71685807988979,Utility,Accuracy_TRTR,0.958187134502924
Cancer,cancer,TVAE,123,42,1000,455,114,classification,12.512129039037973,0.0,6.194203899009153,18.71685807988979,Utility,Accuracy_TSTR,0.957309941520468
Cancer,cancer,TVAE,123,42,1000,455,114,classification,12.512129039037973,0.0,6.194203899009153,18.71685807988979,Utility,Accuracy_Gap,0.0008771929824559
Cancer,cancer,TVAE,123,42,1000,455,114,classification,12.512129039037973,0.0,6.194203899009153,18.71685807988979,Utility,F1_TRTR,0.9579899186677384
Cancer,cancer,TVAE,123,42,1000,455,114,classification,12.512129039037973,0.0,6.194203899009153,18.71685807988979,Utility,F1_TSTR,0.9577981885079474
Cancer,cancer,TVAE,123,42,1000,455,114,classification,12.512129039037973,0.0,6.194203899009153,18.71685807988979,Utility,F1_Gap,0.0001917301597911
Cancer,cancer,TVAE,123,42,1000,455,114,classification,12.512129039037973,0.0,6.194203899009153,18.71685807988979,Utility,Precision_TRTR,0.9585588829451
Cancer,cancer,TVAE,123,42,1000,455,114,classification,12.512129039037973,0.0,6.194203899009153,18.71685807988979,Utility,Precision_TSTR,0.963519464499907
Cancer,cancer,TVAE,123,42,1000,455,114,classification,12.512129039037973,0.0,6.194203899009153,18.71685807988979,Utility,Precision_Gap,-0.004960581554807
Cancer,cancer,TVAE,123,42,1000,455,114,classification,12.512129039037973,0.0,6.194203899009153,18.71685807988979,Utility,Recall_TRTR,0.958187134502924
Cancer,cancer,TVAE,123,42,1000,455,114,classification,12.512129039037973,0.0,6.194203899009153,18.71685807988979,Utility,Recall_TSTR,0.957309941520468
Cancer,cancer,TVAE,123,42,1000,455,114,classification,12.512129039037973,0.0,6.194203899009153,18.71685807988979,Utility,Recall_Gap,0.0008771929824559
Cancer,cancer,TVAE,123,42,1000,455,114,classification,12.512129039037973,0.0,6.194203899009153,18.71685807988979,Utility,ROC_AUC_TRTR,0.9709325396825398
Cancer,cancer,TVAE,123,42,1000,455,114,classification,12.512129039037973,0.0,6.194203899009153,18.71685807988979,Utility,ROC_AUC_TSTR,0.9738150352733688
Cancer,cancer,TVAE,123,42,1000,455,114,classification,12.512129039037973,0.0,6.194203899009153,18.71685807988979,Utility,ROC_AUC_Gap,-0.0028824955908288
Cancer,cancer,TVAE,123,42,1000,455,114,classification,12.512129039037973,0.0,6.194203899009153,18.71685807988979,Privacy,Mahalanobis_Distance,45.80583068698727
Cancer,cancer,TVAE,123,42,1000,455,114,classification,12.512129039037973,0.0,6.194203899009153,18.71685807988979,Privacy,Mean_Distance,45.80583068698727
Cancer,cancer,TVAE,123,42,1000,455,114,classification,12.512129039037973,0.0,6.194203899009153,18.71685807988979,Privacy,Median_Distance,34.13316762787183
Cancer,cancer,TVAE,123,42,1000,455,114,classification,12.512129039037973,0.0,6.194203899009153,18.71685807988979,Privacy,NNDR,0.9516581269821618
Cancer,cancer,TVAE,123,42,1000,455,114,classification,12.512129039037973,0.0,6.194203899009153,18.71685807988979,Privacy,MIA_AUC,0.7209876543209877
Cancer,cancer,TVAE,123,42,1000,455,114,classification,12.512129039037973,0.0,6.194203899009153,18.71685807988979,Compute,training_time_seconds,12.512129039037973
Cancer,cancer,TVAE,123,42,1000,455,114,classification,12.512129039037973,0.0,6.194203899009153,18.71685807988979,Compute,generation_time_seconds,0.0
Cancer,cancer,TVAE,123,42,1000,455,114,classification,12.512129039037973,0.0,6.194203899009153,18.71685807988979,Compute,evaluation_time_seconds,6.194203899009153
Cancer,cancer,TVAE,123,42,1000,455,114,classification,12.512129039037973,0.0,6.194203899009153,18.71685807988979,Compute,total_time_seconds,18.71685807988979
Cancer,cancer,TVAE,2024,42,1000,455,114,classification,12.582783251069486,0.0,6.306256684940308,18.90002715494484,Fidelity,Quality_Score,0.844786637905687
Cancer,cancer,TVAE,2024,42,1000,455,114,classification,12.582783251069486,0.0,6.306256684940308,18.90002715494484,Fidelity,KS_Complement,0.8532776556776558
Cancer,cancer,TVAE,2024,42,1000,455,114,classification,12.582783251069486,0.0,6.306256684940308,18.90002715494484,Fidelity,Wasserstein_Distance,9.562440206568423
Cancer,cancer,TVAE,2024,42,1000,455,114,classification,12.582783251069486,0.0,6.306256684940308,18.90002715494484,Fidelity,MMD,0.0340983000939884
Cancer,cancer,TVAE,2024,42,1000,455,114,classification,12.582783251069486,0.0,6.306256684940308,18.90002715494484,Utility,Accuracy_TRTR,0.958187134502924
Cancer,cancer,TVAE,2024,42,1000,455,114,classification,12.582783251069486,0.0,6.306256684940308,18.90002715494484,Utility,Accuracy_TSTR,0.9529239766081872
Cancer,cancer,TVAE,2024,42,1000,455,114,classification,12.582783251069486,0.0,6.306256684940308,18.90002715494484,Utility,Accuracy_Gap,0.0052631578947367
Cancer,cancer,TVAE,2024,42,1000,455,114,classification,12.582783251069486,0.0,6.306256684940308,18.90002715494484,Utility,F1_TRTR,0.9579899186677384
Cancer,cancer,TVAE,2024,42,1000,455,114,classification,12.582783251069486,0.0,6.306256684940308,18.90002715494484,Utility,F1_TSTR,0.9535130663824398
Cancer,cancer,TVAE,2024,42,1000,455,114,classification,12.582783251069486,0.0,6.306256684940308,18.90002715494484,Utility,F1_Gap,0.0044768522852987
Cancer,cancer,TVAE,2024,42,1000,455,114,classification,12.582783251069486,0.0,6.306256684940308,18.90002715494484,Utility,Precision_TRTR,0.9585588829451
Cancer,cancer,TVAE,2024,42,1000,455,114,classification,12.582783251069486,0.0,6.306256684940308,18.90002715494484,Utility,Precision_TSTR,0.9586684634216768
Cancer,cancer,TVAE,2024,42,1000,455,114,classification,12.582783251069486,0.0,6.306256684940308,18.90002715494484,Utility,Precision_Gap,-0.0001095804765767
Cancer,cancer,TVAE,2024,42,1000,455,114,classification,12.582783251069486,0.0,6.306256684940308,18.90002715494484,Utility,Recall_TRTR,0.958187134502924
Cancer,cancer,TVAE,2024,42,1000,455,114,classification,12.582783251069486,0.0,6.306256684940308,18.90002715494484,Utility,Recall_TSTR,0.9529239766081872
Cancer,cancer,TVAE,2024,42,1000,455,114,classification,12.582783251069486,0.0,6.306256684940308,18.90002715494484,Utility,Recall_Gap,0.0052631578947367
Cancer,cancer,TVAE,2024,42,1000,455,114,classification,12.582783251069486,0.0,6.306256684940308,18.90002715494484,Utility,ROC_AUC_TRTR,0.9709325396825398
Cancer,cancer,TVAE,2024,42,1000,455,114,classification,12.582783251069486,0.0,6.306256684940308,18.90002715494484,Utility,ROC_AUC_TSTR,0.9678902116402116
Cancer,cancer,TVAE,2024,42,1000,455,114,classification,12.582783251069486,0.0,6.306256684940308,18.90002715494484,Utility,ROC_AUC_Gap,0.0030423280423281
Cancer,cancer,TVAE,2024,42,1000,455,114,classification,12.582783251069486,0.0,6.306256684940308,18.90002715494484,Privacy,Mahalanobis_Distance,43.85530040578976
Cancer,cancer,TVAE,2024,42,1000,455,114,classification,12.582783251069486,0.0,6.306256684940308,18.90002715494484,Privacy,Mean_Distance,43.85530040578976
Cancer,cancer,TVAE,2024,42,1000,455,114,classification,12.582783251069486,0.0,6.306256684940308,18.90002715494484,Privacy,Median_Distance,33.07224471406404
Cancer,cancer,TVAE,2024,42,1000,455,114,classification,12.582783251069486,0.0,6.306256684940308,18.90002715494484,Privacy,NNDR,0.9491744879534072
Cancer,cancer,TVAE,2024,42,1000,455,114,classification,12.582783251069486,0.0,6.306256684940308,18.90002715494484,Privacy,MIA_AUC,0.7430864197530864
Cancer,cancer,TVAE,2024,42,1000,455,114,classification,12.582783251069486,0.0,6.306256684940308,18.90002715494484,Compute,training_time_seconds,12.582783251069486
Cancer,cancer,TVAE,2024,42,1000,455,114,classification,12.582783251069486,0.0,6.306256684940308,18.90002715494484,Compute,generation_time_seconds,0.0
Cancer,cancer,TVAE,2024,42,1000,455,114,classification,12.582783251069486,0.0,6.306256684940308,18.90002715494484,Compute,evaluation_time_seconds,6.306256684940308
Cancer,cancer,TVAE,2024,42,1000,455,114,classification,12.582783251069486,0.0,6.306256684940308,18.90002715494484,Compute,total_time_seconds,18.90002715494484
Cancer,cancer,GaussianCopula,42,42,1000,455,114,classification,1.5138546379748732,0.0,6.976419203914702,8.500604314962402,Fidelity,Quality_Score,0.931154552368642
Cancer,cancer,GaussianCopula,42,42,1000,455,114,classification,1.5138546379748732,0.0,6.976419203914702,8.500604314962402,Fidelity,KS_Complement,0.9201659340659342
Cancer,cancer,GaussianCopula,42,42,1000,455,114,classification,1.5138546379748732,0.0,6.976419203914702,8.500604314962402,Fidelity,Wasserstein_Distance,3.709511765923111
Cancer,cancer,GaussianCopula,42,42,1000,455,114,classification,1.5138546379748732,0.0,6.976419203914702,8.500604314962402,Fidelity,MMD,0.0173158059268259
Cancer,cancer,GaussianCopula,42,42,1000,455,114,classification,1.5138546379748732,0.0,6.976419203914702,8.500604314962402,Utility,Accuracy_TRTR,0.958187134502924
Cancer,cancer,GaussianCopula,42,42,1000,455,114,classification,1.5138546379748732,0.0,6.976419203914702,8.500604314962402,Utility,Accuracy_TSTR,0.7973684210526314
Cancer,cancer,GaussianCopula,42,42,1000,455,114,classification,1.5138546379748732,0.0,6.976419203914702,8.500604314962402,Utility,Accuracy_Gap,0.1608187134502925
Cancer,cancer,GaussianCopula,42,42,1000,455,114,classification,1.5138546379748732,0.0,6.976419203914702,8.500604314962402,Utility,F1_TRTR,0.9579899186677384
Cancer,cancer,GaussianCopula,42,42,1000,455,114,classification,1.5138546379748732,0.0,6.976419203914702,8.500604314962402,Utility,F1_TSTR,0.7917795905744778
Cancer,cancer,GaussianCopula,42,42,1000,455,114,classification,1.5138546379748732,0.0,6.976419203914702,8.500604314962402,Utility,F1_Gap,0.1662103280932607
Cancer,cancer,GaussianCopula,42,42,1000,455,114,classification,1.5138546379748732,0.0,6.976419203914702,8.500604314962402,Utility,Precision_TRTR,0.9585588829451
Cancer,cancer,GaussianCopula,42,42,1000,455,114,classification,1.5138546379748732,0.0,6.976419203914702,8.500604314962402,Utility,Precision_TSTR,0.8081539513676576
Cancer,cancer,GaussianCopula,42,42,1000,455,114,classification,1.5138546379748732,0.0,6.976419203914702,8.500604314962402,Utility,Precision_Gap,0.1504049315774424
Cancer,cancer,GaussianCopula,42,42,1000,455,114,classification,1.5138546379748732,0.0,6.976419203914702,8.500604314962402,Utility,Recall_TRTR,0.958187134502924
Cancer,cancer,GaussianCopula,42,42,1000,455,114,classification,1.5138546379748732,0.0,6.976419203914702,8.500604314962402,Utility,Recall_TSTR,0.7973684210526314
Cancer,cancer,GaussianCopula,42,42,1000,455,114,classification,1.5138546379748732,0.0,6.976419203914702,8.500604314962402,Utility,Recall_Gap,0.1608187134502925
Cancer,cancer,GaussianCopula,42,42,1000,455,114,classification,1.5138546379748732,0.0,6.976419203914702,8.500604314962402,Utility,ROC_AUC_TRTR,0.9709325396825398
Cancer,cancer,GaussianCopula,42,42,1000,455,114,classification,1.5138546379748732,0.0,6.976419203914702,8.500604314962402,Utility,ROC_AUC_TSTR,0.8775407848324516
Cancer,cancer,GaussianCopula,42,42,1000,455,114,classification,1.5138546379748732,0.0,6.976419203914702,8.500604314962402,Utility,ROC_AUC_Gap,0.0933917548500882
Cancer,cancer,GaussianCopula,42,42,1000,455,114,classification,1.5138546379748732,0.0,6.976419203914702,8.500604314962402,Privacy,Mahalanobis_Distance,8.619195541629859
Cancer,cancer,GaussianCopula,42,42,1000,455,114,classification,1.5138546379748732,0.0,6.976419203914702,8.500604314962402,Privacy,Mean_Distance,8.619195541629859
Cancer,cancer,GaussianCopula,42,42,1000,455,114,classification,1.5138546379748732,0.0,6.976419203914702,8.500604314962402,Privacy,Median_Distance,7.851049455002814
Cancer,cancer,GaussianCopula,42,42,1000,455,114,classification,1.5138546379748732,0.0,6.976419203914702,8.500604314962402,Privacy,NNDR,0.9227251695953392
Cancer,cancer,GaussianCopula,42,42,1000,455,114,classification,1.5138546379748732,0.0,6.976419203914702,8.500604314962402,Privacy,MIA_AUC,0.7532098765432098
Cancer,cancer,GaussianCopula,42,42,1000,455,114,classification,1.5138546379748732,0.0,6.976419203914702,8.500604314962402,Compute,training_time_seconds,1.5138546379748732
Cancer,cancer,GaussianCopula,42,42,1000,455,114,classification,1.5138546379748732,0.0,6.976419203914702,8.500604314962402,Compute,generation_time_seconds,0.0
Cancer,cancer,GaussianCopula,42,42,1000,455,114,classification,1.5138546379748732,0.0,6.976419203914702,8.500604314962402,Compute,evaluation_time_seconds,6.976419203914702
Cancer,cancer,GaussianCopula,42,42,1000,455,114,classification,1.5138546379748732,0.0,6.976419203914702,8.500604314962402,Compute,total_time_seconds,8.500604314962402
Cancer,cancer,GaussianCopula,123,42,1000,455,114,classification,1.5202188021503389,0.0,6.971766497008503,8.502441610908136,Fidelity,Quality_Score,0.931154552368642
Cancer,cancer,GaussianCopula,123,42,1000,455,114,classification,1.5202188021503389,0.0,6.971766497008503,8.502441610908136,Fidelity,KS_Complement,0.9201659340659342
Cancer,cancer,GaussianCopula,123,42,1000,455,114,classification,1.5202188021503389,0.0,6.971766497008503,8.502441610908136,Fidelity,Wasserstein_Distance,3.709511765923111
Cancer,cancer,GaussianCopula,123,42,1000,455,114,classification,1.5202188021503389,0.0,6.971766497008503,8.502441610908136,Fidelity,MMD,0.0173158059268259
Cancer,cancer,GaussianCopula,123,42,1000,455,114,classification,1.5202188021503389,0.0,6.971766497008503,8.502441610908136,Utility,Accuracy_TRTR,0.958187134502924
Cancer,cancer,GaussianCopula,123,42,1000,455,114,classification,1.5202188021503389,0.0,6.971766497008503,8.502441610908136,Utility,Accuracy_TSTR,0.7973684210526314
Cancer,cancer,GaussianCopula,123,42,1000,455,114,classification,1.5202188021503389,0.0,6.971766497008503,8.502441610908136,Utility,Accuracy_Gap,0.1608187134502925
Cancer,cancer,GaussianCopula,123,42,1000,455,114,classification,1.5202188021503389,0.0,6.971766497008503,8.502441610908136,Utility,F1_TRTR,0.9579899186677384
Cancer,cancer,GaussianCopula,123,42,1000,455,114,classification,1.5202188021503389,0.0,6.971766497008503,8.502441610908136,Utility,F1_TSTR,0.7917795905744778
Cancer,cancer,GaussianCopula,123,42,1000,455,114,classification,1.5202188021503389,0.0,6.971766497008503,8.502441610908136,Utility,F1_Gap,0.1662103280932607
Cancer,cancer,GaussianCopula,123,42,1000,455,114,classification,1.5202188021503389,0.0,6.971766497008503,8.502441610908136,Utility,Precision_TRTR,0.9585588829451
Cancer,cancer,GaussianCopula,123,42,1000,455,114,classification,1.5202188021503389,0.0,6.971766497008503,8.502441610908136,Utility,Precision_TSTR,0.8081539513676576
Cancer,cancer,GaussianCopula,123,42,1000,455,114,classification,1.5202188021503389,0.0,6.971766497008503,8.502441610908136,Utility,Precision_Gap,0.1504049315774424
Cancer,cancer,GaussianCopula,123,42,1000,455,114,classification,1.5202188021503389,0.0,6.971766497008503,8.502441610908136,Utility,Recall_TRTR,0.958187134502924
Cancer,cancer,GaussianCopula,123,42,1000,455,114,classification,1.5202188021503389,0.0,6.971766497008503,8.502441610908136,Utility,Recall_TSTR,0.7973684210526314
Cancer,cancer,GaussianCopula,123,42,1000,455,114,classification,1.5202188021503389,0.0,6.971766497008503,8.502441610908136,Utility,Recall_Gap,0.1608187134502925
Cancer,cancer,GaussianCopula,123,42,1000,455,114,classification,1.5202188021503389,0.0,6.971766497008503,8.502441610908136,Utility,ROC_AUC_TRTR,0.9709325396825398
Cancer,cancer,GaussianCopula,123,42,1000,455,114,classification,1.5202188021503389,0.0,6.971766497008503,8.502441610908136,Utility,ROC_AUC_TSTR,0.8775407848324516
Cancer,cancer,GaussianCopula,123,42,1000,455,114,classification,1.5202188021503389,0.0,6.971766497008503,8.502441610908136,Utility,ROC_AUC_Gap,0.0933917548500882
Cancer,cancer,GaussianCopula,123,42,1000,455,114,classification,1.5202188021503389,0.0,6.971766497008503,8.502441610908136,Privacy,Mahalanobis_Distance,8.619195541629859
Cancer,cancer,GaussianCopula,123,42,1000,455,114,classification,1.5202188021503389,0.0,6.971766497008503,8.502441610908136,Privacy,Mean_Distance,8.619195541629859
Cancer,cancer,GaussianCopula,123,42,1000,455,114,classification,1.5202188021503389,0.0,6.971766497008503,8.502441610908136,Privacy,Median_Distance,7.851049455002814
Cancer,cancer,GaussianCopula,123,42,1000,455,114,classification,1.5202188021503389,0.0,6.971766497008503,8.502441610908136,Privacy,NNDR,0.9227251695953392
Cancer,cancer,GaussianCopula,123,42,1000,455,114,classification,1.5202188021503389,0.0,6.971766497008503,8.502441610908136,Privacy,MIA_AUC,0.7532098765432098
Cancer,cancer,GaussianCopula,123,42,1000,455,114,classification,1.5202188021503389,0.0,6.971766497008503,8.502441610908136,Compute,training_time_seconds,1.5202188021503389
Cancer,cancer,GaussianCopula,123,42,1000,455,114,classification,1.5202188021503389,0.0,6.971766497008503,8.502441610908136,Compute,generation_time_seconds,0.0
Cancer,cancer,GaussianCopula,123,42,1000,455,114,classification,1.5202188021503389,0.0,6.971766497008503,8.502441610908136,Compute,evaluation_time_seconds,6.971766497008503
Cancer,cancer,GaussianCopula,123,42,1000,455,114,classification,1.5202188021503389,0.0,6.971766497008503,8.502441610908136,Compute,total_time_seconds,8.502441610908136
Cancer,cancer,GaussianCopula,2024,42,1000,455,114,classification,1.5386163198854774,0.0,7.010579077992588,8.560824028914794,Fidelity,Quality_Score,0.931154552368642
Cancer,cancer,GaussianCopula,2024,42,1000,455,114,classification,1.5386163198854774,0.0,7.010579077992588,8.560824028914794,Fidelity,KS_Complement,0.9201659340659342
Cancer,cancer,GaussianCopula,2024,42,1000,455,114,classification,1.5386163198854774,0.0,7.010579077992588,8.560824028914794,Fidelity,Wasserstein_Distance,3.709511765923111
Cancer,cancer,GaussianCopula,2024,42,1000,455,114,classification,1.5386163198854774,0.0,7.010579077992588,8.560824028914794,Fidelity,MMD,0.0173158059268259
Cancer,cancer,GaussianCopula,2024,42,1000,455,114,classification,1.5386163198854774,0.0,7.010579077992588,8.560824028914794,Utility,Accuracy_TRTR,0.958187134502924
Cancer,cancer,GaussianCopula,2024,42,1000,455,114,classification,1.5386163198854774,0.0,7.010579077992588,8.560824028914794,Utility,Accuracy_TSTR,0.7973684210526314
Cancer,cancer,GaussianCopula,2024,42,1000,455,114,classification,1.5386163198854774,0.0,7.010579077992588,8.560824028914794,Utility,Accuracy_Gap,0.1608187134502925
Cancer,cancer,GaussianCopula,2024,42,1000,455,114,classification,1.5386163198854774,0.0,7.010579077992588,8.560824028914794,Utility,F1_TRTR,0.9579899186677384
Cancer,cancer,GaussianCopula,2024,42,1000,455,114,classification,1.5386163198854774,0.0,7.010579077992588,8.560824028914794,Utility,F1_TSTR,0.7917795905744778
Cancer,cancer,GaussianCopula,2024,42,1000,455,114,classification,1.5386163198854774,0.0,7.010579077992588,8.560824028914794,Utility,F1_Gap,0.1662103280932607
Cancer,cancer,GaussianCopula,2024,42,1000,455,114,classification,1.5386163198854774,0.0,7.010579077992588,8.560824028914794,Utility,Precision_TRTR,0.9585588829451
Cancer,cancer,GaussianCopula,2024,42,1000,455,114,classification,1.5386163198854774,0.0,7.010579077992588,8.560824028914794,Utility,Precision_TSTR,0.8081539513676576
Cancer,cancer,GaussianCopula,2024,42,1000,455,114,classification,1.5386163198854774,0.0,7.010579077992588,8.560824028914794,Utility,Precision_Gap,0.1504049315774424
Cancer,cancer,GaussianCopula,2024,42,1000,455,114,classification,1.5386163198854774,0.0,7.010579077992588,8.560824028914794,Utility,Recall_TRTR,0.958187134502924
Cancer,cancer,GaussianCopula,2024,42,1000,455,114,classification,1.5386163198854774,0.0,7.010579077992588,8.560824028914794,Utility,Recall_TSTR,0.7973684210526314
Cancer,cancer,GaussianCopula,2024,42,1000,455,114,classification,1.5386163198854774,0.0,7.010579077992588,8.560824028914794,Utility,Recall_Gap,0.1608187134502925
Cancer,cancer,GaussianCopula,2024,42,1000,455,114,classification,1.5386163198854774,0.0,7.010579077992588,8.560824028914794,Utility,ROC_AUC_TRTR,0.9709325396825398
Cancer,cancer,GaussianCopula,2024,42,1000,455,114,classification,1.5386163198854774,0.0,7.010579077992588,8.560824028914794,Utility,ROC_AUC_TSTR,0.8775407848324516
Cancer,cancer,GaussianCopula,2024,42,1000,455,114,classification,1.5386163198854774,0.0,7.010579077992588,8.560824028914794,Utility,ROC_AUC_Gap,0.0933917548500882
Cancer,cancer,GaussianCopula,2024,42,1000,455,114,classification,1.5386163198854774,0.0,7.010579077992588,8.560824028914794,Privacy,Mahalanobis_Distance,8.619195541629859
Cancer,cancer,GaussianCopula,2024,42,1000,455,114,classification,1.5386163198854774,0.0,7.010579077992588,8.560824028914794,Privacy,Mean_Distance,8.619195541629859
Cancer,cancer,GaussianCopula,2024,42,1000,455,114,classification,1.5386163198854774,0.0,7.010579077992588,8.560824028914794,Privacy,Median_Distance,7.851049455002814
Cancer,cancer,GaussianCopula,2024,42,1000,455,114,classification,1.5386163198854774,0.0,7.010579077992588,8.560824028914794,Privacy,NNDR,0.9227251695953392
Cancer,cancer,GaussianCopula,2024,42,1000,455,114,classification,1.5386163198854774,0.0,7.010579077992588,8.560824028914794,Privacy,MIA_AUC,0.7532098765432098
Cancer,cancer,GaussianCopula,2024,42,1000,455,114,classification,1.5386163198854774,0.0,7.010579077992588,8.560824028914794,Compute,training_time_seconds,1.5386163198854774
Cancer,cancer,GaussianCopula,2024,42,1000,455,114,classification,1.5386163198854774,0.0,7.010579077992588,8.560824028914794,Compute,generation_time_seconds,0.0
Cancer,cancer,GaussianCopula,2024,42,1000,455,114,classification,1.5386163198854774,0.0,7.010579077992588,8.560824028914794,Compute,evaluation_time_seconds,7.010579077992588
Cancer,cancer,GaussianCopula,2024,42,1000,455,114,classification,1.5386163198854774,0.0,7.010579077992588,8.560824028914794,Compute,total_time_seconds,8.560824028914794
Cancer,cancer,CTABGAN,42,42,1000,455,114,classification,41.89573233295232,0.0,7.194641651818529,49.1010600537993,Fidelity,Quality_Score,0.82765944737971
Cancer,cancer,CTABGAN,42,42,1000,455,114,classification,41.89573233295232,0.0,7.194641651818529,49.1010600537993,Fidelity,KS_Complement,0.8395684981684983
Cancer,cancer,CTABGAN,42,42,1000,455,114,classification,41.89573233295232,0.0,7.194641651818529,49.1010600537993,Fidelity,Wasserstein_Distance,5.984714765014141
Cancer,cancer,CTABGAN,42,42,1000,455,114,classification,41.89573233295232,0.0,7.194641651818529,49.1010600537993,Fidelity,MMD,0.0628332847072221
Cancer,cancer,CTABGAN,42,42,1000,455,114,classification,41.89573233295232,0.0,7.194641651818529,49.1010600537993,Utility,Accuracy_TRTR,0.958187134502924
Cancer,cancer,CTABGAN,42,42,1000,455,114,classification,41.89573233295232,0.0,7.194641651818529,49.1010600537993,Utility,Accuracy_TSTR,0.8842105263157892
Cancer,cancer,CTABGAN,42,42,1000,455,114,classification,41.89573233295232,0.0,7.194641651818529,49.1010600537993,Utility,Accuracy_Gap,0.0739766081871347
Cancer,cancer,CTABGAN,42,42,1000,455,114,classification,41.89573233295232,0.0,7.194641651818529,49.1010600537993,Utility,F1_TRTR,0.9579899186677384
Cancer,cancer,CTABGAN,42,42,1000,455,114,classification,41.89573233295232,0.0,7.194641651818529,49.1010600537993,Utility,F1_TSTR,0.8811821841179766
Cancer,cancer,CTABGAN,42,42,1000,455,114,classification,41.89573233295232,0.0,7.194641651818529,49.1010600537993,Utility,F1_Gap,0.0768077345497619
Cancer,cancer,CTABGAN,42,42,1000,455,114,classification,41.89573233295232,0.0,7.194641651818529,49.1010600537993,Utility,Precision_TRTR,0.9585588829451
Cancer,cancer,CTABGAN,42,42,1000,455,114,classification,41.89573233295232,0.0,7.194641651818529,49.1010600537993,Utility,Precision_TSTR,0.8873253347085832
Cancer,cancer,CTABGAN,42,42,1000,455,114,classification,41.89573233295232,0.0,7.194641651818529,49.1010600537993,Utility,Precision_Gap,0.0712335482365167
Cancer,cancer,CTABGAN,42,42,1000,455,114,classification,41.89573233295232,0.0,7.194641651818529,49.1010600537993,Utility,Recall_TRTR,0.958187134502924
Cancer,cancer,CTABGAN,42,42,1000,455,114,classification,41.89573233295232,0.0,7.194641651818529,49.1010600537993,Utility,Recall_TSTR,0.8842105263157892
Cancer,cancer,CTABGAN,42,42,1000,455,114,classification,41.89573233295232,0.0,7.194641651818529,49.1010600537993,Utility,Recall_Gap,0.0739766081871347
Cancer,cancer,CTABGAN,42,42,1000,455,114,classification,41.89573233295232,0.0,7.194641651818529,49.1010600537993,Utility,ROC_AUC_TRTR,0.9709325396825398
Cancer,cancer,CTABGAN,42,42,1000,455,114,classification,41.89573233295232,0.0,7.194641651818529,49.1010600537993,Utility,ROC_AUC_TSTR,0.9227843915343914
Cancer,cancer,CTABGAN,42,42,1000,455,114,classification,41.89573233295232,0.0,7.194641651818529,49.1010600537993,Utility,ROC_AUC_Gap,0.0481481481481483
Cancer,cancer,CTABGAN,42,42,1000,455,114,classification,41.89573233295232,0.0,7.194641651818529,49.1010600537993,Privacy,Mahalanobis_Distance,78.99667591083345
Cancer,cancer,CTABGAN,42,42,1000,455,114,classification,41.89573233295232,0.0,7.194641651818529,49.1010600537993,Privacy,Mean_Distance,78.99667591083345
Cancer,cancer,CTABGAN,42,42,1000,455,114,classification,41.89573233295232,0.0,7.194641651818529,49.1010600537993,Privacy,Median_Distance,70.0606031569054
Cancer,cancer,CTABGAN,42,42,1000,455,114,classification,41.89573233295232,0.0,7.194641651818529,49.1010600537993,Privacy,NNDR,0.9665800852448042
Cancer,cancer,CTABGAN,42,42,1000,455,114,classification,41.89573233295232,0.0,7.194641651818529,49.1010600537993,Privacy,MIA_AUC,0.8644444444444445
Cancer,cancer,CTABGAN,42,42,1000,455,114,classification,41.89573233295232,0.0,7.194641651818529,49.1010600537993,Compute,training_time_seconds,41.89573233295232
Cancer,cancer,CTABGAN,42,42,1000,455,114,classification,41.89573233295232,0.0,7.194641651818529,49.1010600537993,Compute,generation_time_seconds,0.0
Cancer,cancer,CTABGAN,42,42,1000,455,114,classification,41.89573233295232,0.0,7.194641651818529,49.1010600537993,Compute,evaluation_time_seconds,7.194641651818529
Cancer,cancer,CTABGAN,42,42,1000,455,114,classification,41.89573233295232,0.0,7.194641651818529,49.1010600537993,Compute,total_time_seconds,49.1010600537993
Cancer,cancer,CTABGAN,123,42,1000,455,114,classification,41.28318815305829,0.0,7.029785206075758,48.32366614486091,Fidelity,Quality_Score,0.8225323778714396
Cancer,cancer,CTABGAN,123,42,1000,455,114,classification,41.28318815305829,0.0,7.029785206075758,48.32366614486091,Fidelity,KS_Complement,0.846676923076923
Cancer,cancer,CTABGAN,123,42,1000,455,114,classification,41.28318815305829,0.0,7.029785206075758,48.32366614486091,Fidelity,Wasserstein_Distance,5.479449111511328
Cancer,cancer,CTABGAN,123,42,1000,455,114,classification,41.28318815305829,0.0,7.029785206075758,48.32366614486091,Fidelity,MMD,0.0554043797660034
Cancer,cancer,CTABGAN,123,42,1000,455,114,classification,41.28318815305829,0.0,7.029785206075758,48.32366614486091,Utility,Accuracy_TRTR,0.958187134502924
Cancer,cancer,CTABGAN,123,42,1000,455,114,classification,41.28318815305829,0.0,7.029785206075758,48.32366614486091,Utility,Accuracy_TSTR,0.8225146198830409
Cancer,cancer,CTABGAN,123,42,1000,455,114,classification,41.28318815305829,0.0,7.029785206075758,48.32366614486091,Utility,Accuracy_Gap,0.135672514619883
Cancer,cancer,CTABGAN,123,42,1000,455,114,classification,41.28318815305829,0.0,7.029785206075758,48.32366614486091,Utility,F1_TRTR,0.9579899186677384
Cancer,cancer,CTABGAN,123,42,1000,455,114,classification,41.28318815305829,0.0,7.029785206075758,48.32366614486091,Utility,F1_TSTR,0.819957022247372
Cancer,cancer,CTABGAN,123,42,1000,455,114,classification,41.28318815305829,0.0,7.029785206075758,48.32366614486091,Utility,F1_Gap,0.1380328964203665
Cancer,cancer,CTABGAN,123,42,1000,455,114,classification,41.28318815305829,0.0,7.029785206075758,48.32366614486091,Utility,Precision_TRTR,0.9585588829451
Cancer,cancer,CTABGAN,123,42,1000,455,114,classification,41.28318815305829,0.0,7.029785206075758,48.32366614486091,Utility,Precision_TSTR,0.8245896336277101
Cancer,cancer,CTABGAN,123,42,1000,455,114,classification,41.28318815305829,0.0,7.029785206075758,48.32366614486091,Utility,Precision_Gap,0.1339692493173898
Cancer,cancer,CTABGAN,123,42,1000,455,114,classification,41.28318815305829,0.0,7.029785206075758,48.32366614486091,Utility,Recall_TRTR,0.958187134502924
Cancer,cancer,CTABGAN,123,42,1000,455,114,classification,41.28318815305829,0.0,7.029785206075758,48.32366614486091,Utility,Recall_TSTR,0.8225146198830409
Cancer,cancer,CTABGAN,123,42,1000,455,114,classification,41.28318815305829,0.0,7.029785206075758,48.32366614486091,Utility,Recall_Gap,0.135672514619883
Cancer,cancer,CTABGAN,123,42,1000,455,114,classification,41.28318815305829,0.0,7.029785206075758,48.32366614486091,Utility,ROC_AUC_TRTR,0.9709325396825398
Cancer,cancer,CTABGAN,123,42,1000,455,114,classification,41.28318815305829,0.0,7.029785206075758,48.32366614486091,Utility,ROC_AUC_TSTR,0.8619488536155202
Cancer,cancer,CTABGAN,123,42,1000,455,114,classification,41.28318815305829,0.0,7.029785206075758,48.32366614486091,Utility,ROC_AUC_Gap,0.1089836860670195
Cancer,cancer,CTABGAN,123,42,1000,455,114,classification,41.28318815305829,0.0,7.029785206075758,48.32366614486091,Privacy,Mahalanobis_Distance,80.82701098837282
Cancer,cancer,CTABGAN,123,42,1000,455,114,classification,41.28318815305829,0.0,7.029785206075758,48.32366614486091,Privacy,Mean_Distance,80.82701098837282
Cancer,cancer,CTABGAN,123,42,1000,455,114,classification,41.28318815305829,0.0,7.029785206075758,48.32366614486091,Privacy,Median_Distance,70.32954424481878
Cancer,cancer,CTABGAN,123,42,1000,455,114,classification,41.28318815305829,0.0,7.029785206075758,48.32366614486091,Privacy,NNDR,0.9642862335002472
Cancer,cancer,CTABGAN,123,42,1000,455,114,classification,41.28318815305829,0.0,7.029785206075758,48.32366614486091,Privacy,MIA_AUC,0.7903703703703704
Cancer,cancer,CTABGAN,123,42,1000,455,114,classification,41.28318815305829,0.0,7.029785206075758,48.32366614486091,Compute,training_time_seconds,41.28318815305829
Cancer,cancer,CTABGAN,123,42,1000,455,114,classification,41.28318815305829,0.0,7.029785206075758,48.32366614486091,Compute,generation_time_seconds,0.0
Cancer,cancer,CTABGAN,123,42,1000,455,114,classification,41.28318815305829,0.0,7.029785206075758,48.32366614486091,Compute,evaluation_time_seconds,7.029785206075758
Cancer,cancer,CTABGAN,123,42,1000,455,114,classification,41.28318815305829,0.0,7.029785206075758,48.32366614486091,Compute,total_time_seconds,48.32366614486091
Cancer,cancer,CTABGAN,2024,42,1000,455,114,classification,41.446701601846144,0.0,6.867869935929775,48.33155463892035,Fidelity,Quality_Score,0.8100461856330177
Cancer,cancer,CTABGAN,2024,42,1000,455,114,classification,41.446701601846144,0.0,6.867869935929775,48.33155463892035,Fidelity,KS_Complement,0.8268172161172163
Cancer,cancer,CTABGAN,2024,42,1000,455,114,classification,41.446701601846144,0.0,6.867869935929775,48.33155463892035,Fidelity,Wasserstein_Distance,7.841806950762587
Cancer,cancer,CTABGAN,2024,42,1000,455,114,classification,41.446701601846144,0.0,6.867869935929775,48.33155463892035,Fidelity,MMD,0.0649389222125092
Cancer,cancer,CTABGAN,2024,42,1000,455,114,classification,41.446701601846144,0.0,6.867869935929775,48.33155463892035,Utility,Accuracy_TRTR,0.958187134502924
Cancer,cancer,CTABGAN,2024,42,1000,455,114,classification,41.446701601846144,0.0,6.867869935929775,48.33155463892035,Utility,Accuracy_TSTR,0.8891812865497075
Cancer,cancer,CTABGAN,2024,42,1000,455,114,classification,41.446701601846144,0.0,6.867869935929775,48.33155463892035,Utility,Accuracy_Gap,0.0690058479532164
Cancer,cancer,CTABGAN,2024,42,1000,455,114,classification,41.446701601846144,0.0,6.867869935929775,48.33155463892035,Utility,F1_TRTR,0.9579899186677384
Cancer,cancer,CTABGAN,2024,42,1000,455,114,classification,41.446701601846144,0.0,6.867869935929775,48.33155463892035,Utility,F1_TSTR,0.8882774779376068
Cancer,cancer,CTABGAN,2024,42,1000,455,114,classification,41.446701601846144,0.0,6.867869935929775,48.33155463892035,Utility,F1_Gap,0.0697124407301317
Cancer,cancer,CTABGAN,2024,42,1000,455,114,classification,41.446701601846144,0.0,6.867869935929775,48.33155463892035,Utility,Precision_TRTR,0.9585588829451
Cancer,cancer,CTABGAN,2024,42,1000,455,114,classification,41.446701601846144,0.0,6.867869935929775,48.33155463892035,Utility,Precision_TSTR,0.8920113296716582
Cancer,cancer,CTABGAN,2024,42,1000,455,114,classification,41.446701601846144,0.0,6.867869935929775,48.33155463892035,Utility,Precision_Gap,0.0665475532734417
Cancer,cancer,CTABGAN,2024,42,1000,455,114,classification,41.446701601846144,0.0,6.867869935929775,48.33155463892035,Utility,Recall_TRTR,0.958187134502924
Cancer,cancer,CTABGAN,2024,42,1000,455,114,classification,41.446701601846144,0.0,6.867869935929775,48.33155463892035,Utility,Recall_TSTR,0.8891812865497075
Cancer,cancer,CTABGAN,2024,42,1000,455,114,classification,41.446701601846144,0.0,6.867869935929775,48.33155463892035,Utility,Recall_Gap,0.0690058479532164
Cancer,cancer,CTABGAN,2024,42,1000,455,114,classification,41.446701601846144,0.0,6.867869935929775,48.33155463892035,Utility,ROC_AUC_TRTR,0.9709325396825398
Cancer,cancer,CTABGAN,2024,42,1000,455,114,classification,41.446701601846144,0.0,6.867869935929775,48.33155463892035,Utility,ROC_AUC_TSTR,0.9194058641975308
Cancer,cancer,CTABGAN,2024,42,1000,455,114,classification,41.446701601846144,0.0,6.867869935929775,48.33155463892035,Utility,ROC_AUC_Gap,0.051526675485009
Cancer,cancer,CTABGAN,2024,42,1000,455,114,classification,41.446701601846144,0.0,6.867869935929775,48.33155463892035,Privacy,Mahalanobis_Distance,77.7707737026771
Cancer,cancer,CTABGAN,2024,42,1000,455,114,classification,41.446701601846144,0.0,6.867869935929775,48.33155463892035,Privacy,Mean_Distance,77.7707737026771
Cancer,cancer,CTABGAN,2024,42,1000,455,114,classification,41.446701601846144,0.0,6.867869935929775,48.33155463892035,Privacy,Median_Distance,67.54612834739831
Cancer,cancer,CTABGAN,2024,42,1000,455,114,classification,41.446701601846144,0.0,6.867869935929775,48.33155463892035,Privacy,NNDR,0.96770209692126
Cancer,cancer,CTABGAN,2024,42,1000,455,114,classification,41.446701601846144,0.0,6.867869935929775,48.33155463892035,Privacy,MIA_AUC,0.9030864197530863
Cancer,cancer,CTABGAN,2024,42,1000,455,114,classification,41.446701601846144,0.0,6.867869935929775,48.33155463892035,Compute,training_time_seconds,41.446701601846144
Cancer,cancer,CTABGAN,2024,42,1000,455,114,classification,41.446701601846144,0.0,6.867869935929775,48.33155463892035,Compute,generation_time_seconds,0.0
Cancer,cancer,CTABGAN,2024,42,1000,455,114,classification,41.446701601846144,0.0,6.867869935929775,48.33155463892035,Compute,evaluation_time_seconds,6.867869935929775
Cancer,cancer,CTABGAN,2024,42,1000,455,114,classification,41.446701601846144,0.0,6.867869935929775,48.33155463892035,Compute,total_time_seconds,48.33155463892035
Cancer,cancer,WGAN_GP,42,42,1000,455,114,classification,12.78622391098179,0.0,6.515060761012137,19.31177953793668,Fidelity,Quality_Score,0.8765201100650197
Cancer,cancer,WGAN_GP,42,42,1000,455,114,classification,12.78622391098179,0.0,6.515060761012137,19.31177953793668,Fidelity,KS_Complement,0.8610923076923077
Cancer,cancer,WGAN_GP,42,42,1000,455,114,classification,12.78622391098179,0.0,6.515060761012137,19.31177953793668,Fidelity,Wasserstein_Distance,12.395274328527844
Cancer,cancer,WGAN_GP,42,42,1000,455,114,classification,12.78622391098179,0.0,6.515060761012137,19.31177953793668,Fidelity,MMD,0.0277064381526815
Cancer,cancer,WGAN_GP,42,42,1000,455,114,classification,12.78622391098179,0.0,6.515060761012137,19.31177953793668,Utility,Accuracy_TRTR,0.958187134502924
Cancer,cancer,WGAN_GP,42,42,1000,455,114,classification,12.78622391098179,0.0,6.515060761012137,19.31177953793668,Utility,Accuracy_TSTR,0.8830409356725146
Cancer,cancer,WGAN_GP,42,42,1000,455,114,classification,12.78622391098179,0.0,6.515060761012137,19.31177953793668,Utility,Accuracy_Gap,0.0751461988304093
Cancer,cancer,WGAN_GP,42,42,1000,455,114,classification,12.78622391098179,0.0,6.515060761012137,19.31177953793668,Utility,F1_TRTR,0.9579899186677384
Cancer,cancer,WGAN_GP,42,42,1000,455,114,classification,12.78622391098179,0.0,6.515060761012137,19.31177953793668,Utility,F1_TSTR,0.8836764315731873
Cancer,cancer,WGAN_GP,42,42,1000,455,114,classification,12.78622391098179,0.0,6.515060761012137,19.31177953793668,Utility,F1_Gap,0.0743134870945512
Cancer,cancer,WGAN_GP,42,42,1000,455,114,classification,12.78622391098179,0.0,6.515060761012137,19.31177953793668,Utility,Precision_TRTR,0.9585588829451
Cancer,cancer,WGAN_GP,42,42,1000,455,114,classification,12.78622391098179,0.0,6.515060761012137,19.31177953793668,Utility,Precision_TSTR,0.8865971145598777
Cancer,cancer,WGAN_GP,42,42,1000,455,114,classification,12.78622391098179,0.0,6.515060761012137,19.31177953793668,Utility,Precision_Gap,0.0719617683852222
Cancer,cancer,WGAN_GP,42,42,1000,455,114,classification,12.78622391098179,0.0,6.515060761012137,19.31177953793668,Utility,Recall_TRTR,0.958187134502924
Cancer,cancer,WGAN_GP,42,42,1000,455,114,classification,12.78622391098179,0.0,6.515060761012137,19.31177953793668,Utility,Recall_TSTR,0.8830409356725146
Cancer,cancer,WGAN_GP,42,42,1000,455,114,classification,12.78622391098179,0.0,6.515060761012137,19.31177953793668,Utility,Recall_Gap,0.0751461988304093
Cancer,cancer,WGAN_GP,42,42,1000,455,114,classification,12.78622391098179,0.0,6.515060761012137,19.31177953793668,Utility,ROC_AUC_TRTR,0.9709325396825398
Cancer,cancer,WGAN_GP,42,42,1000,455,114,classification,12.78622391098179,0.0,6.515060761012137,19.31177953793668,Utility,ROC_AUC_TSTR,0.907908950617284
Cancer,cancer,WGAN_GP,42,42,1000,455,114,classification,12.78622391098179,0.0,6.515060761012137,19.31177953793668,Utility,ROC_AUC_Gap,0.0630235890652558
Cancer,cancer,WGAN_GP,42,42,1000,455,114,classification,12.78622391098179,0.0,6.515060761012137,19.31177953793668,Privacy,Mahalanobis_Distance,24.795478659992146
Cancer,cancer,WGAN_GP,42,42,1000,455,114,classification,12.78622391098179,0.0,6.515060761012137,19.31177953793668,Privacy,Mean_Distance,24.795478659992146
Cancer,cancer,WGAN_GP,42,42,1000,455,114,classification,12.78622391098179,0.0,6.515060761012137,19.31177953793668,Privacy,Median_Distance,22.60358181601866
Cancer,cancer,WGAN_GP,42,42,1000,455,114,classification,12.78622391098179,0.0,6.515060761012137,19.31177953793668,Privacy,NNDR,0.9265473038895928
Cancer,cancer,WGAN_GP,42,42,1000,455,114,classification,12.78622391098179,0.0,6.515060761012137,19.31177953793668,Privacy,MIA_AUC,0.8009876543209877
Cancer,cancer,WGAN_GP,42,42,1000,455,114,classification,12.78622391098179,0.0,6.515060761012137,19.31177953793668,Compute,training_time_seconds,12.78622391098179
Cancer,cancer,WGAN_GP,42,42,1000,455,114,classification,12.78622391098179,0.0,6.515060761012137,19.31177953793668,Compute,generation_time_seconds,0.0
Cancer,cancer,WGAN_GP,42,42,1000,455,114,classification,12.78622391098179,0.0,6.515060761012137,19.31177953793668,Compute,evaluation_time_seconds,6.515060761012137
Cancer,cancer,WGAN_GP,42,42,1000,455,114,classification,12.78622391098179,0.0,6.515060761012137,19.31177953793668,Compute,total_time_seconds,19.31177953793668
Cancer,cancer,WGAN_GP,123,42,1000,455,114,classification,13.002638138830662,0.0,6.570728325983509,19.58395521203056,Fidelity,Quality_Score,0.8804574161097671
Cancer,cancer,WGAN_GP,123,42,1000,455,114,classification,13.002638138830662,0.0,6.570728325983509,19.58395521203056,Fidelity,KS_Complement,0.8721967032967034
Cancer,cancer,WGAN_GP,123,42,1000,455,114,classification,13.002638138830662,0.0,6.570728325983509,19.58395521203056,Fidelity,Wasserstein_Distance,9.648387456650177
Cancer,cancer,WGAN_GP,123,42,1000,455,114,classification,13.002638138830662,0.0,6.570728325983509,19.58395521203056,Fidelity,MMD,0.0242732306293128
Cancer,cancer,WGAN_GP,123,42,1000,455,114,classification,13.002638138830662,0.0,6.570728325983509,19.58395521203056,Utility,Accuracy_TRTR,0.958187134502924
Cancer,cancer,WGAN_GP,123,42,1000,455,114,classification,13.002638138830662,0.0,6.570728325983509,19.58395521203056,Utility,Accuracy_TSTR,0.8915204678362572
Cancer,cancer,WGAN_GP,123,42,1000,455,114,classification,13.002638138830662,0.0,6.570728325983509,19.58395521203056,Utility,Accuracy_Gap,0.0666666666666667
Cancer,cancer,WGAN_GP,123,42,1000,455,114,classification,13.002638138830662,0.0,6.570728325983509,19.58395521203056,Utility,F1_TRTR,0.9579899186677384
Cancer,cancer,WGAN_GP,123,42,1000,455,114,classification,13.002638138830662,0.0,6.570728325983509,19.58395521203056,Utility,F1_TSTR,0.8898714723109539
Cancer,cancer,WGAN_GP,123,42,1000,455,114,classification,13.002638138830662,0.0,6.570728325983509,19.58395521203056,Utility,F1_Gap,0.0681184463567846
Cancer,cancer,WGAN_GP,123,42,1000,455,114,classification,13.002638138830662,0.0,6.570728325983509,19.58395521203056,Utility,Precision_TRTR,0.9585588829451
Cancer,cancer,WGAN_GP,123,42,1000,455,114,classification,13.002638138830662,0.0,6.570728325983509,19.58395521203056,Utility,Precision_TSTR,0.8933956772796816
Cancer,cancer,WGAN_GP,123,42,1000,455,114,classification,13.002638138830662,0.0,6.570728325983509,19.58395521203056,Utility,Precision_Gap,0.0651632056654183
Cancer,cancer,WGAN_GP,123,42,1000,455,114,classification,13.002638138830662,0.0,6.570728325983509,19.58395521203056,Utility,Recall_TRTR,0.958187134502924
Cancer,cancer,WGAN_GP,123,42,1000,455,114,classification,13.002638138830662,0.0,6.570728325983509,19.58395521203056,Utility,Recall_TSTR,0.8915204678362572
Cancer,cancer,WGAN_GP,123,42,1000,455,114,classification,13.002638138830662,0.0,6.570728325983509,19.58395521203056,Utility,Recall_Gap,0.0666666666666667
Cancer,cancer,WGAN_GP,123,42,1000,455,114,classification,13.002638138830662,0.0,6.570728325983509,19.58395521203056,Utility,ROC_AUC_TRTR,0.9709325396825398
Cancer,cancer,WGAN_GP,123,42,1000,455,114,classification,13.002638138830662,0.0,6.570728325983509,19.58395521203056,Utility,ROC_AUC_TSTR,0.9339781746031746
Cancer,cancer,WGAN_GP,123,42,1000,455,114,classification,13.002638138830662,0.0,6.570728325983509,19.58395521203056,Utility,ROC_AUC_Gap,0.0369543650793652
Cancer,cancer,WGAN_GP,123,42,1000,455,114,classification,13.002638138830662,0.0,6.570728325983509,19.58395521203056,Privacy,Mahalanobis_Distance,23.976983033285155
Cancer,cancer,WGAN_GP,123,42,1000,455,114,classification,13.002638138830662,0.0,6.570728325983509,19.58395521203056,Privacy,Mean_Distance,23.976983033285155
Cancer,cancer,WGAN_GP,123,42,1000,455,114,classification,13.002638138830662,0.0,6.570728325983509,19.58395521203056,Privacy,Median_Distance,21.970909347763403
Cancer,cancer,WGAN_GP,123,42,1000,455,114,classification,13.002638138830662,0.0,6.570728325983509,19.58395521203056,Privacy,NNDR,0.9289248669426978
Cancer,cancer,WGAN_GP,123,42,1000,455,114,classification,13.002638138830662,0.0,6.570728325983509,19.58395521203056,Privacy,MIA_AUC,0.9055555555555556
Cancer,cancer,WGAN_GP,123,42,1000,455,114,classification,13.002638138830662,0.0,6.570728325983509,19.58395521203056,Compute,training_time_seconds,13.002638138830662
Cancer,cancer,WGAN_GP,123,42,1000,455,114,classification,13.002638138830662,0.0,6.570728325983509,19.58395521203056,Compute,generation_time_seconds,0.0
Cancer,cancer,WGAN_GP,123,42,1000,455,114,classification,13.002638138830662,0.0,6.570728325983509,19.58395521203056,Compute,evaluation_time_seconds,6.570728325983509
Cancer,cancer,WGAN_GP,123,42,1000,455,114,classification,13.002638138830662,0.0,6.570728325983509,19.58395521203056,Compute,total_time_seconds,19.58395521203056
Cancer,cancer,WGAN_GP,2024,42,1000,455,114,classification,12.656360862078143,0.0,6.463077067863196,19.130002876976505,Fidelity,Quality_Score,0.8623379685731584
Cancer,cancer,WGAN_GP,2024,42,1000,455,114,classification,12.656360862078143,0.0,6.463077067863196,19.130002876976505,Fidelity,KS_Complement,0.8366336996336996
Cancer,cancer,WGAN_GP,2024,42,1000,455,114,classification,12.656360862078143,0.0,6.463077067863196,19.130002876976505,Fidelity,Wasserstein_Distance,12.200928431616186
Cancer,cancer,WGAN_GP,2024,42,1000,455,114,classification,12.656360862078143,0.0,6.463077067863196,19.130002876976505,Fidelity,MMD,0.0322525160850238
Cancer,cancer,WGAN_GP,2024,42,1000,455,114,classification,12.656360862078143,0.0,6.463077067863196,19.130002876976505,Utility,Accuracy_TRTR,0.958187134502924
Cancer,cancer,WGAN_GP,2024,42,1000,455,114,classification,12.656360862078143,0.0,6.463077067863196,19.130002876976505,Utility,Accuracy_TSTR,0.8678362573099413
Cancer,cancer,WGAN_GP,2024,42,1000,455,114,classification,12.656360862078143,0.0,6.463077067863196,19.130002876976505,Utility,Accuracy_Gap,0.0903508771929826
Cancer,cancer,WGAN_GP,2024,42,1000,455,114,classification,12.656360862078143,0.0,6.463077067863196,19.130002876976505,Utility,F1_TRTR,0.9579899186677384
Cancer,cancer,WGAN_GP,2024,42,1000,455,114,classification,12.656360862078143,0.0,6.463077067863196,19.130002876976505,Utility,F1_TSTR,0.8625213932642118
Cancer,cancer,WGAN_GP,2024,42,1000,455,114,classification,12.656360862078143,0.0,6.463077067863196,19.130002876976505,Utility,F1_Gap,0.0954685254035266
Cancer,cancer,WGAN_GP,2024,42,1000,455,114,classification,12.656360862078143,0.0,6.463077067863196,19.130002876976505,Utility,Precision_TRTR,0.9585588829451
Cancer,cancer,WGAN_GP,2024,42,1000,455,114,classification,12.656360862078143,0.0,6.463077067863196,19.130002876976505,Utility,Precision_TSTR,0.8793757652611554
Cancer,cancer,WGAN_GP,2024,42,1000,455,114,classification,12.656360862078143,0.0,6.463077067863196,19.130002876976505,Utility,Precision_Gap,0.0791831176839445
Cancer,cancer,WGAN_GP,2024,42,1000,455,114,classification,12.656360862078143,0.0,6.463077067863196,19.130002876976505,Utility,Recall_TRTR,0.958187134502924
Cancer,cancer,WGAN_GP,2024,42,1000,455,114,classification,12.656360862078143,0.0,6.463077067863196,19.130002876976505,Utility,Recall_TSTR,0.8678362573099413
Cancer,cancer,WGAN_GP,2024,42,1000,455,114,classification,12.656360862078143,0.0,6.463077067863196,19.130002876976505,Utility,Recall_Gap,0.0903508771929826
Cancer,cancer,WGAN_GP,2024,42,1000,455,114,classification,12.656360862078143,0.0,6.463077067863196,19.130002876976505,Utility,ROC_AUC_TRTR,0.9709325396825398
Cancer,cancer,WGAN_GP,2024,42,1000,455,114,classification,12.656360862078143,0.0,6.463077067863196,19.130002876976505,Utility,ROC_AUC_TSTR,0.9228064373897706
Cancer,cancer,WGAN_GP,2024,42,1000,455,114,classification,12.656360862078143,0.0,6.463077067863196,19.130002876976505,Utility,ROC_AUC_Gap,0.0481261022927691
Cancer,cancer,WGAN_GP,2024,42,1000,455,114,classification,12.656360862078143,0.0,6.463077067863196,19.130002876976505,Privacy,Mahalanobis_Distance,25.800589997069583
Cancer,cancer,WGAN_GP,2024,42,1000,455,114,classification,12.656360862078143,0.0,6.463077067863196,19.130002876976505,Privacy,Mean_Distance,25.800589997069583
Cancer,cancer,WGAN_GP,2024,42,1000,455,114,classification,12.656360862078143,0.0,6.463077067863196,19.130002876976505,Privacy,Median_Distance,23.392954742286506
Cancer,cancer,WGAN_GP,2024,42,1000,455,114,classification,12.656360862078143,0.0,6.463077067863196,19.130002876976505,Privacy,NNDR,0.9270558527761698
Cancer,cancer,WGAN_GP,2024,42,1000,455,114,classification,12.656360862078143,0.0,6.463077067863196,19.130002876976505,Privacy,MIA_AUC,0.9166666666666669
Cancer,cancer,WGAN_GP,2024,42,1000,455,114,classification,12.656360862078143,0.0,6.463077067863196,19.130002876976505,Compute,training_time_seconds,12.656360862078143
Cancer,cancer,WGAN_GP,2024,42,1000,455,114,classification,12.656360862078143,0.0,6.463077067863196,19.130002876976505,Compute,generation_time_seconds,0.0
Cancer,cancer,WGAN_GP,2024,42,1000,455,114,classification,12.656360862078143,0.0,6.463077067863196,19.130002876976505,Compute,evaluation_time_seconds,6.463077067863196
Cancer,cancer,WGAN_GP,2024,42,1000,455,114,classification,12.656360862078143,0.0,6.463077067863196,19.130002876976505,Compute,total_time_seconds,19.130002876976505
Cancer,cancer,TabDDPM,42,42,1000,455,114,classification,20.43498746212572,0.0,5.334988909075037,25.78092254209332,Fidelity,Quality_Score,0.6019209877986296
Cancer,cancer,TabDDPM,42,42,1000,455,114,classification,20.43498746212572,0.0,5.334988909075037,25.78092254209332,Fidelity,KS_Complement,0.3734575091575091
Cancer,cancer,TabDDPM,42,42,1000,455,114,classification,20.43498746212572,0.0,5.334988909075037,25.78092254209332,Fidelity,Wasserstein_Distance,100.8271601840026
Cancer,cancer,TabDDPM,42,42,1000,455,114,classification,20.43498746212572,0.0,5.334988909075037,25.78092254209332,Fidelity,MMD,0.3821379789475543
Cancer,cancer,TabDDPM,42,42,1000,455,114,classification,20.43498746212572,0.0,5.334988909075037,25.78092254209332,Utility,Accuracy_TRTR,0.958187134502924
Cancer,cancer,TabDDPM,42,42,1000,455,114,classification,20.43498746212572,0.0,5.334988909075037,25.78092254209332,Utility,Accuracy_TSTR,0.631578947368421
Cancer,cancer,TabDDPM,42,42,1000,455,114,classification,20.43498746212572,0.0,5.334988909075037,25.78092254209332,Utility,Accuracy_Gap,0.3266081871345029
Cancer,cancer,TabDDPM,42,42,1000,455,114,classification,20.43498746212572,0.0,5.334988909075037,25.78092254209332,Utility,F1_TRTR,0.9579899186677384
Cancer,cancer,TabDDPM,42,42,1000,455,114,classification,20.43498746212572,0.0,5.334988909075037,25.78092254209332,Utility,F1_TSTR,0.4889643463497452
Cancer,cancer,TabDDPM,42,42,1000,455,114,classification,20.43498746212572,0.0,5.334988909075037,25.78092254209332,Utility,F1_Gap,0.4690255723179933
Cancer,cancer,TabDDPM,42,42,1000,455,114,classification,20.43498746212572,0.0,5.334988909075037,25.78092254209332,Utility,Precision_TRTR,0.9585588829451
Cancer,cancer,TabDDPM,42,42,1000,455,114,classification,20.43498746212572,0.0,5.334988909075037,25.78092254209332,Utility,Precision_TSTR,0.3988919667590027
Cancer,cancer,TabDDPM,42,42,1000,455,114,classification,20.43498746212572,0.0,5.334988909075037,25.78092254209332,Utility,Precision_Gap,0.5596669161860972
Cancer,cancer,TabDDPM,42,42,1000,455,114,classification,20.43498746212572,0.0,5.334988909075037,25.78092254209332,Utility,Recall_TRTR,0.958187134502924
Cancer,cancer,TabDDPM,42,42,1000,455,114,classification,20.43498746212572,0.0,5.334988909075037,25.78092254209332,Utility,Recall_TSTR,0.631578947368421
Cancer,cancer,TabDDPM,42,42,1000,455,114,classification,20.43498746212572,0.0,5.334988909075037,25.78092254209332,Utility,Recall_Gap,0.3266081871345029
Cancer,cancer,TabDDPM,42,42,1000,455,114,classification,20.43498746212572,0.0,5.334988909075037,25.78092254209332,Utility,ROC_AUC_TRTR,0.9709325396825398
Cancer,cancer,TabDDPM,42,42,1000,455,114,classification,20.43498746212572,0.0,5.334988909075037,25.78092254209332,Utility,ROC_AUC_TSTR,0.3511243386243386
Cancer,cancer,TabDDPM,42,42,1000,455,114,classification,20.43498746212572,0.0,5.334988909075037,25.78092254209332,Utility,ROC_AUC_Gap,0.6198082010582011
Cancer,cancer,TabDDPM,42,42,1000,455,114,classification,20.43498746212572,0.0,5.334988909075037,25.78092254209332,Privacy,Mahalanobis_Distance,51.54657606181053
Cancer,cancer,TabDDPM,42,42,1000,455,114,classification,20.43498746212572,0.0,5.334988909075037,25.78092254209332,Privacy,Mean_Distance,51.54657606181053
Cancer,cancer,TabDDPM,42,42,1000,455,114,classification,20.43498746212572,0.0,5.334988909075037,25.78092254209332,Privacy,Median_Distance,42.96938771738928
Cancer,cancer,TabDDPM,42,42,1000,455,114,classification,20.43498746212572,0.0,5.334988909075037,25.78092254209332,Privacy,NNDR,0.9261180863151296
Cancer,cancer,TabDDPM,42,42,1000,455,114,classification,20.43498746212572,0.0,5.334988909075037,25.78092254209332,Privacy,MIA_AUC,1.0
Cancer,cancer,TabDDPM,42,42,1000,455,114,classification,20.43498746212572,0.0,5.334988909075037,25.78092254209332,Compute,training_time_seconds,20.43498746212572
Cancer,cancer,TabDDPM,42,42,1000,455,114,classification,20.43498746212572,0.0,5.334988909075037,25.78092254209332,Compute,generation_time_seconds,0.0
Cancer,cancer,TabDDPM,42,42,1000,455,114,classification,20.43498746212572,0.0,5.334988909075037,25.78092254209332,Compute,evaluation_time_seconds,5.334988909075037
Cancer,cancer,TabDDPM,42,42,1000,455,114,classification,20.43498746212572,0.0,5.334988909075037,25.78092254209332,Compute,total_time_seconds,25.78092254209332
Cancer,cancer,TabDDPM,123,42,1000,455,114,classification,20.013614744879305,0.0,5.294896457111463,25.32059743092396,Fidelity,Quality_Score,0.6054989324988613
Cancer,cancer,TabDDPM,123,42,1000,455,114,classification,20.013614744879305,0.0,5.294896457111463,25.32059743092396,Fidelity,KS_Complement,0.3868868131868132
Cancer,cancer,TabDDPM,123,42,1000,455,114,classification,20.013614744879305,0.0,5.294896457111463,25.32059743092396,Fidelity,Wasserstein_Distance,92.26149115312096
Cancer,cancer,TabDDPM,123,42,1000,455,114,classification,20.013614744879305,0.0,5.294896457111463,25.32059743092396,Fidelity,MMD,0.4341899311894044
Cancer,cancer,TabDDPM,123,42,1000,455,114,classification,20.013614744879305,0.0,5.294896457111463,25.32059743092396,Utility,Accuracy_TRTR,0.958187134502924
Cancer,cancer,TabDDPM,123,42,1000,455,114,classification,20.013614744879305,0.0,5.294896457111463,25.32059743092396,Utility,Accuracy_TSTR,0.5935672514619884
Cancer,cancer,TabDDPM,123,42,1000,455,114,classification,20.013614744879305,0.0,5.294896457111463,25.32059743092396,Utility,Accuracy_Gap,0.3646198830409355
Cancer,cancer,TabDDPM,123,42,1000,455,114,classification,20.013614744879305,0.0,5.294896457111463,25.32059743092396,Utility,F1_TRTR,0.9579899186677384
Cancer,cancer,TabDDPM,123,42,1000,455,114,classification,20.013614744879305,0.0,5.294896457111463,25.32059743092396,Utility,F1_TSTR,0.488378774600705
Cancer,cancer,TabDDPM,123,42,1000,455,114,classification,20.013614744879305,0.0,5.294896457111463,25.32059743092396,Utility,F1_Gap,0.4696111440670335
Cancer,cancer,TabDDPM,123,42,1000,455,114,classification,20.013614744879305,0.0,5.294896457111463,25.32059743092396,Utility,Precision_TRTR,0.9585588829451
Cancer,cancer,TabDDPM,123,42,1000,455,114,classification,20.013614744879305,0.0,5.294896457111463,25.32059743092396,Utility,Precision_TSTR,0.4952045400313319
Cancer,cancer,TabDDPM,123,42,1000,455,114,classification,20.013614744879305,0.0,5.294896457111463,25.32059743092396,Utility,Precision_Gap,0.463354342913768
Cancer,cancer,TabDDPM,123,42,1000,455,114,classification,20.013614744879305,0.0,5.294896457111463,25.32059743092396,Utility,Recall_TRTR,0.958187134502924
Cancer,cancer,TabDDPM,123,42,1000,455,114,classification,20.013614744879305,0.0,5.294896457111463,25.32059743092396,Utility,Recall_TSTR,0.5935672514619884
Cancer,cancer,TabDDPM,123,42,1000,455,114,classification,20.013614744879305,0.0,5.294896457111463,25.32059743092396,Utility,Recall_Gap,0.3646198830409355
Cancer,cancer,TabDDPM,123,42,1000,455,114,classification,20.013614744879305,0.0,5.294896457111463,25.32059743092396,Utility,ROC_AUC_TRTR,0.9709325396825398
Cancer,cancer,TabDDPM,123,42,1000,455,114,classification,20.013614744879305,0.0,5.294896457111463,25.32059743092396,Utility,ROC_AUC_TSTR,0.6105379188712523
Cancer,cancer,TabDDPM,123,42,1000,455,114,classification,20.013614744879305,0.0,5.294896457111463,25.32059743092396,Utility,ROC_AUC_Gap,0.3603946208112875
Cancer,cancer,TabDDPM,123,42,1000,455,114,classification,20.013614744879305,0.0,5.294896457111463,25.32059743092396,Privacy,Mahalanobis_Distance,52.709572012413325
Cancer,cancer,TabDDPM,123,42,1000,455,114,classification,20.013614744879305,0.0,5.294896457111463,25.32059743092396,Privacy,Mean_Distance,52.709572012413325
Cancer,cancer,TabDDPM,123,42,1000,455,114,classification,20.013614744879305,0.0,5.294896457111463,25.32059743092396,Privacy,Median_Distance,40.6280766653493
Cancer,cancer,TabDDPM,123,42,1000,455,114,classification,20.013614744879305,0.0,5.294896457111463,25.32059743092396,Privacy,NNDR,0.9619258678318486
Cancer,cancer,TabDDPM,123,42,1000,455,114,classification,20.013614744879305,0.0,5.294896457111463,25.32059743092396,Privacy,MIA_AUC,0.9934567901234568
Cancer,cancer,TabDDPM,123,42,1000,455,114,classification,20.013614744879305,0.0,5.294896457111463,25.32059743092396,Compute,training_time_seconds,20.013614744879305
Cancer,cancer,TabDDPM,123,42,1000,455,114,classification,20.013614744879305,0.0,5.294896457111463,25.32059743092396,Compute,generation_time_seconds,0.0
Cancer,cancer,TabDDPM,123,42,1000,455,114,classification,20.013614744879305,0.0,5.294896457111463,25.32059743092396,Compute,evaluation_time_seconds,5.294896457111463
Cancer,cancer,TabDDPM,123,42,1000,455,114,classification,20.013614744879305,0.0,5.294896457111463,25.32059743092396,Compute,total_time_seconds,25.32059743092396
Cancer,cancer,TabDDPM,2024,42,1000,455,114,classification,20.00249613611959,0.0,5.400435198098421,25.41358225815929,Fidelity,Quality_Score,0.578322562603808
Cancer,cancer,TabDDPM,2024,42,1000,455,114,classification,20.00249613611959,0.0,5.400435198098421,25.41358225815929,Fidelity,KS_Complement,0.3425406593406593
Cancer,cancer,TabDDPM,2024,42,1000,455,114,classification,20.00249613611959,0.0,5.400435198098421,25.41358225815929,Fidelity,Wasserstein_Distance,86.149298966989
Cancer,cancer,TabDDPM,2024,42,1000,455,114,classification,20.00249613611959,0.0,5.400435198098421,25.41358225815929,Fidelity,MMD,0.3734439961810518
Cancer,cancer,TabDDPM,2024,42,1000,455,114,classification,20.00249613611959,0.0,5.400435198098421,25.41358225815929,Utility,Accuracy_TRTR,0.958187134502924
Cancer,cancer,TabDDPM,2024,42,1000,455,114,classification,20.00249613611959,0.0,5.400435198098421,25.41358225815929,Utility,Accuracy_TSTR,0.5517543859649123
Cancer,cancer,TabDDPM,2024,42,1000,455,114,classification,20.00249613611959,0.0,5.400435198098421,25.41358225815929,Utility,Accuracy_Gap,0.4064327485380116
Cancer,cancer,TabDDPM,2024,42,1000,455,114,classification,20.00249613611959,0.0,5.400435198098421,25.41358225815929,Utility,F1_TRTR,0.9579899186677384
Cancer,cancer,TabDDPM,2024,42,1000,455,114,classification,20.00249613611959,0.0,5.400435198098421,25.41358225815929,Utility,F1_TSTR,0.4548786026262987
Cancer,cancer,TabDDPM,2024,42,1000,455,114,classification,20.00249613611959,0.0,5.400435198098421,25.41358225815929,Utility,F1_Gap,0.5031113160414398
Cancer,cancer,TabDDPM,2024,42,1000,455,114,classification,20.00249613611959,0.0,5.400435198098421,25.41358225815929,Utility,Precision_TRTR,0.9585588829451
Cancer,cancer,TabDDPM,2024,42,1000,455,114,classification,20.00249613611959,0.0,5.400435198098421,25.41358225815929,Utility,Precision_TSTR,0.4115056614137279
Cancer,cancer,TabDDPM,2024,42,1000,455,114,classification,20.00249613611959,0.0,5.400435198098421,25.41358225815929,Utility,Precision_Gap,0.547053221531372
Cancer,cancer,TabDDPM,2024,42,1000,455,114,classification,20.00249613611959,0.0,5.400435198098421,25.41358225815929,Utility,Recall_TRTR,0.958187134502924
Cancer,cancer,TabDDPM,2024,42,1000,455,114,classification,20.00249613611959,0.0,5.400435198098421,25.41358225815929,Utility,Recall_TSTR,0.5517543859649123
Cancer,cancer,TabDDPM,2024,42,1000,455,114,classification,20.00249613611959,0.0,5.400435198098421,25.41358225815929,Utility,Recall_Gap,0.4064327485380116
Cancer,cancer,TabDDPM,2024,42,1000,455,114,classification,20.00249613611959,0.0,5.400435198098421,25.41358225815929,Utility,ROC_AUC_TRTR,0.9709325396825398
Cancer,cancer,TabDDPM,2024,42,1000,455,114,classification,20.00249613611959,0.0,5.400435198098421,25.41358225815929,Utility,ROC_AUC_TSTR,0.2865575396825396
Cancer,cancer,TabDDPM,2024,42,1000,455,114,classification,20.00249613611959,0.0,5.400435198098421,25.41358225815929,Utility,ROC_AUC_Gap,0.6843750000000002
Cancer,cancer,TabDDPM,2024,42,1000,455,114,classification,20.00249613611959,0.0,5.400435198098421,25.41358225815929,Privacy,Mahalanobis_Distance,59.51031543722657
Cancer,cancer,TabDDPM,2024,42,1000,455,114,classification,20.00249613611959,0.0,5.400435198098421,25.41358225815929,Privacy,Mean_Distance,59.51031543722657
Cancer,cancer,TabDDPM,2024,42,1000,455,114,classification,20.00249613611959,0.0,5.400435198098421,25.41358225815929,Privacy,Median_Distance,57.05685585866587
Cancer,cancer,TabDDPM,2024,42,1000,455,114,classification,20.00249613611959,0.0,5.400435198098421,25.41358225815929,Privacy,NNDR,0.9464635219842292
Cancer,cancer,TabDDPM,2024,42,1000,455,114,classification,20.00249613611959,0.0,5.400435198098421,25.41358225815929,Privacy,MIA_AUC,0.9990123456790124
Cancer,cancer,TabDDPM,2024,42,1000,455,114,classification,20.00249613611959,0.0,5.400435198098421,25.41358225815929,Compute,training_time_seconds,20.00249613611959
Cancer,cancer,TabDDPM,2024,42,1000,455,114,classification,20.00249613611959,0.0,5.400435198098421,25.41358225815929,Compute,generation_time_seconds,0.0
Cancer,cancer,TabDDPM,2024,42,1000,455,114,classification,20.00249613611959,0.0,5.400435198098421,25.41358225815929,Compute,evaluation_time_seconds,5.400435198098421
Cancer,cancer,TabDDPM,2024,42,1000,455,114,classification,20.00249613611959,0.0,5.400435198098421,25.41358225815929,Compute,total_time_seconds,25.41358225815929
Cancer,cancer,ForestDiffusion,42,42,1000,455,114,classification,7.005515724187717,0.0,5.938732716022059,12.95623264508322,Fidelity,Quality_Score,0.939384223677773
Cancer,cancer,ForestDiffusion,42,42,1000,455,114,classification,7.005515724187717,0.0,5.938732716022059,12.95623264508322,Fidelity,KS_Complement,0.9220315018315018
Cancer,cancer,ForestDiffusion,42,42,1000,455,114,classification,7.005515724187717,0.0,5.938732716022059,12.95623264508322,Fidelity,Wasserstein_Distance,3.239384574421269
Cancer,cancer,ForestDiffusion,42,42,1000,455,114,classification,7.005515724187717,0.0,5.938732716022059,12.95623264508322,Fidelity,MMD,0.010400103568748
Cancer,cancer,ForestDiffusion,42,42,1000,455,114,classification,7.005515724187717,0.0,5.938732716022059,12.95623264508322,Utility,Accuracy_TRTR,0.958187134502924
Cancer,cancer,ForestDiffusion,42,42,1000,455,114,classification,7.005515724187717,0.0,5.938732716022059,12.95623264508322,Utility,Accuracy_TSTR,0.9593567251461989
Cancer,cancer,ForestDiffusion,42,42,1000,455,114,classification,7.005515724187717,0.0,5.938732716022059,12.95623264508322,Utility,Accuracy_Gap,-0.0011695906432749
Cancer,cancer,ForestDiffusion,42,42,1000,455,114,classification,7.005515724187717,0.0,5.938732716022059,12.95623264508322,Utility,F1_TRTR,0.9579899186677384
Cancer,cancer,ForestDiffusion,42,42,1000,455,114,classification,7.005515724187717,0.0,5.938732716022059,12.95623264508322,Utility,F1_TSTR,0.9590639910658616
Cancer,cancer,ForestDiffusion,42,42,1000,455,114,classification,7.005515724187717,0.0,5.938732716022059,12.95623264508322,Utility,F1_Gap,-0.0010740723981229
Cancer,cancer,ForestDiffusion,42,42,1000,455,114,classification,7.005515724187717,0.0,5.938732716022059,12.95623264508322,Utility,Precision_TRTR,0.9585588829451
Cancer,cancer,ForestDiffusion,42,42,1000,455,114,classification,7.005515724187717,0.0,5.938732716022059,12.95623264508322,Utility,Precision_TSTR,0.9599907292998484
Cancer,cancer,ForestDiffusion,42,42,1000,455,114,classification,7.005515724187717,0.0,5.938732716022059,12.95623264508322,Utility,Precision_Gap,-0.0014318463547485
Cancer,cancer,ForestDiffusion,42,42,1000,455,114,classification,7.005515724187717,0.0,5.938732716022059,12.95623264508322,Utility,Recall_TRTR,0.958187134502924
Cancer,cancer,ForestDiffusion,42,42,1000,455,114,classification,7.005515724187717,0.0,5.938732716022059,12.95623264508322,Utility,Recall_TSTR,0.9593567251461989
Cancer,cancer,ForestDiffusion,42,42,1000,455,114,classification,7.005515724187717,0.0,5.938732716022059,12.95623264508322,Utility,Recall_Gap,-0.0011695906432749
Cancer,cancer,ForestDiffusion,42,42,1000,455,114,classification,7.005515724187717,0.0,5.938732716022059,12.95623264508322,Utility,ROC_AUC_TRTR,0.9709325396825398
Cancer,cancer,ForestDiffusion,42,42,1000,455,114,classification,7.005515724187717,0.0,5.938732716022059,12.95623264508322,Utility,ROC_AUC_TSTR,0.9738536155202824
Cancer,cancer,ForestDiffusion,42,42,1000,455,114,classification,7.005515724187717,0.0,5.938732716022059,12.95623264508322,Utility,ROC_AUC_Gap,-0.0029210758377425
Cancer,cancer,ForestDiffusion,42,42,1000,455,114,classification,7.005515724187717,0.0,5.938732716022059,12.95623264508322,Privacy,Mahalanobis_Distance,13.167079719307084
Cancer,cancer,ForestDiffusion,42,42,1000,455,114,classification,7.005515724187717,0.0,5.938732716022059,12.95623264508322,Privacy,Mean_Distance,13.167079719307084
Cancer,cancer,ForestDiffusion,42,42,1000,455,114,classification,7.005515724187717,0.0,5.938732716022059,12.95623264508322,Privacy,Median_Distance,10.548357593443882
Cancer,cancer,ForestDiffusion,42,42,1000,455,114,classification,7.005515724187717,0.0,5.938732716022059,12.95623264508322,Privacy,NNDR,0.905741290237772
Cancer,cancer,ForestDiffusion,42,42,1000,455,114,classification,7.005515724187717,0.0,5.938732716022059,12.95623264508322,Privacy,MIA_AUC,0.4787654320987655
Cancer,cancer,ForestDiffusion,42,42,1000,455,114,classification,7.005515724187717,0.0,5.938732716022059,12.95623264508322,Compute,training_time_seconds,7.005515724187717
Cancer,cancer,ForestDiffusion,42,42,1000,455,114,classification,7.005515724187717,0.0,5.938732716022059,12.95623264508322,Compute,generation_time_seconds,0.0
Cancer,cancer,ForestDiffusion,42,42,1000,455,114,classification,7.005515724187717,0.0,5.938732716022059,12.95623264508322,Compute,evaluation_time_seconds,5.938732716022059
Cancer,cancer,ForestDiffusion,42,42,1000,455,114,classification,7.005515724187717,0.0,5.938732716022059,12.95623264508322,Compute,total_time_seconds,12.95623264508322
Cancer,cancer,ForestDiffusion,123,42,1000,455,114,classification,5.505992245161906,0.0,6.055045092012733,11.572434779023752,Fidelity,Quality_Score,0.9399777327547574
Cancer,cancer,ForestDiffusion,123,42,1000,455,114,classification,5.505992245161906,0.0,6.055045092012733,11.572434779023752,Fidelity,KS_Complement,0.9207567765567763
Cancer,cancer,ForestDiffusion,123,42,1000,455,114,classification,5.505992245161906,0.0,6.055045092012733,11.572434779023752,Fidelity,Wasserstein_Distance,3.1762658523507623
Cancer,cancer,ForestDiffusion,123,42,1000,455,114,classification,5.505992245161906,0.0,6.055045092012733,11.572434779023752,Fidelity,MMD,0.0134722527259912
Cancer,cancer,ForestDiffusion,123,42,1000,455,114,classification,5.505992245161906,0.0,6.055045092012733,11.572434779023752,Utility,Accuracy_TRTR,0.958187134502924
Cancer,cancer,ForestDiffusion,123,42,1000,455,114,classification,5.505992245161906,0.0,6.055045092012733,11.572434779023752,Utility,Accuracy_TSTR,0.965204678362573
Cancer,cancer,ForestDiffusion,123,42,1000,455,114,classification,5.505992245161906,0.0,6.055045092012733,11.572434779023752,Utility,Accuracy_Gap,-0.007017543859649
Cancer,cancer,ForestDiffusion,123,42,1000,455,114,classification,5.505992245161906,0.0,6.055045092012733,11.572434779023752,Utility,F1_TRTR,0.9579899186677384
Cancer,cancer,ForestDiffusion,123,42,1000,455,114,classification,5.505992245161906,0.0,6.055045092012733,11.572434779023752,Utility,F1_TSTR,0.9650224205598136
Cancer,cancer,ForestDiffusion,123,42,1000,455,114,classification,5.505992245161906,0.0,6.055045092012733,11.572434779023752,Utility,F1_Gap,-0.0070325018920751
Cancer,cancer,ForestDiffusion,123,42,1000,455,114,classification,5.505992245161906,0.0,6.055045092012733,11.572434779023752,Utility,Precision_TRTR,0.9585588829451
Cancer,cancer,ForestDiffusion,123,42,1000,455,114,classification,5.505992245161906,0.0,6.055045092012733,11.572434779023752,Utility,Precision_TSTR,0.9656421938078128
Cancer,cancer,ForestDiffusion,123,42,1000,455,114,classification,5.505992245161906,0.0,6.055045092012733,11.572434779023752,Utility,Precision_Gap,-0.0070833108627127
Cancer,cancer,ForestDiffusion,123,42,1000,455,114,classification,5.505992245161906,0.0,6.055045092012733,11.572434779023752,Utility,Recall_TRTR,0.958187134502924
Cancer,cancer,ForestDiffusion,123,42,1000,455,114,classification,5.505992245161906,0.0,6.055045092012733,11.572434779023752,Utility,Recall_TSTR,0.965204678362573
Cancer,cancer,ForestDiffusion,123,42,1000,455,114,classification,5.505992245161906,0.0,6.055045092012733,11.572434779023752,Utility,Recall_Gap,-0.007017543859649
Cancer,cancer,ForestDiffusion,123,42,1000,455,114,classification,5.505992245161906,0.0,6.055045092012733,11.572434779023752,Utility,ROC_AUC_TRTR,0.9709325396825398
Cancer,cancer,ForestDiffusion,123,42,1000,455,114,classification,5.505992245161906,0.0,6.055045092012733,11.572434779023752,Utility,ROC_AUC_TSTR,0.9788800705467372
Cancer,cancer,ForestDiffusion,123,42,1000,455,114,classification,5.505992245161906,0.0,6.055045092012733,11.572434779023752,Utility,ROC_AUC_Gap,-0.0079475308641975
Cancer,cancer,ForestDiffusion,123,42,1000,455,114,classification,5.505992245161906,0.0,6.055045092012733,11.572434779023752,Privacy,Mahalanobis_Distance,13.564773513823088
Cancer,cancer,ForestDiffusion,123,42,1000,455,114,classification,5.505992245161906,0.0,6.055045092012733,11.572434779023752,Privacy,Mean_Distance,13.564773513823088
Cancer,cancer,ForestDiffusion,123,42,1000,455,114,classification,5.505992245161906,0.0,6.055045092012733,11.572434779023752,Privacy,Median_Distance,10.601054169989784
Cancer,cancer,ForestDiffusion,123,42,1000,455,114,classification,5.505992245161906,0.0,6.055045092012733,11.572434779023752,Privacy,NNDR,0.9087869117993702
Cancer,cancer,ForestDiffusion,123,42,1000,455,114,classification,5.505992245161906,0.0,6.055045092012733,11.572434779023752,Privacy,MIA_AUC,0.4639506172839506
Cancer,cancer,ForestDiffusion,123,42,1000,455,114,classification,5.505992245161906,0.0,6.055045092012733,11.572434779023752,Compute,training_time_seconds,5.505992245161906
Cancer,cancer,ForestDiffusion,123,42,1000,455,114,classification,5.505992245161906,0.0,6.055045092012733,11.572434779023752,Compute,generation_time_seconds,0.0
Cancer,cancer,ForestDiffusion,123,42,1000,455,114,classification,5.505992245161906,0.0,6.055045092012733,11.572434779023752,Compute,evaluation_time_seconds,6.055045092012733
Cancer,cancer,ForestDiffusion,123,42,1000,455,114,classification,5.505992245161906,0.0,6.055045092012733,11.572434779023752,Compute,total_time_seconds,11.572434779023752
Cancer,cancer,ForestDiffusion,2024,42,1000,455,114,classification,5.159768447978422,0.0,5.947204952128232,11.117736105108634,Fidelity,Quality_Score,0.9362108265394866
Cancer,cancer,ForestDiffusion,2024,42,1000,455,114,classification,5.159768447978422,0.0,5.947204952128232,11.117736105108634,Fidelity,KS_Complement,0.9167886446886448
Cancer,cancer,ForestDiffusion,2024,42,1000,455,114,classification,5.159768447978422,0.0,5.947204952128232,11.117736105108634,Fidelity,Wasserstein_Distance,2.6315681887210487
Cancer,cancer,ForestDiffusion,2024,42,1000,455,114,classification,5.159768447978422,0.0,5.947204952128232,11.117736105108634,Fidelity,MMD,0.0161069669908813
Cancer,cancer,ForestDiffusion,2024,42,1000,455,114,classification,5.159768447978422,0.0,5.947204952128232,11.117736105108634,Utility,Accuracy_TRTR,0.958187134502924
Cancer,cancer,ForestDiffusion,2024,42,1000,455,114,classification,5.159768447978422,0.0,5.947204952128232,11.117736105108634,Utility,Accuracy_TSTR,0.9725146198830408
Cancer,cancer,ForestDiffusion,2024,42,1000,455,114,classification,5.159768447978422,0.0,5.947204952128232,11.117736105108634,Utility,Accuracy_Gap,-0.0143274853801168
Cancer,cancer,ForestDiffusion,2024,42,1000,455,114,classification,5.159768447978422,0.0,5.947204952128232,11.117736105108634,Utility,F1_TRTR,0.9579899186677384
Cancer,cancer,ForestDiffusion,2024,42,1000,455,114,classification,5.159768447978422,0.0,5.947204952128232,11.117736105108634,Utility,F1_TSTR,0.9724265939449462
Cancer,cancer,ForestDiffusion,2024,42,1000,455,114,classification,5.159768447978422,0.0,5.947204952128232,11.117736105108634,Utility,F1_Gap,-0.0144366752772077
Cancer,cancer,ForestDiffusion,2024,42,1000,455,114,classification,5.159768447978422,0.0,5.947204952128232,11.117736105108634,Utility,Precision_TRTR,0.9585588829451
Cancer,cancer,ForestDiffusion,2024,42,1000,455,114,classification,5.159768447978422,0.0,5.947204952128232,11.117736105108634,Utility,Precision_TSTR,0.9726540727954288
Cancer,cancer,ForestDiffusion,2024,42,1000,455,114,classification,5.159768447978422,0.0,5.947204952128232,11.117736105108634,Utility,Precision_Gap,-0.0140951898503288
Cancer,cancer,ForestDiffusion,2024,42,1000,455,114,classification,5.159768447978422,0.0,5.947204952128232,11.117736105108634,Utility,Recall_TRTR,0.958187134502924
Cancer,cancer,ForestDiffusion,2024,42,1000,455,114,classification,5.159768447978422,0.0,5.947204952128232,11.117736105108634,Utility,Recall_TSTR,0.9725146198830408
Cancer,cancer,ForestDiffusion,2024,42,1000,455,114,classification,5.159768447978422,0.0,5.947204952128232,11.117736105108634,Utility,Recall_Gap,-0.0143274853801168
Cancer,cancer,ForestDiffusion,2024,42,1000,455,114,classification,5.159768447978422,0.0,5.947204952128232,11.117736105108634,Utility,ROC_AUC_TRTR,0.9709325396825398
Cancer,cancer,ForestDiffusion,2024,42,1000,455,114,classification,5.159768447978422,0.0,5.947204952128232,11.117736105108634,Utility,ROC_AUC_TSTR,0.9824074074074076
Cancer,cancer,ForestDiffusion,2024,42,1000,455,114,classification,5.159768447978422,0.0,5.947204952128232,11.117736105108634,Utility,ROC_AUC_Gap,-0.0114748677248678
Cancer,cancer,ForestDiffusion,2024,42,1000,455,114,classification,5.159768447978422,0.0,5.947204952128232,11.117736105108634,Privacy,Mahalanobis_Distance,12.382537270257886
Cancer,cancer,ForestDiffusion,2024,42,1000,455,114,classification,5.159768447978422,0.0,5.947204952128232,11.117736105108634,Privacy,Mean_Distance,12.382537270257886
Cancer,cancer,ForestDiffusion,2024,42,1000,455,114,classification,5.159768447978422,0.0,5.947204952128232,11.117736105108634,Privacy,Median_Distance,10.216418171844484
Cancer,cancer,ForestDiffusion,2024,42,1000,455,114,classification,5.159768447978422,0.0,5.947204952128232,11.117736105108634,Privacy,NNDR,0.913647198295792
Cancer,cancer,ForestDiffusion,2024,42,1000,455,114,classification,5.159768447978422,0.0,5.947204952128232,11.117736105108634,Privacy,MIA_AUC,0.4401234567901234
Cancer,cancer,ForestDiffusion,2024,42,1000,455,114,classification,5.159768447978422,0.0,5.947204952128232,11.117736105108634,Compute,training_time_seconds,5.159768447978422
Cancer,cancer,ForestDiffusion,2024,42,1000,455,114,classification,5.159768447978422,0.0,5.947204952128232,11.117736105108634,Compute,generation_time_seconds,0.0
Cancer,cancer,ForestDiffusion,2024,42,1000,455,114,classification,5.159768447978422,0.0,5.947204952128232,11.117736105108634,Compute,evaluation_time_seconds,5.947204952128232
Cancer,cancer,ForestDiffusion,2024,42,1000,455,114,classification,5.159768447978422,0.0,5.947204952128232,11.117736105108634,Compute,total_time_seconds,11.117736105108634
Alzheimers,alzhimers,CTGAN,42,42,1000,297,76,classification,32.73505255091004,0.0,4.161934476112947,37.02561031584628,Fidelity,Quality_Score,0.7149051663345414
Alzheimers,alzhimers,CTGAN,42,42,1000,297,76,classification,32.73505255091004,0.0,4.161934476112947,37.02561031584628,Fidelity,KS_Complement,0.8281821242730334
Alzheimers,alzhimers,CTGAN,42,42,1000,297,76,classification,32.73505255091004,0.0,4.161934476112947,37.02561031584628,Fidelity,Wasserstein_Distance,44.14661379330957
Alzheimers,alzhimers,CTGAN,42,42,1000,297,76,classification,32.73505255091004,0.0,4.161934476112947,37.02561031584628,Fidelity,MMD,0.0705756794630848
Alzheimers,alzhimers,CTGAN,42,42,1000,297,76,classification,32.73505255091004,0.0,4.161934476112947,37.02561031584628,Utility,Accuracy_TRTR,0.9258771929824562
Alzheimers,alzhimers,CTGAN,42,42,1000,297,76,classification,32.73505255091004,0.0,4.161934476112947,37.02561031584628,Utility,Accuracy_TSTR,0.5087719298245614
Alzheimers,alzhimers,CTGAN,42,42,1000,297,76,classification,32.73505255091004,0.0,4.161934476112947,37.02561031584628,Utility,Accuracy_Gap,0.4171052631578947
Alzheimers,alzhimers,CTGAN,42,42,1000,297,76,classification,32.73505255091004,0.0,4.161934476112947,37.02561031584628,Utility,F1_TRTR,0.9258098934736716
Alzheimers,alzhimers,CTGAN,42,42,1000,297,76,classification,32.73505255091004,0.0,4.161934476112947,37.02561031584628,Utility,F1_TSTR,0.5015521520616136
Alzheimers,alzhimers,CTGAN,42,42,1000,297,76,classification,32.73505255091004,0.0,4.161934476112947,37.02561031584628,Utility,F1_Gap,0.4242577414120581
Alzheimers,alzhimers,CTGAN,42,42,1000,297,76,classification,32.73505255091004,0.0,4.161934476112947,37.02561031584628,Utility,Precision_TRTR,0.9271394000040216
Alzheimers,alzhimers,CTGAN,42,42,1000,297,76,classification,32.73505255091004,0.0,4.161934476112947,37.02561031584628,Utility,Precision_TSTR,0.507345196463688
Alzheimers,alzhimers,CTGAN,42,42,1000,297,76,classification,32.73505255091004,0.0,4.161934476112947,37.02561031584628,Utility,Precision_Gap,0.4197942035403336
Alzheimers,alzhimers,CTGAN,42,42,1000,297,76,classification,32.73505255091004,0.0,4.161934476112947,37.02561031584628,Utility,Recall_TRTR,0.9258771929824562
Alzheimers,alzhimers,CTGAN,42,42,1000,297,76,classification,32.73505255091004,0.0,4.161934476112947,37.02561031584628,Utility,Recall_TSTR,0.5087719298245614
Alzheimers,alzhimers,CTGAN,42,42,1000,297,76,classification,32.73505255091004,0.0,4.161934476112947,37.02561031584628,Utility,Recall_Gap,0.4171052631578947
Alzheimers,alzhimers,CTGAN,42,42,1000,297,76,classification,32.73505255091004,0.0,4.161934476112947,37.02561031584628,Utility,ROC_AUC_TRTR,0.9350427350427352
Alzheimers,alzhimers,CTGAN,42,42,1000,297,76,classification,32.73505255091004,0.0,4.161934476112947,37.02561031584628,Utility,ROC_AUC_TSTR,0.5085008085008086
Alzheimers,alzhimers,CTGAN,42,42,1000,297,76,classification,32.73505255091004,0.0,4.161934476112947,37.02561031584628,Utility,ROC_AUC_Gap,0.4265419265419266
Alzheimers,alzhimers,CTGAN,42,42,1000,297,76,classification,32.73505255091004,0.0,4.161934476112947,37.02561031584628,Privacy,Mahalanobis_Distance,11.613054280670516
Alzheimers,alzhimers,CTGAN,42,42,1000,297,76,classification,32.73505255091004,0.0,4.161934476112947,37.02561031584628,Privacy,Mean_Distance,11.613054280670516
Alzheimers,alzhimers,CTGAN,42,42,1000,297,76,classification,32.73505255091004,0.0,4.161934476112947,37.02561031584628,Privacy,Median_Distance,10.294130810605306
Alzheimers,alzhimers,CTGAN,42,42,1000,297,76,classification,32.73505255091004,0.0,4.161934476112947,37.02561031584628,Privacy,NNDR,0.9296419126844536
Alzheimers,alzhimers,CTGAN,42,42,1000,297,76,classification,32.73505255091004,0.0,4.161934476112947,37.02561031584628,Privacy,MIA_AUC,0.8042446941323346
Alzheimers,alzhimers,CTGAN,42,42,1000,297,76,classification,32.73505255091004,0.0,4.161934476112947,37.02561031584628,Compute,training_time_seconds,32.73505255091004
Alzheimers,alzhimers,CTGAN,42,42,1000,297,76,classification,32.73505255091004,0.0,4.161934476112947,37.02561031584628,Compute,generation_time_seconds,0.0
Alzheimers,alzhimers,CTGAN,42,42,1000,297,76,classification,32.73505255091004,0.0,4.161934476112947,37.02561031584628,Compute,evaluation_time_seconds,4.161934476112947
Alzheimers,alzhimers,CTGAN,42,42,1000,297,76,classification,32.73505255091004,0.0,4.161934476112947,37.02561031584628,Compute,total_time_seconds,37.02561031584628
Alzheimers,alzhimers,CTGAN,123,42,1000,297,76,classification,32.88913309411146,0.0,4.074735725997016,36.974268415011466,Fidelity,Quality_Score,0.7066577463120469
Alzheimers,alzhimers,CTGAN,123,42,1000,297,76,classification,32.88913309411146,0.0,4.074735725997016,36.974268415011466,Fidelity,KS_Complement,0.8219366391184573
Alzheimers,alzhimers,CTGAN,123,42,1000,297,76,classification,32.88913309411146,0.0,4.074735725997016,36.974268415011466,Fidelity,Wasserstein_Distance,14.725172637699403
Alzheimers,alzhimers,CTGAN,123,42,1000,297,76,classification,32.88913309411146,0.0,4.074735725997016,36.974268415011466,Fidelity,MMD,0.0728329086845382
Alzheimers,alzhimers,CTGAN,123,42,1000,297,76,classification,32.88913309411146,0.0,4.074735725997016,36.974268415011466,Utility,Accuracy_TRTR,0.9258771929824562
Alzheimers,alzhimers,CTGAN,123,42,1000,297,76,classification,32.88913309411146,0.0,4.074735725997016,36.974268415011466,Utility,Accuracy_TSTR,0.4596491228070175
Alzheimers,alzhimers,CTGAN,123,42,1000,297,76,classification,32.88913309411146,0.0,4.074735725997016,36.974268415011466,Utility,Accuracy_Gap,0.4662280701754386
Alzheimers,alzhimers,CTGAN,123,42,1000,297,76,classification,32.88913309411146,0.0,4.074735725997016,36.974268415011466,Utility,F1_TRTR,0.9258098934736716
Alzheimers,alzhimers,CTGAN,123,42,1000,297,76,classification,32.88913309411146,0.0,4.074735725997016,36.974268415011466,Utility,F1_TSTR,0.4425452632553332
Alzheimers,alzhimers,CTGAN,123,42,1000,297,76,classification,32.88913309411146,0.0,4.074735725997016,36.974268415011466,Utility,F1_Gap,0.4832646302183385
Alzheimers,alzhimers,CTGAN,123,42,1000,297,76,classification,32.88913309411146,0.0,4.074735725997016,36.974268415011466,Utility,Precision_TRTR,0.9271394000040216
Alzheimers,alzhimers,CTGAN,123,42,1000,297,76,classification,32.88913309411146,0.0,4.074735725997016,36.974268415011466,Utility,Precision_TSTR,0.4649655619126335
Alzheimers,alzhimers,CTGAN,123,42,1000,297,76,classification,32.88913309411146,0.0,4.074735725997016,36.974268415011466,Utility,Precision_Gap,0.4621738380913881
Alzheimers,alzhimers,CTGAN,123,42,1000,297,76,classification,32.88913309411146,0.0,4.074735725997016,36.974268415011466,Utility,Recall_TRTR,0.9258771929824562
Alzheimers,alzhimers,CTGAN,123,42,1000,297,76,classification,32.88913309411146,0.0,4.074735725997016,36.974268415011466,Utility,Recall_TSTR,0.4596491228070175
Alzheimers,alzhimers,CTGAN,123,42,1000,297,76,classification,32.88913309411146,0.0,4.074735725997016,36.974268415011466,Utility,Recall_Gap,0.4662280701754386
Alzheimers,alzhimers,CTGAN,123,42,1000,297,76,classification,32.88913309411146,0.0,4.074735725997016,36.974268415011466,Utility,ROC_AUC_TRTR,0.9350427350427352
Alzheimers,alzhimers,CTGAN,123,42,1000,297,76,classification,32.88913309411146,0.0,4.074735725997016,36.974268415011466,Utility,ROC_AUC_TSTR,0.457022407022407
Alzheimers,alzhimers,CTGAN,123,42,1000,297,76,classification,32.88913309411146,0.0,4.074735725997016,36.974268415011466,Utility,ROC_AUC_Gap,0.4780203280203282
Alzheimers,alzhimers,CTGAN,123,42,1000,297,76,classification,32.88913309411146,0.0,4.074735725997016,36.974268415011466,Privacy,Mahalanobis_Distance,11.099523435811587
Alzheimers,alzhimers,CTGAN,123,42,1000,297,76,classification,32.88913309411146,0.0,4.074735725997016,36.974268415011466,Privacy,Mean_Distance,11.099523435811587
Alzheimers,alzhimers,CTGAN,123,42,1000,297,76,classification,32.88913309411146,0.0,4.074735725997016,36.974268415011466,Privacy,Median_Distance,9.93705240998108
Alzheimers,alzhimers,CTGAN,123,42,1000,297,76,classification,32.88913309411146,0.0,4.074735725997016,36.974268415011466,Privacy,NNDR,0.9374583417802144
Alzheimers,alzhimers,CTGAN,123,42,1000,297,76,classification,32.88913309411146,0.0,4.074735725997016,36.974268415011466,Privacy,MIA_AUC,0.8774032459425718
Alzheimers,alzhimers,CTGAN,123,42,1000,297,76,classification,32.88913309411146,0.0,4.074735725997016,36.974268415011466,Compute,training_time_seconds,32.88913309411146
Alzheimers,alzhimers,CTGAN,123,42,1000,297,76,classification,32.88913309411146,0.0,4.074735725997016,36.974268415011466,Compute,generation_time_seconds,0.0
Alzheimers,alzhimers,CTGAN,123,42,1000,297,76,classification,32.88913309411146,0.0,4.074735725997016,36.974268415011466,Compute,evaluation_time_seconds,4.074735725997016
Alzheimers,alzhimers,CTGAN,123,42,1000,297,76,classification,32.88913309411146,0.0,4.074735725997016,36.974268415011466,Compute,total_time_seconds,36.974268415011466
Alzheimers,alzhimers,CTGAN,2024,42,1000,297,76,classification,32.74515941017307,0.0,4.076240465044975,36.83156414609402,Fidelity,Quality_Score,0.7083796590482117
Alzheimers,alzhimers,CTGAN,2024,42,1000,297,76,classification,32.74515941017307,0.0,4.076240465044975,36.83156414609402,Fidelity,KS_Complement,0.8538028772574225
Alzheimers,alzhimers,CTGAN,2024,42,1000,297,76,classification,32.74515941017307,0.0,4.076240465044975,36.83156414609402,Fidelity,Wasserstein_Distance,36.2135100988714
Alzheimers,alzhimers,CTGAN,2024,42,1000,297,76,classification,32.74515941017307,0.0,4.076240465044975,36.83156414609402,Fidelity,MMD,0.0692324705041902
Alzheimers,alzhimers,CTGAN,2024,42,1000,297,76,classification,32.74515941017307,0.0,4.076240465044975,36.83156414609402,Utility,Accuracy_TRTR,0.9258771929824562
Alzheimers,alzhimers,CTGAN,2024,42,1000,297,76,classification,32.74515941017307,0.0,4.076240465044975,36.83156414609402,Utility,Accuracy_TSTR,0.3868421052631579
Alzheimers,alzhimers,CTGAN,2024,42,1000,297,76,classification,32.74515941017307,0.0,4.076240465044975,36.83156414609402,Utility,Accuracy_Gap,0.5390350877192983
Alzheimers,alzhimers,CTGAN,2024,42,1000,297,76,classification,32.74515941017307,0.0,4.076240465044975,36.83156414609402,Utility,F1_TRTR,0.9258098934736716
Alzheimers,alzhimers,CTGAN,2024,42,1000,297,76,classification,32.74515941017307,0.0,4.076240465044975,36.83156414609402,Utility,F1_TSTR,0.3847320767309596
Alzheimers,alzhimers,CTGAN,2024,42,1000,297,76,classification,32.74515941017307,0.0,4.076240465044975,36.83156414609402,Utility,F1_Gap,0.5410778167427122
Alzheimers,alzhimers,CTGAN,2024,42,1000,297,76,classification,32.74515941017307,0.0,4.076240465044975,36.83156414609402,Utility,Precision_TRTR,0.9271394000040216
Alzheimers,alzhimers,CTGAN,2024,42,1000,297,76,classification,32.74515941017307,0.0,4.076240465044975,36.83156414609402,Utility,Precision_TSTR,0.3861546081889465
Alzheimers,alzhimers,CTGAN,2024,42,1000,297,76,classification,32.74515941017307,0.0,4.076240465044975,36.83156414609402,Utility,Precision_Gap,0.5409847918150752
Alzheimers,alzhimers,CTGAN,2024,42,1000,297,76,classification,32.74515941017307,0.0,4.076240465044975,36.83156414609402,Utility,Recall_TRTR,0.9258771929824562
Alzheimers,alzhimers,CTGAN,2024,42,1000,297,76,classification,32.74515941017307,0.0,4.076240465044975,36.83156414609402,Utility,Recall_TSTR,0.3868421052631579
Alzheimers,alzhimers,CTGAN,2024,42,1000,297,76,classification,32.74515941017307,0.0,4.076240465044975,36.83156414609402,Utility,Recall_Gap,0.5390350877192983
Alzheimers,alzhimers,CTGAN,2024,42,1000,297,76,classification,32.74515941017307,0.0,4.076240465044975,36.83156414609402,Utility,ROC_AUC_TRTR,0.9350427350427352
Alzheimers,alzhimers,CTGAN,2024,42,1000,297,76,classification,32.74515941017307,0.0,4.076240465044975,36.83156414609402,Utility,ROC_AUC_TSTR,0.366990066990067
Alzheimers,alzhimers,CTGAN,2024,42,1000,297,76,classification,32.74515941017307,0.0,4.076240465044975,36.83156414609402,Utility,ROC_AUC_Gap,0.5680526680526682
Alzheimers,alzhimers,CTGAN,2024,42,1000,297,76,classification,32.74515941017307,0.0,4.076240465044975,36.83156414609402,Privacy,Mahalanobis_Distance,14.783780694442228
Alzheimers,alzhimers,CTGAN,2024,42,1000,297,76,classification,32.74515941017307,0.0,4.076240465044975,36.83156414609402,Privacy,Mean_Distance,14.783780694442228
Alzheimers,alzhimers,CTGAN,2024,42,1000,297,76,classification,32.74515941017307,0.0,4.076240465044975,36.83156414609402,Privacy,Median_Distance,12.59008331433634
Alzheimers,alzhimers,CTGAN,2024,42,1000,297,76,classification,32.74515941017307,0.0,4.076240465044975,36.83156414609402,Privacy,NNDR,0.9435383467133824
Alzheimers,alzhimers,CTGAN,2024,42,1000,297,76,classification,32.74515941017307,0.0,4.076240465044975,36.83156414609402,Privacy,MIA_AUC,0.9031210986267164
Alzheimers,alzhimers,CTGAN,2024,42,1000,297,76,classification,32.74515941017307,0.0,4.076240465044975,36.83156414609402,Compute,training_time_seconds,32.74515941017307
Alzheimers,alzhimers,CTGAN,2024,42,1000,297,76,classification,32.74515941017307,0.0,4.076240465044975,36.83156414609402,Compute,generation_time_seconds,0.0
Alzheimers,alzhimers,CTGAN,2024,42,1000,297,76,classification,32.74515941017307,0.0,4.076240465044975,36.83156414609402,Compute,evaluation_time_seconds,4.076240465044975
Alzheimers,alzhimers,CTGAN,2024,42,1000,297,76,classification,32.74515941017307,0.0,4.076240465044975,36.83156414609402,Compute,total_time_seconds,36.83156414609402
Alzheimers,alzhimers,CopulaGAN,42,42,1000,297,76,classification,33.223739153007045,0.0,4.123214832972735,37.356983623001724,Fidelity,Quality_Score,0.6896469432799082
Alzheimers,alzhimers,CopulaGAN,42,42,1000,297,76,classification,33.223739153007045,0.0,4.123214832972735,37.356983623001724,Fidelity,KS_Complement,0.8018965411692686
Alzheimers,alzhimers,CopulaGAN,42,42,1000,297,76,classification,33.223739153007045,0.0,4.123214832972735,37.356983623001724,Fidelity,Wasserstein_Distance,51.30485516318484
Alzheimers,alzhimers,CopulaGAN,42,42,1000,297,76,classification,33.223739153007045,0.0,4.123214832972735,37.356983623001724,Fidelity,MMD,0.0850799339786176
Alzheimers,alzhimers,CopulaGAN,42,42,1000,297,76,classification,33.223739153007045,0.0,4.123214832972735,37.356983623001724,Utility,Accuracy_TRTR,0.9258771929824562
Alzheimers,alzhimers,CopulaGAN,42,42,1000,297,76,classification,33.223739153007045,0.0,4.123214832972735,37.356983623001724,Utility,Accuracy_TSTR,0.4543859649122806
Alzheimers,alzhimers,CopulaGAN,42,42,1000,297,76,classification,33.223739153007045,0.0,4.123214832972735,37.356983623001724,Utility,Accuracy_Gap,0.4714912280701755
Alzheimers,alzhimers,CopulaGAN,42,42,1000,297,76,classification,33.223739153007045,0.0,4.123214832972735,37.356983623001724,Utility,F1_TRTR,0.9258098934736716
Alzheimers,alzhimers,CopulaGAN,42,42,1000,297,76,classification,33.223739153007045,0.0,4.123214832972735,37.356983623001724,Utility,F1_TSTR,0.41872869430552
Alzheimers,alzhimers,CopulaGAN,42,42,1000,297,76,classification,33.223739153007045,0.0,4.123214832972735,37.356983623001724,Utility,F1_Gap,0.5070811991681516
Alzheimers,alzhimers,CopulaGAN,42,42,1000,297,76,classification,33.223739153007045,0.0,4.123214832972735,37.356983623001724,Utility,Precision_TRTR,0.9271394000040216
Alzheimers,alzhimers,CopulaGAN,42,42,1000,297,76,classification,33.223739153007045,0.0,4.123214832972735,37.356983623001724,Utility,Precision_TSTR,0.421877364310654
Alzheimers,alzhimers,CopulaGAN,42,42,1000,297,76,classification,33.223739153007045,0.0,4.123214832972735,37.356983623001724,Utility,Precision_Gap,0.5052620356933676
Alzheimers,alzhimers,CopulaGAN,42,42,1000,297,76,classification,33.223739153007045,0.0,4.123214832972735,37.356983623001724,Utility,Recall_TRTR,0.9258771929824562
Alzheimers,alzhimers,CopulaGAN,42,42,1000,297,76,classification,33.223739153007045,0.0,4.123214832972735,37.356983623001724,Utility,Recall_TSTR,0.4543859649122806
Alzheimers,alzhimers,CopulaGAN,42,42,1000,297,76,classification,33.223739153007045,0.0,4.123214832972735,37.356983623001724,Utility,Recall_Gap,0.4714912280701755
Alzheimers,alzhimers,CopulaGAN,42,42,1000,297,76,classification,33.223739153007045,0.0,4.123214832972735,37.356983623001724,Utility,ROC_AUC_TRTR,0.9350427350427352
Alzheimers,alzhimers,CopulaGAN,42,42,1000,297,76,classification,33.223739153007045,0.0,4.123214832972735,37.356983623001724,Utility,ROC_AUC_TSTR,0.4038346038346037
Alzheimers,alzhimers,CopulaGAN,42,42,1000,297,76,classification,33.223739153007045,0.0,4.123214832972735,37.356983623001724,Utility,ROC_AUC_Gap,0.5312081312081314
Alzheimers,alzhimers,CopulaGAN,42,42,1000,297,76,classification,33.223739153007045,0.0,4.123214832972735,37.356983623001724,Privacy,Mahalanobis_Distance,12.73714926275953
Alzheimers,alzhimers,CopulaGAN,42,42,1000,297,76,classification,33.223739153007045,0.0,4.123214832972735,37.356983623001724,Privacy,Mean_Distance,12.73714926275953
Alzheimers,alzhimers,CopulaGAN,42,42,1000,297,76,classification,33.223739153007045,0.0,4.123214832972735,37.356983623001724,Privacy,Median_Distance,11.528706404464952
Alzheimers,alzhimers,CopulaGAN,42,42,1000,297,76,classification,33.223739153007045,0.0,4.123214832972735,37.356983623001724,Privacy,NNDR,0.9425083316979064
Alzheimers,alzhimers,CopulaGAN,42,42,1000,297,76,classification,33.223739153007045,0.0,4.123214832972735,37.356983623001724,Privacy,MIA_AUC,0.8144818976279651
Alzheimers,alzhimers,CopulaGAN,42,42,1000,297,76,classification,33.223739153007045,0.0,4.123214832972735,37.356983623001724,Compute,training_time_seconds,33.223739153007045
Alzheimers,alzhimers,CopulaGAN,42,42,1000,297,76,classification,33.223739153007045,0.0,4.123214832972735,37.356983623001724,Compute,generation_time_seconds,0.0
Alzheimers,alzhimers,CopulaGAN,42,42,1000,297,76,classification,33.223739153007045,0.0,4.123214832972735,37.356983623001724,Compute,evaluation_time_seconds,4.123214832972735
Alzheimers,alzhimers,CopulaGAN,42,42,1000,297,76,classification,33.223739153007045,0.0,4.123214832972735,37.356983623001724,Compute,total_time_seconds,37.356983623001724
Alzheimers,alzhimers,CopulaGAN,123,42,1000,297,76,classification,32.93583711795509,0.0,4.050322403199971,36.99619964603335,Fidelity,Quality_Score,0.6749048577360341
Alzheimers,alzhimers,CopulaGAN,123,42,1000,297,76,classification,32.93583711795509,0.0,4.050322403199971,36.99619964603335,Fidelity,KS_Complement,0.7843942454851546
Alzheimers,alzhimers,CopulaGAN,123,42,1000,297,76,classification,32.93583711795509,0.0,4.050322403199971,36.99619964603335,Fidelity,Wasserstein_Distance,61.15327720287897
Alzheimers,alzhimers,CopulaGAN,123,42,1000,297,76,classification,32.93583711795509,0.0,4.050322403199971,36.99619964603335,Fidelity,MMD,0.1226635990367519
Alzheimers,alzhimers,CopulaGAN,123,42,1000,297,76,classification,32.93583711795509,0.0,4.050322403199971,36.99619964603335,Utility,Accuracy_TRTR,0.9258771929824562
Alzheimers,alzhimers,CopulaGAN,123,42,1000,297,76,classification,32.93583711795509,0.0,4.050322403199971,36.99619964603335,Utility,Accuracy_TSTR,0.6052631578947367
Alzheimers,alzhimers,CopulaGAN,123,42,1000,297,76,classification,32.93583711795509,0.0,4.050322403199971,36.99619964603335,Utility,Accuracy_Gap,0.3206140350877194
Alzheimers,alzhimers,CopulaGAN,123,42,1000,297,76,classification,32.93583711795509,0.0,4.050322403199971,36.99619964603335,Utility,F1_TRTR,0.9258098934736716
Alzheimers,alzhimers,CopulaGAN,123,42,1000,297,76,classification,32.93583711795509,0.0,4.050322403199971,36.99619964603335,Utility,F1_TSTR,0.6037053057983408
Alzheimers,alzhimers,CopulaGAN,123,42,1000,297,76,classification,32.93583711795509,0.0,4.050322403199971,36.99619964603335,Utility,F1_Gap,0.3221045876753309
Alzheimers,alzhimers,CopulaGAN,123,42,1000,297,76,classification,32.93583711795509,0.0,4.050322403199971,36.99619964603335,Utility,Precision_TRTR,0.9271394000040216
Alzheimers,alzhimers,CopulaGAN,123,42,1000,297,76,classification,32.93583711795509,0.0,4.050322403199971,36.99619964603335,Utility,Precision_TSTR,0.6065271179700579
Alzheimers,alzhimers,CopulaGAN,123,42,1000,297,76,classification,32.93583711795509,0.0,4.050322403199971,36.99619964603335,Utility,Precision_Gap,0.3206122820339637
Alzheimers,alzhimers,CopulaGAN,123,42,1000,297,76,classification,32.93583711795509,0.0,4.050322403199971,36.99619964603335,Utility,Recall_TRTR,0.9258771929824562
Alzheimers,alzhimers,CopulaGAN,123,42,1000,297,76,classification,32.93583711795509,0.0,4.050322403199971,36.99619964603335,Utility,Recall_TSTR,0.6052631578947367
Alzheimers,alzhimers,CopulaGAN,123,42,1000,297,76,classification,32.93583711795509,0.0,4.050322403199971,36.99619964603335,Utility,Recall_Gap,0.3206140350877194
Alzheimers,alzhimers,CopulaGAN,123,42,1000,297,76,classification,32.93583711795509,0.0,4.050322403199971,36.99619964603335,Utility,ROC_AUC_TRTR,0.9350427350427352
Alzheimers,alzhimers,CopulaGAN,123,42,1000,297,76,classification,32.93583711795509,0.0,4.050322403199971,36.99619964603335,Utility,ROC_AUC_TSTR,0.6240933240933241
Alzheimers,alzhimers,CopulaGAN,123,42,1000,297,76,classification,32.93583711795509,0.0,4.050322403199971,36.99619964603335,Utility,ROC_AUC_Gap,0.3109494109494111
Alzheimers,alzhimers,CopulaGAN,123,42,1000,297,76,classification,32.93583711795509,0.0,4.050322403199971,36.99619964603335,Privacy,Mahalanobis_Distance,12.746408678355998
Alzheimers,alzhimers,CopulaGAN,123,42,1000,297,76,classification,32.93583711795509,0.0,4.050322403199971,36.99619964603335,Privacy,Mean_Distance,12.746408678355998
Alzheimers,alzhimers,CopulaGAN,123,42,1000,297,76,classification,32.93583711795509,0.0,4.050322403199971,36.99619964603335,Privacy,Median_Distance,11.74436788570418
Alzheimers,alzhimers,CopulaGAN,123,42,1000,297,76,classification,32.93583711795509,0.0,4.050322403199971,36.99619964603335,Privacy,NNDR,0.946533478490554
Alzheimers,alzhimers,CopulaGAN,123,42,1000,297,76,classification,32.93583711795509,0.0,4.050322403199971,36.99619964603335,Privacy,MIA_AUC,0.8942571785268415
Alzheimers,alzhimers,CopulaGAN,123,42,1000,297,76,classification,32.93583711795509,0.0,4.050322403199971,36.99619964603335,Compute,training_time_seconds,32.93583711795509
Alzheimers,alzhimers,CopulaGAN,123,42,1000,297,76,classification,32.93583711795509,0.0,4.050322403199971,36.99619964603335,Compute,generation_time_seconds,0.0
Alzheimers,alzhimers,CopulaGAN,123,42,1000,297,76,classification,32.93583711795509,0.0,4.050322403199971,36.99619964603335,Compute,evaluation_time_seconds,4.050322403199971
Alzheimers,alzhimers,CopulaGAN,123,42,1000,297,76,classification,32.93583711795509,0.0,4.050322403199971,36.99619964603335,Compute,total_time_seconds,36.99619964603335
Alzheimers,alzhimers,CopulaGAN,2024,42,1000,297,76,classification,33.10934106097557,0.0,4.185955327004194,37.3053615251556,Fidelity,Quality_Score,0.7103220887205689
Alzheimers,alzhimers,CopulaGAN,2024,42,1000,297,76,classification,33.10934106097557,0.0,4.185955327004194,37.3053615251556,Fidelity,KS_Complement,0.8254612794612793
Alzheimers,alzhimers,CopulaGAN,2024,42,1000,297,76,classification,33.10934106097557,0.0,4.185955327004194,37.3053615251556,Fidelity,Wasserstein_Distance,33.22658062510612
Alzheimers,alzhimers,CopulaGAN,2024,42,1000,297,76,classification,33.10934106097557,0.0,4.185955327004194,37.3053615251556,Fidelity,MMD,0.0677304571782714
Alzheimers,alzhimers,CopulaGAN,2024,42,1000,297,76,classification,33.10934106097557,0.0,4.185955327004194,37.3053615251556,Utility,Accuracy_TRTR,0.9258771929824562
Alzheimers,alzhimers,CopulaGAN,2024,42,1000,297,76,classification,33.10934106097557,0.0,4.185955327004194,37.3053615251556,Utility,Accuracy_TSTR,0.4017543859649122
Alzheimers,alzhimers,CopulaGAN,2024,42,1000,297,76,classification,33.10934106097557,0.0,4.185955327004194,37.3053615251556,Utility,Accuracy_Gap,0.5241228070175439
Alzheimers,alzhimers,CopulaGAN,2024,42,1000,297,76,classification,33.10934106097557,0.0,4.185955327004194,37.3053615251556,Utility,F1_TRTR,0.9258098934736716
Alzheimers,alzhimers,CopulaGAN,2024,42,1000,297,76,classification,33.10934106097557,0.0,4.185955327004194,37.3053615251556,Utility,F1_TSTR,0.3456703026714152
Alzheimers,alzhimers,CopulaGAN,2024,42,1000,297,76,classification,33.10934106097557,0.0,4.185955327004194,37.3053615251556,Utility,F1_Gap,0.5801395908022564
Alzheimers,alzhimers,CopulaGAN,2024,42,1000,297,76,classification,33.10934106097557,0.0,4.185955327004194,37.3053615251556,Utility,Precision_TRTR,0.9271394000040216
Alzheimers,alzhimers,CopulaGAN,2024,42,1000,297,76,classification,33.10934106097557,0.0,4.185955327004194,37.3053615251556,Utility,Precision_TSTR,0.3440962463434764
Alzheimers,alzhimers,CopulaGAN,2024,42,1000,297,76,classification,33.10934106097557,0.0,4.185955327004194,37.3053615251556,Utility,Precision_Gap,0.5830431536605452
Alzheimers,alzhimers,CopulaGAN,2024,42,1000,297,76,classification,33.10934106097557,0.0,4.185955327004194,37.3053615251556,Utility,Recall_TRTR,0.9258771929824562
Alzheimers,alzhimers,CopulaGAN,2024,42,1000,297,76,classification,33.10934106097557,0.0,4.185955327004194,37.3053615251556,Utility,Recall_TSTR,0.4017543859649122
Alzheimers,alzhimers,CopulaGAN,2024,42,1000,297,76,classification,33.10934106097557,0.0,4.185955327004194,37.3053615251556,Utility,Recall_Gap,0.5241228070175439
Alzheimers,alzhimers,CopulaGAN,2024,42,1000,297,76,classification,33.10934106097557,0.0,4.185955327004194,37.3053615251556,Utility,ROC_AUC_TRTR,0.9350427350427352
Alzheimers,alzhimers,CopulaGAN,2024,42,1000,297,76,classification,33.10934106097557,0.0,4.185955327004194,37.3053615251556,Utility,ROC_AUC_TSTR,0.3515130515130514
Alzheimers,alzhimers,CopulaGAN,2024,42,1000,297,76,classification,33.10934106097557,0.0,4.185955327004194,37.3053615251556,Utility,ROC_AUC_Gap,0.5835296835296837
Alzheimers,alzhimers,CopulaGAN,2024,42,1000,297,76,classification,33.10934106097557,0.0,4.185955327004194,37.3053615251556,Privacy,Mahalanobis_Distance,10.915305309326492
Alzheimers,alzhimers,CopulaGAN,2024,42,1000,297,76,classification,33.10934106097557,0.0,4.185955327004194,37.3053615251556,Privacy,Mean_Distance,10.915305309326492
Alzheimers,alzhimers,CopulaGAN,2024,42,1000,297,76,classification,33.10934106097557,0.0,4.185955327004194,37.3053615251556,Privacy,Median_Distance,9.772375120644949
Alzheimers,alzhimers,CopulaGAN,2024,42,1000,297,76,classification,33.10934106097557,0.0,4.185955327004194,37.3053615251556,Privacy,NNDR,0.9254061104304953
Alzheimers,alzhimers,CopulaGAN,2024,42,1000,297,76,classification,33.10934106097557,0.0,4.185955327004194,37.3053615251556,Privacy,MIA_AUC,0.8199750312109864
Alzheimers,alzhimers,CopulaGAN,2024,42,1000,297,76,classification,33.10934106097557,0.0,4.185955327004194,37.3053615251556,Compute,training_time_seconds,33.10934106097557
Alzheimers,alzhimers,CopulaGAN,2024,42,1000,297,76,classification,33.10934106097557,0.0,4.185955327004194,37.3053615251556,Compute,generation_time_seconds,0.0
Alzheimers,alzhimers,CopulaGAN,2024,42,1000,297,76,classification,33.10934106097557,0.0,4.185955327004194,37.3053615251556,Compute,evaluation_time_seconds,4.185955327004194
Alzheimers,alzhimers,CopulaGAN,2024,42,1000,297,76,classification,33.10934106097557,0.0,4.185955327004194,37.3053615251556,Compute,total_time_seconds,37.3053615251556
Alzheimers,alzhimers,TVAE,42,42,1000,297,76,classification,4.430929583963007,0.0,3.608078077202663,8.049164606956765,Fidelity,Quality_Score,0.741718507117864
Alzheimers,alzhimers,TVAE,42,42,1000,297,76,classification,4.430929583963007,0.0,3.608078077202663,8.049164606956765,Fidelity,KS_Complement,0.8297251300887664
Alzheimers,alzhimers,TVAE,42,42,1000,297,76,classification,4.430929583963007,0.0,3.608078077202663,8.049164606956765,Fidelity,Wasserstein_Distance,19.209077684986024
Alzheimers,alzhimers,TVAE,42,42,1000,297,76,classification,4.430929583963007,0.0,3.608078077202663,8.049164606956765,Fidelity,MMD,0.0551730536617764
Alzheimers,alzhimers,TVAE,42,42,1000,297,76,classification,4.430929583963007,0.0,3.608078077202663,8.049164606956765,Utility,Accuracy_TRTR,0.9258771929824562
Alzheimers,alzhimers,TVAE,42,42,1000,297,76,classification,4.430929583963007,0.0,3.608078077202663,8.049164606956765,Utility,Accuracy_TSTR,0.8899122807017542
Alzheimers,alzhimers,TVAE,42,42,1000,297,76,classification,4.430929583963007,0.0,3.608078077202663,8.049164606956765,Utility,Accuracy_Gap,0.0359649122807019
Alzheimers,alzhimers,TVAE,42,42,1000,297,76,classification,4.430929583963007,0.0,3.608078077202663,8.049164606956765,Utility,F1_TRTR,0.9258098934736716
Alzheimers,alzhimers,TVAE,42,42,1000,297,76,classification,4.430929583963007,0.0,3.608078077202663,8.049164606956765,Utility,F1_TSTR,0.8890856977367847
Alzheimers,alzhimers,TVAE,42,42,1000,297,76,classification,4.430929583963007,0.0,3.608078077202663,8.049164606956765,Utility,F1_Gap,0.036724195736887
Alzheimers,alzhimers,TVAE,42,42,1000,297,76,classification,4.430929583963007,0.0,3.608078077202663,8.049164606956765,Utility,Precision_TRTR,0.9271394000040216
Alzheimers,alzhimers,TVAE,42,42,1000,297,76,classification,4.430929583963007,0.0,3.608078077202663,8.049164606956765,Utility,Precision_TSTR,0.8955514220303455
Alzheimers,alzhimers,TVAE,42,42,1000,297,76,classification,4.430929583963007,0.0,3.608078077202663,8.049164606956765,Utility,Precision_Gap,0.031587977973676
Alzheimers,alzhimers,TVAE,42,42,1000,297,76,classification,4.430929583963007,0.0,3.608078077202663,8.049164606956765,Utility,Recall_TRTR,0.9258771929824562
Alzheimers,alzhimers,TVAE,42,42,1000,297,76,classification,4.430929583963007,0.0,3.608078077202663,8.049164606956765,Utility,Recall_TSTR,0.8899122807017542
Alzheimers,alzhimers,TVAE,42,42,1000,297,76,classification,4.430929583963007,0.0,3.608078077202663,8.049164606956765,Utility,Recall_Gap,0.0359649122807019
Alzheimers,alzhimers,TVAE,42,42,1000,297,76,classification,4.430929583963007,0.0,3.608078077202663,8.049164606956765,Utility,ROC_AUC_TRTR,0.9350427350427352
Alzheimers,alzhimers,TVAE,42,42,1000,297,76,classification,4.430929583963007,0.0,3.608078077202663,8.049164606956765,Utility,ROC_AUC_TSTR,0.9069877569877568
Alzheimers,alzhimers,TVAE,42,42,1000,297,76,classification,4.430929583963007,0.0,3.608078077202663,8.049164606956765,Utility,ROC_AUC_Gap,0.0280549780549783
Alzheimers,alzhimers,TVAE,42,42,1000,297,76,classification,4.430929583963007,0.0,3.608078077202663,8.049164606956765,Privacy,Mahalanobis_Distance,5.890887110186368
Alzheimers,alzhimers,TVAE,42,42,1000,297,76,classification,4.430929583963007,0.0,3.608078077202663,8.049164606956765,Privacy,Mean_Distance,5.890887110186368
Alzheimers,alzhimers,TVAE,42,42,1000,297,76,classification,4.430929583963007,0.0,3.608078077202663,8.049164606956765,Privacy,Median_Distance,5.056494255390577
Alzheimers,alzhimers,TVAE,42,42,1000,297,76,classification,4.430929583963007,0.0,3.608078077202663,8.049164606956765,Privacy,NNDR,0.8598239573541933
Alzheimers,alzhimers,TVAE,42,42,1000,297,76,classification,4.430929583963007,0.0,3.608078077202663,8.049164606956765,Privacy,MIA_AUC,0.8181023720349563
Alzheimers,alzhimers,TVAE,42,42,1000,297,76,classification,4.430929583963007,0.0,3.608078077202663,8.049164606956765,Compute,training_time_seconds,4.430929583963007
Alzheimers,alzhimers,TVAE,42,42,1000,297,76,classification,4.430929583963007,0.0,3.608078077202663,8.049164606956765,Compute,generation_time_seconds,0.0
Alzheimers,alzhimers,TVAE,42,42,1000,297,76,classification,4.430929583963007,0.0,3.608078077202663,8.049164606956765,Compute,evaluation_time_seconds,3.608078077202663
Alzheimers,alzhimers,TVAE,42,42,1000,297,76,classification,4.430929583963007,0.0,3.608078077202663,8.049164606956765,Compute,total_time_seconds,8.049164606956765
Alzheimers,alzhimers,TVAE,123,42,1000,297,76,classification,4.413788818987086,0.0,3.641380964079872,8.066062066005543,Fidelity,Quality_Score,0.7450075646352277
Alzheimers,alzhimers,TVAE,123,42,1000,297,76,classification,4.413788818987086,0.0,3.641380964079872,8.066062066005543,Fidelity,KS_Complement,0.8291802877257421
Alzheimers,alzhimers,TVAE,123,42,1000,297,76,classification,4.413788818987086,0.0,3.641380964079872,8.066062066005543,Fidelity,Wasserstein_Distance,22.16619846495492
Alzheimers,alzhimers,TVAE,123,42,1000,297,76,classification,4.413788818987086,0.0,3.641380964079872,8.066062066005543,Fidelity,MMD,0.0572210336265839
Alzheimers,alzhimers,TVAE,123,42,1000,297,76,classification,4.413788818987086,0.0,3.641380964079872,8.066062066005543,Utility,Accuracy_TRTR,0.9258771929824562
Alzheimers,alzhimers,TVAE,123,42,1000,297,76,classification,4.413788818987086,0.0,3.641380964079872,8.066062066005543,Utility,Accuracy_TSTR,0.8925438596491228
Alzheimers,alzhimers,TVAE,123,42,1000,297,76,classification,4.413788818987086,0.0,3.641380964079872,8.066062066005543,Utility,Accuracy_Gap,0.0333333333333334
Alzheimers,alzhimers,TVAE,123,42,1000,297,76,classification,4.413788818987086,0.0,3.641380964079872,8.066062066005543,Utility,F1_TRTR,0.9258098934736716
Alzheimers,alzhimers,TVAE,123,42,1000,297,76,classification,4.413788818987086,0.0,3.641380964079872,8.066062066005543,Utility,F1_TSTR,0.8912365347833388
Alzheimers,alzhimers,TVAE,123,42,1000,297,76,classification,4.413788818987086,0.0,3.641380964079872,8.066062066005543,Utility,F1_Gap,0.0345733586903329
Alzheimers,alzhimers,TVAE,123,42,1000,297,76,classification,4.413788818987086,0.0,3.641380964079872,8.066062066005543,Utility,Precision_TRTR,0.9271394000040216
Alzheimers,alzhimers,TVAE,123,42,1000,297,76,classification,4.413788818987086,0.0,3.641380964079872,8.066062066005543,Utility,Precision_TSTR,0.9017393276065084
Alzheimers,alzhimers,TVAE,123,42,1000,297,76,classification,4.413788818987086,0.0,3.641380964079872,8.066062066005543,Utility,Precision_Gap,0.025400072397513
Alzheimers,alzhimers,TVAE,123,42,1000,297,76,classification,4.413788818987086,0.0,3.641380964079872,8.066062066005543,Utility,Recall_TRTR,0.9258771929824562
Alzheimers,alzhimers,TVAE,123,42,1000,297,76,classification,4.413788818987086,0.0,3.641380964079872,8.066062066005543,Utility,Recall_TSTR,0.8925438596491228
Alzheimers,alzhimers,TVAE,123,42,1000,297,76,classification,4.413788818987086,0.0,3.641380964079872,8.066062066005543,Utility,Recall_Gap,0.0333333333333334
Alzheimers,alzhimers,TVAE,123,42,1000,297,76,classification,4.413788818987086,0.0,3.641380964079872,8.066062066005543,Utility,ROC_AUC_TRTR,0.9350427350427352
Alzheimers,alzhimers,TVAE,123,42,1000,297,76,classification,4.413788818987086,0.0,3.641380964079872,8.066062066005543,Utility,ROC_AUC_TSTR,0.9112497112497112
Alzheimers,alzhimers,TVAE,123,42,1000,297,76,classification,4.413788818987086,0.0,3.641380964079872,8.066062066005543,Utility,ROC_AUC_Gap,0.0237930237930239
Alzheimers,alzhimers,TVAE,123,42,1000,297,76,classification,4.413788818987086,0.0,3.641380964079872,8.066062066005543,Privacy,Mahalanobis_Distance,5.567999816682139
Alzheimers,alzhimers,TVAE,123,42,1000,297,76,classification,4.413788818987086,0.0,3.641380964079872,8.066062066005543,Privacy,Mean_Distance,5.567999816682139
Alzheimers,alzhimers,TVAE,123,42,1000,297,76,classification,4.413788818987086,0.0,3.641380964079872,8.066062066005543,Privacy,Median_Distance,4.909048364282695
Alzheimers,alzhimers,TVAE,123,42,1000,297,76,classification,4.413788818987086,0.0,3.641380964079872,8.066062066005543,Privacy,NNDR,0.876939634593074
Alzheimers,alzhimers,TVAE,123,42,1000,297,76,classification,4.413788818987086,0.0,3.641380964079872,8.066062066005543,Privacy,MIA_AUC,0.8274656679151061
Alzheimers,alzhimers,TVAE,123,42,1000,297,76,classification,4.413788818987086,0.0,3.641380964079872,8.066062066005543,Compute,training_time_seconds,4.413788818987086
Alzheimers,alzhimers,TVAE,123,42,1000,297,76,classification,4.413788818987086,0.0,3.641380964079872,8.066062066005543,Compute,generation_time_seconds,0.0
Alzheimers,alzhimers,TVAE,123,42,1000,297,76,classification,4.413788818987086,0.0,3.641380964079872,8.066062066005543,Compute,evaluation_time_seconds,3.641380964079872
Alzheimers,alzhimers,TVAE,123,42,1000,297,76,classification,4.413788818987086,0.0,3.641380964079872,8.066062066005543,Compute,total_time_seconds,8.066062066005543
Alzheimers,alzhimers,TVAE,2024,42,1000,297,76,classification,4.801659080898389,0.0,3.689304483123124,8.502229867037386,Fidelity,Quality_Score,0.7237414236269654
Alzheimers,alzhimers,TVAE,2024,42,1000,297,76,classification,4.801659080898389,0.0,3.689304483123124,8.502229867037386,Fidelity,KS_Complement,0.8257826752372207
Alzheimers,alzhimers,TVAE,2024,42,1000,297,76,classification,4.801659080898389,0.0,3.689304483123124,8.502229867037386,Fidelity,Wasserstein_Distance,16.93017910090106
Alzheimers,alzhimers,TVAE,2024,42,1000,297,76,classification,4.801659080898389,0.0,3.689304483123124,8.502229867037386,Fidelity,MMD,0.0569493258384473
Alzheimers,alzhimers,TVAE,2024,42,1000,297,76,classification,4.801659080898389,0.0,3.689304483123124,8.502229867037386,Utility,Accuracy_TRTR,0.9258771929824562
Alzheimers,alzhimers,TVAE,2024,42,1000,297,76,classification,4.801659080898389,0.0,3.689304483123124,8.502229867037386,Utility,Accuracy_TSTR,0.8631578947368423
Alzheimers,alzhimers,TVAE,2024,42,1000,297,76,classification,4.801659080898389,0.0,3.689304483123124,8.502229867037386,Utility,Accuracy_Gap,0.0627192982456138
Alzheimers,alzhimers,TVAE,2024,42,1000,297,76,classification,4.801659080898389,0.0,3.689304483123124,8.502229867037386,Utility,F1_TRTR,0.9258098934736716
Alzheimers,alzhimers,TVAE,2024,42,1000,297,76,classification,4.801659080898389,0.0,3.689304483123124,8.502229867037386,Utility,F1_TSTR,0.8603387167752702
Alzheimers,alzhimers,TVAE,2024,42,1000,297,76,classification,4.801659080898389,0.0,3.689304483123124,8.502229867037386,Utility,F1_Gap,0.0654711766984015
Alzheimers,alzhimers,TVAE,2024,42,1000,297,76,classification,4.801659080898389,0.0,3.689304483123124,8.502229867037386,Utility,Precision_TRTR,0.9271394000040216
Alzheimers,alzhimers,TVAE,2024,42,1000,297,76,classification,4.801659080898389,0.0,3.689304483123124,8.502229867037386,Utility,Precision_TSTR,0.8783529591225415
Alzheimers,alzhimers,TVAE,2024,42,1000,297,76,classification,4.801659080898389,0.0,3.689304483123124,8.502229867037386,Utility,Precision_Gap,0.0487864408814801
Alzheimers,alzhimers,TVAE,2024,42,1000,297,76,classification,4.801659080898389,0.0,3.689304483123124,8.502229867037386,Utility,Recall_TRTR,0.9258771929824562
Alzheimers,alzhimers,TVAE,2024,42,1000,297,76,classification,4.801659080898389,0.0,3.689304483123124,8.502229867037386,Utility,Recall_TSTR,0.8631578947368423
Alzheimers,alzhimers,TVAE,2024,42,1000,297,76,classification,4.801659080898389,0.0,3.689304483123124,8.502229867037386,Utility,Recall_Gap,0.0627192982456138
Alzheimers,alzhimers,TVAE,2024,42,1000,297,76,classification,4.801659080898389,0.0,3.689304483123124,8.502229867037386,Utility,ROC_AUC_TRTR,0.9350427350427352
Alzheimers,alzhimers,TVAE,2024,42,1000,297,76,classification,4.801659080898389,0.0,3.689304483123124,8.502229867037386,Utility,ROC_AUC_TSTR,0.9092169092169092
Alzheimers,alzhimers,TVAE,2024,42,1000,297,76,classification,4.801659080898389,0.0,3.689304483123124,8.502229867037386,Utility,ROC_AUC_Gap,0.0258258258258258
Alzheimers,alzhimers,TVAE,2024,42,1000,297,76,classification,4.801659080898389,0.0,3.689304483123124,8.502229867037386,Privacy,Mahalanobis_Distance,5.9393207851492535
Alzheimers,alzhimers,TVAE,2024,42,1000,297,76,classification,4.801659080898389,0.0,3.689304483123124,8.502229867037386,Privacy,Mean_Distance,5.9393207851492535
Alzheimers,alzhimers,TVAE,2024,42,1000,297,76,classification,4.801659080898389,0.0,3.689304483123124,8.502229867037386,Privacy,Median_Distance,5.1349551856319575
Alzheimers,alzhimers,TVAE,2024,42,1000,297,76,classification,4.801659080898389,0.0,3.689304483123124,8.502229867037386,Privacy,NNDR,0.8654997937978013
Alzheimers,alzhimers,TVAE,2024,42,1000,297,76,classification,4.801659080898389,0.0,3.689304483123124,8.502229867037386,Privacy,MIA_AUC,0.7800249687890137
Alzheimers,alzhimers,TVAE,2024,42,1000,297,76,classification,4.801659080898389,0.0,3.689304483123124,8.502229867037386,Compute,training_time_seconds,4.801659080898389
Alzheimers,alzhimers,TVAE,2024,42,1000,297,76,classification,4.801659080898389,0.0,3.689304483123124,8.502229867037386,Compute,generation_time_seconds,0.0
Alzheimers,alzhimers,TVAE,2024,42,1000,297,76,classification,4.801659080898389,0.0,3.689304483123124,8.502229867037386,Compute,evaluation_time_seconds,3.689304483123124
Alzheimers,alzhimers,TVAE,2024,42,1000,297,76,classification,4.801659080898389,0.0,3.689304483123124,8.502229867037386,Compute,total_time_seconds,8.502229867037386
Alzheimers,alzhimers,GaussianCopula,42,42,1000,297,76,classification,0.454890307970345,0.0,4.010792660992593,4.476167932152748,Fidelity,Quality_Score,0.7942522552481575
Alzheimers,alzhimers,GaussianCopula,42,42,1000,297,76,classification,0.454890307970345,0.0,4.010792660992593,4.476167932152748,Fidelity,KS_Complement,0.8702384450566268
Alzheimers,alzhimers,GaussianCopula,42,42,1000,297,76,classification,0.454890307970345,0.0,4.010792660992593,4.476167932152748,Fidelity,Wasserstein_Distance,42.22296188445829
Alzheimers,alzhimers,GaussianCopula,42,42,1000,297,76,classification,0.454890307970345,0.0,4.010792660992593,4.476167932152748,Fidelity,MMD,0.0535862416169077
Alzheimers,alzhimers,GaussianCopula,42,42,1000,297,76,classification,0.454890307970345,0.0,4.010792660992593,4.476167932152748,Utility,Accuracy_TRTR,0.9258771929824562
Alzheimers,alzhimers,GaussianCopula,42,42,1000,297,76,classification,0.454890307970345,0.0,4.010792660992593,4.476167932152748,Utility,Accuracy_TSTR,0.7942982456140352
Alzheimers,alzhimers,GaussianCopula,42,42,1000,297,76,classification,0.454890307970345,0.0,4.010792660992593,4.476167932152748,Utility,Accuracy_Gap,0.131578947368421
Alzheimers,alzhimers,GaussianCopula,42,42,1000,297,76,classification,0.454890307970345,0.0,4.010792660992593,4.476167932152748,Utility,F1_TRTR,0.9258098934736716
Alzheimers,alzhimers,GaussianCopula,42,42,1000,297,76,classification,0.454890307970345,0.0,4.010792660992593,4.476167932152748,Utility,F1_TSTR,0.7931269372831095
Alzheimers,alzhimers,GaussianCopula,42,42,1000,297,76,classification,0.454890307970345,0.0,4.010792660992593,4.476167932152748,Utility,F1_Gap,0.1326829561905622
Alzheimers,alzhimers,GaussianCopula,42,42,1000,297,76,classification,0.454890307970345,0.0,4.010792660992593,4.476167932152748,Utility,Precision_TRTR,0.9271394000040216
Alzheimers,alzhimers,GaussianCopula,42,42,1000,297,76,classification,0.454890307970345,0.0,4.010792660992593,4.476167932152748,Utility,Precision_TSTR,0.7989688621478904
Alzheimers,alzhimers,GaussianCopula,42,42,1000,297,76,classification,0.454890307970345,0.0,4.010792660992593,4.476167932152748,Utility,Precision_Gap,0.1281705378561312
Alzheimers,alzhimers,GaussianCopula,42,42,1000,297,76,classification,0.454890307970345,0.0,4.010792660992593,4.476167932152748,Utility,Recall_TRTR,0.9258771929824562
Alzheimers,alzhimers,GaussianCopula,42,42,1000,297,76,classification,0.454890307970345,0.0,4.010792660992593,4.476167932152748,Utility,Recall_TSTR,0.7942982456140352
Alzheimers,alzhimers,GaussianCopula,42,42,1000,297,76,classification,0.454890307970345,0.0,4.010792660992593,4.476167932152748,Utility,Recall_Gap,0.131578947368421
Alzheimers,alzhimers,GaussianCopula,42,42,1000,297,76,classification,0.454890307970345,0.0,4.010792660992593,4.476167932152748,Utility,ROC_AUC_TRTR,0.9350427350427352
Alzheimers,alzhimers,GaussianCopula,42,42,1000,297,76,classification,0.454890307970345,0.0,4.010792660992593,4.476167932152748,Utility,ROC_AUC_TSTR,0.8443173943173944
Alzheimers,alzhimers,GaussianCopula,42,42,1000,297,76,classification,0.454890307970345,0.0,4.010792660992593,4.476167932152748,Utility,ROC_AUC_Gap,0.0907253407253407
Alzheimers,alzhimers,GaussianCopula,42,42,1000,297,76,classification,0.454890307970345,0.0,4.010792660992593,4.476167932152748,Privacy,Mahalanobis_Distance,4.444467059076343
Alzheimers,alzhimers,GaussianCopula,42,42,1000,297,76,classification,0.454890307970345,0.0,4.010792660992593,4.476167932152748,Privacy,Mean_Distance,4.444467059076343
Alzheimers,alzhimers,GaussianCopula,42,42,1000,297,76,classification,0.454890307970345,0.0,4.010792660992593,4.476167932152748,Privacy,Median_Distance,4.253740755734556
Alzheimers,alzhimers,GaussianCopula,42,42,1000,297,76,classification,0.454890307970345,0.0,4.010792660992593,4.476167932152748,Privacy,NNDR,0.8954736124791409
Alzheimers,alzhimers,GaussianCopula,42,42,1000,297,76,classification,0.454890307970345,0.0,4.010792660992593,4.476167932152748,Privacy,MIA_AUC,0.9403245942571784
Alzheimers,alzhimers,GaussianCopula,42,42,1000,297,76,classification,0.454890307970345,0.0,4.010792660992593,4.476167932152748,Compute,training_time_seconds,0.454890307970345
Alzheimers,alzhimers,GaussianCopula,42,42,1000,297,76,classification,0.454890307970345,0.0,4.010792660992593,4.476167932152748,Compute,generation_time_seconds,0.0
Alzheimers,alzhimers,GaussianCopula,42,42,1000,297,76,classification,0.454890307970345,0.0,4.010792660992593,4.476167932152748,Compute,evaluation_time_seconds,4.010792660992593
Alzheimers,alzhimers,GaussianCopula,42,42,1000,297,76,classification,0.454890307970345,0.0,4.010792660992593,4.476167932152748,Compute,total_time_seconds,4.476167932152748
Alzheimers,alzhimers,GaussianCopula,123,42,1000,297,76,classification,0.4473611500579864,0.0,4.021398341050372,4.479076204122976,Fidelity,Quality_Score,0.7942522552481575
Alzheimers,alzhimers,GaussianCopula,123,42,1000,297,76,classification,0.4473611500579864,0.0,4.021398341050372,4.479076204122976,Fidelity,KS_Complement,0.8702384450566268
Alzheimers,alzhimers,GaussianCopula,123,42,1000,297,76,classification,0.4473611500579864,0.0,4.021398341050372,4.479076204122976,Fidelity,Wasserstein_Distance,42.22296188445829
Alzheimers,alzhimers,GaussianCopula,123,42,1000,297,76,classification,0.4473611500579864,0.0,4.021398341050372,4.479076204122976,Fidelity,MMD,0.0535862416169077
Alzheimers,alzhimers,GaussianCopula,123,42,1000,297,76,classification,0.4473611500579864,0.0,4.021398341050372,4.479076204122976,Utility,Accuracy_TRTR,0.9258771929824562
Alzheimers,alzhimers,GaussianCopula,123,42,1000,297,76,classification,0.4473611500579864,0.0,4.021398341050372,4.479076204122976,Utility,Accuracy_TSTR,0.7942982456140352
Alzheimers,alzhimers,GaussianCopula,123,42,1000,297,76,classification,0.4473611500579864,0.0,4.021398341050372,4.479076204122976,Utility,Accuracy_Gap,0.131578947368421
Alzheimers,alzhimers,GaussianCopula,123,42,1000,297,76,classification,0.4473611500579864,0.0,4.021398341050372,4.479076204122976,Utility,F1_TRTR,0.9258098934736716
Alzheimers,alzhimers,GaussianCopula,123,42,1000,297,76,classification,0.4473611500579864,0.0,4.021398341050372,4.479076204122976,Utility,F1_TSTR,0.7931269372831095
Alzheimers,alzhimers,GaussianCopula,123,42,1000,297,76,classification,0.4473611500579864,0.0,4.021398341050372,4.479076204122976,Utility,F1_Gap,0.1326829561905622
Alzheimers,alzhimers,GaussianCopula,123,42,1000,297,76,classification,0.4473611500579864,0.0,4.021398341050372,4.479076204122976,Utility,Precision_TRTR,0.9271394000040216
Alzheimers,alzhimers,GaussianCopula,123,42,1000,297,76,classification,0.4473611500579864,0.0,4.021398341050372,4.479076204122976,Utility,Precision_TSTR,0.7989688621478904
Alzheimers,alzhimers,GaussianCopula,123,42,1000,297,76,classification,0.4473611500579864,0.0,4.021398341050372,4.479076204122976,Utility,Precision_Gap,0.1281705378561312
Alzheimers,alzhimers,GaussianCopula,123,42,1000,297,76,classification,0.4473611500579864,0.0,4.021398341050372,4.479076204122976,Utility,Recall_TRTR,0.9258771929824562
Alzheimers,alzhimers,GaussianCopula,123,42,1000,297,76,classification,0.4473611500579864,0.0,4.021398341050372,4.479076204122976,Utility,Recall_TSTR,0.7942982456140352
Alzheimers,alzhimers,GaussianCopula,123,42,1000,297,76,classification,0.4473611500579864,0.0,4.021398341050372,4.479076204122976,Utility,Recall_Gap,0.131578947368421
Alzheimers,alzhimers,GaussianCopula,123,42,1000,297,76,classification,0.4473611500579864,0.0,4.021398341050372,4.479076204122976,Utility,ROC_AUC_TRTR,0.9350427350427352
Alzheimers,alzhimers,GaussianCopula,123,42,1000,297,76,classification,0.4473611500579864,0.0,4.021398341050372,4.479076204122976,Utility,ROC_AUC_TSTR,0.8443173943173944
Alzheimers,alzhimers,GaussianCopula,123,42,1000,297,76,classification,0.4473611500579864,0.0,4.021398341050372,4.479076204122976,Utility,ROC_AUC_Gap,0.0907253407253407
Alzheimers,alzhimers,GaussianCopula,123,42,1000,297,76,classification,0.4473611500579864,0.0,4.021398341050372,4.479076204122976,Privacy,Mahalanobis_Distance,4.444467059076343
Alzheimers,alzhimers,GaussianCopula,123,42,1000,297,76,classification,0.4473611500579864,0.0,4.021398341050372,4.479076204122976,Privacy,Mean_Distance,4.444467059076343
Alzheimers,alzhimers,GaussianCopula,123,42,1000,297,76,classification,0.4473611500579864,0.0,4.021398341050372,4.479076204122976,Privacy,Median_Distance,4.253740755734556
Alzheimers,alzhimers,GaussianCopula,123,42,1000,297,76,classification,0.4473611500579864,0.0,4.021398341050372,4.479076204122976,Privacy,NNDR,0.8954736124791409
Alzheimers,alzhimers,GaussianCopula,123,42,1000,297,76,classification,0.4473611500579864,0.0,4.021398341050372,4.479076204122976,Privacy,MIA_AUC,0.9403245942571784
Alzheimers,alzhimers,GaussianCopula,123,42,1000,297,76,classification,0.4473611500579864,0.0,4.021398341050372,4.479076204122976,Compute,training_time_seconds,0.4473611500579864
Alzheimers,alzhimers,GaussianCopula,123,42,1000,297,76,classification,0.4473611500579864,0.0,4.021398341050372,4.479076204122976,Compute,generation_time_seconds,0.0
Alzheimers,alzhimers,GaussianCopula,123,42,1000,297,76,classification,0.4473611500579864,0.0,4.021398341050372,4.479076204122976,Compute,evaluation_time_seconds,4.021398341050372
Alzheimers,alzhimers,GaussianCopula,123,42,1000,297,76,classification,0.4473611500579864,0.0,4.021398341050372,4.479076204122976,Compute,total_time_seconds,4.479076204122976
Alzheimers,alzhimers,GaussianCopula,2024,42,1000,297,76,classification,0.4559504950884729,0.0,4.008904603077099,4.475019600009546,Fidelity,Quality_Score,0.7942522552481575
Alzheimers,alzhimers,GaussianCopula,2024,42,1000,297,76,classification,0.4559504950884729,0.0,4.008904603077099,4.475019600009546,Fidelity,KS_Complement,0.8702384450566268
Alzheimers,alzhimers,GaussianCopula,2024,42,1000,297,76,classification,0.4559504950884729,0.0,4.008904603077099,4.475019600009546,Fidelity,Wasserstein_Distance,42.22296188445829
Alzheimers,alzhimers,GaussianCopula,2024,42,1000,297,76,classification,0.4559504950884729,0.0,4.008904603077099,4.475019600009546,Fidelity,MMD,0.0535862416169077
Alzheimers,alzhimers,GaussianCopula,2024,42,1000,297,76,classification,0.4559504950884729,0.0,4.008904603077099,4.475019600009546,Utility,Accuracy_TRTR,0.9258771929824562
Alzheimers,alzhimers,GaussianCopula,2024,42,1000,297,76,classification,0.4559504950884729,0.0,4.008904603077099,4.475019600009546,Utility,Accuracy_TSTR,0.7942982456140352
Alzheimers,alzhimers,GaussianCopula,2024,42,1000,297,76,classification,0.4559504950884729,0.0,4.008904603077099,4.475019600009546,Utility,Accuracy_Gap,0.131578947368421
Alzheimers,alzhimers,GaussianCopula,2024,42,1000,297,76,classification,0.4559504950884729,0.0,4.008904603077099,4.475019600009546,Utility,F1_TRTR,0.9258098934736716
Alzheimers,alzhimers,GaussianCopula,2024,42,1000,297,76,classification,0.4559504950884729,0.0,4.008904603077099,4.475019600009546,Utility,F1_TSTR,0.7931269372831095
Alzheimers,alzhimers,GaussianCopula,2024,42,1000,297,76,classification,0.4559504950884729,0.0,4.008904603077099,4.475019600009546,Utility,F1_Gap,0.1326829561905622
Alzheimers,alzhimers,GaussianCopula,2024,42,1000,297,76,classification,0.4559504950884729,0.0,4.008904603077099,4.475019600009546,Utility,Precision_TRTR,0.9271394000040216
Alzheimers,alzhimers,GaussianCopula,2024,42,1000,297,76,classification,0.4559504950884729,0.0,4.008904603077099,4.475019600009546,Utility,Precision_TSTR,0.7989688621478904
Alzheimers,alzhimers,GaussianCopula,2024,42,1000,297,76,classification,0.4559504950884729,0.0,4.008904603077099,4.475019600009546,Utility,Precision_Gap,0.1281705378561312
Alzheimers,alzhimers,GaussianCopula,2024,42,1000,297,76,classification,0.4559504950884729,0.0,4.008904603077099,4.475019600009546,Utility,Recall_TRTR,0.9258771929824562
Alzheimers,alzhimers,GaussianCopula,2024,42,1000,297,76,classification,0.4559504950884729,0.0,4.008904603077099,4.475019600009546,Utility,Recall_TSTR,0.7942982456140352
Alzheimers,alzhimers,GaussianCopula,2024,42,1000,297,76,classification,0.4559504950884729,0.0,4.008904603077099,4.475019600009546,Utility,Recall_Gap,0.131578947368421
Alzheimers,alzhimers,GaussianCopula,2024,42,1000,297,76,classification,0.4559504950884729,0.0,4.008904603077099,4.475019600009546,Utility,ROC_AUC_TRTR,0.9350427350427352
Alzheimers,alzhimers,GaussianCopula,2024,42,1000,297,76,classification,0.4559504950884729,0.0,4.008904603077099,4.475019600009546,Utility,ROC_AUC_TSTR,0.8443173943173944
Alzheimers,alzhimers,GaussianCopula,2024,42,1000,297,76,classification,0.4559504950884729,0.0,4.008904603077099,4.475019600009546,Utility,ROC_AUC_Gap,0.0907253407253407
Alzheimers,alzhimers,GaussianCopula,2024,42,1000,297,76,classification,0.4559504950884729,0.0,4.008904603077099,4.475019600009546,Privacy,Mahalanobis_Distance,4.444467059076343
Alzheimers,alzhimers,GaussianCopula,2024,42,1000,297,76,classification,0.4559504950884729,0.0,4.008904603077099,4.475019600009546,Privacy,Mean_Distance,4.444467059076343
Alzheimers,alzhimers,GaussianCopula,2024,42,1000,297,76,classification,0.4559504950884729,0.0,4.008904603077099,4.475019600009546,Privacy,Median_Distance,4.253740755734556
Alzheimers,alzhimers,GaussianCopula,2024,42,1000,297,76,classification,0.4559504950884729,0.0,4.008904603077099,4.475019600009546,Privacy,NNDR,0.8954736124791409
Alzheimers,alzhimers,GaussianCopula,2024,42,1000,297,76,classification,0.4559504950884729,0.0,4.008904603077099,4.475019600009546,Privacy,MIA_AUC,0.9403245942571784
Alzheimers,alzhimers,GaussianCopula,2024,42,1000,297,76,classification,0.4559504950884729,0.0,4.008904603077099,4.475019600009546,Compute,training_time_seconds,0.4559504950884729
Alzheimers,alzhimers,GaussianCopula,2024,42,1000,297,76,classification,0.4559504950884729,0.0,4.008904603077099,4.475019600009546,Compute,generation_time_seconds,0.0
Alzheimers,alzhimers,GaussianCopula,2024,42,1000,297,76,classification,0.4559504950884729,0.0,4.008904603077099,4.475019600009546,Compute,evaluation_time_seconds,4.008904603077099
Alzheimers,alzhimers,GaussianCopula,2024,42,1000,297,76,classification,0.4559504950884729,0.0,4.008904603077099,4.475019600009546,Compute,total_time_seconds,4.475019600009546
Alzheimers,alzhimers,CTABGAN,42,42,1000,297,76,classification,38.9442191820126,0.0,4.462186658056453,43.41830628691241,Fidelity,Quality_Score,0.3496446644410895
Alzheimers,alzhimers,CTABGAN,42,42,1000,297,76,classification,38.9442191820126,0.0,4.462186658056453,43.41830628691241,Fidelity,KS_Complement,0.7484600550964188
Alzheimers,alzhimers,CTABGAN,42,42,1000,297,76,classification,38.9442191820126,0.0,4.462186658056453,43.41830628691241,Fidelity,Wasserstein_Distance,33.96841091490299
Alzheimers,alzhimers,CTABGAN,42,42,1000,297,76,classification,38.9442191820126,0.0,4.462186658056453,43.41830628691241,Fidelity,MMD,0.0556449258840487
Alzheimers,alzhimers,CTABGAN,42,42,1000,297,76,classification,38.9442191820126,0.0,4.462186658056453,43.41830628691241,Utility,Accuracy_TRTR,0.9258771929824562
Alzheimers,alzhimers,CTABGAN,42,42,1000,297,76,classification,38.9442191820126,0.0,4.462186658056453,43.41830628691241,Utility,Accuracy_TSTR,0.8372807017543858
Alzheimers,alzhimers,CTABGAN,42,42,1000,297,76,classification,38.9442191820126,0.0,4.462186658056453,43.41830628691241,Utility,Accuracy_Gap,0.0885964912280703
Alzheimers,alzhimers,CTABGAN,42,42,1000,297,76,classification,38.9442191820126,0.0,4.462186658056453,43.41830628691241,Utility,F1_TRTR,0.9258098934736716
Alzheimers,alzhimers,CTABGAN,42,42,1000,297,76,classification,38.9442191820126,0.0,4.462186658056453,43.41830628691241,Utility,F1_TSTR,0.8368057601921811
Alzheimers,alzhimers,CTABGAN,42,42,1000,297,76,classification,38.9442191820126,0.0,4.462186658056453,43.41830628691241,Utility,F1_Gap,0.0890041332814906
Alzheimers,alzhimers,CTABGAN,42,42,1000,297,76,classification,38.9442191820126,0.0,4.462186658056453,43.41830628691241,Utility,Precision_TRTR,0.9271394000040216
Alzheimers,alzhimers,CTABGAN,42,42,1000,297,76,classification,38.9442191820126,0.0,4.462186658056453,43.41830628691241,Utility,Precision_TSTR,0.8403217300626754
Alzheimers,alzhimers,CTABGAN,42,42,1000,297,76,classification,38.9442191820126,0.0,4.462186658056453,43.41830628691241,Utility,Precision_Gap,0.0868176699413462
Alzheimers,alzhimers,CTABGAN,42,42,1000,297,76,classification,38.9442191820126,0.0,4.462186658056453,43.41830628691241,Utility,Recall_TRTR,0.9258771929824562
Alzheimers,alzhimers,CTABGAN,42,42,1000,297,76,classification,38.9442191820126,0.0,4.462186658056453,43.41830628691241,Utility,Recall_TSTR,0.8372807017543858
Alzheimers,alzhimers,CTABGAN,42,42,1000,297,76,classification,38.9442191820126,0.0,4.462186658056453,43.41830628691241,Utility,Recall_Gap,0.0885964912280703
Alzheimers,alzhimers,CTABGAN,42,42,1000,297,76,classification,38.9442191820126,0.0,4.462186658056453,43.41830628691241,Utility,ROC_AUC_TRTR,0.9350427350427352
Alzheimers,alzhimers,CTABGAN,42,42,1000,297,76,classification,38.9442191820126,0.0,4.462186658056453,43.41830628691241,Utility,ROC_AUC_TSTR,0.8816008316008315
Alzheimers,alzhimers,CTABGAN,42,42,1000,297,76,classification,38.9442191820126,0.0,4.462186658056453,43.41830628691241,Utility,ROC_AUC_Gap,0.0534419034419036
Alzheimers,alzhimers,CTABGAN,42,42,1000,297,76,classification,38.9442191820126,0.0,4.462186658056453,43.41830628691241,Privacy,Mahalanobis_Distance,7.069100136041245
Alzheimers,alzhimers,CTABGAN,42,42,1000,297,76,classification,38.9442191820126,0.0,4.462186658056453,43.41830628691241,Privacy,Mean_Distance,7.069100136041245
Alzheimers,alzhimers,CTABGAN,42,42,1000,297,76,classification,38.9442191820126,0.0,4.462186658056453,43.41830628691241,Privacy,Median_Distance,6.192640597267521
Alzheimers,alzhimers,CTABGAN,42,42,1000,297,76,classification,38.9442191820126,0.0,4.462186658056453,43.41830628691241,Privacy,NNDR,0.9108211937678632
Alzheimers,alzhimers,CTABGAN,42,42,1000,297,76,classification,38.9442191820126,0.0,4.462186658056453,43.41830628691241,Privacy,MIA_AUC,0.7348314606741574
Alzheimers,alzhimers,CTABGAN,42,42,1000,297,76,classification,38.9442191820126,0.0,4.462186658056453,43.41830628691241,Compute,training_time_seconds,38.9442191820126
Alzheimers,alzhimers,CTABGAN,42,42,1000,297,76,classification,38.9442191820126,0.0,4.462186658056453,43.41830628691241,Compute,generation_time_seconds,0.0
Alzheimers,alzhimers,CTABGAN,42,42,1000,297,76,classification,38.9442191820126,0.0,4.462186658056453,43.41830628691241,Compute,evaluation_time_seconds,4.462186658056453
Alzheimers,alzhimers,CTABGAN,42,42,1000,297,76,classification,38.9442191820126,0.0,4.462186658056453,43.41830628691241,Compute,total_time_seconds,43.41830628691241
Alzheimers,alzhimers,CTABGAN,123,42,1000,297,76,classification,38.76553659909405,0.0,4.37289644498378,43.14922354603186,Fidelity,Quality_Score,0.3487251543861472
Alzheimers,alzhimers,CTABGAN,123,42,1000,297,76,classification,38.76553659909405,0.0,4.37289644498378,43.14922354603186,Fidelity,KS_Complement,0.7554615855524947
Alzheimers,alzhimers,CTABGAN,123,42,1000,297,76,classification,38.76553659909405,0.0,4.37289644498378,43.14922354603186,Fidelity,Wasserstein_Distance,30.86314151309494
Alzheimers,alzhimers,CTABGAN,123,42,1000,297,76,classification,38.76553659909405,0.0,4.37289644498378,43.14922354603186,Fidelity,MMD,0.0377761136944302
Alzheimers,alzhimers,CTABGAN,123,42,1000,297,76,classification,38.76553659909405,0.0,4.37289644498378,43.14922354603186,Utility,Accuracy_TRTR,0.9258771929824562
Alzheimers,alzhimers,CTABGAN,123,42,1000,297,76,classification,38.76553659909405,0.0,4.37289644498378,43.14922354603186,Utility,Accuracy_TSTR,0.7986842105263159
Alzheimers,alzhimers,CTABGAN,123,42,1000,297,76,classification,38.76553659909405,0.0,4.37289644498378,43.14922354603186,Utility,Accuracy_Gap,0.1271929824561403
Alzheimers,alzhimers,CTABGAN,123,42,1000,297,76,classification,38.76553659909405,0.0,4.37289644498378,43.14922354603186,Utility,F1_TRTR,0.9258098934736716
Alzheimers,alzhimers,CTABGAN,123,42,1000,297,76,classification,38.76553659909405,0.0,4.37289644498378,43.14922354603186,Utility,F1_TSTR,0.7946904041762132
Alzheimers,alzhimers,CTABGAN,123,42,1000,297,76,classification,38.76553659909405,0.0,4.37289644498378,43.14922354603186,Utility,F1_Gap,0.1311194892974585
Alzheimers,alzhimers,CTABGAN,123,42,1000,297,76,classification,38.76553659909405,0.0,4.37289644498378,43.14922354603186,Utility,Precision_TRTR,0.9271394000040216
Alzheimers,alzhimers,CTABGAN,123,42,1000,297,76,classification,38.76553659909405,0.0,4.37289644498378,43.14922354603186,Utility,Precision_TSTR,0.8102623445415175
Alzheimers,alzhimers,CTABGAN,123,42,1000,297,76,classification,38.76553659909405,0.0,4.37289644498378,43.14922354603186,Utility,Precision_Gap,0.1168770554625041
Alzheimers,alzhimers,CTABGAN,123,42,1000,297,76,classification,38.76553659909405,0.0,4.37289644498378,43.14922354603186,Utility,Recall_TRTR,0.9258771929824562
Alzheimers,alzhimers,CTABGAN,123,42,1000,297,76,classification,38.76553659909405,0.0,4.37289644498378,43.14922354603186,Utility,Recall_TSTR,0.7986842105263159
Alzheimers,alzhimers,CTABGAN,123,42,1000,297,76,classification,38.76553659909405,0.0,4.37289644498378,43.14922354603186,Utility,Recall_Gap,0.1271929824561403
Alzheimers,alzhimers,CTABGAN,123,42,1000,297,76,classification,38.76553659909405,0.0,4.37289644498378,43.14922354603186,Utility,ROC_AUC_TRTR,0.9350427350427352
Alzheimers,alzhimers,CTABGAN,123,42,1000,297,76,classification,38.76553659909405,0.0,4.37289644498378,43.14922354603186,Utility,ROC_AUC_TSTR,0.8438207438207439
Alzheimers,alzhimers,CTABGAN,123,42,1000,297,76,classification,38.76553659909405,0.0,4.37289644498378,43.14922354603186,Utility,ROC_AUC_Gap,0.0912219912219912
Alzheimers,alzhimers,CTABGAN,123,42,1000,297,76,classification,38.76553659909405,0.0,4.37289644498378,43.14922354603186,Privacy,Mahalanobis_Distance,7.776142805656382
Alzheimers,alzhimers,CTABGAN,123,42,1000,297,76,classification,38.76553659909405,0.0,4.37289644498378,43.14922354603186,Privacy,Mean_Distance,7.776142805656382
Alzheimers,alzhimers,CTABGAN,123,42,1000,297,76,classification,38.76553659909405,0.0,4.37289644498378,43.14922354603186,Privacy,Median_Distance,6.596797152250179
Alzheimers,alzhimers,CTABGAN,123,42,1000,297,76,classification,38.76553659909405,0.0,4.37289644498378,43.14922354603186,Privacy,NNDR,0.911042685537558
Alzheimers,alzhimers,CTABGAN,123,42,1000,297,76,classification,38.76553659909405,0.0,4.37289644498378,43.14922354603186,Privacy,MIA_AUC,0.6561797752808989
Alzheimers,alzhimers,CTABGAN,123,42,1000,297,76,classification,38.76553659909405,0.0,4.37289644498378,43.14922354603186,Compute,training_time_seconds,38.76553659909405
Alzheimers,alzhimers,CTABGAN,123,42,1000,297,76,classification,38.76553659909405,0.0,4.37289644498378,43.14922354603186,Compute,generation_time_seconds,0.0
Alzheimers,alzhimers,CTABGAN,123,42,1000,297,76,classification,38.76553659909405,0.0,4.37289644498378,43.14922354603186,Compute,evaluation_time_seconds,4.37289644498378
Alzheimers,alzhimers,CTABGAN,123,42,1000,297,76,classification,38.76553659909405,0.0,4.37289644498378,43.14922354603186,Compute,total_time_seconds,43.14922354603186
Alzheimers,alzhimers,CTABGAN,2024,42,1000,297,76,classification,38.829272442962974,0.0,4.383989457972348,43.22345015103929,Fidelity,Quality_Score,0.3484370841350492
Alzheimers,alzhimers,CTABGAN,2024,42,1000,297,76,classification,38.829272442962974,0.0,4.383989457972348,43.22345015103929,Fidelity,KS_Complement,0.7488463422099785
Alzheimers,alzhimers,CTABGAN,2024,42,1000,297,76,classification,38.829272442962974,0.0,4.383989457972348,43.22345015103929,Fidelity,Wasserstein_Distance,27.169740956486635
Alzheimers,alzhimers,CTABGAN,2024,42,1000,297,76,classification,38.829272442962974,0.0,4.383989457972348,43.22345015103929,Fidelity,MMD,0.0508780853814165
Alzheimers,alzhimers,CTABGAN,2024,42,1000,297,76,classification,38.829272442962974,0.0,4.383989457972348,43.22345015103929,Utility,Accuracy_TRTR,0.9258771929824562
Alzheimers,alzhimers,CTABGAN,2024,42,1000,297,76,classification,38.829272442962974,0.0,4.383989457972348,43.22345015103929,Utility,Accuracy_TSTR,0.8293859649122807
Alzheimers,alzhimers,CTABGAN,2024,42,1000,297,76,classification,38.829272442962974,0.0,4.383989457972348,43.22345015103929,Utility,Accuracy_Gap,0.0964912280701755
Alzheimers,alzhimers,CTABGAN,2024,42,1000,297,76,classification,38.829272442962974,0.0,4.383989457972348,43.22345015103929,Utility,F1_TRTR,0.9258098934736716
Alzheimers,alzhimers,CTABGAN,2024,42,1000,297,76,classification,38.829272442962974,0.0,4.383989457972348,43.22345015103929,Utility,F1_TSTR,0.8267951177891969
Alzheimers,alzhimers,CTABGAN,2024,42,1000,297,76,classification,38.829272442962974,0.0,4.383989457972348,43.22345015103929,Utility,F1_Gap,0.0990147756844748
Alzheimers,alzhimers,CTABGAN,2024,42,1000,297,76,classification,38.829272442962974,0.0,4.383989457972348,43.22345015103929,Utility,Precision_TRTR,0.9271394000040216
Alzheimers,alzhimers,CTABGAN,2024,42,1000,297,76,classification,38.829272442962974,0.0,4.383989457972348,43.22345015103929,Utility,Precision_TSTR,0.8384850974108857
Alzheimers,alzhimers,CTABGAN,2024,42,1000,297,76,classification,38.829272442962974,0.0,4.383989457972348,43.22345015103929,Utility,Precision_Gap,0.0886543025931358
Alzheimers,alzhimers,CTABGAN,2024,42,1000,297,76,classification,38.829272442962974,0.0,4.383989457972348,43.22345015103929,Utility,Recall_TRTR,0.9258771929824562
Alzheimers,alzhimers,CTABGAN,2024,42,1000,297,76,classification,38.829272442962974,0.0,4.383989457972348,43.22345015103929,Utility,Recall_TSTR,0.8293859649122807
Alzheimers,alzhimers,CTABGAN,2024,42,1000,297,76,classification,38.829272442962974,0.0,4.383989457972348,43.22345015103929,Utility,Recall_Gap,0.0964912280701755
Alzheimers,alzhimers,CTABGAN,2024,42,1000,297,76,classification,38.829272442962974,0.0,4.383989457972348,43.22345015103929,Utility,ROC_AUC_TRTR,0.9350427350427352
Alzheimers,alzhimers,CTABGAN,2024,42,1000,297,76,classification,38.829272442962974,0.0,4.383989457972348,43.22345015103929,Utility,ROC_AUC_TSTR,0.8774312774312775
Alzheimers,alzhimers,CTABGAN,2024,42,1000,297,76,classification,38.829272442962974,0.0,4.383989457972348,43.22345015103929,Utility,ROC_AUC_Gap,0.0576114576114576
Alzheimers,alzhimers,CTABGAN,2024,42,1000,297,76,classification,38.829272442962974,0.0,4.383989457972348,43.22345015103929,Privacy,Mahalanobis_Distance,8.292960181348466
Alzheimers,alzhimers,CTABGAN,2024,42,1000,297,76,classification,38.829272442962974,0.0,4.383989457972348,43.22345015103929,Privacy,Mean_Distance,8.292960181348466
Alzheimers,alzhimers,CTABGAN,2024,42,1000,297,76,classification,38.829272442962974,0.0,4.383989457972348,43.22345015103929,Privacy,Median_Distance,7.312175014838167
Alzheimers,alzhimers,CTABGAN,2024,42,1000,297,76,classification,38.829272442962974,0.0,4.383989457972348,43.22345015103929,Privacy,NNDR,0.9083827556666624
Alzheimers,alzhimers,CTABGAN,2024,42,1000,297,76,classification,38.829272442962974,0.0,4.383989457972348,43.22345015103929,Privacy,MIA_AUC,0.7173533083645443
Alzheimers,alzhimers,CTABGAN,2024,42,1000,297,76,classification,38.829272442962974,0.0,4.383989457972348,43.22345015103929,Compute,training_time_seconds,38.829272442962974
Alzheimers,alzhimers,CTABGAN,2024,42,1000,297,76,classification,38.829272442962974,0.0,4.383989457972348,43.22345015103929,Compute,generation_time_seconds,0.0
Alzheimers,alzhimers,CTABGAN,2024,42,1000,297,76,classification,38.829272442962974,0.0,4.383989457972348,43.22345015103929,Compute,evaluation_time_seconds,4.383989457972348
Alzheimers,alzhimers,CTABGAN,2024,42,1000,297,76,classification,38.829272442962974,0.0,4.383989457972348,43.22345015103929,Compute,total_time_seconds,43.22345015103929
Alzheimers,alzhimers,TabDDPM,42,42,1000,297,76,classification,19.90962187689729,0.0,3.672167156124488,23.592009072192013,Fidelity,Quality_Score,0.4166279094815032
Alzheimers,alzhimers,TabDDPM,42,42,1000,297,76,classification,19.90962187689729,0.0,3.672167156124488,23.592009072192013,Fidelity,KS_Complement,0.6079923477196205
Alzheimers,alzhimers,TabDDPM,42,42,1000,297,76,classification,19.90962187689729,0.0,3.672167156124488,23.592009072192013,Fidelity,Wasserstein_Distance,80.42811215079217
Alzheimers,alzhimers,TabDDPM,42,42,1000,297,76,classification,19.90962187689729,0.0,3.672167156124488,23.592009072192013,Fidelity,MMD,0.1511069390794581
Alzheimers,alzhimers,TabDDPM,42,42,1000,297,76,classification,19.90962187689729,0.0,3.672167156124488,23.592009072192013,Utility,Accuracy_TRTR,0.9258771929824562
Alzheimers,alzhimers,TabDDPM,42,42,1000,297,76,classification,19.90962187689729,0.0,3.672167156124488,23.592009072192013,Utility,Accuracy_TSTR,0.4622807017543859
Alzheimers,alzhimers,TabDDPM,42,42,1000,297,76,classification,19.90962187689729,0.0,3.672167156124488,23.592009072192013,Utility,Accuracy_Gap,0.4635964912280703
Alzheimers,alzhimers,TabDDPM,42,42,1000,297,76,classification,19.90962187689729,0.0,3.672167156124488,23.592009072192013,Utility,F1_TRTR,0.9258098934736716
Alzheimers,alzhimers,TabDDPM,42,42,1000,297,76,classification,19.90962187689729,0.0,3.672167156124488,23.592009072192013,Utility,F1_TSTR,0.4616623981249012
Alzheimers,alzhimers,TabDDPM,42,42,1000,297,76,classification,19.90962187689729,0.0,3.672167156124488,23.592009072192013,Utility,F1_Gap,0.4641474953487705
Alzheimers,alzhimers,TabDDPM,42,42,1000,297,76,classification,19.90962187689729,0.0,3.672167156124488,23.592009072192013,Utility,Precision_TRTR,0.9271394000040216
Alzheimers,alzhimers,TabDDPM,42,42,1000,297,76,classification,19.90962187689729,0.0,3.672167156124488,23.592009072192013,Utility,Precision_TSTR,0.4625271485242077
Alzheimers,alzhimers,TabDDPM,42,42,1000,297,76,classification,19.90962187689729,0.0,3.672167156124488,23.592009072192013,Utility,Precision_Gap,0.4646122514798139
Alzheimers,alzhimers,TabDDPM,42,42,1000,297,76,classification,19.90962187689729,0.0,3.672167156124488,23.592009072192013,Utility,Recall_TRTR,0.9258771929824562
Alzheimers,alzhimers,TabDDPM,42,42,1000,297,76,classification,19.90962187689729,0.0,3.672167156124488,23.592009072192013,Utility,Recall_TSTR,0.4622807017543859
Alzheimers,alzhimers,TabDDPM,42,42,1000,297,76,classification,19.90962187689729,0.0,3.672167156124488,23.592009072192013,Utility,Recall_Gap,0.4635964912280703
Alzheimers,alzhimers,TabDDPM,42,42,1000,297,76,classification,19.90962187689729,0.0,3.672167156124488,23.592009072192013,Utility,ROC_AUC_TRTR,0.9350427350427352
Alzheimers,alzhimers,TabDDPM,42,42,1000,297,76,classification,19.90962187689729,0.0,3.672167156124488,23.592009072192013,Utility,ROC_AUC_TSTR,0.4506930006930006
Alzheimers,alzhimers,TabDDPM,42,42,1000,297,76,classification,19.90962187689729,0.0,3.672167156124488,23.592009072192013,Utility,ROC_AUC_Gap,0.4843497343497345
Alzheimers,alzhimers,TabDDPM,42,42,1000,297,76,classification,19.90962187689729,0.0,3.672167156124488,23.592009072192013,Privacy,Mahalanobis_Distance,9.63325810140809
Alzheimers,alzhimers,TabDDPM,42,42,1000,297,76,classification,19.90962187689729,0.0,3.672167156124488,23.592009072192013,Privacy,Mean_Distance,9.63325810140809
Alzheimers,alzhimers,TabDDPM,42,42,1000,297,76,classification,19.90962187689729,0.0,3.672167156124488,23.592009072192013,Privacy,Median_Distance,10.229408871148095
Alzheimers,alzhimers,TabDDPM,42,42,1000,297,76,classification,19.90962187689729,0.0,3.672167156124488,23.592009072192013,Privacy,NNDR,0.9190083052875568
Alzheimers,alzhimers,TabDDPM,42,42,1000,297,76,classification,19.90962187689729,0.0,3.672167156124488,23.592009072192013,Privacy,MIA_AUC,0.8611735330836454
Alzheimers,alzhimers,TabDDPM,42,42,1000,297,76,classification,19.90962187689729,0.0,3.672167156124488,23.592009072192013,Compute,training_time_seconds,19.90962187689729
Alzheimers,alzhimers,TabDDPM,42,42,1000,297,76,classification,19.90962187689729,0.0,3.672167156124488,23.592009072192013,Compute,generation_time_seconds,0.0
Alzheimers,alzhimers,TabDDPM,42,42,1000,297,76,classification,19.90962187689729,0.0,3.672167156124488,23.592009072192013,Compute,evaluation_time_seconds,3.672167156124488
Alzheimers,alzhimers,TabDDPM,42,42,1000,297,76,classification,19.90962187689729,0.0,3.672167156124488,23.592009072192013,Compute,total_time_seconds,23.592009072192013
Alzheimers,alzhimers,TabDDPM,123,42,1000,297,76,classification,19.93851926201023,0.0,3.700495629804209,23.65701805311255,Fidelity,Quality_Score,0.4789141724259753
Alzheimers,alzhimers,TabDDPM,123,42,1000,297,76,classification,19.93851926201023,0.0,3.700495629804209,23.65701805311255,Fidelity,KS_Complement,0.7118573614937251
Alzheimers,alzhimers,TabDDPM,123,42,1000,297,76,classification,19.93851926201023,0.0,3.700495629804209,23.65701805311255,Fidelity,Wasserstein_Distance,53.65733699018221
Alzheimers,alzhimers,TabDDPM,123,42,1000,297,76,classification,19.93851926201023,0.0,3.700495629804209,23.65701805311255,Fidelity,MMD,0.1568785168932504
Alzheimers,alzhimers,TabDDPM,123,42,1000,297,76,classification,19.93851926201023,0.0,3.700495629804209,23.65701805311255,Utility,Accuracy_TRTR,0.9258771929824562
Alzheimers,alzhimers,TabDDPM,123,42,1000,297,76,classification,19.93851926201023,0.0,3.700495629804209,23.65701805311255,Utility,Accuracy_TSTR,0.4912280701754386
Alzheimers,alzhimers,TabDDPM,123,42,1000,297,76,classification,19.93851926201023,0.0,3.700495629804209,23.65701805311255,Utility,Accuracy_Gap,0.4346491228070175
Alzheimers,alzhimers,TabDDPM,123,42,1000,297,76,classification,19.93851926201023,0.0,3.700495629804209,23.65701805311255,Utility,F1_TRTR,0.9258098934736716
Alzheimers,alzhimers,TabDDPM,123,42,1000,297,76,classification,19.93851926201023,0.0,3.700495629804209,23.65701805311255,Utility,F1_TSTR,0.4286634906347809
Alzheimers,alzhimers,TabDDPM,123,42,1000,297,76,classification,19.93851926201023,0.0,3.700495629804209,23.65701805311255,Utility,F1_Gap,0.4971464028388908
Alzheimers,alzhimers,TabDDPM,123,42,1000,297,76,classification,19.93851926201023,0.0,3.700495629804209,23.65701805311255,Utility,Precision_TRTR,0.9271394000040216
Alzheimers,alzhimers,TabDDPM,123,42,1000,297,76,classification,19.93851926201023,0.0,3.700495629804209,23.65701805311255,Utility,Precision_TSTR,0.4188605282195125
Alzheimers,alzhimers,TabDDPM,123,42,1000,297,76,classification,19.93851926201023,0.0,3.700495629804209,23.65701805311255,Utility,Precision_Gap,0.508278871784509
Alzheimers,alzhimers,TabDDPM,123,42,1000,297,76,classification,19.93851926201023,0.0,3.700495629804209,23.65701805311255,Utility,Recall_TRTR,0.9258771929824562
Alzheimers,alzhimers,TabDDPM,123,42,1000,297,76,classification,19.93851926201023,0.0,3.700495629804209,23.65701805311255,Utility,Recall_TSTR,0.4912280701754386
Alzheimers,alzhimers,TabDDPM,123,42,1000,297,76,classification,19.93851926201023,0.0,3.700495629804209,23.65701805311255,Utility,Recall_Gap,0.4346491228070175
Alzheimers,alzhimers,TabDDPM,123,42,1000,297,76,classification,19.93851926201023,0.0,3.700495629804209,23.65701805311255,Utility,ROC_AUC_TRTR,0.9350427350427352
Alzheimers,alzhimers,TabDDPM,123,42,1000,297,76,classification,19.93851926201023,0.0,3.700495629804209,23.65701805311255,Utility,ROC_AUC_TSTR,0.5168168168168168
Alzheimers,alzhimers,TabDDPM,123,42,1000,297,76,classification,19.93851926201023,0.0,3.700495629804209,23.65701805311255,Utility,ROC_AUC_Gap,0.4182259182259183
Alzheimers,alzhimers,TabDDPM,123,42,1000,297,76,classification,19.93851926201023,0.0,3.700495629804209,23.65701805311255,Privacy,Mahalanobis_Distance,7.107055079917257
Alzheimers,alzhimers,TabDDPM,123,42,1000,297,76,classification,19.93851926201023,0.0,3.700495629804209,23.65701805311255,Privacy,Mean_Distance,7.107055079917257
Alzheimers,alzhimers,TabDDPM,123,42,1000,297,76,classification,19.93851926201023,0.0,3.700495629804209,23.65701805311255,Privacy,Median_Distance,6.597671647072564
Alzheimers,alzhimers,TabDDPM,123,42,1000,297,76,classification,19.93851926201023,0.0,3.700495629804209,23.65701805311255,Privacy,NNDR,0.9067259058760204
Alzheimers,alzhimers,TabDDPM,123,42,1000,297,76,classification,19.93851926201023,0.0,3.700495629804209,23.65701805311255,Privacy,MIA_AUC,0.8392009987515605
Alzheimers,alzhimers,TabDDPM,123,42,1000,297,76,classification,19.93851926201023,0.0,3.700495629804209,23.65701805311255,Compute,training_time_seconds,19.93851926201023
Alzheimers,alzhimers,TabDDPM,123,42,1000,297,76,classification,19.93851926201023,0.0,3.700495629804209,23.65701805311255,Compute,generation_time_seconds,0.0
Alzheimers,alzhimers,TabDDPM,123,42,1000,297,76,classification,19.93851926201023,0.0,3.700495629804209,23.65701805311255,Compute,evaluation_time_seconds,3.700495629804209
Alzheimers,alzhimers,TabDDPM,123,42,1000,297,76,classification,19.93851926201023,0.0,3.700495629804209,23.65701805311255,Compute,total_time_seconds,23.65701805311255
Alzheimers,alzhimers,TabDDPM,2024,42,1000,297,76,classification,19.93932082084939,0.0,3.64894324191846,23.60003789095208,Fidelity,Quality_Score,0.413072270886954
Alzheimers,alzhimers,TabDDPM,2024,42,1000,297,76,classification,19.93932082084939,0.0,3.64894324191846,23.60003789095208,Fidelity,KS_Complement,0.6409274563820019
Alzheimers,alzhimers,TabDDPM,2024,42,1000,297,76,classification,19.93932082084939,0.0,3.64894324191846,23.60003789095208,Fidelity,Wasserstein_Distance,64.77242133667094
Alzheimers,alzhimers,TabDDPM,2024,42,1000,297,76,classification,19.93932082084939,0.0,3.64894324191846,23.60003789095208,Fidelity,MMD,0.1593857406937181
Alzheimers,alzhimers,TabDDPM,2024,42,1000,297,76,classification,19.93932082084939,0.0,3.64894324191846,23.60003789095208,Utility,Accuracy_TRTR,0.9258771929824562
Alzheimers,alzhimers,TabDDPM,2024,42,1000,297,76,classification,19.93932082084939,0.0,3.64894324191846,23.60003789095208,Utility,Accuracy_TSTR,0.5307017543859648
Alzheimers,alzhimers,TabDDPM,2024,42,1000,297,76,classification,19.93932082084939,0.0,3.64894324191846,23.60003789095208,Utility,Accuracy_Gap,0.3951754385964914
Alzheimers,alzhimers,TabDDPM,2024,42,1000,297,76,classification,19.93932082084939,0.0,3.64894324191846,23.60003789095208,Utility,F1_TRTR,0.9258098934736716
Alzheimers,alzhimers,TabDDPM,2024,42,1000,297,76,classification,19.93932082084939,0.0,3.64894324191846,23.60003789095208,Utility,F1_TSTR,0.5295227412489661
Alzheimers,alzhimers,TabDDPM,2024,42,1000,297,76,classification,19.93932082084939,0.0,3.64894324191846,23.60003789095208,Utility,F1_Gap,0.3962871522247055
Alzheimers,alzhimers,TabDDPM,2024,42,1000,297,76,classification,19.93932082084939,0.0,3.64894324191846,23.60003789095208,Utility,Precision_TRTR,0.9271394000040216
Alzheimers,alzhimers,TabDDPM,2024,42,1000,297,76,classification,19.93932082084939,0.0,3.64894324191846,23.60003789095208,Utility,Precision_TSTR,0.5334981319034032
Alzheimers,alzhimers,TabDDPM,2024,42,1000,297,76,classification,19.93932082084939,0.0,3.64894324191846,23.60003789095208,Utility,Precision_Gap,0.3936412681006184
Alzheimers,alzhimers,TabDDPM,2024,42,1000,297,76,classification,19.93932082084939,0.0,3.64894324191846,23.60003789095208,Utility,Recall_TRTR,0.9258771929824562
Alzheimers,alzhimers,TabDDPM,2024,42,1000,297,76,classification,19.93932082084939,0.0,3.64894324191846,23.60003789095208,Utility,Recall_TSTR,0.5307017543859648
Alzheimers,alzhimers,TabDDPM,2024,42,1000,297,76,classification,19.93932082084939,0.0,3.64894324191846,23.60003789095208,Utility,Recall_Gap,0.3951754385964914
Alzheimers,alzhimers,TabDDPM,2024,42,1000,297,76,classification,19.93932082084939,0.0,3.64894324191846,23.60003789095208,Utility,ROC_AUC_TRTR,0.9350427350427352
Alzheimers,alzhimers,TabDDPM,2024,42,1000,297,76,classification,19.93932082084939,0.0,3.64894324191846,23.60003789095208,Utility,ROC_AUC_TSTR,0.5147262647262647
Alzheimers,alzhimers,TabDDPM,2024,42,1000,297,76,classification,19.93932082084939,0.0,3.64894324191846,23.60003789095208,Utility,ROC_AUC_Gap,0.4203164703164704
Alzheimers,alzhimers,TabDDPM,2024,42,1000,297,76,classification,19.93932082084939,0.0,3.64894324191846,23.60003789095208,Privacy,Mahalanobis_Distance,11.356326578815288
Alzheimers,alzhimers,TabDDPM,2024,42,1000,297,76,classification,19.93932082084939,0.0,3.64894324191846,23.60003789095208,Privacy,Mean_Distance,11.356326578815288
Alzheimers,alzhimers,TabDDPM,2024,42,1000,297,76,classification,19.93932082084939,0.0,3.64894324191846,23.60003789095208,Privacy,Median_Distance,11.437217576817266
Alzheimers,alzhimers,TabDDPM,2024,42,1000,297,76,classification,19.93932082084939,0.0,3.64894324191846,23.60003789095208,Privacy,NNDR,0.9092335209233078
Alzheimers,alzhimers,TabDDPM,2024,42,1000,297,76,classification,19.93932082084939,0.0,3.64894324191846,23.60003789095208,Privacy,MIA_AUC,0.7853932584269663
Alzheimers,alzhimers,TabDDPM,2024,42,1000,297,76,classification,19.93932082084939,0.0,3.64894324191846,23.60003789095208,Compute,training_time_seconds,19.93932082084939
Alzheimers,alzhimers,TabDDPM,2024,42,1000,297,76,classification,19.93932082084939,0.0,3.64894324191846,23.60003789095208,Compute,generation_time_seconds,0.0
Alzheimers,alzhimers,TabDDPM,2024,42,1000,297,76,classification,19.93932082084939,0.0,3.64894324191846,23.60003789095208,Compute,evaluation_time_seconds,3.64894324191846
Alzheimers,alzhimers,TabDDPM,2024,42,1000,297,76,classification,19.93932082084939,0.0,3.64894324191846,23.60003789095208,Compute,total_time_seconds,23.60003789095208
Alzheimers,alzhimers,ForestDiffusion,42,42,1000,297,76,classification,2.5459397700615227,0.0,3.823541722958908,6.379699721001089,Fidelity,Quality_Score,0.4207721161469035
Alzheimers,alzhimers,ForestDiffusion,42,42,1000,297,76,classification,2.5459397700615227,0.0,3.823541722958908,6.379699721001089,Fidelity,KS_Complement,0.8308674625038261
Alzheimers,alzhimers,ForestDiffusion,42,42,1000,297,76,classification,2.5459397700615227,0.0,3.823541722958908,6.379699721001089,Fidelity,Wasserstein_Distance,9.379389549641392
Alzheimers,alzhimers,ForestDiffusion,42,42,1000,297,76,classification,2.5459397700615227,0.0,3.823541722958908,6.379699721001089,Fidelity,MMD,0.0117370578873855
Alzheimers,alzhimers,ForestDiffusion,42,42,1000,297,76,classification,2.5459397700615227,0.0,3.823541722958908,6.379699721001089,Utility,Accuracy_TRTR,0.9258771929824562
Alzheimers,alzhimers,ForestDiffusion,42,42,1000,297,76,classification,2.5459397700615227,0.0,3.823541722958908,6.379699721001089,Utility,Accuracy_TSTR,0.9271929824561403
Alzheimers,alzhimers,ForestDiffusion,42,42,1000,297,76,classification,2.5459397700615227,0.0,3.823541722958908,6.379699721001089,Utility,Accuracy_Gap,-0.0013157894736842
Alzheimers,alzhimers,ForestDiffusion,42,42,1000,297,76,classification,2.5459397700615227,0.0,3.823541722958908,6.379699721001089,Utility,F1_TRTR,0.9258098934736716
Alzheimers,alzhimers,ForestDiffusion,42,42,1000,297,76,classification,2.5459397700615227,0.0,3.823541722958908,6.379699721001089,Utility,F1_TSTR,0.9271048022612955
Alzheimers,alzhimers,ForestDiffusion,42,42,1000,297,76,classification,2.5459397700615227,0.0,3.823541722958908,6.379699721001089,Utility,F1_Gap,-0.0012949087876238
Alzheimers,alzhimers,ForestDiffusion,42,42,1000,297,76,classification,2.5459397700615227,0.0,3.823541722958908,6.379699721001089,Utility,Precision_TRTR,0.9271394000040216
Alzheimers,alzhimers,ForestDiffusion,42,42,1000,297,76,classification,2.5459397700615227,0.0,3.823541722958908,6.379699721001089,Utility,Precision_TSTR,0.9286720916233084
Alzheimers,alzhimers,ForestDiffusion,42,42,1000,297,76,classification,2.5459397700615227,0.0,3.823541722958908,6.379699721001089,Utility,Precision_Gap,-0.0015326916192869
Alzheimers,alzhimers,ForestDiffusion,42,42,1000,297,76,classification,2.5459397700615227,0.0,3.823541722958908,6.379699721001089,Utility,Recall_TRTR,0.9258771929824562
Alzheimers,alzhimers,ForestDiffusion,42,42,1000,297,76,classification,2.5459397700615227,0.0,3.823541722958908,6.379699721001089,Utility,Recall_TSTR,0.9271929824561403
Alzheimers,alzhimers,ForestDiffusion,42,42,1000,297,76,classification,2.5459397700615227,0.0,3.823541722958908,6.379699721001089,Utility,Recall_Gap,-0.0013157894736842
Alzheimers,alzhimers,ForestDiffusion,42,42,1000,297,76,classification,2.5459397700615227,0.0,3.823541722958908,6.379699721001089,Utility,ROC_AUC_TRTR,0.9350427350427352
Alzheimers,alzhimers,ForestDiffusion,42,42,1000,297,76,classification,2.5459397700615227,0.0,3.823541722958908,6.379699721001089,Utility,ROC_AUC_TSTR,0.9323400323400324
Alzheimers,alzhimers,ForestDiffusion,42,42,1000,297,76,classification,2.5459397700615227,0.0,3.823541722958908,6.379699721001089,Utility,ROC_AUC_Gap,0.0027027027027028
Alzheimers,alzhimers,ForestDiffusion,42,42,1000,297,76,classification,2.5459397700615227,0.0,3.823541722958908,6.379699721001089,Privacy,Mahalanobis_Distance,2.976645785704398
Alzheimers,alzhimers,ForestDiffusion,42,42,1000,297,76,classification,2.5459397700615227,0.0,3.823541722958908,6.379699721001089,Privacy,Mean_Distance,2.976645785704398
Alzheimers,alzhimers,ForestDiffusion,42,42,1000,297,76,classification,2.5459397700615227,0.0,3.823541722958908,6.379699721001089,Privacy,Median_Distance,2.73864341100138
Alzheimers,alzhimers,ForestDiffusion,42,42,1000,297,76,classification,2.5459397700615227,0.0,3.823541722958908,6.379699721001089,Privacy,NNDR,0.8339722197304631
Alzheimers,alzhimers,ForestDiffusion,42,42,1000,297,76,classification,2.5459397700615227,0.0,3.823541722958908,6.379699721001089,Privacy,MIA_AUC,0.4621722846441947
Alzheimers,alzhimers,ForestDiffusion,42,42,1000,297,76,classification,2.5459397700615227,0.0,3.823541722958908,6.379699721001089,Compute,training_time_seconds,2.5459397700615227
Alzheimers,alzhimers,ForestDiffusion,42,42,1000,297,76,classification,2.5459397700615227,0.0,3.823541722958908,6.379699721001089,Compute,generation_time_seconds,0.0
Alzheimers,alzhimers,ForestDiffusion,42,42,1000,297,76,classification,2.5459397700615227,0.0,3.823541722958908,6.379699721001089,Compute,evaluation_time_seconds,3.823541722958908
Alzheimers,alzhimers,ForestDiffusion,42,42,1000,297,76,classification,2.5459397700615227,0.0,3.823541722958908,6.379699721001089,Compute,total_time_seconds,6.379699721001089
Alzheimers,alzhimers,ForestDiffusion,123,42,1000,297,76,classification,1.1411611859221011,0.0,3.689114676089957,4.841795132961124,Fidelity,Quality_Score,0.4220811273194855
Alzheimers,alzhimers,ForestDiffusion,123,42,1000,297,76,classification,1.1411611859221011,0.0,3.689114676089957,4.841795132961124,Fidelity,KS_Complement,0.8276345270890725
Alzheimers,alzhimers,ForestDiffusion,123,42,1000,297,76,classification,1.1411611859221011,0.0,3.689114676089957,4.841795132961124,Fidelity,Wasserstein_Distance,9.258779680075868
Alzheimers,alzhimers,ForestDiffusion,123,42,1000,297,76,classification,1.1411611859221011,0.0,3.689114676089957,4.841795132961124,Fidelity,MMD,0.0157471883644724
Alzheimers,alzhimers,ForestDiffusion,123,42,1000,297,76,classification,1.1411611859221011,0.0,3.689114676089957,4.841795132961124,Utility,Accuracy_TRTR,0.9258771929824562
Alzheimers,alzhimers,ForestDiffusion,123,42,1000,297,76,classification,1.1411611859221011,0.0,3.689114676089957,4.841795132961124,Utility,Accuracy_TSTR,0.93859649122807
Alzheimers,alzhimers,ForestDiffusion,123,42,1000,297,76,classification,1.1411611859221011,0.0,3.689114676089957,4.841795132961124,Utility,Accuracy_Gap,-0.0127192982456139
Alzheimers,alzhimers,ForestDiffusion,123,42,1000,297,76,classification,1.1411611859221011,0.0,3.689114676089957,4.841795132961124,Utility,F1_TRTR,0.9258098934736716
Alzheimers,alzhimers,ForestDiffusion,123,42,1000,297,76,classification,1.1411611859221011,0.0,3.689114676089957,4.841795132961124,Utility,F1_TSTR,0.9385914723677882
Alzheimers,alzhimers,ForestDiffusion,123,42,1000,297,76,classification,1.1411611859221011,0.0,3.689114676089957,4.841795132961124,Utility,F1_Gap,-0.0127815788941164
Alzheimers,alzhimers,ForestDiffusion,123,42,1000,297,76,classification,1.1411611859221011,0.0,3.689114676089957,4.841795132961124,Utility,Precision_TRTR,0.9271394000040216
Alzheimers,alzhimers,ForestDiffusion,123,42,1000,297,76,classification,1.1411611859221011,0.0,3.689114676089957,4.841795132961124,Utility,Precision_TSTR,0.9396401892760248
Alzheimers,alzhimers,ForestDiffusion,123,42,1000,297,76,classification,1.1411611859221011,0.0,3.689114676089957,4.841795132961124,Utility,Precision_Gap,-0.0125007892720031
Alzheimers,alzhimers,ForestDiffusion,123,42,1000,297,76,classification,1.1411611859221011,0.0,3.689114676089957,4.841795132961124,Utility,Recall_TRTR,0.9258771929824562
Alzheimers,alzhimers,ForestDiffusion,123,42,1000,297,76,classification,1.1411611859221011,0.0,3.689114676089957,4.841795132961124,Utility,Recall_TSTR,0.93859649122807
Alzheimers,alzhimers,ForestDiffusion,123,42,1000,297,76,classification,1.1411611859221011,0.0,3.689114676089957,4.841795132961124,Utility,Recall_Gap,-0.0127192982456139
Alzheimers,alzhimers,ForestDiffusion,123,42,1000,297,76,classification,1.1411611859221011,0.0,3.689114676089957,4.841795132961124,Utility,ROC_AUC_TRTR,0.9350427350427352
Alzheimers,alzhimers,ForestDiffusion,123,42,1000,297,76,classification,1.1411611859221011,0.0,3.689114676089957,4.841795132961124,Utility,ROC_AUC_TSTR,0.9545045045045044
Alzheimers,alzhimers,ForestDiffusion,123,42,1000,297,76,classification,1.1411611859221011,0.0,3.689114676089957,4.841795132961124,Utility,ROC_AUC_Gap,-0.0194617694617691
Alzheimers,alzhimers,ForestDiffusion,123,42,1000,297,76,classification,1.1411611859221011,0.0,3.689114676089957,4.841795132961124,Privacy,Mahalanobis_Distance,2.905180703712408
Alzheimers,alzhimers,ForestDiffusion,123,42,1000,297,76,classification,1.1411611859221011,0.0,3.689114676089957,4.841795132961124,Privacy,Mean_Distance,2.905180703712408
Alzheimers,alzhimers,ForestDiffusion,123,42,1000,297,76,classification,1.1411611859221011,0.0,3.689114676089957,4.841795132961124,Privacy,Median_Distance,2.732080851016331
Alzheimers,alzhimers,ForestDiffusion,123,42,1000,297,76,classification,1.1411611859221011,0.0,3.689114676089957,4.841795132961124,Privacy,NNDR,0.8279997863512556
Alzheimers,alzhimers,ForestDiffusion,123,42,1000,297,76,classification,1.1411611859221011,0.0,3.689114676089957,4.841795132961124,Privacy,MIA_AUC,0.5063670411985018
Alzheimers,alzhimers,ForestDiffusion,123,42,1000,297,76,classification,1.1411611859221011,0.0,3.689114676089957,4.841795132961124,Compute,training_time_seconds,1.1411611859221011
Alzheimers,alzhimers,ForestDiffusion,123,42,1000,297,76,classification,1.1411611859221011,0.0,3.689114676089957,4.841795132961124,Compute,generation_time_seconds,0.0
Alzheimers,alzhimers,ForestDiffusion,123,42,1000,297,76,classification,1.1411611859221011,0.0,3.689114676089957,4.841795132961124,Compute,evaluation_time_seconds,3.689114676089957
Alzheimers,alzhimers,ForestDiffusion,123,42,1000,297,76,classification,1.1411611859221011,0.0,3.689114676089957,4.841795132961124,Compute,total_time_seconds,4.841795132961124
Alzheimers,alzhimers,ForestDiffusion,2024,42,1000,297,76,classification,1.1268645317759365,0.0,3.728653565049171,4.866431330097839,Fidelity,Quality_Score,0.4214304203226523
Alzheimers,alzhimers,ForestDiffusion,2024,42,1000,297,76,classification,1.1268645317759365,0.0,3.728653565049171,4.866431330097839,Fidelity,KS_Complement,0.8329479644934191
Alzheimers,alzhimers,ForestDiffusion,2024,42,1000,297,76,classification,1.1268645317759365,0.0,3.728653565049171,4.866431330097839,Fidelity,Wasserstein_Distance,9.62953744349869
Alzheimers,alzhimers,ForestDiffusion,2024,42,1000,297,76,classification,1.1268645317759365,0.0,3.728653565049171,4.866431330097839,Fidelity,MMD,0.013816616660474
Alzheimers,alzhimers,ForestDiffusion,2024,42,1000,297,76,classification,1.1268645317759365,0.0,3.728653565049171,4.866431330097839,Utility,Accuracy_TRTR,0.9258771929824562
Alzheimers,alzhimers,ForestDiffusion,2024,42,1000,297,76,classification,1.1268645317759365,0.0,3.728653565049171,4.866431330097839,Utility,Accuracy_TSTR,0.9140350877192982
Alzheimers,alzhimers,ForestDiffusion,2024,42,1000,297,76,classification,1.1268645317759365,0.0,3.728653565049171,4.866431330097839,Utility,Accuracy_Gap,0.0118421052631579
Alzheimers,alzhimers,ForestDiffusion,2024,42,1000,297,76,classification,1.1268645317759365,0.0,3.728653565049171,4.866431330097839,Utility,F1_TRTR,0.9258098934736716
Alzheimers,alzhimers,ForestDiffusion,2024,42,1000,297,76,classification,1.1268645317759365,0.0,3.728653565049171,4.866431330097839,Utility,F1_TSTR,0.9140138091602048
Alzheimers,alzhimers,ForestDiffusion,2024,42,1000,297,76,classification,1.1268645317759365,0.0,3.728653565049171,4.866431330097839,Utility,F1_Gap,0.0117960843134669
Alzheimers,alzhimers,ForestDiffusion,2024,42,1000,297,76,classification,1.1268645317759365,0.0,3.728653565049171,4.866431330097839,Utility,Precision_TRTR,0.9271394000040216
Alzheimers,alzhimers,ForestDiffusion,2024,42,1000,297,76,classification,1.1268645317759365,0.0,3.728653565049171,4.866431330097839,Utility,Precision_TSTR,0.9150323928232514
Alzheimers,alzhimers,ForestDiffusion,2024,42,1000,297,76,classification,1.1268645317759365,0.0,3.728653565049171,4.866431330097839,Utility,Precision_Gap,0.0121070071807701
Alzheimers,alzhimers,ForestDiffusion,2024,42,1000,297,76,classification,1.1268645317759365,0.0,3.728653565049171,4.866431330097839,Utility,Recall_TRTR,0.9258771929824562
Alzheimers,alzhimers,ForestDiffusion,2024,42,1000,297,76,classification,1.1268645317759365,0.0,3.728653565049171,4.866431330097839,Utility,Recall_TSTR,0.9140350877192982
Alzheimers,alzhimers,ForestDiffusion,2024,42,1000,297,76,classification,1.1268645317759365,0.0,3.728653565049171,4.866431330097839,Utility,Recall_Gap,0.0118421052631579
Alzheimers,alzhimers,ForestDiffusion,2024,42,1000,297,76,classification,1.1268645317759365,0.0,3.728653565049171,4.866431330097839,Utility,ROC_AUC_TRTR,0.9350427350427352
Alzheimers,alzhimers,ForestDiffusion,2024,42,1000,297,76,classification,1.1268645317759365,0.0,3.728653565049171,4.866431330097839,Utility,ROC_AUC_TSTR,0.933829983829984
Alzheimers,alzhimers,ForestDiffusion,2024,42,1000,297,76,classification,1.1268645317759365,0.0,3.728653565049171,4.866431330097839,Utility,ROC_AUC_Gap,0.0012127512127512
Alzheimers,alzhimers,ForestDiffusion,2024,42,1000,297,76,classification,1.1268645317759365,0.0,3.728653565049171,4.866431330097839,Privacy,Mahalanobis_Distance,2.91018265334623
Alzheimers,alzhimers,ForestDiffusion,2024,42,1000,297,76,classification,1.1268645317759365,0.0,3.728653565049171,4.866431330097839,Privacy,Mean_Distance,2.91018265334623
Alzheimers,alzhimers,ForestDiffusion,2024,42,1000,297,76,classification,1.1268645317759365,0.0,3.728653565049171,4.866431330097839,Privacy,Median_Distance,2.678744717646751
Alzheimers,alzhimers,ForestDiffusion,2024,42,1000,297,76,classification,1.1268645317759365,0.0,3.728653565049171,4.866431330097839,Privacy,NNDR,0.827942629628128
Alzheimers,alzhimers,ForestDiffusion,2024,42,1000,297,76,classification,1.1268645317759365,0.0,3.728653565049171,4.866431330097839,Privacy,MIA_AUC,0.3675405742821473
Alzheimers,alzhimers,ForestDiffusion,2024,42,1000,297,76,classification,1.1268645317759365,0.0,3.728653565049171,4.866431330097839,Compute,training_time_seconds,1.1268645317759365
Alzheimers,alzhimers,ForestDiffusion,2024,42,1000,297,76,classification,1.1268645317759365,0.0,3.728653565049171,4.866431330097839,Compute,generation_time_seconds,0.0
Alzheimers,alzhimers,ForestDiffusion,2024,42,1000,297,76,classification,1.1268645317759365,0.0,3.728653565049171,4.866431330097839,Compute,evaluation_time_seconds,3.728653565049171
Alzheimers,alzhimers,ForestDiffusion,2024,42,1000,297,76,classification,1.1268645317759365,0.0,3.728653565049171,4.866431330097839,Compute,total_time_seconds,4.866431330097839
Alzheimers,alzhimers,WGAN_GP,42,42,1000,297,76,classification,11.941902108956128,0.0,7.795567374676466,19.919721561018378,Fidelity,Quality_Score,0.517244362937334
Alzheimers,alzhimers,WGAN_GP,42,42,1000,297,76,classification,11.941902108956128,0.0,7.795567374676466,19.919721561018378,Fidelity,KS_Complement,0.8064530149984694
Alzheimers,alzhimers,WGAN_GP,42,42,1000,297,76,classification,11.941902108956128,0.0,7.795567374676466,19.919721561018378,Fidelity,Wasserstein_Distance,19.07347163801833
Alzheimers,alzhimers,WGAN_GP,42,42,1000,297,76,classification,11.941902108956128,0.0,7.795567374676466,19.919721561018378,Fidelity,MMD,0.0237276721965419
Alzheimers,alzhimers,WGAN_GP,42,42,1000,297,76,classification,11.941902108956128,0.0,7.795567374676466,19.919721561018378,Utility,Accuracy_TRTR,0.9258771929824562
Alzheimers,alzhimers,WGAN_GP,42,42,1000,297,76,classification,11.941902108956128,0.0,7.795567374676466,19.919721561018378,Utility,Accuracy_TSTR,0.7293859649122808
Alzheimers,alzhimers,WGAN_GP,42,42,1000,297,76,classification,11.941902108956128,0.0,7.795567374676466,19.919721561018378,Utility,Accuracy_Gap,0.1964912280701753
Alzheimers,alzhimers,WGAN_GP,42,42,1000,297,76,classification,11.941902108956128,0.0,7.795567374676466,19.919721561018378,Utility,F1_TRTR,0.9258098934736716
Alzheimers,alzhimers,WGAN_GP,42,42,1000,297,76,classification,11.941902108956128,0.0,7.795567374676466,19.919721561018378,Utility,F1_TSTR,0.7254649301745862
Alzheimers,alzhimers,WGAN_GP,42,42,1000,297,76,classification,11.941902108956128,0.0,7.795567374676466,19.919721561018378,Utility,F1_Gap,0.2003449632990854
Alzheimers,alzhimers,WGAN_GP,42,42,1000,297,76,classification,11.941902108956128,0.0,7.795567374676466,19.919721561018378,Utility,Precision_TRTR,0.9271394000040216
Alzheimers,alzhimers,WGAN_GP,42,42,1000,297,76,classification,11.941902108956128,0.0,7.795567374676466,19.919721561018378,Utility,Precision_TSTR,0.7529147895961327
Alzheimers,alzhimers,WGAN_GP,42,42,1000,297,76,classification,11.941902108956128,0.0,7.795567374676466,19.919721561018378,Utility,Precision_Gap,0.1742246104078889
Alzheimers,alzhimers,WGAN_GP,42,42,1000,297,76,classification,11.941902108956128,0.0,7.795567374676466,19.919721561018378,Utility,Recall_TRTR,0.9258771929824562
Alzheimers,alzhimers,WGAN_GP,42,42,1000,297,76,classification,11.941902108956128,0.0,7.795567374676466,19.919721561018378,Utility,Recall_TSTR,0.7293859649122808
Alzheimers,alzhimers,WGAN_GP,42,42,1000,297,76,classification,11.941902108956128,0.0,7.795567374676466,19.919721561018378,Utility,Recall_Gap,0.1964912280701753
Alzheimers,alzhimers,WGAN_GP,42,42,1000,297,76,classification,11.941902108956128,0.0,7.795567374676466,19.919721561018378,Utility,ROC_AUC_TRTR,0.9350427350427352
Alzheimers,alzhimers,WGAN_GP,42,42,1000,297,76,classification,11.941902108956128,0.0,7.795567374676466,19.919721561018378,Utility,ROC_AUC_TSTR,0.7902979902979903
Alzheimers,alzhimers,WGAN_GP,42,42,1000,297,76,classification,11.941902108956128,0.0,7.795567374676466,19.919721561018378,Utility,ROC_AUC_Gap,0.1447447447447448
Alzheimers,alzhimers,WGAN_GP,42,42,1000,297,76,classification,11.941902108956128,0.0,7.795567374676466,19.919721561018378,Privacy,Mahalanobis_Distance,5.003241359065629
Alzheimers,alzhimers,WGAN_GP,42,42,1000,297,76,classification,11.941902108956128,0.0,7.795567374676466,19.919721561018378,Privacy,Mean_Distance,5.003241359065629
Alzheimers,alzhimers,WGAN_GP,42,42,1000,297,76,classification,11.941902108956128,0.0,7.795567374676466,19.919721561018378,Privacy,Median_Distance,4.460936939332589
Alzheimers,alzhimers,WGAN_GP,42,42,1000,297,76,classification,11.941902108956128,0.0,7.795567374676466,19.919721561018378,Privacy,NNDR,0.900601684887477
Alzheimers,alzhimers,WGAN_GP,42,42,1000,297,76,classification,11.941902108956128,0.0,7.795567374676466,19.919721561018378,Privacy,MIA_AUC,0.8397003745318352
Alzheimers,alzhimers,WGAN_GP,42,42,1000,297,76,classification,11.941902108956128,0.0,7.795567374676466,19.919721561018378,Compute,training_time_seconds,11.941902108956128
Alzheimers,alzhimers,WGAN_GP,42,42,1000,297,76,classification,11.941902108956128,0.0,7.795567374676466,19.919721561018378,Compute,generation_time_seconds,0.0
Alzheimers,alzhimers,WGAN_GP,42,42,1000,297,76,classification,11.941902108956128,0.0,7.795567374676466,19.919721561018378,Compute,evaluation_time_seconds,7.795567374676466
Alzheimers,alzhimers,WGAN_GP,42,42,1000,297,76,classification,11.941902108956128,0.0,7.795567374676466,19.919721561018378,Compute,total_time_seconds,19.919721561018378
Alzheimers,alzhimers,WGAN_GP,123,42,1000,297,76,classification,12.02736787777394,0.0,6.952770674135536,18.992173715028912,Fidelity,Quality_Score,0.5001172102477994
Alzheimers,alzhimers,WGAN_GP,123,42,1000,297,76,classification,12.02736787777394,0.0,6.952770674135536,18.992173715028912,Fidelity,KS_Complement,0.7871533516988063
Alzheimers,alzhimers,WGAN_GP,123,42,1000,297,76,classification,12.02736787777394,0.0,6.952770674135536,18.992173715028912,Fidelity,Wasserstein_Distance,42.28957024754322
Alzheimers,alzhimers,WGAN_GP,123,42,1000,297,76,classification,12.02736787777394,0.0,6.952770674135536,18.992173715028912,Fidelity,MMD,0.058639924344832
Alzheimers,alzhimers,WGAN_GP,123,42,1000,297,76,classification,12.02736787777394,0.0,6.952770674135536,18.992173715028912,Utility,Accuracy_TRTR,0.9258771929824562
Alzheimers,alzhimers,WGAN_GP,123,42,1000,297,76,classification,12.02736787777394,0.0,6.952770674135536,18.992173715028912,Utility,Accuracy_TSTR,0.6346491228070174
Alzheimers,alzhimers,WGAN_GP,123,42,1000,297,76,classification,12.02736787777394,0.0,6.952770674135536,18.992173715028912,Utility,Accuracy_Gap,0.2912280701754388
Alzheimers,alzhimers,WGAN_GP,123,42,1000,297,76,classification,12.02736787777394,0.0,6.952770674135536,18.992173715028912,Utility,F1_TRTR,0.9258098934736716
Alzheimers,alzhimers,WGAN_GP,123,42,1000,297,76,classification,12.02736787777394,0.0,6.952770674135536,18.992173715028912,Utility,F1_TSTR,0.59764670220873
Alzheimers,alzhimers,WGAN_GP,123,42,1000,297,76,classification,12.02736787777394,0.0,6.952770674135536,18.992173715028912,Utility,F1_Gap,0.3281631912649417
Alzheimers,alzhimers,WGAN_GP,123,42,1000,297,76,classification,12.02736787777394,0.0,6.952770674135536,18.992173715028912,Utility,Precision_TRTR,0.9271394000040216
Alzheimers,alzhimers,WGAN_GP,123,42,1000,297,76,classification,12.02736787777394,0.0,6.952770674135536,18.992173715028912,Utility,Precision_TSTR,0.73572024779651
Alzheimers,alzhimers,WGAN_GP,123,42,1000,297,76,classification,12.02736787777394,0.0,6.952770674135536,18.992173715028912,Utility,Precision_Gap,0.1914191522075116
Alzheimers,alzhimers,WGAN_GP,123,42,1000,297,76,classification,12.02736787777394,0.0,6.952770674135536,18.992173715028912,Utility,Recall_TRTR,0.9258771929824562
Alzheimers,alzhimers,WGAN_GP,123,42,1000,297,76,classification,12.02736787777394,0.0,6.952770674135536,18.992173715028912,Utility,Recall_TSTR,0.6346491228070174
Alzheimers,alzhimers,WGAN_GP,123,42,1000,297,76,classification,12.02736787777394,0.0,6.952770674135536,18.992173715028912,Utility,Recall_Gap,0.2912280701754388
Alzheimers,alzhimers,WGAN_GP,123,42,1000,297,76,classification,12.02736787777394,0.0,6.952770674135536,18.992173715028912,Utility,ROC_AUC_TRTR,0.9350427350427352
Alzheimers,alzhimers,WGAN_GP,123,42,1000,297,76,classification,12.02736787777394,0.0,6.952770674135536,18.992173715028912,Utility,ROC_AUC_TSTR,0.7631901131901131
Alzheimers,alzhimers,WGAN_GP,123,42,1000,297,76,classification,12.02736787777394,0.0,6.952770674135536,18.992173715028912,Utility,ROC_AUC_Gap,0.171852621852622
Alzheimers,alzhimers,WGAN_GP,123,42,1000,297,76,classification,12.02736787777394,0.0,6.952770674135536,18.992173715028912,Privacy,Mahalanobis_Distance,4.660612630077525
Alzheimers,alzhimers,WGAN_GP,123,42,1000,297,76,classification,12.02736787777394,0.0,6.952770674135536,18.992173715028912,Privacy,Mean_Distance,4.660612630077525
Alzheimers,alzhimers,WGAN_GP,123,42,1000,297,76,classification,12.02736787777394,0.0,6.952770674135536,18.992173715028912,Privacy,Median_Distance,4.457611788092494
Alzheimers,alzhimers,WGAN_GP,123,42,1000,297,76,classification,12.02736787777394,0.0,6.952770674135536,18.992173715028912,Privacy,NNDR,0.916864074907522
Alzheimers,alzhimers,WGAN_GP,123,42,1000,297,76,classification,12.02736787777394,0.0,6.952770674135536,18.992173715028912,Privacy,MIA_AUC,0.926342072409488
Alzheimers,alzhimers,WGAN_GP,123,42,1000,297,76,classification,12.02736787777394,0.0,6.952770674135536,18.992173715028912,Compute,training_time_seconds,12.02736787777394
Alzheimers,alzhimers,WGAN_GP,123,42,1000,297,76,classification,12.02736787777394,0.0,6.952770674135536,18.992173715028912,Compute,generation_time_seconds,0.0
Alzheimers,alzhimers,WGAN_GP,123,42,1000,297,76,classification,12.02736787777394,0.0,6.952770674135536,18.992173715028912,Compute,evaluation_time_seconds,6.952770674135536
Alzheimers,alzhimers,WGAN_GP,123,42,1000,297,76,classification,12.02736787777394,0.0,6.952770674135536,18.992173715028912,Compute,total_time_seconds,18.992173715028912
Alzheimers,alzhimers,WGAN_GP,2024,42,1000,297,76,classification,12.369029338937253,0.0,7.674720340874046,20.05614069616422,Fidelity,Quality_Score,0.4927794779994748
Alzheimers,alzhimers,WGAN_GP,2024,42,1000,297,76,classification,12.369029338937253,0.0,7.674720340874046,20.05614069616422,Fidelity,KS_Complement,0.7398711355984081
Alzheimers,alzhimers,WGAN_GP,2024,42,1000,297,76,classification,12.369029338937253,0.0,7.674720340874046,20.05614069616422,Fidelity,Wasserstein_Distance,28.40655517910724
Alzheimers,alzhimers,WGAN_GP,2024,42,1000,297,76,classification,12.369029338937253,0.0,7.674720340874046,20.05614069616422,Fidelity,MMD,0.0771640945489608
Alzheimers,alzhimers,WGAN_GP,2024,42,1000,297,76,classification,12.369029338937253,0.0,7.674720340874046,20.05614069616422,Utility,Accuracy_TRTR,0.9258771929824562
Alzheimers,alzhimers,WGAN_GP,2024,42,1000,297,76,classification,12.369029338937253,0.0,7.674720340874046,20.05614069616422,Utility,Accuracy_TSTR,0.8043859649122808
Alzheimers,alzhimers,WGAN_GP,2024,42,1000,297,76,classification,12.369029338937253,0.0,7.674720340874046,20.05614069616422,Utility,Accuracy_Gap,0.1214912280701754
Alzheimers,alzhimers,WGAN_GP,2024,42,1000,297,76,classification,12.369029338937253,0.0,7.674720340874046,20.05614069616422,Utility,F1_TRTR,0.9258098934736716
Alzheimers,alzhimers,WGAN_GP,2024,42,1000,297,76,classification,12.369029338937253,0.0,7.674720340874046,20.05614069616422,Utility,F1_TSTR,0.7992571081819535
Alzheimers,alzhimers,WGAN_GP,2024,42,1000,297,76,classification,12.369029338937253,0.0,7.674720340874046,20.05614069616422,Utility,F1_Gap,0.1265527852917182
Alzheimers,alzhimers,WGAN_GP,2024,42,1000,297,76,classification,12.369029338937253,0.0,7.674720340874046,20.05614069616422,Utility,Precision_TRTR,0.9271394000040216
Alzheimers,alzhimers,WGAN_GP,2024,42,1000,297,76,classification,12.369029338937253,0.0,7.674720340874046,20.05614069616422,Utility,Precision_TSTR,0.846125618405988
Alzheimers,alzhimers,WGAN_GP,2024,42,1000,297,76,classification,12.369029338937253,0.0,7.674720340874046,20.05614069616422,Utility,Precision_Gap,0.0810137815980336
Alzheimers,alzhimers,WGAN_GP,2024,42,1000,297,76,classification,12.369029338937253,0.0,7.674720340874046,20.05614069616422,Utility,Recall_TRTR,0.9258771929824562
Alzheimers,alzhimers,WGAN_GP,2024,42,1000,297,76,classification,12.369029338937253,0.0,7.674720340874046,20.05614069616422,Utility,Recall_TSTR,0.8043859649122808
Alzheimers,alzhimers,WGAN_GP,2024,42,1000,297,76,classification,12.369029338937253,0.0,7.674720340874046,20.05614069616422,Utility,Recall_Gap,0.1214912280701754
Alzheimers,alzhimers,WGAN_GP,2024,42,1000,297,76,classification,12.369029338937253,0.0,7.674720340874046,20.05614069616422,Utility,ROC_AUC_TRTR,0.9350427350427352
Alzheimers,alzhimers,WGAN_GP,2024,42,1000,297,76,classification,12.369029338937253,0.0,7.674720340874046,20.05614069616422,Utility,ROC_AUC_TSTR,0.9113652113652112
Alzheimers,alzhimers,WGAN_GP,2024,42,1000,297,76,classification,12.369029338937253,0.0,7.674720340874046,20.05614069616422,Utility,ROC_AUC_Gap,0.0236775236775238
Alzheimers,alzhimers,WGAN_GP,2024,42,1000,297,76,classification,12.369029338937253,0.0,7.674720340874046,20.05614069616422,Privacy,Mahalanobis_Distance,4.123319618784013
Alzheimers,alzhimers,WGAN_GP,2024,42,1000,297,76,classification,12.369029338937253,0.0,7.674720340874046,20.05614069616422,Privacy,Mean_Distance,4.123319618784013
Alzheimers,alzhimers,WGAN_GP,2024,42,1000,297,76,classification,12.369029338937253,0.0,7.674720340874046,20.05614069616422,Privacy,Median_Distance,3.822032480624914
Alzheimers,alzhimers,WGAN_GP,2024,42,1000,297,76,classification,12.369029338937253,0.0,7.674720340874046,20.05614069616422,Privacy,NNDR,0.8962113643972534
Alzheimers,alzhimers,WGAN_GP,2024,42,1000,297,76,classification,12.369029338937253,0.0,7.674720340874046,20.05614069616422,Privacy,MIA_AUC,0.8526841448189763
Alzheimers,alzhimers,WGAN_GP,2024,42,1000,297,76,classification,12.369029338937253,0.0,7.674720340874046,20.05614069616422,Compute,training_time_seconds,12.369029338937253
Alzheimers,alzhimers,WGAN_GP,2024,42,1000,297,76,classification,12.369029338937253,0.0,7.674720340874046,20.05614069616422,Compute,generation_time_seconds,0.0
Alzheimers,alzhimers,WGAN_GP,2024,42,1000,297,76,classification,12.369029338937253,0.0,7.674720340874046,20.05614069616422,Compute,evaluation_time_seconds,7.674720340874046
Alzheimers,alzhimers,WGAN_GP,2024,42,1000,297,76,classification,12.369029338937253,0.0,7.674720340874046,20.05614069616422,Compute,total_time_seconds,20.05614069616422
Adult,adult,CTGAN,42,42,10000,8000,2000,classification,659.4353320850059,0.0,22.362211760133505,681.8125435677357,Fidelity,Quality_Score,0.8218833333333333
Adult,adult,CTGAN,42,42,10000,8000,2000,classification,659.4353320850059,0.0,22.362211760133505,681.8125435677357,Fidelity,KS_Complement,0.7565791666666666
Adult,adult,CTGAN,42,42,10000,8000,2000,classification,659.4353320850059,0.0,22.362211760133505,681.8125435677357,Fidelity,Wasserstein_Distance,2384.298374999998
Adult,adult,CTGAN,42,42,10000,8000,2000,classification,659.4353320850059,0.0,22.362211760133505,681.8125435677357,Fidelity,MMD,0.0076491164816627
Adult,adult,CTGAN,42,42,10000,8000,2000,classification,659.4353320850059,0.0,22.362211760133505,681.8125435677357,Utility,Accuracy_TRTR,0.8237000000000002
Adult,adult,CTGAN,42,42,10000,8000,2000,classification,659.4353320850059,0.0,22.362211760133505,681.8125435677357,Utility,Accuracy_TSTR,0.7975500000000001
Adult,adult,CTGAN,42,42,10000,8000,2000,classification,659.4353320850059,0.0,22.362211760133505,681.8125435677357,Utility,Accuracy_Gap,0.0261500000000001
Adult,adult,CTGAN,42,42,10000,8000,2000,classification,659.4353320850059,0.0,22.362211760133505,681.8125435677357,Utility,F1_TRTR,0.8179017788152698
Adult,adult,CTGAN,42,42,10000,8000,2000,classification,659.4353320850059,0.0,22.362211760133505,681.8125435677357,Utility,F1_TSTR,0.7791589200707345
Adult,adult,CTGAN,42,42,10000,8000,2000,classification,659.4353320850059,0.0,22.362211760133505,681.8125435677357,Utility,F1_Gap,0.0387428587445353
Adult,adult,CTGAN,42,42,10000,8000,2000,classification,659.4353320850059,0.0,22.362211760133505,681.8125435677357,Utility,Precision_TRTR,0.81998538946126
Adult,adult,CTGAN,42,42,10000,8000,2000,classification,659.4353320850059,0.0,22.362211760133505,681.8125435677357,Utility,Precision_TSTR,0.787969244420114
Adult,adult,CTGAN,42,42,10000,8000,2000,classification,659.4353320850059,0.0,22.362211760133505,681.8125435677357,Utility,Precision_Gap,0.032016145041146
Adult,adult,CTGAN,42,42,10000,8000,2000,classification,659.4353320850059,0.0,22.362211760133505,681.8125435677357,Utility,Recall_TRTR,0.8237000000000002
Adult,adult,CTGAN,42,42,10000,8000,2000,classification,659.4353320850059,0.0,22.362211760133505,681.8125435677357,Utility,Recall_TSTR,0.7975500000000001
Adult,adult,CTGAN,42,42,10000,8000,2000,classification,659.4353320850059,0.0,22.362211760133505,681.8125435677357,Utility,Recall_Gap,0.0261500000000001
Adult,adult,CTGAN,42,42,10000,8000,2000,classification,659.4353320850059,0.0,22.362211760133505,681.8125435677357,Utility,ROC_AUC_TRTR,0.8297875243504865
Adult,adult,CTGAN,42,42,10000,8000,2000,classification,659.4353320850059,0.0,22.362211760133505,681.8125435677357,Utility,ROC_AUC_TSTR,0.7904869095063937
Adult,adult,CTGAN,42,42,10000,8000,2000,classification,659.4353320850059,0.0,22.362211760133505,681.8125435677357,Utility,ROC_AUC_Gap,0.0393006148440928
Adult,adult,CTGAN,42,42,10000,8000,2000,classification,659.4353320850059,0.0,22.362211760133505,681.8125435677357,Privacy,Mahalanobis_Distance,4.010773724726963
Adult,adult,CTGAN,42,42,10000,8000,2000,classification,659.4353320850059,0.0,22.362211760133505,681.8125435677357,Privacy,Mean_Distance,4.010773724726963
Adult,adult,CTGAN,42,42,10000,8000,2000,classification,659.4353320850059,0.0,22.362211760133505,681.8125435677357,Privacy,Median_Distance,3.884827247174535
Adult,adult,CTGAN,42,42,10000,8000,2000,classification,659.4353320850059,0.0,22.362211760133505,681.8125435677357,Privacy,NNDR,0.8740941014509749
Adult,adult,CTGAN,42,42,10000,8000,2000,classification,659.4353320850059,0.0,22.362211760133505,681.8125435677357,Privacy,MIA_AUC,0.6348148148148148
Adult,adult,CTGAN,42,42,10000,8000,2000,classification,659.4353320850059,0.0,22.362211760133505,681.8125435677357,Compute,training_time_seconds,659.4353320850059
Adult,adult,CTGAN,42,42,10000,8000,2000,classification,659.4353320850059,0.0,22.362211760133505,681.8125435677357,Compute,generation_time_seconds,0.0
Adult,adult,CTGAN,42,42,10000,8000,2000,classification,659.4353320850059,0.0,22.362211760133505,681.8125435677357,Compute,evaluation_time_seconds,22.362211760133505
Adult,adult,CTGAN,42,42,10000,8000,2000,classification,659.4353320850059,0.0,22.362211760133505,681.8125435677357,Compute,total_time_seconds,681.8125435677357
Adult,adult,CTGAN,123,42,10000,8000,2000,classification,652.2774233217351,0.0,23.536369561217725,675.8279928970151,Fidelity,Quality_Score,0.8355758333333333
Adult,adult,CTGAN,123,42,10000,8000,2000,classification,652.2774233217351,0.0,23.536369561217725,675.8279928970151,Fidelity,KS_Complement,0.7845333333333334
Adult,adult,CTGAN,123,42,10000,8000,2000,classification,652.2774233217351,0.0,23.536369561217725,675.8279928970151,Fidelity,Wasserstein_Distance,4739.7567249999975
Adult,adult,CTGAN,123,42,10000,8000,2000,classification,652.2774233217351,0.0,23.536369561217725,675.8279928970151,Fidelity,MMD,0.020382356063501
Adult,adult,CTGAN,123,42,10000,8000,2000,classification,652.2774233217351,0.0,23.536369561217725,675.8279928970151,Utility,Accuracy_TRTR,0.8237000000000002
Adult,adult,CTGAN,123,42,10000,8000,2000,classification,652.2774233217351,0.0,23.536369561217725,675.8279928970151,Utility,Accuracy_TSTR,0.7926000000000001
Adult,adult,CTGAN,123,42,10000,8000,2000,classification,652.2774233217351,0.0,23.536369561217725,675.8279928970151,Utility,Accuracy_Gap,0.0311000000000001
Adult,adult,CTGAN,123,42,10000,8000,2000,classification,652.2774233217351,0.0,23.536369561217725,675.8279928970151,Utility,F1_TRTR,0.8179017788152698
Adult,adult,CTGAN,123,42,10000,8000,2000,classification,652.2774233217351,0.0,23.536369561217725,675.8279928970151,Utility,F1_TSTR,0.7812625581262372
Adult,adult,CTGAN,123,42,10000,8000,2000,classification,652.2774233217351,0.0,23.536369561217725,675.8279928970151,Utility,F1_Gap,0.0366392206890325
Adult,adult,CTGAN,123,42,10000,8000,2000,classification,652.2774233217351,0.0,23.536369561217725,675.8279928970151,Utility,Precision_TRTR,0.81998538946126
Adult,adult,CTGAN,123,42,10000,8000,2000,classification,652.2774233217351,0.0,23.536369561217725,675.8279928970151,Utility,Precision_TSTR,0.7832772241765785
Adult,adult,CTGAN,123,42,10000,8000,2000,classification,652.2774233217351,0.0,23.536369561217725,675.8279928970151,Utility,Precision_Gap,0.0367081652846814
Adult,adult,CTGAN,123,42,10000,8000,2000,classification,652.2774233217351,0.0,23.536369561217725,675.8279928970151,Utility,Recall_TRTR,0.8237000000000002
Adult,adult,CTGAN,123,42,10000,8000,2000,classification,652.2774233217351,0.0,23.536369561217725,675.8279928970151,Utility,Recall_TSTR,0.7926000000000001
Adult,adult,CTGAN,123,42,10000,8000,2000,classification,652.2774233217351,0.0,23.536369561217725,675.8279928970151,Utility,Recall_Gap,0.0311000000000001
Adult,adult,CTGAN,123,42,10000,8000,2000,classification,652.2774233217351,0.0,23.536369561217725,675.8279928970151,Utility,ROC_AUC_TRTR,0.8297875243504865
Adult,adult,CTGAN,123,42,10000,8000,2000,classification,652.2774233217351,0.0,23.536369561217725,675.8279928970151,Utility,ROC_AUC_TSTR,0.7826272831143839
Adult,adult,CTGAN,123,42,10000,8000,2000,classification,652.2774233217351,0.0,23.536369561217725,675.8279928970151,Utility,ROC_AUC_Gap,0.0471602412361026
Adult,adult,CTGAN,123,42,10000,8000,2000,classification,652.2774233217351,0.0,23.536369561217725,675.8279928970151,Privacy,Mahalanobis_Distance,3.8946444460526695
Adult,adult,CTGAN,123,42,10000,8000,2000,classification,652.2774233217351,0.0,23.536369561217725,675.8279928970151,Privacy,Mean_Distance,3.8946444460526695
Adult,adult,CTGAN,123,42,10000,8000,2000,classification,652.2774233217351,0.0,23.536369561217725,675.8279928970151,Privacy,Median_Distance,3.7477542378578383
Adult,adult,CTGAN,123,42,10000,8000,2000,classification,652.2774233217351,0.0,23.536369561217725,675.8279928970151,Privacy,NNDR,0.870007724262842
Adult,adult,CTGAN,123,42,10000,8000,2000,classification,652.2774233217351,0.0,23.536369561217725,675.8279928970151,Privacy,MIA_AUC,0.581604938271605
Adult,adult,CTGAN,123,42,10000,8000,2000,classification,652.2774233217351,0.0,23.536369561217725,675.8279928970151,Compute,training_time_seconds,652.2774233217351
Adult,adult,CTGAN,123,42,10000,8000,2000,classification,652.2774233217351,0.0,23.536369561217725,675.8279928970151,Compute,generation_time_seconds,0.0
Adult,adult,CTGAN,123,42,10000,8000,2000,classification,652.2774233217351,0.0,23.536369561217725,675.8279928970151,Compute,evaluation_time_seconds,23.536369561217725
Adult,adult,CTGAN,123,42,10000,8000,2000,classification,652.2774233217351,0.0,23.536369561217725,675.8279928970151,Compute,total_time_seconds,675.8279928970151
Adult,adult,CTGAN,2024,42,10000,8000,2000,classification,653.9656772413291,0.0,23.966569162905216,677.94778385479,Fidelity,Quality_Score,0.8527131250000002
Adult,adult,CTGAN,2024,42,10000,8000,2000,classification,653.9656772413291,0.0,23.966569162905216,677.94778385479,Fidelity,KS_Complement,0.7589041666666668
Adult,adult,CTGAN,2024,42,10000,8000,2000,classification,653.9656772413291,0.0,23.966569162905216,677.94778385479,Fidelity,Wasserstein_Distance,3379.189399999998
Adult,adult,CTGAN,2024,42,10000,8000,2000,classification,653.9656772413291,0.0,23.966569162905216,677.94778385479,Fidelity,MMD,0.010955427069716
Adult,adult,CTGAN,2024,42,10000,8000,2000,classification,653.9656772413291,0.0,23.966569162905216,677.94778385479,Utility,Accuracy_TRTR,0.8237000000000002
Adult,adult,CTGAN,2024,42,10000,8000,2000,classification,653.9656772413291,0.0,23.966569162905216,677.94778385479,Utility,Accuracy_TSTR,0.7927833333333333
Adult,adult,CTGAN,2024,42,10000,8000,2000,classification,653.9656772413291,0.0,23.966569162905216,677.94778385479,Utility,Accuracy_Gap,0.0309166666666669
Adult,adult,CTGAN,2024,42,10000,8000,2000,classification,653.9656772413291,0.0,23.966569162905216,677.94778385479,Utility,F1_TRTR,0.8179017788152698
Adult,adult,CTGAN,2024,42,10000,8000,2000,classification,653.9656772413291,0.0,23.966569162905216,677.94778385479,Utility,F1_TSTR,0.7740558158734185
Adult,adult,CTGAN,2024,42,10000,8000,2000,classification,653.9656772413291,0.0,23.966569162905216,677.94778385479,Utility,F1_Gap,0.0438459629418512
Adult,adult,CTGAN,2024,42,10000,8000,2000,classification,653.9656772413291,0.0,23.966569162905216,677.94778385479,Utility,Precision_TRTR,0.81998538946126
Adult,adult,CTGAN,2024,42,10000,8000,2000,classification,653.9656772413291,0.0,23.966569162905216,677.94778385479,Utility,Precision_TSTR,0.7769158778157977
Adult,adult,CTGAN,2024,42,10000,8000,2000,classification,653.9656772413291,0.0,23.966569162905216,677.94778385479,Utility,Precision_Gap,0.0430695116454622
Adult,adult,CTGAN,2024,42,10000,8000,2000,classification,653.9656772413291,0.0,23.966569162905216,677.94778385479,Utility,Recall_TRTR,0.8237000000000002
Adult,adult,CTGAN,2024,42,10000,8000,2000,classification,653.9656772413291,0.0,23.966569162905216,677.94778385479,Utility,Recall_TSTR,0.7927833333333333
Adult,adult,CTGAN,2024,42,10000,8000,2000,classification,653.9656772413291,0.0,23.966569162905216,677.94778385479,Utility,Recall_Gap,0.0309166666666669
Adult,adult,CTGAN,2024,42,10000,8000,2000,classification,653.9656772413291,0.0,23.966569162905216,677.94778385479,Utility,ROC_AUC_TRTR,0.8297875243504865
Adult,adult,CTGAN,2024,42,10000,8000,2000,classification,653.9656772413291,0.0,23.966569162905216,677.94778385479,Utility,ROC_AUC_TSTR,0.7749385657039454
Adult,adult,CTGAN,2024,42,10000,8000,2000,classification,653.9656772413291,0.0,23.966569162905216,677.94778385479,Utility,ROC_AUC_Gap,0.0548489586465411
Adult,adult,CTGAN,2024,42,10000,8000,2000,classification,653.9656772413291,0.0,23.966569162905216,677.94778385479,Privacy,Mahalanobis_Distance,3.88612264352469
Adult,adult,CTGAN,2024,42,10000,8000,2000,classification,653.9656772413291,0.0,23.966569162905216,677.94778385479,Privacy,Mean_Distance,3.88612264352469
Adult,adult,CTGAN,2024,42,10000,8000,2000,classification,653.9656772413291,0.0,23.966569162905216,677.94778385479,Privacy,Median_Distance,3.8611204286776815
Adult,adult,CTGAN,2024,42,10000,8000,2000,classification,653.9656772413291,0.0,23.966569162905216,677.94778385479,Privacy,NNDR,0.8687290736151813
Adult,adult,CTGAN,2024,42,10000,8000,2000,classification,653.9656772413291,0.0,23.966569162905216,677.94778385479,Privacy,MIA_AUC,0.6374074074074074
Adult,adult,CTGAN,2024,42,10000,8000,2000,classification,653.9656772413291,0.0,23.966569162905216,677.94778385479,Compute,training_time_seconds,653.9656772413291
Adult,adult,CTGAN,2024,42,10000,8000,2000,classification,653.9656772413291,0.0,23.966569162905216,677.94778385479,Compute,generation_time_seconds,0.0
Adult,adult,CTGAN,2024,42,10000,8000,2000,classification,653.9656772413291,0.0,23.966569162905216,677.94778385479,Compute,evaluation_time_seconds,23.966569162905216
Adult,adult,CTGAN,2024,42,10000,8000,2000,classification,653.9656772413291,0.0,23.966569162905216,677.94778385479,Compute,total_time_seconds,677.94778385479
Adult,adult,CopulaGAN,42,42,10000,8000,2000,classification,649.6499507999979,0.0,18.95854189433157,668.6239154399373,Fidelity,Quality_Score,0.9025222916666666
Adult,adult,CopulaGAN,42,42,10000,8000,2000,classification,649.6499507999979,0.0,18.95854189433157,668.6239154399373,Fidelity,KS_Complement,0.9455916666666668
Adult,adult,CopulaGAN,42,42,10000,8000,2000,classification,649.6499507999979,0.0,18.95854189433157,668.6239154399373,Fidelity,Wasserstein_Distance,2829.149508333332
Adult,adult,CopulaGAN,42,42,10000,8000,2000,classification,649.6499507999979,0.0,18.95854189433157,668.6239154399373,Fidelity,MMD,0.0070696958480994
Adult,adult,CopulaGAN,42,42,10000,8000,2000,classification,649.6499507999979,0.0,18.95854189433157,668.6239154399373,Utility,Accuracy_TRTR,0.8237000000000002
Adult,adult,CopulaGAN,42,42,10000,8000,2000,classification,649.6499507999979,0.0,18.95854189433157,668.6239154399373,Utility,Accuracy_TSTR,0.7758166666666667
Adult,adult,CopulaGAN,42,42,10000,8000,2000,classification,649.6499507999979,0.0,18.95854189433157,668.6239154399373,Utility,Accuracy_Gap,0.0478833333333335
Adult,adult,CopulaGAN,42,42,10000,8000,2000,classification,649.6499507999979,0.0,18.95854189433157,668.6239154399373,Utility,F1_TRTR,0.8179017788152698
Adult,adult,CopulaGAN,42,42,10000,8000,2000,classification,649.6499507999979,0.0,18.95854189433157,668.6239154399373,Utility,F1_TSTR,0.770851892338139
Adult,adult,CopulaGAN,42,42,10000,8000,2000,classification,649.6499507999979,0.0,18.95854189433157,668.6239154399373,Utility,F1_Gap,0.0470498864771308
Adult,adult,CopulaGAN,42,42,10000,8000,2000,classification,649.6499507999979,0.0,18.95854189433157,668.6239154399373,Utility,Precision_TRTR,0.81998538946126
Adult,adult,CopulaGAN,42,42,10000,8000,2000,classification,649.6499507999979,0.0,18.95854189433157,668.6239154399373,Utility,Precision_TSTR,0.7774816301429456
Adult,adult,CopulaGAN,42,42,10000,8000,2000,classification,649.6499507999979,0.0,18.95854189433157,668.6239154399373,Utility,Precision_Gap,0.0425037593183144
Adult,adult,CopulaGAN,42,42,10000,8000,2000,classification,649.6499507999979,0.0,18.95854189433157,668.6239154399373,Utility,Recall_TRTR,0.8237000000000002
Adult,adult,CopulaGAN,42,42,10000,8000,2000,classification,649.6499507999979,0.0,18.95854189433157,668.6239154399373,Utility,Recall_TSTR,0.7758166666666667
Adult,adult,CopulaGAN,42,42,10000,8000,2000,classification,649.6499507999979,0.0,18.95854189433157,668.6239154399373,Utility,Recall_Gap,0.0478833333333335
Adult,adult,CopulaGAN,42,42,10000,8000,2000,classification,649.6499507999979,0.0,18.95854189433157,668.6239154399373,Utility,ROC_AUC_TRTR,0.8297875243504865
Adult,adult,CopulaGAN,42,42,10000,8000,2000,classification,649.6499507999979,0.0,18.95854189433157,668.6239154399373,Utility,ROC_AUC_TSTR,0.7807291296511935
Adult,adult,CopulaGAN,42,42,10000,8000,2000,classification,649.6499507999979,0.0,18.95854189433157,668.6239154399373,Utility,ROC_AUC_Gap,0.049058394699293
Adult,adult,CopulaGAN,42,42,10000,8000,2000,classification,649.6499507999979,0.0,18.95854189433157,668.6239154399373,Privacy,Mahalanobis_Distance,3.916836208254596
Adult,adult,CopulaGAN,42,42,10000,8000,2000,classification,649.6499507999979,0.0,18.95854189433157,668.6239154399373,Privacy,Mean_Distance,3.916836208254596
Adult,adult,CopulaGAN,42,42,10000,8000,2000,classification,649.6499507999979,0.0,18.95854189433157,668.6239154399373,Privacy,Median_Distance,3.7594132675216017
Adult,adult,CopulaGAN,42,42,10000,8000,2000,classification,649.6499507999979,0.0,18.95854189433157,668.6239154399373,Privacy,NNDR,0.8575487630563318
Adult,adult,CopulaGAN,42,42,10000,8000,2000,classification,649.6499507999979,0.0,18.95854189433157,668.6239154399373,Privacy,MIA_AUC,0.5925925925925927
Adult,adult,CopulaGAN,42,42,10000,8000,2000,classification,649.6499507999979,0.0,18.95854189433157,668.6239154399373,Compute,training_time_seconds,649.6499507999979
Adult,adult,CopulaGAN,42,42,10000,8000,2000,classification,649.6499507999979,0.0,18.95854189433157,668.6239154399373,Compute,generation_time_seconds,0.0
Adult,adult,CopulaGAN,42,42,10000,8000,2000,classification,649.6499507999979,0.0,18.95854189433157,668.6239154399373,Compute,evaluation_time_seconds,18.95854189433157
Adult,adult,CopulaGAN,42,42,10000,8000,2000,classification,649.6499507999979,0.0,18.95854189433157,668.6239154399373,Compute,total_time_seconds,668.6239154399373
Adult,adult,CopulaGAN,123,42,10000,8000,2000,classification,648.7774490485899,0.0,19.78731098724529,668.5785039700568,Fidelity,Quality_Score,0.8992766666666666
Adult,adult,CopulaGAN,123,42,10000,8000,2000,classification,648.7774490485899,0.0,19.78731098724529,668.5785039700568,Fidelity,KS_Complement,0.9348416666666668
Adult,adult,CopulaGAN,123,42,10000,8000,2000,classification,648.7774490485899,0.0,19.78731098724529,668.5785039700568,Fidelity,Wasserstein_Distance,2915.329558333331
Adult,adult,CopulaGAN,123,42,10000,8000,2000,classification,648.7774490485899,0.0,19.78731098724529,668.5785039700568,Fidelity,MMD,0.0098508913035538
Adult,adult,CopulaGAN,123,42,10000,8000,2000,classification,648.7774490485899,0.0,19.78731098724529,668.5785039700568,Utility,Accuracy_TRTR,0.8237000000000002
Adult,adult,CopulaGAN,123,42,10000,8000,2000,classification,648.7774490485899,0.0,19.78731098724529,668.5785039700568,Utility,Accuracy_TSTR,0.7834333333333332
Adult,adult,CopulaGAN,123,42,10000,8000,2000,classification,648.7774490485899,0.0,19.78731098724529,668.5785039700568,Utility,Accuracy_Gap,0.040266666666667
Adult,adult,CopulaGAN,123,42,10000,8000,2000,classification,648.7774490485899,0.0,19.78731098724529,668.5785039700568,Utility,F1_TRTR,0.8179017788152698
Adult,adult,CopulaGAN,123,42,10000,8000,2000,classification,648.7774490485899,0.0,19.78731098724529,668.5785039700568,Utility,F1_TSTR,0.7796366967036091
Adult,adult,CopulaGAN,123,42,10000,8000,2000,classification,648.7774490485899,0.0,19.78731098724529,668.5785039700568,Utility,F1_Gap,0.0382650821116606
Adult,adult,CopulaGAN,123,42,10000,8000,2000,classification,648.7774490485899,0.0,19.78731098724529,668.5785039700568,Utility,Precision_TRTR,0.81998538946126
Adult,adult,CopulaGAN,123,42,10000,8000,2000,classification,648.7774490485899,0.0,19.78731098724529,668.5785039700568,Utility,Precision_TSTR,0.7835142779905254
Adult,adult,CopulaGAN,123,42,10000,8000,2000,classification,648.7774490485899,0.0,19.78731098724529,668.5785039700568,Utility,Precision_Gap,0.0364711114707345
Adult,adult,CopulaGAN,123,42,10000,8000,2000,classification,648.7774490485899,0.0,19.78731098724529,668.5785039700568,Utility,Recall_TRTR,0.8237000000000002
Adult,adult,CopulaGAN,123,42,10000,8000,2000,classification,648.7774490485899,0.0,19.78731098724529,668.5785039700568,Utility,Recall_TSTR,0.7834333333333332
Adult,adult,CopulaGAN,123,42,10000,8000,2000,classification,648.7774490485899,0.0,19.78731098724529,668.5785039700568,Utility,Recall_Gap,0.040266666666667
Adult,adult,CopulaGAN,123,42,10000,8000,2000,classification,648.7774490485899,0.0,19.78731098724529,668.5785039700568,Utility,ROC_AUC_TRTR,0.8297875243504865
Adult,adult,CopulaGAN,123,42,10000,8000,2000,classification,648.7774490485899,0.0,19.78731098724529,668.5785039700568,Utility,ROC_AUC_TSTR,0.784799715538936
Adult,adult,CopulaGAN,123,42,10000,8000,2000,classification,648.7774490485899,0.0,19.78731098724529,668.5785039700568,Utility,ROC_AUC_Gap,0.0449878088115505
Adult,adult,CopulaGAN,123,42,10000,8000,2000,classification,648.7774490485899,0.0,19.78731098724529,668.5785039700568,Privacy,Mahalanobis_Distance,3.911163079314645
Adult,adult,CopulaGAN,123,42,10000,8000,2000,classification,648.7774490485899,0.0,19.78731098724529,668.5785039700568,Privacy,Mean_Distance,3.911163079314645
Adult,adult,CopulaGAN,123,42,10000,8000,2000,classification,648.7774490485899,0.0,19.78731098724529,668.5785039700568,Privacy,Median_Distance,3.6789565353989184
Adult,adult,CopulaGAN,123,42,10000,8000,2000,classification,648.7774490485899,0.0,19.78731098724529,668.5785039700568,Privacy,NNDR,0.8661627705516632
Adult,adult,CopulaGAN,123,42,10000,8000,2000,classification,648.7774490485899,0.0,19.78731098724529,668.5785039700568,Privacy,MIA_AUC,0.6212345679012345
Adult,adult,CopulaGAN,123,42,10000,8000,2000,classification,648.7774490485899,0.0,19.78731098724529,668.5785039700568,Compute,training_time_seconds,648.7774490485899
Adult,adult,CopulaGAN,123,42,10000,8000,2000,classification,648.7774490485899,0.0,19.78731098724529,668.5785039700568,Compute,generation_time_seconds,0.0
Adult,adult,CopulaGAN,123,42,10000,8000,2000,classification,648.7774490485899,0.0,19.78731098724529,668.5785039700568,Compute,evaluation_time_seconds,19.78731098724529
Adult,adult,CopulaGAN,123,42,10000,8000,2000,classification,648.7774490485899,0.0,19.78731098724529,668.5785039700568,Compute,total_time_seconds,668.5785039700568
Adult,adult,CopulaGAN,2024,42,10000,8000,2000,classification,651.8400677791797,0.0,18.34837455721572,670.200949144084,Fidelity,Quality_Score,0.8874614583333333
Adult,adult,CopulaGAN,2024,42,10000,8000,2000,classification,651.8400677791797,0.0,18.34837455721572,670.200949144084,Fidelity,KS_Complement,0.9374125
Adult,adult,CopulaGAN,2024,42,10000,8000,2000,classification,651.8400677791797,0.0,18.34837455721572,670.200949144084,Fidelity,Wasserstein_Distance,1231.092566666666
Adult,adult,CopulaGAN,2024,42,10000,8000,2000,classification,651.8400677791797,0.0,18.34837455721572,670.200949144084,Fidelity,MMD,0.0098684807986182
Adult,adult,CopulaGAN,2024,42,10000,8000,2000,classification,651.8400677791797,0.0,18.34837455721572,670.200949144084,Utility,Accuracy_TRTR,0.8237000000000002
Adult,adult,CopulaGAN,2024,42,10000,8000,2000,classification,651.8400677791797,0.0,18.34837455721572,670.200949144084,Utility,Accuracy_TSTR,0.7852833333333333
Adult,adult,CopulaGAN,2024,42,10000,8000,2000,classification,651.8400677791797,0.0,18.34837455721572,670.200949144084,Utility,Accuracy_Gap,0.0384166666666668
Adult,adult,CopulaGAN,2024,42,10000,8000,2000,classification,651.8400677791797,0.0,18.34837455721572,670.200949144084,Utility,F1_TRTR,0.8179017788152698
Adult,adult,CopulaGAN,2024,42,10000,8000,2000,classification,651.8400677791797,0.0,18.34837455721572,670.200949144084,Utility,F1_TSTR,0.7689398763458882
Adult,adult,CopulaGAN,2024,42,10000,8000,2000,classification,651.8400677791797,0.0,18.34837455721572,670.200949144084,Utility,F1_Gap,0.0489619024693815
Adult,adult,CopulaGAN,2024,42,10000,8000,2000,classification,651.8400677791797,0.0,18.34837455721572,670.200949144084,Utility,Precision_TRTR,0.81998538946126
Adult,adult,CopulaGAN,2024,42,10000,8000,2000,classification,651.8400677791797,0.0,18.34837455721572,670.200949144084,Utility,Precision_TSTR,0.7727426923970628
Adult,adult,CopulaGAN,2024,42,10000,8000,2000,classification,651.8400677791797,0.0,18.34837455721572,670.200949144084,Utility,Precision_Gap,0.0472426970641971
Adult,adult,CopulaGAN,2024,42,10000,8000,2000,classification,651.8400677791797,0.0,18.34837455721572,670.200949144084,Utility,Recall_TRTR,0.8237000000000002
Adult,adult,CopulaGAN,2024,42,10000,8000,2000,classification,651.8400677791797,0.0,18.34837455721572,670.200949144084,Utility,Recall_TSTR,0.7852833333333333
Adult,adult,CopulaGAN,2024,42,10000,8000,2000,classification,651.8400677791797,0.0,18.34837455721572,670.200949144084,Utility,Recall_Gap,0.0384166666666668
Adult,adult,CopulaGAN,2024,42,10000,8000,2000,classification,651.8400677791797,0.0,18.34837455721572,670.200949144084,Utility,ROC_AUC_TRTR,0.8297875243504865
Adult,adult,CopulaGAN,2024,42,10000,8000,2000,classification,651.8400677791797,0.0,18.34837455721572,670.200949144084,Utility,ROC_AUC_TSTR,0.7743071842363741
Adult,adult,CopulaGAN,2024,42,10000,8000,2000,classification,651.8400677791797,0.0,18.34837455721572,670.200949144084,Utility,ROC_AUC_Gap,0.0554803401141124
Adult,adult,CopulaGAN,2024,42,10000,8000,2000,classification,651.8400677791797,0.0,18.34837455721572,670.200949144084,Privacy,Mahalanobis_Distance,3.887794010848937
Adult,adult,CopulaGAN,2024,42,10000,8000,2000,classification,651.8400677791797,0.0,18.34837455721572,670.200949144084,Privacy,Mean_Distance,3.887794010848937
Adult,adult,CopulaGAN,2024,42,10000,8000,2000,classification,651.8400677791797,0.0,18.34837455721572,670.200949144084,Privacy,Median_Distance,3.7063430441747856
Adult,adult,CopulaGAN,2024,42,10000,8000,2000,classification,651.8400677791797,0.0,18.34837455721572,670.200949144084,Privacy,NNDR,0.8550074365758799
Adult,adult,CopulaGAN,2024,42,10000,8000,2000,classification,651.8400677791797,0.0,18.34837455721572,670.200949144084,Privacy,MIA_AUC,0.6141975308641975
Adult,adult,CopulaGAN,2024,42,10000,8000,2000,classification,651.8400677791797,0.0,18.34837455721572,670.200949144084,Compute,training_time_seconds,651.8400677791797
Adult,adult,CopulaGAN,2024,42,10000,8000,2000,classification,651.8400677791797,0.0,18.34837455721572,670.200949144084,Compute,generation_time_seconds,0.0
Adult,adult,CopulaGAN,2024,42,10000,8000,2000,classification,651.8400677791797,0.0,18.34837455721572,670.200949144084,Compute,evaluation_time_seconds,18.34837455721572
Adult,adult,CopulaGAN,2024,42,10000,8000,2000,classification,651.8400677791797,0.0,18.34837455721572,670.200949144084,Compute,total_time_seconds,670.200949144084
Adult,adult,TVAE,42,42,10000,8000,2000,classification,76.56847836403176,0.0,19.716460196767,96.29930744785815,Fidelity,Quality_Score,0.8366237500000001
Adult,adult,TVAE,42,42,10000,8000,2000,classification,76.56847836403176,0.0,19.716460196767,96.29930744785815,Fidelity,KS_Complement,0.8041833333333334
Adult,adult,TVAE,42,42,10000,8000,2000,classification,76.56847836403176,0.0,19.716460196767,96.29930744785815,Fidelity,Wasserstein_Distance,6539.174283333333
Adult,adult,TVAE,42,42,10000,8000,2000,classification,76.56847836403176,0.0,19.716460196767,96.29930744785815,Fidelity,MMD,0.0260198848592583
Adult,adult,TVAE,42,42,10000,8000,2000,classification,76.56847836403176,0.0,19.716460196767,96.29930744785815,Utility,Accuracy_TRTR,0.8237000000000002
Adult,adult,TVAE,42,42,10000,8000,2000,classification,76.56847836403176,0.0,19.716460196767,96.29930744785815,Utility,Accuracy_TSTR,0.6085999999999999
Adult,adult,TVAE,42,42,10000,8000,2000,classification,76.56847836403176,0.0,19.716460196767,96.29930744785815,Utility,Accuracy_Gap,0.2151000000000003
Adult,adult,TVAE,42,42,10000,8000,2000,classification,76.56847836403176,0.0,19.716460196767,96.29930744785815,Utility,F1_TRTR,0.8179017788152698
Adult,adult,TVAE,42,42,10000,8000,2000,classification,76.56847836403176,0.0,19.716460196767,96.29930744785815,Utility,F1_TSTR,0.5546402053494032
Adult,adult,TVAE,42,42,10000,8000,2000,classification,76.56847836403176,0.0,19.716460196767,96.29930744785815,Utility,F1_Gap,0.2632615734658666
Adult,adult,TVAE,42,42,10000,8000,2000,classification,76.56847836403176,0.0,19.716460196767,96.29930744785815,Utility,Precision_TRTR,0.81998538946126
Adult,adult,TVAE,42,42,10000,8000,2000,classification,76.56847836403176,0.0,19.716460196767,96.29930744785815,Utility,Precision_TSTR,0.734539385286041
Adult,adult,TVAE,42,42,10000,8000,2000,classification,76.56847836403176,0.0,19.716460196767,96.29930744785815,Utility,Precision_Gap,0.0854460041752189
Adult,adult,TVAE,42,42,10000,8000,2000,classification,76.56847836403176,0.0,19.716460196767,96.29930744785815,Utility,Recall_TRTR,0.8237000000000002
Adult,adult,TVAE,42,42,10000,8000,2000,classification,76.56847836403176,0.0,19.716460196767,96.29930744785815,Utility,Recall_TSTR,0.6085999999999999
Adult,adult,TVAE,42,42,10000,8000,2000,classification,76.56847836403176,0.0,19.716460196767,96.29930744785815,Utility,Recall_Gap,0.2151000000000003
Adult,adult,TVAE,42,42,10000,8000,2000,classification,76.56847836403176,0.0,19.716460196767,96.29930744785815,Utility,ROC_AUC_TRTR,0.8297875243504865
Adult,adult,TVAE,42,42,10000,8000,2000,classification,76.56847836403176,0.0,19.716460196767,96.29930744785815,Utility,ROC_AUC_TSTR,0.7621908012107365
Adult,adult,TVAE,42,42,10000,8000,2000,classification,76.56847836403176,0.0,19.716460196767,96.29930744785815,Utility,ROC_AUC_Gap,0.06759672313975
Adult,adult,TVAE,42,42,10000,8000,2000,classification,76.56847836403176,0.0,19.716460196767,96.29930744785815,Privacy,Mahalanobis_Distance,5.9077678820974375
Adult,adult,TVAE,42,42,10000,8000,2000,classification,76.56847836403176,0.0,19.716460196767,96.29930744785815,Privacy,Mean_Distance,5.9077678820974375
Adult,adult,TVAE,42,42,10000,8000,2000,classification,76.56847836403176,0.0,19.716460196767,96.29930744785815,Privacy,Median_Distance,5.85975622905528
Adult,adult,TVAE,42,42,10000,8000,2000,classification,76.56847836403176,0.0,19.716460196767,96.29930744785815,Privacy,NNDR,0.9336923684539664
Adult,adult,TVAE,42,42,10000,8000,2000,classification,76.56847836403176,0.0,19.716460196767,96.29930744785815,Privacy,MIA_AUC,0.9998765432098766
Adult,adult,TVAE,42,42,10000,8000,2000,classification,76.56847836403176,0.0,19.716460196767,96.29930744785815,Compute,training_time_seconds,76.56847836403176
Adult,adult,TVAE,42,42,10000,8000,2000,classification,76.56847836403176,0.0,19.716460196767,96.29930744785815,Compute,generation_time_seconds,0.0
Adult,adult,TVAE,42,42,10000,8000,2000,classification,76.56847836403176,0.0,19.716460196767,96.29930744785815,Compute,evaluation_time_seconds,19.716460196767
Adult,adult,TVAE,42,42,10000,8000,2000,classification,76.56847836403176,0.0,19.716460196767,96.29930744785815,Compute,total_time_seconds,96.29930744785815
Adult,adult,TVAE,123,42,10000,8000,2000,classification,77.27843861468136,0.0,20.54520790791139,97.8368848450482,Fidelity,Quality_Score,0.8344787499999999
Adult,adult,TVAE,123,42,10000,8000,2000,classification,77.27843861468136,0.0,20.54520790791139,97.8368848450482,Fidelity,KS_Complement,0.7781708333333334
Adult,adult,TVAE,123,42,10000,8000,2000,classification,77.27843861468136,0.0,20.54520790791139,97.8368848450482,Fidelity,Wasserstein_Distance,7927.78595833333
Adult,adult,TVAE,123,42,10000,8000,2000,classification,77.27843861468136,0.0,20.54520790791139,97.8368848450482,Fidelity,MMD,0.0350632782136512
Adult,adult,TVAE,123,42,10000,8000,2000,classification,77.27843861468136,0.0,20.54520790791139,97.8368848450482,Utility,Accuracy_TRTR,0.8237000000000002
Adult,adult,TVAE,123,42,10000,8000,2000,classification,77.27843861468136,0.0,20.54520790791139,97.8368848450482,Utility,Accuracy_TSTR,0.6156333333333334
Adult,adult,TVAE,123,42,10000,8000,2000,classification,77.27843861468136,0.0,20.54520790791139,97.8368848450482,Utility,Accuracy_Gap,0.2080666666666668
Adult,adult,TVAE,123,42,10000,8000,2000,classification,77.27843861468136,0.0,20.54520790791139,97.8368848450482,Utility,F1_TRTR,0.8179017788152698
Adult,adult,TVAE,123,42,10000,8000,2000,classification,77.27843861468136,0.0,20.54520790791139,97.8368848450482,Utility,F1_TSTR,0.5610313045490162
Adult,adult,TVAE,123,42,10000,8000,2000,classification,77.27843861468136,0.0,20.54520790791139,97.8368848450482,Utility,F1_Gap,0.2568704742662536
Adult,adult,TVAE,123,42,10000,8000,2000,classification,77.27843861468136,0.0,20.54520790791139,97.8368848450482,Utility,Precision_TRTR,0.81998538946126
Adult,adult,TVAE,123,42,10000,8000,2000,classification,77.27843861468136,0.0,20.54520790791139,97.8368848450482,Utility,Precision_TSTR,0.7269168992839258
Adult,adult,TVAE,123,42,10000,8000,2000,classification,77.27843861468136,0.0,20.54520790791139,97.8368848450482,Utility,Precision_Gap,0.0930684901773342
Adult,adult,TVAE,123,42,10000,8000,2000,classification,77.27843861468136,0.0,20.54520790791139,97.8368848450482,Utility,Recall_TRTR,0.8237000000000002
Adult,adult,TVAE,123,42,10000,8000,2000,classification,77.27843861468136,0.0,20.54520790791139,97.8368848450482,Utility,Recall_TSTR,0.6156333333333334
Adult,adult,TVAE,123,42,10000,8000,2000,classification,77.27843861468136,0.0,20.54520790791139,97.8368848450482,Utility,Recall_Gap,0.2080666666666668
Adult,adult,TVAE,123,42,10000,8000,2000,classification,77.27843861468136,0.0,20.54520790791139,97.8368848450482,Utility,ROC_AUC_TRTR,0.8297875243504865
Adult,adult,TVAE,123,42,10000,8000,2000,classification,77.27843861468136,0.0,20.54520790791139,97.8368848450482,Utility,ROC_AUC_TSTR,0.6886849279371379
Adult,adult,TVAE,123,42,10000,8000,2000,classification,77.27843861468136,0.0,20.54520790791139,97.8368848450482,Utility,ROC_AUC_Gap,0.1411025964133486
Adult,adult,TVAE,123,42,10000,8000,2000,classification,77.27843861468136,0.0,20.54520790791139,97.8368848450482,Privacy,Mahalanobis_Distance,6.161162661901477
Adult,adult,TVAE,123,42,10000,8000,2000,classification,77.27843861468136,0.0,20.54520790791139,97.8368848450482,Privacy,Mean_Distance,6.161162661901477
Adult,adult,TVAE,123,42,10000,8000,2000,classification,77.27843861468136,0.0,20.54520790791139,97.8368848450482,Privacy,Median_Distance,6.101836347128684
Adult,adult,TVAE,123,42,10000,8000,2000,classification,77.27843861468136,0.0,20.54520790791139,97.8368848450482,Privacy,NNDR,0.9288220452758474
Adult,adult,TVAE,123,42,10000,8000,2000,classification,77.27843861468136,0.0,20.54520790791139,97.8368848450482,Privacy,MIA_AUC,0.9998765432098766
Adult,adult,TVAE,123,42,10000,8000,2000,classification,77.27843861468136,0.0,20.54520790791139,97.8368848450482,Compute,training_time_seconds,77.27843861468136
Adult,adult,TVAE,123,42,10000,8000,2000,classification,77.27843861468136,0.0,20.54520790791139,97.8368848450482,Compute,generation_time_seconds,0.0
Adult,adult,TVAE,123,42,10000,8000,2000,classification,77.27843861468136,0.0,20.54520790791139,97.8368848450482,Compute,evaluation_time_seconds,20.54520790791139
Adult,adult,TVAE,123,42,10000,8000,2000,classification,77.27843861468136,0.0,20.54520790791139,97.8368848450482,Compute,total_time_seconds,97.8368848450482
Adult,adult,TVAE,2024,42,10000,8000,2000,classification,76.95028849085793,0.0,20.566545121371743,97.53246399760246,Fidelity,Quality_Score,0.8424352083333333
Adult,adult,TVAE,2024,42,10000,8000,2000,classification,76.95028849085793,0.0,20.566545121371743,97.53246399760246,Fidelity,KS_Complement,0.8063375
Adult,adult,TVAE,2024,42,10000,8000,2000,classification,76.95028849085793,0.0,20.566545121371743,97.53246399760246,Fidelity,Wasserstein_Distance,6595.77758333333
Adult,adult,TVAE,2024,42,10000,8000,2000,classification,76.95028849085793,0.0,20.566545121371743,97.53246399760246,Fidelity,MMD,0.0247514857027966
Adult,adult,TVAE,2024,42,10000,8000,2000,classification,76.95028849085793,0.0,20.566545121371743,97.53246399760246,Utility,Accuracy_TRTR,0.8237000000000002
Adult,adult,TVAE,2024,42,10000,8000,2000,classification,76.95028849085793,0.0,20.566545121371743,97.53246399760246,Utility,Accuracy_TSTR,0.6118333333333335
Adult,adult,TVAE,2024,42,10000,8000,2000,classification,76.95028849085793,0.0,20.566545121371743,97.53246399760246,Utility,Accuracy_Gap,0.2118666666666667
Adult,adult,TVAE,2024,42,10000,8000,2000,classification,76.95028849085793,0.0,20.566545121371743,97.53246399760246,Utility,F1_TRTR,0.8179017788152698
Adult,adult,TVAE,2024,42,10000,8000,2000,classification,76.95028849085793,0.0,20.566545121371743,97.53246399760246,Utility,F1_TSTR,0.5666579799196844
Adult,adult,TVAE,2024,42,10000,8000,2000,classification,76.95028849085793,0.0,20.566545121371743,97.53246399760246,Utility,F1_Gap,0.2512437988955854
Adult,adult,TVAE,2024,42,10000,8000,2000,classification,76.95028849085793,0.0,20.566545121371743,97.53246399760246,Utility,Precision_TRTR,0.81998538946126
Adult,adult,TVAE,2024,42,10000,8000,2000,classification,76.95028849085793,0.0,20.566545121371743,97.53246399760246,Utility,Precision_TSTR,0.7455800296288365
Adult,adult,TVAE,2024,42,10000,8000,2000,classification,76.95028849085793,0.0,20.566545121371743,97.53246399760246,Utility,Precision_Gap,0.0744053598324234
Adult,adult,TVAE,2024,42,10000,8000,2000,classification,76.95028849085793,0.0,20.566545121371743,97.53246399760246,Utility,Recall_TRTR,0.8237000000000002
Adult,adult,TVAE,2024,42,10000,8000,2000,classification,76.95028849085793,0.0,20.566545121371743,97.53246399760246,Utility,Recall_TSTR,0.6118333333333335
Adult,adult,TVAE,2024,42,10000,8000,2000,classification,76.95028849085793,0.0,20.566545121371743,97.53246399760246,Utility,Recall_Gap,0.2118666666666667
Adult,adult,TVAE,2024,42,10000,8000,2000,classification,76.95028849085793,0.0,20.566545121371743,97.53246399760246,Utility,ROC_AUC_TRTR,0.8297875243504865
Adult,adult,TVAE,2024,42,10000,8000,2000,classification,76.95028849085793,0.0,20.566545121371743,97.53246399760246,Utility,ROC_AUC_TSTR,0.7765272698115923
Adult,adult,TVAE,2024,42,10000,8000,2000,classification,76.95028849085793,0.0,20.566545121371743,97.53246399760246,Utility,ROC_AUC_Gap,0.0532602545388942
Adult,adult,TVAE,2024,42,10000,8000,2000,classification,76.95028849085793,0.0,20.566545121371743,97.53246399760246,Privacy,Mahalanobis_Distance,6.093356896816175
Adult,adult,TVAE,2024,42,10000,8000,2000,classification,76.95028849085793,0.0,20.566545121371743,97.53246399760246,Privacy,Mean_Distance,6.093356896816175
Adult,adult,TVAE,2024,42,10000,8000,2000,classification,76.95028849085793,0.0,20.566545121371743,97.53246399760246,Privacy,Median_Distance,6.064765438684303
Adult,adult,TVAE,2024,42,10000,8000,2000,classification,76.95028849085793,0.0,20.566545121371743,97.53246399760246,Privacy,NNDR,0.9354996441141278
Adult,adult,TVAE,2024,42,10000,8000,2000,classification,76.95028849085793,0.0,20.566545121371743,97.53246399760246,Privacy,MIA_AUC,1.0
Adult,adult,TVAE,2024,42,10000,8000,2000,classification,76.95028849085793,0.0,20.566545121371743,97.53246399760246,Compute,training_time_seconds,76.95028849085793
Adult,adult,TVAE,2024,42,10000,8000,2000,classification,76.95028849085793,0.0,20.566545121371743,97.53246399760246,Compute,generation_time_seconds,0.0
Adult,adult,TVAE,2024,42,10000,8000,2000,classification,76.95028849085793,0.0,20.566545121371743,97.53246399760246,Compute,evaluation_time_seconds,20.566545121371743
Adult,adult,TVAE,2024,42,10000,8000,2000,classification,76.95028849085793,0.0,20.566545121371743,97.53246399760246,Compute,total_time_seconds,97.53246399760246
Adult,adult,GaussianCopula,42,42,10000,8000,2000,classification,2.310515312012285,0.0,26.73019925504923,29.05453452281654,Fidelity,Quality_Score,0.8082037499999999
Adult,adult,GaussianCopula,42,42,10000,8000,2000,classification,2.310515312012285,0.0,26.73019925504923,29.05453452281654,Fidelity,KS_Complement,0.6734874999999999
Adult,adult,GaussianCopula,42,42,10000,8000,2000,classification,2.310515312012285,0.0,26.73019925504923,29.05453452281654,Fidelity,Wasserstein_Distance,6123.518841666665
Adult,adult,GaussianCopula,42,42,10000,8000,2000,classification,2.310515312012285,0.0,26.73019925504923,29.05453452281654,Fidelity,MMD,0.180721131511976
Adult,adult,GaussianCopula,42,42,10000,8000,2000,classification,2.310515312012285,0.0,26.73019925504923,29.05453452281654,Utility,Accuracy_TRTR,0.8237000000000002
Adult,adult,GaussianCopula,42,42,10000,8000,2000,classification,2.310515312012285,0.0,26.73019925504923,29.05453452281654,Utility,Accuracy_TSTR,0.7316666666666668
Adult,adult,GaussianCopula,42,42,10000,8000,2000,classification,2.310515312012285,0.0,26.73019925504923,29.05453452281654,Utility,Accuracy_Gap,0.0920333333333334
Adult,adult,GaussianCopula,42,42,10000,8000,2000,classification,2.310515312012285,0.0,26.73019925504923,29.05453452281654,Utility,F1_TRTR,0.8179017788152698
Adult,adult,GaussianCopula,42,42,10000,8000,2000,classification,2.310515312012285,0.0,26.73019925504923,29.05453452281654,Utility,F1_TSTR,0.6695774047910626
Adult,adult,GaussianCopula,42,42,10000,8000,2000,classification,2.310515312012285,0.0,26.73019925504923,29.05453452281654,Utility,F1_Gap,0.1483243740242071
Adult,adult,GaussianCopula,42,42,10000,8000,2000,classification,2.310515312012285,0.0,26.73019925504923,29.05453452281654,Utility,Precision_TRTR,0.81998538946126
Adult,adult,GaussianCopula,42,42,10000,8000,2000,classification,2.310515312012285,0.0,26.73019925504923,29.05453452281654,Utility,Precision_TSTR,0.7388211564309292
Adult,adult,GaussianCopula,42,42,10000,8000,2000,classification,2.310515312012285,0.0,26.73019925504923,29.05453452281654,Utility,Precision_Gap,0.0811642330303308
Adult,adult,GaussianCopula,42,42,10000,8000,2000,classification,2.310515312012285,0.0,26.73019925504923,29.05453452281654,Utility,Recall_TRTR,0.8237000000000002
Adult,adult,GaussianCopula,42,42,10000,8000,2000,classification,2.310515312012285,0.0,26.73019925504923,29.05453452281654,Utility,Recall_TSTR,0.7316666666666668
Adult,adult,GaussianCopula,42,42,10000,8000,2000,classification,2.310515312012285,0.0,26.73019925504923,29.05453452281654,Utility,Recall_Gap,0.0920333333333334
Adult,adult,GaussianCopula,42,42,10000,8000,2000,classification,2.310515312012285,0.0,26.73019925504923,29.05453452281654,Utility,ROC_AUC_TRTR,0.8297875243504865
Adult,adult,GaussianCopula,42,42,10000,8000,2000,classification,2.310515312012285,0.0,26.73019925504923,29.05453452281654,Utility,ROC_AUC_TSTR,0.7066001891547626
Adult,adult,GaussianCopula,42,42,10000,8000,2000,classification,2.310515312012285,0.0,26.73019925504923,29.05453452281654,Utility,ROC_AUC_Gap,0.1231873351957238
Adult,adult,GaussianCopula,42,42,10000,8000,2000,classification,2.310515312012285,0.0,26.73019925504923,29.05453452281654,Privacy,Mahalanobis_Distance,6.035120695544071
Adult,adult,GaussianCopula,42,42,10000,8000,2000,classification,2.310515312012285,0.0,26.73019925504923,29.05453452281654,Privacy,Mean_Distance,6.035120695544071
Adult,adult,GaussianCopula,42,42,10000,8000,2000,classification,2.310515312012285,0.0,26.73019925504923,29.05453452281654,Privacy,Median_Distance,5.152309420905769
Adult,adult,GaussianCopula,42,42,10000,8000,2000,classification,2.310515312012285,0.0,26.73019925504923,29.05453452281654,Privacy,NNDR,0.9317307246967576
Adult,adult,GaussianCopula,42,42,10000,8000,2000,classification,2.310515312012285,0.0,26.73019925504923,29.05453452281654,Privacy,MIA_AUC,0.8920987654320988
Adult,adult,GaussianCopula,42,42,10000,8000,2000,classification,2.310515312012285,0.0,26.73019925504923,29.05453452281654,Compute,training_time_seconds,2.310515312012285
Adult,adult,GaussianCopula,42,42,10000,8000,2000,classification,2.310515312012285,0.0,26.73019925504923,29.05453452281654,Compute,generation_time_seconds,0.0
Adult,adult,GaussianCopula,42,42,10000,8000,2000,classification,2.310515312012285,0.0,26.73019925504923,29.05453452281654,Compute,evaluation_time_seconds,26.73019925504923
Adult,adult,GaussianCopula,42,42,10000,8000,2000,classification,2.310515312012285,0.0,26.73019925504923,29.05453452281654,Compute,total_time_seconds,29.05453452281654
Adult,adult,GaussianCopula,123,42,10000,8000,2000,classification,2.3192961160093546,0.0,26.237828218843788,28.570663955062628,Fidelity,Quality_Score,0.8082037499999999
Adult,adult,GaussianCopula,123,42,10000,8000,2000,classification,2.3192961160093546,0.0,26.237828218843788,28.570663955062628,Fidelity,KS_Complement,0.6734874999999999
Adult,adult,GaussianCopula,123,42,10000,8000,2000,classification,2.3192961160093546,0.0,26.237828218843788,28.570663955062628,Fidelity,Wasserstein_Distance,6123.518841666665
Adult,adult,GaussianCopula,123,42,10000,8000,2000,classification,2.3192961160093546,0.0,26.237828218843788,28.570663955062628,Fidelity,MMD,0.180721131511976
Adult,adult,GaussianCopula,123,42,10000,8000,2000,classification,2.3192961160093546,0.0,26.237828218843788,28.570663955062628,Utility,Accuracy_TRTR,0.8237000000000002
Adult,adult,GaussianCopula,123,42,10000,8000,2000,classification,2.3192961160093546,0.0,26.237828218843788,28.570663955062628,Utility,Accuracy_TSTR,0.7316666666666668
Adult,adult,GaussianCopula,123,42,10000,8000,2000,classification,2.3192961160093546,0.0,26.237828218843788,28.570663955062628,Utility,Accuracy_Gap,0.0920333333333334
Adult,adult,GaussianCopula,123,42,10000,8000,2000,classification,2.3192961160093546,0.0,26.237828218843788,28.570663955062628,Utility,F1_TRTR,0.8179017788152698
Adult,adult,GaussianCopula,123,42,10000,8000,2000,classification,2.3192961160093546,0.0,26.237828218843788,28.570663955062628,Utility,F1_TSTR,0.6695774047910626
Adult,adult,GaussianCopula,123,42,10000,8000,2000,classification,2.3192961160093546,0.0,26.237828218843788,28.570663955062628,Utility,F1_Gap,0.1483243740242071
Adult,adult,GaussianCopula,123,42,10000,8000,2000,classification,2.3192961160093546,0.0,26.237828218843788,28.570663955062628,Utility,Precision_TRTR,0.81998538946126
Adult,adult,GaussianCopula,123,42,10000,8000,2000,classification,2.3192961160093546,0.0,26.237828218843788,28.570663955062628,Utility,Precision_TSTR,0.7388211564309292
Adult,adult,GaussianCopula,123,42,10000,8000,2000,classification,2.3192961160093546,0.0,26.237828218843788,28.570663955062628,Utility,Precision_Gap,0.0811642330303308
Adult,adult,GaussianCopula,123,42,10000,8000,2000,classification,2.3192961160093546,0.0,26.237828218843788,28.570663955062628,Utility,Recall_TRTR,0.8237000000000002
Adult,adult,GaussianCopula,123,42,10000,8000,2000,classification,2.3192961160093546,0.0,26.237828218843788,28.570663955062628,Utility,Recall_TSTR,0.7316666666666668
Adult,adult,GaussianCopula,123,42,10000,8000,2000,classification,2.3192961160093546,0.0,26.237828218843788,28.570663955062628,Utility,Recall_Gap,0.0920333333333334
Adult,adult,GaussianCopula,123,42,10000,8000,2000,classification,2.3192961160093546,0.0,26.237828218843788,28.570663955062628,Utility,ROC_AUC_TRTR,0.8297875243504865
Adult,adult,GaussianCopula,123,42,10000,8000,2000,classification,2.3192961160093546,0.0,26.237828218843788,28.570663955062628,Utility,ROC_AUC_TSTR,0.7066001891547626
Adult,adult,GaussianCopula,123,42,10000,8000,2000,classification,2.3192961160093546,0.0,26.237828218843788,28.570663955062628,Utility,ROC_AUC_Gap,0.1231873351957238
Adult,adult,GaussianCopula,123,42,10000,8000,2000,classification,2.3192961160093546,0.0,26.237828218843788,28.570663955062628,Privacy,Mahalanobis_Distance,6.035120695544071
Adult,adult,GaussianCopula,123,42,10000,8000,2000,classification,2.3192961160093546,0.0,26.237828218843788,28.570663955062628,Privacy,Mean_Distance,6.035120695544071
Adult,adult,GaussianCopula,123,42,10000,8000,2000,classification,2.3192961160093546,0.0,26.237828218843788,28.570663955062628,Privacy,Median_Distance,5.152309420905769
Adult,adult,GaussianCopula,123,42,10000,8000,2000,classification,2.3192961160093546,0.0,26.237828218843788,28.570663955062628,Privacy,NNDR,0.9317307246967576
Adult,adult,GaussianCopula,123,42,10000,8000,2000,classification,2.3192961160093546,0.0,26.237828218843788,28.570663955062628,Privacy,MIA_AUC,0.8920987654320988
Adult,adult,GaussianCopula,123,42,10000,8000,2000,classification,2.3192961160093546,0.0,26.237828218843788,28.570663955062628,Compute,training_time_seconds,2.3192961160093546
Adult,adult,GaussianCopula,123,42,10000,8000,2000,classification,2.3192961160093546,0.0,26.237828218843788,28.570663955062628,Compute,generation_time_seconds,0.0
Adult,adult,GaussianCopula,123,42,10000,8000,2000,classification,2.3192961160093546,0.0,26.237828218843788,28.570663955062628,Compute,evaluation_time_seconds,26.237828218843788
Adult,adult,GaussianCopula,123,42,10000,8000,2000,classification,2.3192961160093546,0.0,26.237828218843788,28.570663955062628,Compute,total_time_seconds,28.570663955062628
Adult,adult,GaussianCopula,2024,42,10000,8000,2000,classification,2.344012072775513,0.0,25.696289150975645,28.05557583086193,Fidelity,Quality_Score,0.8082037499999999
Adult,adult,GaussianCopula,2024,42,10000,8000,2000,classification,2.344012072775513,0.0,25.696289150975645,28.05557583086193,Fidelity,KS_Complement,0.6734874999999999
Adult,adult,GaussianCopula,2024,42,10000,8000,2000,classification,2.344012072775513,0.0,25.696289150975645,28.05557583086193,Fidelity,Wasserstein_Distance,6123.518841666665
Adult,adult,GaussianCopula,2024,42,10000,8000,2000,classification,2.344012072775513,0.0,25.696289150975645,28.05557583086193,Fidelity,MMD,0.180721131511976
Adult,adult,GaussianCopula,2024,42,10000,8000,2000,classification,2.344012072775513,0.0,25.696289150975645,28.05557583086193,Utility,Accuracy_TRTR,0.8237000000000002
Adult,adult,GaussianCopula,2024,42,10000,8000,2000,classification,2.344012072775513,0.0,25.696289150975645,28.05557583086193,Utility,Accuracy_TSTR,0.7316666666666668
Adult,adult,GaussianCopula,2024,42,10000,8000,2000,classification,2.344012072775513,0.0,25.696289150975645,28.05557583086193,Utility,Accuracy_Gap,0.0920333333333334
Adult,adult,GaussianCopula,2024,42,10000,8000,2000,classification,2.344012072775513,0.0,25.696289150975645,28.05557583086193,Utility,F1_TRTR,0.8179017788152698
Adult,adult,GaussianCopula,2024,42,10000,8000,2000,classification,2.344012072775513,0.0,25.696289150975645,28.05557583086193,Utility,F1_TSTR,0.6695774047910626
Adult,adult,GaussianCopula,2024,42,10000,8000,2000,classification,2.344012072775513,0.0,25.696289150975645,28.05557583086193,Utility,F1_Gap,0.1483243740242071
Adult,adult,GaussianCopula,2024,42,10000,8000,2000,classification,2.344012072775513,0.0,25.696289150975645,28.05557583086193,Utility,Precision_TRTR,0.81998538946126
Adult,adult,GaussianCopula,2024,42,10000,8000,2000,classification,2.344012072775513,0.0,25.696289150975645,28.05557583086193,Utility,Precision_TSTR,0.7388211564309292
Adult,adult,GaussianCopula,2024,42,10000,8000,2000,classification,2.344012072775513,0.0,25.696289150975645,28.05557583086193,Utility,Precision_Gap,0.0811642330303308
Adult,adult,GaussianCopula,2024,42,10000,8000,2000,classification,2.344012072775513,0.0,25.696289150975645,28.05557583086193,Utility,Recall_TRTR,0.8237000000000002
Adult,adult,GaussianCopula,2024,42,10000,8000,2000,classification,2.344012072775513,0.0,25.696289150975645,28.05557583086193,Utility,Recall_TSTR,0.7316666666666668
Adult,adult,GaussianCopula,2024,42,10000,8000,2000,classification,2.344012072775513,0.0,25.696289150975645,28.05557583086193,Utility,Recall_Gap,0.0920333333333334
Adult,adult,GaussianCopula,2024,42,10000,8000,2000,classification,2.344012072775513,0.0,25.696289150975645,28.05557583086193,Utility,ROC_AUC_TRTR,0.8297875243504865
Adult,adult,GaussianCopula,2024,42,10000,8000,2000,classification,2.344012072775513,0.0,25.696289150975645,28.05557583086193,Utility,ROC_AUC_TSTR,0.7066001891547626
Adult,adult,GaussianCopula,2024,42,10000,8000,2000,classification,2.344012072775513,0.0,25.696289150975645,28.05557583086193,Utility,ROC_AUC_Gap,0.1231873351957238
Adult,adult,GaussianCopula,2024,42,10000,8000,2000,classification,2.344012072775513,0.0,25.696289150975645,28.05557583086193,Privacy,Mahalanobis_Distance,6.035120695544071
Adult,adult,GaussianCopula,2024,42,10000,8000,2000,classification,2.344012072775513,0.0,25.696289150975645,28.05557583086193,Privacy,Mean_Distance,6.035120695544071
Adult,adult,GaussianCopula,2024,42,10000,8000,2000,classification,2.344012072775513,0.0,25.696289150975645,28.05557583086193,Privacy,Median_Distance,5.152309420905769
Adult,adult,GaussianCopula,2024,42,10000,8000,2000,classification,2.344012072775513,0.0,25.696289150975645,28.05557583086193,Privacy,NNDR,0.9317307246967576
Adult,adult,GaussianCopula,2024,42,10000,8000,2000,classification,2.344012072775513,0.0,25.696289150975645,28.05557583086193,Privacy,MIA_AUC,0.8920987654320988
Adult,adult,GaussianCopula,2024,42,10000,8000,2000,classification,2.344012072775513,0.0,25.696289150975645,28.05557583086193,Compute,training_time_seconds,2.344012072775513
Adult,adult,GaussianCopula,2024,42,10000,8000,2000,classification,2.344012072775513,0.0,25.696289150975645,28.05557583086193,Compute,generation_time_seconds,0.0
Adult,adult,GaussianCopula,2024,42,10000,8000,2000,classification,2.344012072775513,0.0,25.696289150975645,28.05557583086193,Compute,evaluation_time_seconds,25.696289150975645
Adult,adult,GaussianCopula,2024,42,10000,8000,2000,classification,2.344012072775513,0.0,25.696289150975645,28.05557583086193,Compute,total_time_seconds,28.05557583086193
Adult,adult,CTABGAN,42,42,10000,8000,2000,classification,623.0922574209981,0.0,29.314164667855948,652.4220287129283,Fidelity,Quality_Score,0.8516233333333334
Adult,adult,CTABGAN,42,42,10000,8000,2000,classification,623.0922574209981,0.0,29.314164667855948,652.4220287129283,Fidelity,KS_Complement,0.57255
Adult,adult,CTABGAN,42,42,10000,8000,2000,classification,623.0922574209981,0.0,29.314164667855948,652.4220287129283,Fidelity,Wasserstein_Distance,1106.45330475553
Adult,adult,CTABGAN,42,42,10000,8000,2000,classification,623.0922574209981,0.0,29.314164667855948,652.4220287129283,Fidelity,MMD,0.0107644948536015
Adult,adult,CTABGAN,42,42,10000,8000,2000,classification,623.0922574209981,0.0,29.314164667855948,652.4220287129283,Utility,Accuracy_TRTR,0.8237000000000002
Adult,adult,CTABGAN,42,42,10000,8000,2000,classification,623.0922574209981,0.0,29.314164667855948,652.4220287129283,Utility,Accuracy_TSTR,0.7781
Adult,adult,CTABGAN,42,42,10000,8000,2000,classification,623.0922574209981,0.0,29.314164667855948,652.4220287129283,Utility,Accuracy_Gap,0.0456000000000001
Adult,adult,CTABGAN,42,42,10000,8000,2000,classification,623.0922574209981,0.0,29.314164667855948,652.4220287129283,Utility,F1_TRTR,0.8179017788152698
Adult,adult,CTABGAN,42,42,10000,8000,2000,classification,623.0922574209981,0.0,29.314164667855948,652.4220287129283,Utility,F1_TSTR,0.7718356648557467
Adult,adult,CTABGAN,42,42,10000,8000,2000,classification,623.0922574209981,0.0,29.314164667855948,652.4220287129283,Utility,F1_Gap,0.046066113959523
Adult,adult,CTABGAN,42,42,10000,8000,2000,classification,623.0922574209981,0.0,29.314164667855948,652.4220287129283,Utility,Precision_TRTR,0.81998538946126
Adult,adult,CTABGAN,42,42,10000,8000,2000,classification,623.0922574209981,0.0,29.314164667855948,652.4220287129283,Utility,Precision_TSTR,0.7844683305787269
Adult,adult,CTABGAN,42,42,10000,8000,2000,classification,623.0922574209981,0.0,29.314164667855948,652.4220287129283,Utility,Precision_Gap,0.035517058882533
Adult,adult,CTABGAN,42,42,10000,8000,2000,classification,623.0922574209981,0.0,29.314164667855948,652.4220287129283,Utility,Recall_TRTR,0.8237000000000002
Adult,adult,CTABGAN,42,42,10000,8000,2000,classification,623.0922574209981,0.0,29.314164667855948,652.4220287129283,Utility,Recall_TSTR,0.7781
Adult,adult,CTABGAN,42,42,10000,8000,2000,classification,623.0922574209981,0.0,29.314164667855948,652.4220287129283,Utility,Recall_Gap,0.0456000000000001
Adult,adult,CTABGAN,42,42,10000,8000,2000,classification,623.0922574209981,0.0,29.314164667855948,652.4220287129283,Utility,ROC_AUC_TRTR,0.8297875243504865
Adult,adult,CTABGAN,42,42,10000,8000,2000,classification,623.0922574209981,0.0,29.314164667855948,652.4220287129283,Utility,ROC_AUC_TSTR,0.7877889940356115
Adult,adult,CTABGAN,42,42,10000,8000,2000,classification,623.0922574209981,0.0,29.314164667855948,652.4220287129283,Utility,ROC_AUC_Gap,0.0419985303148749
Adult,adult,CTABGAN,42,42,10000,8000,2000,classification,623.0922574209981,0.0,29.314164667855948,652.4220287129283,Privacy,Mahalanobis_Distance,3.880844107606742
Adult,adult,CTABGAN,42,42,10000,8000,2000,classification,623.0922574209981,0.0,29.314164667855948,652.4220287129283,Privacy,Mean_Distance,3.880844107606742
Adult,adult,CTABGAN,42,42,10000,8000,2000,classification,623.0922574209981,0.0,29.314164667855948,652.4220287129283,Privacy,Median_Distance,3.633841066628912
Adult,adult,CTABGAN,42,42,10000,8000,2000,classification,623.0922574209981,0.0,29.314164667855948,652.4220287129283,Privacy,NNDR,0.8473105426765587
Adult,adult,CTABGAN,42,42,10000,8000,2000,classification,623.0922574209981,0.0,29.314164667855948,652.4220287129283,Privacy,MIA_AUC,0.5339506172839505
Adult,adult,CTABGAN,42,42,10000,8000,2000,classification,623.0922574209981,0.0,29.314164667855948,652.4220287129283,Compute,training_time_seconds,623.0922574209981
Adult,adult,CTABGAN,42,42,10000,8000,2000,classification,623.0922574209981,0.0,29.314164667855948,652.4220287129283,Compute,generation_time_seconds,0.0
Adult,adult,CTABGAN,42,42,10000,8000,2000,classification,623.0922574209981,0.0,29.314164667855948,652.4220287129283,Compute,evaluation_time_seconds,29.314164667855948
Adult,adult,CTABGAN,42,42,10000,8000,2000,classification,623.0922574209981,0.0,29.314164667855948,652.4220287129283,Compute,total_time_seconds,652.4220287129283
Adult,adult,CTABGAN,123,42,10000,8000,2000,classification,619.8811222841032,0.0,29.2826290470548,649.1772371968254,Fidelity,Quality_Score,0.7746139583333334
Adult,adult,CTABGAN,123,42,10000,8000,2000,classification,619.8811222841032,0.0,29.2826290470548,649.1772371968254,Fidelity,KS_Complement,0.5660499999999999
Adult,adult,CTABGAN,123,42,10000,8000,2000,classification,619.8811222841032,0.0,29.2826290470548,649.1772371968254,Fidelity,Wasserstein_Distance,1129.2552706521587
Adult,adult,CTABGAN,123,42,10000,8000,2000,classification,619.8811222841032,0.0,29.2826290470548,649.1772371968254,Fidelity,MMD,0.0203157439446324
Adult,adult,CTABGAN,123,42,10000,8000,2000,classification,619.8811222841032,0.0,29.2826290470548,649.1772371968254,Utility,Accuracy_TRTR,0.8237000000000002
Adult,adult,CTABGAN,123,42,10000,8000,2000,classification,619.8811222841032,0.0,29.2826290470548,649.1772371968254,Utility,Accuracy_TSTR,0.77015
Adult,adult,CTABGAN,123,42,10000,8000,2000,classification,619.8811222841032,0.0,29.2826290470548,649.1772371968254,Utility,Accuracy_Gap,0.0535500000000002
Adult,adult,CTABGAN,123,42,10000,8000,2000,classification,619.8811222841032,0.0,29.2826290470548,649.1772371968254,Utility,F1_TRTR,0.8179017788152698
Adult,adult,CTABGAN,123,42,10000,8000,2000,classification,619.8811222841032,0.0,29.2826290470548,649.1772371968254,Utility,F1_TSTR,0.7740992523287324
Adult,adult,CTABGAN,123,42,10000,8000,2000,classification,619.8811222841032,0.0,29.2826290470548,649.1772371968254,Utility,F1_Gap,0.0438025264865373
Adult,adult,CTABGAN,123,42,10000,8000,2000,classification,619.8811222841032,0.0,29.2826290470548,649.1772371968254,Utility,Precision_TRTR,0.81998538946126
Adult,adult,CTABGAN,123,42,10000,8000,2000,classification,619.8811222841032,0.0,29.2826290470548,649.1772371968254,Utility,Precision_TSTR,0.785784076229829
Adult,adult,CTABGAN,123,42,10000,8000,2000,classification,619.8811222841032,0.0,29.2826290470548,649.1772371968254,Utility,Precision_Gap,0.0342013132314309
Adult,adult,CTABGAN,123,42,10000,8000,2000,classification,619.8811222841032,0.0,29.2826290470548,649.1772371968254,Utility,Recall_TRTR,0.8237000000000002
Adult,adult,CTABGAN,123,42,10000,8000,2000,classification,619.8811222841032,0.0,29.2826290470548,649.1772371968254,Utility,Recall_TSTR,0.77015
Adult,adult,CTABGAN,123,42,10000,8000,2000,classification,619.8811222841032,0.0,29.2826290470548,649.1772371968254,Utility,Recall_Gap,0.0535500000000002
Adult,adult,CTABGAN,123,42,10000,8000,2000,classification,619.8811222841032,0.0,29.2826290470548,649.1772371968254,Utility,ROC_AUC_TRTR,0.8297875243504865
Adult,adult,CTABGAN,123,42,10000,8000,2000,classification,619.8811222841032,0.0,29.2826290470548,649.1772371968254,Utility,ROC_AUC_TSTR,0.7757352981374269
Adult,adult,CTABGAN,123,42,10000,8000,2000,classification,619.8811222841032,0.0,29.2826290470548,649.1772371968254,Utility,ROC_AUC_Gap,0.0540522262130596
Adult,adult,CTABGAN,123,42,10000,8000,2000,classification,619.8811222841032,0.0,29.2826290470548,649.1772371968254,Privacy,Mahalanobis_Distance,3.9145058397679353
Adult,adult,CTABGAN,123,42,10000,8000,2000,classification,619.8811222841032,0.0,29.2826290470548,649.1772371968254,Privacy,Mean_Distance,3.9145058397679353
Adult,adult,CTABGAN,123,42,10000,8000,2000,classification,619.8811222841032,0.0,29.2826290470548,649.1772371968254,Privacy,Median_Distance,3.6915754175608138
Adult,adult,CTABGAN,123,42,10000,8000,2000,classification,619.8811222841032,0.0,29.2826290470548,649.1772371968254,Privacy,NNDR,0.8573446334092896
Adult,adult,CTABGAN,123,42,10000,8000,2000,classification,619.8811222841032,0.0,29.2826290470548,649.1772371968254,Privacy,MIA_AUC,0.6732098765432101
Adult,adult,CTABGAN,123,42,10000,8000,2000,classification,619.8811222841032,0.0,29.2826290470548,649.1772371968254,Compute,training_time_seconds,619.8811222841032
Adult,adult,CTABGAN,123,42,10000,8000,2000,classification,619.8811222841032,0.0,29.2826290470548,649.1772371968254,Compute,generation_time_seconds,0.0
Adult,adult,CTABGAN,123,42,10000,8000,2000,classification,619.8811222841032,0.0,29.2826290470548,649.1772371968254,Compute,evaluation_time_seconds,29.2826290470548
Adult,adult,CTABGAN,123,42,10000,8000,2000,classification,619.8811222841032,0.0,29.2826290470548,649.1772371968254,Compute,total_time_seconds,649.1772371968254
Adult,adult,CTABGAN,2024,42,10000,8000,2000,classification,615.0751315141097,0.0,28.895566313061863,643.9836334860884,Fidelity,Quality_Score,0.8331525
Adult,adult,CTABGAN,2024,42,10000,8000,2000,classification,615.0751315141097,0.0,28.895566313061863,643.9836334860884,Fidelity,KS_Complement,0.5557416666666667
Adult,adult,CTABGAN,2024,42,10000,8000,2000,classification,615.0751315141097,0.0,28.895566313061863,643.9836334860884,Fidelity,Wasserstein_Distance,1411.2480766059923
Adult,adult,CTABGAN,2024,42,10000,8000,2000,classification,615.0751315141097,0.0,28.895566313061863,643.9836334860884,Fidelity,MMD,0.0115948897150075
Adult,adult,CTABGAN,2024,42,10000,8000,2000,classification,615.0751315141097,0.0,28.895566313061863,643.9836334860884,Utility,Accuracy_TRTR,0.8237000000000002
Adult,adult,CTABGAN,2024,42,10000,8000,2000,classification,615.0751315141097,0.0,28.895566313061863,643.9836334860884,Utility,Accuracy_TSTR,0.7588
Adult,adult,CTABGAN,2024,42,10000,8000,2000,classification,615.0751315141097,0.0,28.895566313061863,643.9836334860884,Utility,Accuracy_Gap,0.0649000000000001
Adult,adult,CTABGAN,2024,42,10000,8000,2000,classification,615.0751315141097,0.0,28.895566313061863,643.9836334860884,Utility,F1_TRTR,0.8179017788152698
Adult,adult,CTABGAN,2024,42,10000,8000,2000,classification,615.0751315141097,0.0,28.895566313061863,643.9836334860884,Utility,F1_TSTR,0.7458265701869328
Adult,adult,CTABGAN,2024,42,10000,8000,2000,classification,615.0751315141097,0.0,28.895566313061863,643.9836334860884,Utility,F1_Gap,0.072075208628337
Adult,adult,CTABGAN,2024,42,10000,8000,2000,classification,615.0751315141097,0.0,28.895566313061863,643.9836334860884,Utility,Precision_TRTR,0.81998538946126
Adult,adult,CTABGAN,2024,42,10000,8000,2000,classification,615.0751315141097,0.0,28.895566313061863,643.9836334860884,Utility,Precision_TSTR,0.7718949828904832
Adult,adult,CTABGAN,2024,42,10000,8000,2000,classification,615.0751315141097,0.0,28.895566313061863,643.9836334860884,Utility,Precision_Gap,0.0480904065707767
Adult,adult,CTABGAN,2024,42,10000,8000,2000,classification,615.0751315141097,0.0,28.895566313061863,643.9836334860884,Utility,Recall_TRTR,0.8237000000000002
Adult,adult,CTABGAN,2024,42,10000,8000,2000,classification,615.0751315141097,0.0,28.895566313061863,643.9836334860884,Utility,Recall_TSTR,0.7588
Adult,adult,CTABGAN,2024,42,10000,8000,2000,classification,615.0751315141097,0.0,28.895566313061863,643.9836334860884,Utility,Recall_Gap,0.0649000000000001
Adult,adult,CTABGAN,2024,42,10000,8000,2000,classification,615.0751315141097,0.0,28.895566313061863,643.9836334860884,Utility,ROC_AUC_TRTR,0.8297875243504865
Adult,adult,CTABGAN,2024,42,10000,8000,2000,classification,615.0751315141097,0.0,28.895566313061863,643.9836334860884,Utility,ROC_AUC_TSTR,0.7656935127934589
Adult,adult,CTABGAN,2024,42,10000,8000,2000,classification,615.0751315141097,0.0,28.895566313061863,643.9836334860884,Utility,ROC_AUC_Gap,0.0640940115570276
Adult,adult,CTABGAN,2024,42,10000,8000,2000,classification,615.0751315141097,0.0,28.895566313061863,643.9836334860884,Privacy,Mahalanobis_Distance,3.7382892743023897
Adult,adult,CTABGAN,2024,42,10000,8000,2000,classification,615.0751315141097,0.0,28.895566313061863,643.9836334860884,Privacy,Mean_Distance,3.7382892743023897
Adult,adult,CTABGAN,2024,42,10000,8000,2000,classification,615.0751315141097,0.0,28.895566313061863,643.9836334860884,Privacy,Median_Distance,3.5503103974624874
Adult,adult,CTABGAN,2024,42,10000,8000,2000,classification,615.0751315141097,0.0,28.895566313061863,643.9836334860884,Privacy,NNDR,0.8497525428329902
Adult,adult,CTABGAN,2024,42,10000,8000,2000,classification,615.0751315141097,0.0,28.895566313061863,643.9836334860884,Privacy,MIA_AUC,0.4937037037037037
Adult,adult,CTABGAN,2024,42,10000,8000,2000,classification,615.0751315141097,0.0,28.895566313061863,643.9836334860884,Compute,training_time_seconds,615.0751315141097
Adult,adult,CTABGAN,2024,42,10000,8000,2000,classification,615.0751315141097,0.0,28.895566313061863,643.9836334860884,Compute,generation_time_seconds,0.0
Adult,adult,CTABGAN,2024,42,10000,8000,2000,classification,615.0751315141097,0.0,28.895566313061863,643.9836334860884,Compute,evaluation_time_seconds,28.895566313061863
Adult,adult,CTABGAN,2024,42,10000,8000,2000,classification,615.0751315141097,0.0,28.895566313061863,643.9836334860884,Compute,total_time_seconds,643.9836334860884
Adult,adult,WGAN_GP,42,42,10000,8000,2000,classification,274.4898052159697,0.0,28.78243308980018,303.2849325458519,Fidelity,Quality_Score,0.7158520833333333
Adult,adult,WGAN_GP,42,42,10000,8000,2000,classification,274.4898052159697,0.0,28.78243308980018,303.2849325458519,Fidelity,KS_Complement,0.7095625000000001
Adult,adult,WGAN_GP,42,42,10000,8000,2000,classification,274.4898052159697,0.0,28.78243308980018,303.2849325458519,Fidelity,Wasserstein_Distance,3401.7244119486727
Adult,adult,WGAN_GP,42,42,10000,8000,2000,classification,274.4898052159697,0.0,28.78243308980018,303.2849325458519,Fidelity,MMD,0.0066519258588214
Adult,adult,WGAN_GP,42,42,10000,8000,2000,classification,274.4898052159697,0.0,28.78243308980018,303.2849325458519,Utility,Accuracy_TRTR,0.8237000000000002
Adult,adult,WGAN_GP,42,42,10000,8000,2000,classification,274.4898052159697,0.0,28.78243308980018,303.2849325458519,Utility,Accuracy_TSTR,0.79955
Adult,adult,WGAN_GP,42,42,10000,8000,2000,classification,274.4898052159697,0.0,28.78243308980018,303.2849325458519,Utility,Accuracy_Gap,0.0241500000000002
Adult,adult,WGAN_GP,42,42,10000,8000,2000,classification,274.4898052159697,0.0,28.78243308980018,303.2849325458519,Utility,F1_TRTR,0.8179017788152698
Adult,adult,WGAN_GP,42,42,10000,8000,2000,classification,274.4898052159697,0.0,28.78243308980018,303.2849325458519,Utility,F1_TSTR,0.792269122128229
Adult,adult,WGAN_GP,42,42,10000,8000,2000,classification,274.4898052159697,0.0,28.78243308980018,303.2849325458519,Utility,F1_Gap,0.0256326566870408
Adult,adult,WGAN_GP,42,42,10000,8000,2000,classification,274.4898052159697,0.0,28.78243308980018,303.2849325458519,Utility,Precision_TRTR,0.81998538946126
Adult,adult,WGAN_GP,42,42,10000,8000,2000,classification,274.4898052159697,0.0,28.78243308980018,303.2849325458519,Utility,Precision_TSTR,0.7935004794454119
Adult,adult,WGAN_GP,42,42,10000,8000,2000,classification,274.4898052159697,0.0,28.78243308980018,303.2849325458519,Utility,Precision_Gap,0.026484910015848
Adult,adult,WGAN_GP,42,42,10000,8000,2000,classification,274.4898052159697,0.0,28.78243308980018,303.2849325458519,Utility,Recall_TRTR,0.8237000000000002
Adult,adult,WGAN_GP,42,42,10000,8000,2000,classification,274.4898052159697,0.0,28.78243308980018,303.2849325458519,Utility,Recall_TSTR,0.79955
Adult,adult,WGAN_GP,42,42,10000,8000,2000,classification,274.4898052159697,0.0,28.78243308980018,303.2849325458519,Utility,Recall_Gap,0.0241500000000002
Adult,adult,WGAN_GP,42,42,10000,8000,2000,classification,274.4898052159697,0.0,28.78243308980018,303.2849325458519,Utility,ROC_AUC_TRTR,0.8297875243504865
Adult,adult,WGAN_GP,42,42,10000,8000,2000,classification,274.4898052159697,0.0,28.78243308980018,303.2849325458519,Utility,ROC_AUC_TSTR,0.7854526457065695
Adult,adult,WGAN_GP,42,42,10000,8000,2000,classification,274.4898052159697,0.0,28.78243308980018,303.2849325458519,Utility,ROC_AUC_Gap,0.044334878643917
Adult,adult,WGAN_GP,42,42,10000,8000,2000,classification,274.4898052159697,0.0,28.78243308980018,303.2849325458519,Privacy,Mahalanobis_Distance,3.512806181804062
Adult,adult,WGAN_GP,42,42,10000,8000,2000,classification,274.4898052159697,0.0,28.78243308980018,303.2849325458519,Privacy,Mean_Distance,3.512806181804062
Adult,adult,WGAN_GP,42,42,10000,8000,2000,classification,274.4898052159697,0.0,28.78243308980018,303.2849325458519,Privacy,Median_Distance,3.3263273193321856
Adult,adult,WGAN_GP,42,42,10000,8000,2000,classification,274.4898052159697,0.0,28.78243308980018,303.2849325458519,Privacy,NNDR,0.8971603775950459
Adult,adult,WGAN_GP,42,42,10000,8000,2000,classification,274.4898052159697,0.0,28.78243308980018,303.2849325458519,Privacy,MIA_AUC,0.5814814814814815
Adult,adult,WGAN_GP,42,42,10000,8000,2000,classification,274.4898052159697,0.0,28.78243308980018,303.2849325458519,Compute,training_time_seconds,274.4898052159697
Adult,adult,WGAN_GP,42,42,10000,8000,2000,classification,274.4898052159697,0.0,28.78243308980018,303.2849325458519,Compute,generation_time_seconds,0.0
Adult,adult,WGAN_GP,42,42,10000,8000,2000,classification,274.4898052159697,0.0,28.78243308980018,303.2849325458519,Compute,evaluation_time_seconds,28.78243308980018
Adult,adult,WGAN_GP,42,42,10000,8000,2000,classification,274.4898052159697,0.0,28.78243308980018,303.2849325458519,Compute,total_time_seconds,303.2849325458519
Adult,adult,WGAN_GP,123,42,10000,8000,2000,classification,285.5224034120329,0.0,28.76520193973556,314.30406087171286,Fidelity,Quality_Score,0.7216383333333333
Adult,adult,WGAN_GP,123,42,10000,8000,2000,classification,285.5224034120329,0.0,28.76520193973556,314.30406087171286,Fidelity,KS_Complement,0.7282458333333334
Adult,adult,WGAN_GP,123,42,10000,8000,2000,classification,285.5224034120329,0.0,28.76520193973556,314.30406087171286,Fidelity,Wasserstein_Distance,2225.380367518177
Adult,adult,WGAN_GP,123,42,10000,8000,2000,classification,285.5224034120329,0.0,28.76520193973556,314.30406087171286,Fidelity,MMD,0.0061191243667587
Adult,adult,WGAN_GP,123,42,10000,8000,2000,classification,285.5224034120329,0.0,28.76520193973556,314.30406087171286,Utility,Accuracy_TRTR,0.8237000000000002
Adult,adult,WGAN_GP,123,42,10000,8000,2000,classification,285.5224034120329,0.0,28.76520193973556,314.30406087171286,Utility,Accuracy_TSTR,0.7933000000000001
Adult,adult,WGAN_GP,123,42,10000,8000,2000,classification,285.5224034120329,0.0,28.76520193973556,314.30406087171286,Utility,Accuracy_Gap,0.0304
Adult,adult,WGAN_GP,123,42,10000,8000,2000,classification,285.5224034120329,0.0,28.76520193973556,314.30406087171286,Utility,F1_TRTR,0.8179017788152698
Adult,adult,WGAN_GP,123,42,10000,8000,2000,classification,285.5224034120329,0.0,28.76520193973556,314.30406087171286,Utility,F1_TSTR,0.7849604529557348
Adult,adult,WGAN_GP,123,42,10000,8000,2000,classification,285.5224034120329,0.0,28.76520193973556,314.30406087171286,Utility,F1_Gap,0.032941325859535
Adult,adult,WGAN_GP,123,42,10000,8000,2000,classification,285.5224034120329,0.0,28.76520193973556,314.30406087171286,Utility,Precision_TRTR,0.81998538946126
Adult,adult,WGAN_GP,123,42,10000,8000,2000,classification,285.5224034120329,0.0,28.76520193973556,314.30406087171286,Utility,Precision_TSTR,0.7842351649576305
Adult,adult,WGAN_GP,123,42,10000,8000,2000,classification,285.5224034120329,0.0,28.76520193973556,314.30406087171286,Utility,Precision_Gap,0.0357502245036295
Adult,adult,WGAN_GP,123,42,10000,8000,2000,classification,285.5224034120329,0.0,28.76520193973556,314.30406087171286,Utility,Recall_TRTR,0.8237000000000002
Adult,adult,WGAN_GP,123,42,10000,8000,2000,classification,285.5224034120329,0.0,28.76520193973556,314.30406087171286,Utility,Recall_TSTR,0.7933000000000001
Adult,adult,WGAN_GP,123,42,10000,8000,2000,classification,285.5224034120329,0.0,28.76520193973556,314.30406087171286,Utility,Recall_Gap,0.0304
Adult,adult,WGAN_GP,123,42,10000,8000,2000,classification,285.5224034120329,0.0,28.76520193973556,314.30406087171286,Utility,ROC_AUC_TRTR,0.8297875243504865
Adult,adult,WGAN_GP,123,42,10000,8000,2000,classification,285.5224034120329,0.0,28.76520193973556,314.30406087171286,Utility,ROC_AUC_TSTR,0.7745279331288711
Adult,adult,WGAN_GP,123,42,10000,8000,2000,classification,285.5224034120329,0.0,28.76520193973556,314.30406087171286,Utility,ROC_AUC_Gap,0.0552595912216153
Adult,adult,WGAN_GP,123,42,10000,8000,2000,classification,285.5224034120329,0.0,28.76520193973556,314.30406087171286,Privacy,Mahalanobis_Distance,3.427104000877675
Adult,adult,WGAN_GP,123,42,10000,8000,2000,classification,285.5224034120329,0.0,28.76520193973556,314.30406087171286,Privacy,Mean_Distance,3.427104000877675
Adult,adult,WGAN_GP,123,42,10000,8000,2000,classification,285.5224034120329,0.0,28.76520193973556,314.30406087171286,Privacy,Median_Distance,3.2563637687379354
Adult,adult,WGAN_GP,123,42,10000,8000,2000,classification,285.5224034120329,0.0,28.76520193973556,314.30406087171286,Privacy,NNDR,0.883561291973814
Adult,adult,WGAN_GP,123,42,10000,8000,2000,classification,285.5224034120329,0.0,28.76520193973556,314.30406087171286,Privacy,MIA_AUC,0.5499999999999999
Adult,adult,WGAN_GP,123,42,10000,8000,2000,classification,285.5224034120329,0.0,28.76520193973556,314.30406087171286,Compute,training_time_seconds,285.5224034120329
Adult,adult,WGAN_GP,123,42,10000,8000,2000,classification,285.5224034120329,0.0,28.76520193973556,314.30406087171286,Compute,generation_time_seconds,0.0
Adult,adult,WGAN_GP,123,42,10000,8000,2000,classification,285.5224034120329,0.0,28.76520193973556,314.30406087171286,Compute,evaluation_time_seconds,28.76520193973556
Adult,adult,WGAN_GP,123,42,10000,8000,2000,classification,285.5224034120329,0.0,28.76520193973556,314.30406087171286,Compute,total_time_seconds,314.30406087171286
Adult,adult,WGAN_GP,2024,42,10000,8000,2000,classification,272.5519531480968,0.0,27.799734736792743,300.36425495380536,Fidelity,Quality_Score,0.7145283333333334
Adult,adult,WGAN_GP,2024,42,10000,8000,2000,classification,272.5519531480968,0.0,27.799734736792743,300.36425495380536,Fidelity,KS_Complement,0.7348
Adult,adult,WGAN_GP,2024,42,10000,8000,2000,classification,272.5519531480968,0.0,27.799734736792743,300.36425495380536,Fidelity,Wasserstein_Distance,1588.8226393322573
Adult,adult,WGAN_GP,2024,42,10000,8000,2000,classification,272.5519531480968,0.0,27.799734736792743,300.36425495380536,Fidelity,MMD,0.0056050127626158
Adult,adult,WGAN_GP,2024,42,10000,8000,2000,classification,272.5519531480968,0.0,27.799734736792743,300.36425495380536,Utility,Accuracy_TRTR,0.8237000000000002
Adult,adult,WGAN_GP,2024,42,10000,8000,2000,classification,272.5519531480968,0.0,27.799734736792743,300.36425495380536,Utility,Accuracy_TSTR,0.8029833333333333
Adult,adult,WGAN_GP,2024,42,10000,8000,2000,classification,272.5519531480968,0.0,27.799734736792743,300.36425495380536,Utility,Accuracy_Gap,0.0207166666666669
Adult,adult,WGAN_GP,2024,42,10000,8000,2000,classification,272.5519531480968,0.0,27.799734736792743,300.36425495380536,Utility,F1_TRTR,0.8179017788152698
Adult,adult,WGAN_GP,2024,42,10000,8000,2000,classification,272.5519531480968,0.0,27.799734736792743,300.36425495380536,Utility,F1_TSTR,0.7730140347582989
Adult,adult,WGAN_GP,2024,42,10000,8000,2000,classification,272.5519531480968,0.0,27.799734736792743,300.36425495380536,Utility,F1_Gap,0.0448877440569709
Adult,adult,WGAN_GP,2024,42,10000,8000,2000,classification,272.5519531480968,0.0,27.799734736792743,300.36425495380536,Utility,Precision_TRTR,0.81998538946126
Adult,adult,WGAN_GP,2024,42,10000,8000,2000,classification,272.5519531480968,0.0,27.799734736792743,300.36425495380536,Utility,Precision_TSTR,0.7907562405857569
Adult,adult,WGAN_GP,2024,42,10000,8000,2000,classification,272.5519531480968,0.0,27.799734736792743,300.36425495380536,Utility,Precision_Gap,0.029229148875503
Adult,adult,WGAN_GP,2024,42,10000,8000,2000,classification,272.5519531480968,0.0,27.799734736792743,300.36425495380536,Utility,Recall_TRTR,0.8237000000000002
Adult,adult,WGAN_GP,2024,42,10000,8000,2000,classification,272.5519531480968,0.0,27.799734736792743,300.36425495380536,Utility,Recall_TSTR,0.8029833333333333
Adult,adult,WGAN_GP,2024,42,10000,8000,2000,classification,272.5519531480968,0.0,27.799734736792743,300.36425495380536,Utility,Recall_Gap,0.0207166666666669
Adult,adult,WGAN_GP,2024,42,10000,8000,2000,classification,272.5519531480968,0.0,27.799734736792743,300.36425495380536,Utility,ROC_AUC_TRTR,0.8297875243504865
Adult,adult,WGAN_GP,2024,42,10000,8000,2000,classification,272.5519531480968,0.0,27.799734736792743,300.36425495380536,Utility,ROC_AUC_TSTR,0.7741111502905659
Adult,adult,WGAN_GP,2024,42,10000,8000,2000,classification,272.5519531480968,0.0,27.799734736792743,300.36425495380536,Utility,ROC_AUC_Gap,0.0556763740599206
Adult,adult,WGAN_GP,2024,42,10000,8000,2000,classification,272.5519531480968,0.0,27.799734736792743,300.36425495380536,Privacy,Mahalanobis_Distance,3.530409125599688
Adult,adult,WGAN_GP,2024,42,10000,8000,2000,classification,272.5519531480968,0.0,27.799734736792743,300.36425495380536,Privacy,Mean_Distance,3.530409125599688
Adult,adult,WGAN_GP,2024,42,10000,8000,2000,classification,272.5519531480968,0.0,27.799734736792743,300.36425495380536,Privacy,Median_Distance,3.276417762985531
Adult,adult,WGAN_GP,2024,42,10000,8000,2000,classification,272.5519531480968,0.0,27.799734736792743,300.36425495380536,Privacy,NNDR,0.887906072177122
Adult,adult,WGAN_GP,2024,42,10000,8000,2000,classification,272.5519531480968,0.0,27.799734736792743,300.36425495380536,Privacy,MIA_AUC,0.6058024691358024
Adult,adult,WGAN_GP,2024,42,10000,8000,2000,classification,272.5519531480968,0.0,27.799734736792743,300.36425495380536,Compute,training_time_seconds,272.5519531480968
Adult,adult,WGAN_GP,2024,42,10000,8000,2000,classification,272.5519531480968,0.0,27.799734736792743,300.36425495380536,Compute,generation_time_seconds,0.0
Adult,adult,WGAN_GP,2024,42,10000,8000,2000,classification,272.5519531480968,0.0,27.799734736792743,300.36425495380536,Compute,evaluation_time_seconds,27.799734736792743
Adult,adult,WGAN_GP,2024,42,10000,8000,2000,classification,272.5519531480968,0.0,27.799734736792743,300.36425495380536,Compute,total_time_seconds,300.36425495380536
Adult,adult,TabDDPM,42,42,10000,8000,2000,classification,50.92869615089148,0.0,20.76300665503368,71.70415057009086,Fidelity,Quality_Score,0.2862306249999999
Adult,adult,TabDDPM,42,42,10000,8000,2000,classification,50.92869615089148,0.0,20.76300665503368,71.70415057009086,Fidelity,KS_Complement,0.4591958333333332
Adult,adult,TabDDPM,42,42,10000,8000,2000,classification,50.92869615089148,0.0,20.76300665503368,71.70415057009086,Fidelity,Wasserstein_Distance,94047.96188469858
Adult,adult,TabDDPM,42,42,10000,8000,2000,classification,50.92869615089148,0.0,20.76300665503368,71.70415057009086,Fidelity,MMD,0.4128929707683009
Adult,adult,TabDDPM,42,42,10000,8000,2000,classification,50.92869615089148,0.0,20.76300665503368,71.70415057009086,Utility,Accuracy_TRTR,0.8237000000000002
Adult,adult,TabDDPM,42,42,10000,8000,2000,classification,50.92869615089148,0.0,20.76300665503368,71.70415057009086,Utility,Accuracy_TSTR,0.6678000000000001
Adult,adult,TabDDPM,42,42,10000,8000,2000,classification,50.92869615089148,0.0,20.76300665503368,71.70415057009086,Utility,Accuracy_Gap,0.1559000000000001
Adult,adult,TabDDPM,42,42,10000,8000,2000,classification,50.92869615089148,0.0,20.76300665503368,71.70415057009086,Utility,F1_TRTR,0.8179017788152698
Adult,adult,TabDDPM,42,42,10000,8000,2000,classification,50.92869615089148,0.0,20.76300665503368,71.70415057009086,Utility,F1_TSTR,0.6124526352532143
Adult,adult,TabDDPM,42,42,10000,8000,2000,classification,50.92869615089148,0.0,20.76300665503368,71.70415057009086,Utility,F1_Gap,0.2054491435620555
Adult,adult,TabDDPM,42,42,10000,8000,2000,classification,50.92869615089148,0.0,20.76300665503368,71.70415057009086,Utility,Precision_TRTR,0.81998538946126
Adult,adult,TabDDPM,42,42,10000,8000,2000,classification,50.92869615089148,0.0,20.76300665503368,71.70415057009086,Utility,Precision_TSTR,0.5875284483023809
Adult,adult,TabDDPM,42,42,10000,8000,2000,classification,50.92869615089148,0.0,20.76300665503368,71.70415057009086,Utility,Precision_Gap,0.232456941158879
Adult,adult,TabDDPM,42,42,10000,8000,2000,classification,50.92869615089148,0.0,20.76300665503368,71.70415057009086,Utility,Recall_TRTR,0.8237000000000002
Adult,adult,TabDDPM,42,42,10000,8000,2000,classification,50.92869615089148,0.0,20.76300665503368,71.70415057009086,Utility,Recall_TSTR,0.6678000000000001
Adult,adult,TabDDPM,42,42,10000,8000,2000,classification,50.92869615089148,0.0,20.76300665503368,71.70415057009086,Utility,Recall_Gap,0.1559000000000001
Adult,adult,TabDDPM,42,42,10000,8000,2000,classification,50.92869615089148,0.0,20.76300665503368,71.70415057009086,Utility,ROC_AUC_TRTR,0.8297875243504865
Adult,adult,TabDDPM,42,42,10000,8000,2000,classification,50.92869615089148,0.0,20.76300665503368,71.70415057009086,Utility,ROC_AUC_TSTR,0.4094337293191704
Adult,adult,TabDDPM,42,42,10000,8000,2000,classification,50.92869615089148,0.0,20.76300665503368,71.70415057009086,Utility,ROC_AUC_Gap,0.4203537950313161
Adult,adult,TabDDPM,42,42,10000,8000,2000,classification,50.92869615089148,0.0,20.76300665503368,71.70415057009086,Privacy,Mahalanobis_Distance,15.322880749198443
Adult,adult,TabDDPM,42,42,10000,8000,2000,classification,50.92869615089148,0.0,20.76300665503368,71.70415057009086,Privacy,Mean_Distance,15.322880749198443
Adult,adult,TabDDPM,42,42,10000,8000,2000,classification,50.92869615089148,0.0,20.76300665503368,71.70415057009086,Privacy,Median_Distance,15.139021421038606
Adult,adult,TabDDPM,42,42,10000,8000,2000,classification,50.92869615089148,0.0,20.76300665503368,71.70415057009086,Privacy,NNDR,0.9589734409309054
Adult,adult,TabDDPM,42,42,10000,8000,2000,classification,50.92869615089148,0.0,20.76300665503368,71.70415057009086,Privacy,MIA_AUC,1.0
Adult,adult,TabDDPM,42,42,10000,8000,2000,classification,50.92869615089148,0.0,20.76300665503368,71.70415057009086,Compute,training_time_seconds,50.92869615089148
Adult,adult,TabDDPM,42,42,10000,8000,2000,classification,50.92869615089148,0.0,20.76300665503368,71.70415057009086,Compute,generation_time_seconds,0.0
Adult,adult,TabDDPM,42,42,10000,8000,2000,classification,50.92869615089148,0.0,20.76300665503368,71.70415057009086,Compute,evaluation_time_seconds,20.76300665503368
Adult,adult,TabDDPM,42,42,10000,8000,2000,classification,50.92869615089148,0.0,20.76300665503368,71.70415057009086,Compute,total_time_seconds,71.70415057009086
Adult,adult,TabDDPM,123,42,10000,8000,2000,classification,50.932523084338754,0.0,21.31481147836893,72.26295636687428,Fidelity,Quality_Score,0.27694375
Adult,adult,TabDDPM,123,42,10000,8000,2000,classification,50.932523084338754,0.0,21.31481147836893,72.26295636687428,Fidelity,KS_Complement,0.4587
Adult,adult,TabDDPM,123,42,10000,8000,2000,classification,50.932523084338754,0.0,21.31481147836893,72.26295636687428,Fidelity,Wasserstein_Distance,98634.92394868477
Adult,adult,TabDDPM,123,42,10000,8000,2000,classification,50.932523084338754,0.0,21.31481147836893,72.26295636687428,Fidelity,MMD,0.4210474674124654
Adult,adult,TabDDPM,123,42,10000,8000,2000,classification,50.932523084338754,0.0,21.31481147836893,72.26295636687428,Utility,Accuracy_TRTR,0.8237000000000002
Adult,adult,TabDDPM,123,42,10000,8000,2000,classification,50.932523084338754,0.0,21.31481147836893,72.26295636687428,Utility,Accuracy_TSTR,0.71205
Adult,adult,TabDDPM,123,42,10000,8000,2000,classification,50.932523084338754,0.0,21.31481147836893,72.26295636687428,Utility,Accuracy_Gap,0.1116500000000002
Adult,adult,TabDDPM,123,42,10000,8000,2000,classification,50.932523084338754,0.0,21.31481147836893,72.26295636687428,Utility,F1_TRTR,0.8179017788152698
Adult,adult,TabDDPM,123,42,10000,8000,2000,classification,50.932523084338754,0.0,21.31481147836893,72.26295636687428,Utility,F1_TSTR,0.6472926131097515
Adult,adult,TabDDPM,123,42,10000,8000,2000,classification,50.932523084338754,0.0,21.31481147836893,72.26295636687428,Utility,F1_Gap,0.1706091657055183
Adult,adult,TabDDPM,123,42,10000,8000,2000,classification,50.932523084338754,0.0,21.31481147836893,72.26295636687428,Utility,Precision_TRTR,0.81998538946126
Adult,adult,TabDDPM,123,42,10000,8000,2000,classification,50.932523084338754,0.0,21.31481147836893,72.26295636687428,Utility,Precision_TSTR,0.6114543231517889
Adult,adult,TabDDPM,123,42,10000,8000,2000,classification,50.932523084338754,0.0,21.31481147836893,72.26295636687428,Utility,Precision_Gap,0.208531066309471
Adult,adult,TabDDPM,123,42,10000,8000,2000,classification,50.932523084338754,0.0,21.31481147836893,72.26295636687428,Utility,Recall_TRTR,0.8237000000000002
Adult,adult,TabDDPM,123,42,10000,8000,2000,classification,50.932523084338754,0.0,21.31481147836893,72.26295636687428,Utility,Recall_TSTR,0.71205
Adult,adult,TabDDPM,123,42,10000,8000,2000,classification,50.932523084338754,0.0,21.31481147836893,72.26295636687428,Utility,Recall_Gap,0.1116500000000002
Adult,adult,TabDDPM,123,42,10000,8000,2000,classification,50.932523084338754,0.0,21.31481147836893,72.26295636687428,Utility,ROC_AUC_TRTR,0.8297875243504865
Adult,adult,TabDDPM,123,42,10000,8000,2000,classification,50.932523084338754,0.0,21.31481147836893,72.26295636687428,Utility,ROC_AUC_TSTR,0.5052325528421506
Adult,adult,TabDDPM,123,42,10000,8000,2000,classification,50.932523084338754,0.0,21.31481147836893,72.26295636687428,Utility,ROC_AUC_Gap,0.3245549715083359
Adult,adult,TabDDPM,123,42,10000,8000,2000,classification,50.932523084338754,0.0,21.31481147836893,72.26295636687428,Privacy,Mahalanobis_Distance,15.141939325281662
Adult,adult,TabDDPM,123,42,10000,8000,2000,classification,50.932523084338754,0.0,21.31481147836893,72.26295636687428,Privacy,Mean_Distance,15.141939325281662
Adult,adult,TabDDPM,123,42,10000,8000,2000,classification,50.932523084338754,0.0,21.31481147836893,72.26295636687428,Privacy,Median_Distance,15.217110347385727
Adult,adult,TabDDPM,123,42,10000,8000,2000,classification,50.932523084338754,0.0,21.31481147836893,72.26295636687428,Privacy,NNDR,0.9449177774055368
Adult,adult,TabDDPM,123,42,10000,8000,2000,classification,50.932523084338754,0.0,21.31481147836893,72.26295636687428,Privacy,MIA_AUC,1.0
Adult,adult,TabDDPM,123,42,10000,8000,2000,classification,50.932523084338754,0.0,21.31481147836893,72.26295636687428,Compute,training_time_seconds,50.932523084338754
Adult,adult,TabDDPM,123,42,10000,8000,2000,classification,50.932523084338754,0.0,21.31481147836893,72.26295636687428,Compute,generation_time_seconds,0.0
Adult,adult,TabDDPM,123,42,10000,8000,2000,classification,50.932523084338754,0.0,21.31481147836893,72.26295636687428,Compute,evaluation_time_seconds,21.31481147836893
Adult,adult,TabDDPM,123,42,10000,8000,2000,classification,50.932523084338754,0.0,21.31481147836893,72.26295636687428,Compute,total_time_seconds,72.26295636687428
Adult,adult,TabDDPM,2024,42,10000,8000,2000,classification,52.1743246759288,0.0,21.05464721377939,73.2440051608719,Fidelity,Quality_Score,0.3027085416666667
Adult,adult,TabDDPM,2024,42,10000,8000,2000,classification,52.1743246759288,0.0,21.05464721377939,73.2440051608719,Fidelity,KS_Complement,0.4837125
Adult,adult,TabDDPM,2024,42,10000,8000,2000,classification,52.1743246759288,0.0,21.05464721377939,73.2440051608719,Fidelity,Wasserstein_Distance,76684.1547358028
Adult,adult,TabDDPM,2024,42,10000,8000,2000,classification,52.1743246759288,0.0,21.05464721377939,73.2440051608719,Fidelity,MMD,0.424969921166035
Adult,adult,TabDDPM,2024,42,10000,8000,2000,classification,52.1743246759288,0.0,21.05464721377939,73.2440051608719,Utility,Accuracy_TRTR,0.8237000000000002
Adult,adult,TabDDPM,2024,42,10000,8000,2000,classification,52.1743246759288,0.0,21.05464721377939,73.2440051608719,Utility,Accuracy_TSTR,0.6620333333333335
Adult,adult,TabDDPM,2024,42,10000,8000,2000,classification,52.1743246759288,0.0,21.05464721377939,73.2440051608719,Utility,Accuracy_Gap,0.1616666666666667
Adult,adult,TabDDPM,2024,42,10000,8000,2000,classification,52.1743246759288,0.0,21.05464721377939,73.2440051608719,Utility,F1_TRTR,0.8179017788152698
Adult,adult,TabDDPM,2024,42,10000,8000,2000,classification,52.1743246759288,0.0,21.05464721377939,73.2440051608719,Utility,F1_TSTR,0.6057552221816267
Adult,adult,TabDDPM,2024,42,10000,8000,2000,classification,52.1743246759288,0.0,21.05464721377939,73.2440051608719,Utility,F1_Gap,0.2121465566336431
Adult,adult,TabDDPM,2024,42,10000,8000,2000,classification,52.1743246759288,0.0,21.05464721377939,73.2440051608719,Utility,Precision_TRTR,0.81998538946126
Adult,adult,TabDDPM,2024,42,10000,8000,2000,classification,52.1743246759288,0.0,21.05464721377939,73.2440051608719,Utility,Precision_TSTR,0.6025286047064361
Adult,adult,TabDDPM,2024,42,10000,8000,2000,classification,52.1743246759288,0.0,21.05464721377939,73.2440051608719,Utility,Precision_Gap,0.2174567847548238
Adult,adult,TabDDPM,2024,42,10000,8000,2000,classification,52.1743246759288,0.0,21.05464721377939,73.2440051608719,Utility,Recall_TRTR,0.8237000000000002
Adult,adult,TabDDPM,2024,42,10000,8000,2000,classification,52.1743246759288,0.0,21.05464721377939,73.2440051608719,Utility,Recall_TSTR,0.6620333333333335
Adult,adult,TabDDPM,2024,42,10000,8000,2000,classification,52.1743246759288,0.0,21.05464721377939,73.2440051608719,Utility,Recall_Gap,0.1616666666666667
Adult,adult,TabDDPM,2024,42,10000,8000,2000,classification,52.1743246759288,0.0,21.05464721377939,73.2440051608719,Utility,ROC_AUC_TRTR,0.8297875243504865
Adult,adult,TabDDPM,2024,42,10000,8000,2000,classification,52.1743246759288,0.0,21.05464721377939,73.2440051608719,Utility,ROC_AUC_TSTR,0.4718865317435585
Adult,adult,TabDDPM,2024,42,10000,8000,2000,classification,52.1743246759288,0.0,21.05464721377939,73.2440051608719,Utility,ROC_AUC_Gap,0.357900992606928
Adult,adult,TabDDPM,2024,42,10000,8000,2000,classification,52.1743246759288,0.0,21.05464721377939,73.2440051608719,Privacy,Mahalanobis_Distance,14.803133028260527
Adult,adult,TabDDPM,2024,42,10000,8000,2000,classification,52.1743246759288,0.0,21.05464721377939,73.2440051608719,Privacy,Mean_Distance,14.803133028260527
Adult,adult,TabDDPM,2024,42,10000,8000,2000,classification,52.1743246759288,0.0,21.05464721377939,73.2440051608719,Privacy,Median_Distance,15.273354273181845
Adult,adult,TabDDPM,2024,42,10000,8000,2000,classification,52.1743246759288,0.0,21.05464721377939,73.2440051608719,Privacy,NNDR,0.9475174965825716
Adult,adult,TabDDPM,2024,42,10000,8000,2000,classification,52.1743246759288,0.0,21.05464721377939,73.2440051608719,Privacy,MIA_AUC,1.0
Adult,adult,TabDDPM,2024,42,10000,8000,2000,classification,52.1743246759288,0.0,21.05464721377939,73.2440051608719,Compute,training_time_seconds,52.1743246759288
Adult,adult,TabDDPM,2024,42,10000,8000,2000,classification,52.1743246759288,0.0,21.05464721377939,73.2440051608719,Compute,generation_time_seconds,0.0
Adult,adult,TabDDPM,2024,42,10000,8000,2000,classification,52.1743246759288,0.0,21.05464721377939,73.2440051608719,Compute,evaluation_time_seconds,21.05464721377939
Adult,adult,TabDDPM,2024,42,10000,8000,2000,classification,52.1743246759288,0.0,21.05464721377939,73.2440051608719,Compute,total_time_seconds,73.2440051608719
Adult,adult,ForestDiffusion,42,42,10000,8000,2000,classification,162.974297944922,0.0,25.3681301237084,188.35621367907152,Fidelity,Quality_Score,0.7766668750000001
Adult,adult,ForestDiffusion,42,42,10000,8000,2000,classification,162.974297944922,0.0,25.3681301237084,188.35621367907152,Fidelity,KS_Complement,0.688875
Adult,adult,ForestDiffusion,42,42,10000,8000,2000,classification,162.974297944922,0.0,25.3681301237084,188.35621367907152,Fidelity,Wasserstein_Distance,4559.779314835862
Adult,adult,ForestDiffusion,42,42,10000,8000,2000,classification,162.974297944922,0.0,25.3681301237084,188.35621367907152,Fidelity,MMD,0.0228920313880409
Adult,adult,ForestDiffusion,42,42,10000,8000,2000,classification,162.974297944922,0.0,25.3681301237084,188.35621367907152,Utility,Accuracy_TRTR,0.8237000000000002
Adult,adult,ForestDiffusion,42,42,10000,8000,2000,classification,162.974297944922,0.0,25.3681301237084,188.35621367907152,Utility,Accuracy_TSTR,0.7963833333333333
Adult,adult,ForestDiffusion,42,42,10000,8000,2000,classification,162.974297944922,0.0,25.3681301237084,188.35621367907152,Utility,Accuracy_Gap,0.0273166666666668
Adult,adult,ForestDiffusion,42,42,10000,8000,2000,classification,162.974297944922,0.0,25.3681301237084,188.35621367907152,Utility,F1_TRTR,0.8179017788152698
Adult,adult,ForestDiffusion,42,42,10000,8000,2000,classification,162.974297944922,0.0,25.3681301237084,188.35621367907152,Utility,F1_TSTR,0.7695187550310663
Adult,adult,ForestDiffusion,42,42,10000,8000,2000,classification,162.974297944922,0.0,25.3681301237084,188.35621367907152,Utility,F1_Gap,0.0483830237842035
Adult,adult,ForestDiffusion,42,42,10000,8000,2000,classification,162.974297944922,0.0,25.3681301237084,188.35621367907152,Utility,Precision_TRTR,0.81998538946126
Adult,adult,ForestDiffusion,42,42,10000,8000,2000,classification,162.974297944922,0.0,25.3681301237084,188.35621367907152,Utility,Precision_TSTR,0.7813875075851086
Adult,adult,ForestDiffusion,42,42,10000,8000,2000,classification,162.974297944922,0.0,25.3681301237084,188.35621367907152,Utility,Precision_Gap,0.0385978818761514
Adult,adult,ForestDiffusion,42,42,10000,8000,2000,classification,162.974297944922,0.0,25.3681301237084,188.35621367907152,Utility,Recall_TRTR,0.8237000000000002
Adult,adult,ForestDiffusion,42,42,10000,8000,2000,classification,162.974297944922,0.0,25.3681301237084,188.35621367907152,Utility,Recall_TSTR,0.7963833333333333
Adult,adult,ForestDiffusion,42,42,10000,8000,2000,classification,162.974297944922,0.0,25.3681301237084,188.35621367907152,Utility,Recall_Gap,0.0273166666666668
Adult,adult,ForestDiffusion,42,42,10000,8000,2000,classification,162.974297944922,0.0,25.3681301237084,188.35621367907152,Utility,ROC_AUC_TRTR,0.8297875243504865
Adult,adult,ForestDiffusion,42,42,10000,8000,2000,classification,162.974297944922,0.0,25.3681301237084,188.35621367907152,Utility,ROC_AUC_TSTR,0.7797259989394213
Adult,adult,ForestDiffusion,42,42,10000,8000,2000,classification,162.974297944922,0.0,25.3681301237084,188.35621367907152,Utility,ROC_AUC_Gap,0.0500615254110652
Adult,adult,ForestDiffusion,42,42,10000,8000,2000,classification,162.974297944922,0.0,25.3681301237084,188.35621367907152,Privacy,Mahalanobis_Distance,3.76977846597004
Adult,adult,ForestDiffusion,42,42,10000,8000,2000,classification,162.974297944922,0.0,25.3681301237084,188.35621367907152,Privacy,Mean_Distance,3.76977846597004
Adult,adult,ForestDiffusion,42,42,10000,8000,2000,classification,162.974297944922,0.0,25.3681301237084,188.35621367907152,Privacy,Median_Distance,3.518448865678186
Adult,adult,ForestDiffusion,42,42,10000,8000,2000,classification,162.974297944922,0.0,25.3681301237084,188.35621367907152,Privacy,NNDR,0.925411070314434
Adult,adult,ForestDiffusion,42,42,10000,8000,2000,classification,162.974297944922,0.0,25.3681301237084,188.35621367907152,Privacy,MIA_AUC,0.9748148148148148
Adult,adult,ForestDiffusion,42,42,10000,8000,2000,classification,162.974297944922,0.0,25.3681301237084,188.35621367907152,Compute,training_time_seconds,162.974297944922
Adult,adult,ForestDiffusion,42,42,10000,8000,2000,classification,162.974297944922,0.0,25.3681301237084,188.35621367907152,Compute,generation_time_seconds,0.0
Adult,adult,ForestDiffusion,42,42,10000,8000,2000,classification,162.974297944922,0.0,25.3681301237084,188.35621367907152,Compute,evaluation_time_seconds,25.3681301237084
Adult,adult,ForestDiffusion,42,42,10000,8000,2000,classification,162.974297944922,0.0,25.3681301237084,188.35621367907152,Compute,total_time_seconds,188.35621367907152
Adult,adult,ForestDiffusion,123,42,10000,8000,2000,classification,153.5862343898043,0.0,26.19516775291413,179.79537281906232,Fidelity,Quality_Score,0.7744566666666666
Adult,adult,ForestDiffusion,123,42,10000,8000,2000,classification,153.5862343898043,0.0,26.19516775291413,179.79537281906232,Fidelity,KS_Complement,0.6904458333333333
Adult,adult,ForestDiffusion,123,42,10000,8000,2000,classification,153.5862343898043,0.0,26.19516775291413,179.79537281906232,Fidelity,Wasserstein_Distance,4445.246824529747
Adult,adult,ForestDiffusion,123,42,10000,8000,2000,classification,153.5862343898043,0.0,26.19516775291413,179.79537281906232,Fidelity,MMD,0.0211380311637811
Adult,adult,ForestDiffusion,123,42,10000,8000,2000,classification,153.5862343898043,0.0,26.19516775291413,179.79537281906232,Utility,Accuracy_TRTR,0.8237000000000002
Adult,adult,ForestDiffusion,123,42,10000,8000,2000,classification,153.5862343898043,0.0,26.19516775291413,179.79537281906232,Utility,Accuracy_TSTR,0.8150666666666666
Adult,adult,ForestDiffusion,123,42,10000,8000,2000,classification,153.5862343898043,0.0,26.19516775291413,179.79537281906232,Utility,Accuracy_Gap,0.0086333333333336
Adult,adult,ForestDiffusion,123,42,10000,8000,2000,classification,153.5862343898043,0.0,26.19516775291413,179.79537281906232,Utility,F1_TRTR,0.8179017788152698
Adult,adult,ForestDiffusion,123,42,10000,8000,2000,classification,153.5862343898043,0.0,26.19516775291413,179.79537281906232,Utility,F1_TSTR,0.8028046712941735
Adult,adult,ForestDiffusion,123,42,10000,8000,2000,classification,153.5862343898043,0.0,26.19516775291413,179.79537281906232,Utility,F1_Gap,0.0150971075210962
Adult,adult,ForestDiffusion,123,42,10000,8000,2000,classification,153.5862343898043,0.0,26.19516775291413,179.79537281906232,Utility,Precision_TRTR,0.81998538946126
Adult,adult,ForestDiffusion,123,42,10000,8000,2000,classification,153.5862343898043,0.0,26.19516775291413,179.79537281906232,Utility,Precision_TSTR,0.803867889387913
Adult,adult,ForestDiffusion,123,42,10000,8000,2000,classification,153.5862343898043,0.0,26.19516775291413,179.79537281906232,Utility,Precision_Gap,0.016117500073347
Adult,adult,ForestDiffusion,123,42,10000,8000,2000,classification,153.5862343898043,0.0,26.19516775291413,179.79537281906232,Utility,Recall_TRTR,0.8237000000000002
Adult,adult,ForestDiffusion,123,42,10000,8000,2000,classification,153.5862343898043,0.0,26.19516775291413,179.79537281906232,Utility,Recall_TSTR,0.8150666666666666
Adult,adult,ForestDiffusion,123,42,10000,8000,2000,classification,153.5862343898043,0.0,26.19516775291413,179.79537281906232,Utility,Recall_Gap,0.0086333333333336
Adult,adult,ForestDiffusion,123,42,10000,8000,2000,classification,153.5862343898043,0.0,26.19516775291413,179.79537281906232,Utility,ROC_AUC_TRTR,0.8297875243504865
Adult,adult,ForestDiffusion,123,42,10000,8000,2000,classification,153.5862343898043,0.0,26.19516775291413,179.79537281906232,Utility,ROC_AUC_TSTR,0.8100964771292212
Adult,adult,ForestDiffusion,123,42,10000,8000,2000,classification,153.5862343898043,0.0,26.19516775291413,179.79537281906232,Utility,ROC_AUC_Gap,0.0196910472212653
Adult,adult,ForestDiffusion,123,42,10000,8000,2000,classification,153.5862343898043,0.0,26.19516775291413,179.79537281906232,Privacy,Mahalanobis_Distance,3.994268145287562
Adult,adult,ForestDiffusion,123,42,10000,8000,2000,classification,153.5862343898043,0.0,26.19516775291413,179.79537281906232,Privacy,Mean_Distance,3.994268145287562
Adult,adult,ForestDiffusion,123,42,10000,8000,2000,classification,153.5862343898043,0.0,26.19516775291413,179.79537281906232,Privacy,Median_Distance,3.754260392691573
Adult,adult,ForestDiffusion,123,42,10000,8000,2000,classification,153.5862343898043,0.0,26.19516775291413,179.79537281906232,Privacy,NNDR,0.924278967430891
Adult,adult,ForestDiffusion,123,42,10000,8000,2000,classification,153.5862343898043,0.0,26.19516775291413,179.79537281906232,Privacy,MIA_AUC,0.9845679012345678
Adult,adult,ForestDiffusion,123,42,10000,8000,2000,classification,153.5862343898043,0.0,26.19516775291413,179.79537281906232,Compute,training_time_seconds,153.5862343898043
Adult,adult,ForestDiffusion,123,42,10000,8000,2000,classification,153.5862343898043,0.0,26.19516775291413,179.79537281906232,Compute,generation_time_seconds,0.0
Adult,adult,ForestDiffusion,123,42,10000,8000,2000,classification,153.5862343898043,0.0,26.19516775291413,179.79537281906232,Compute,evaluation_time_seconds,26.19516775291413
Adult,adult,ForestDiffusion,123,42,10000,8000,2000,classification,153.5862343898043,0.0,26.19516775291413,179.79537281906232,Compute,total_time_seconds,179.79537281906232
Adult,adult,ForestDiffusion,2024,42,10000,8000,2000,classification,160.619596993085,0.0,27.69267889577896,188.32762203598395,Fidelity,Quality_Score,0.7771741666666667
Adult,adult,ForestDiffusion,2024,42,10000,8000,2000,classification,160.619596993085,0.0,27.69267889577896,188.32762203598395,Fidelity,KS_Complement,0.6884625
Adult,adult,ForestDiffusion,2024,42,10000,8000,2000,classification,160.619596993085,0.0,27.69267889577896,188.32762203598395,Fidelity,Wasserstein_Distance,4452.54607420224
Adult,adult,ForestDiffusion,2024,42,10000,8000,2000,classification,160.619596993085,0.0,27.69267889577896,188.32762203598395,Fidelity,MMD,0.0144896106373102
Adult,adult,ForestDiffusion,2024,42,10000,8000,2000,classification,160.619596993085,0.0,27.69267889577896,188.32762203598395,Utility,Accuracy_TRTR,0.8237000000000002
Adult,adult,ForestDiffusion,2024,42,10000,8000,2000,classification,160.619596993085,0.0,27.69267889577896,188.32762203598395,Utility,Accuracy_TSTR,0.8086166666666668
Adult,adult,ForestDiffusion,2024,42,10000,8000,2000,classification,160.619596993085,0.0,27.69267889577896,188.32762203598395,Utility,Accuracy_Gap,0.0150833333333334
Adult,adult,ForestDiffusion,2024,42,10000,8000,2000,classification,160.619596993085,0.0,27.69267889577896,188.32762203598395,Utility,F1_TRTR,0.8179017788152698
Adult,adult,ForestDiffusion,2024,42,10000,8000,2000,classification,160.619596993085,0.0,27.69267889577896,188.32762203598395,Utility,F1_TSTR,0.7914613088139196
Adult,adult,ForestDiffusion,2024,42,10000,8000,2000,classification,160.619596993085,0.0,27.69267889577896,188.32762203598395,Utility,F1_Gap,0.0264404700013501
Adult,adult,ForestDiffusion,2024,42,10000,8000,2000,classification,160.619596993085,0.0,27.69267889577896,188.32762203598395,Utility,Precision_TRTR,0.81998538946126
Adult,adult,ForestDiffusion,2024,42,10000,8000,2000,classification,160.619596993085,0.0,27.69267889577896,188.32762203598395,Utility,Precision_TSTR,0.7997026578789608
Adult,adult,ForestDiffusion,2024,42,10000,8000,2000,classification,160.619596993085,0.0,27.69267889577896,188.32762203598395,Utility,Precision_Gap,0.0202827315822992
Adult,adult,ForestDiffusion,2024,42,10000,8000,2000,classification,160.619596993085,0.0,27.69267889577896,188.32762203598395,Utility,Recall_TRTR,0.8237000000000002
Adult,adult,ForestDiffusion,2024,42,10000,8000,2000,classification,160.619596993085,0.0,27.69267889577896,188.32762203598395,Utility,Recall_TSTR,0.8086166666666668
Adult,adult,ForestDiffusion,2024,42,10000,8000,2000,classification,160.619596993085,0.0,27.69267889577896,188.32762203598395,Utility,Recall_Gap,0.0150833333333334
Adult,adult,ForestDiffusion,2024,42,10000,8000,2000,classification,160.619596993085,0.0,27.69267889577896,188.32762203598395,Utility,ROC_AUC_TRTR,0.8297875243504865
Adult,adult,ForestDiffusion,2024,42,10000,8000,2000,classification,160.619596993085,0.0,27.69267889577896,188.32762203598395,Utility,ROC_AUC_TSTR,0.8114950242092582
Adult,adult,ForestDiffusion,2024,42,10000,8000,2000,classification,160.619596993085,0.0,27.69267889577896,188.32762203598395,Utility,ROC_AUC_Gap,0.0182925001412282
Adult,adult,ForestDiffusion,2024,42,10000,8000,2000,classification,160.619596993085,0.0,27.69267889577896,188.32762203598395,Privacy,Mahalanobis_Distance,4.000906462804443
Adult,adult,ForestDiffusion,2024,42,10000,8000,2000,classification,160.619596993085,0.0,27.69267889577896,188.32762203598395,Privacy,Mean_Distance,4.000906462804443
Adult,adult,ForestDiffusion,2024,42,10000,8000,2000,classification,160.619596993085,0.0,27.69267889577896,188.32762203598395,Privacy,Median_Distance,3.715995812041888
Adult,adult,ForestDiffusion,2024,42,10000,8000,2000,classification,160.619596993085,0.0,27.69267889577896,188.32762203598395,Privacy,NNDR,0.9387482527160764
Adult,adult,ForestDiffusion,2024,42,10000,8000,2000,classification,160.619596993085,0.0,27.69267889577896,188.32762203598395,Privacy,MIA_AUC,0.9780246913580248
Adult,adult,ForestDiffusion,2024,42,10000,8000,2000,classification,160.619596993085,0.0,27.69267889577896,188.32762203598395,Compute,training_time_seconds,160.619596993085
Adult,adult,ForestDiffusion,2024,42,10000,8000,2000,classification,160.619596993085,0.0,27.69267889577896,188.32762203598395,Compute,generation_time_seconds,0.0
Adult,adult,ForestDiffusion,2024,42,10000,8000,2000,classification,160.619596993085,0.0,27.69267889577896,188.32762203598395,Compute,evaluation_time_seconds,27.69267889577896
Adult,adult,ForestDiffusion,2024,42,10000,8000,2000,classification,160.619596993085,0.0,27.69267889577896,188.32762203598395,Compute,total_time_seconds,188.32762203598395
Bank,bank,CTGAN,42,42,10000,8000,2000,classification,659.1728617199697,0.0,22.060426966752857,681.3949642870575,Fidelity,Quality_Score,0.8912525239288356
Bank,bank,CTGAN,42,42,10000,8000,2000,classification,659.1728617199697,0.0,22.060426966752857,681.3949642870575,Fidelity,KS_Complement,0.9041
Bank,bank,CTGAN,42,42,10000,8000,2000,classification,659.1728617199697,0.0,22.060426966752857,681.3949642870575,Fidelity,Wasserstein_Distance,57.411414285714365
Bank,bank,CTGAN,42,42,10000,8000,2000,classification,659.1728617199697,0.0,22.060426966752857,681.3949642870575,Fidelity,MMD,0.0093635584359433
Bank,bank,CTGAN,42,42,10000,8000,2000,classification,659.1728617199697,0.0,22.060426966752857,681.3949642870575,Utility,Accuracy_TRTR,0.8798166666666666
Bank,bank,CTGAN,42,42,10000,8000,2000,classification,659.1728617199697,0.0,22.060426966752857,681.3949642870575,Utility,Accuracy_TSTR,0.8556833333333334
Bank,bank,CTGAN,42,42,10000,8000,2000,classification,659.1728617199697,0.0,22.060426966752857,681.3949642870575,Utility,Accuracy_Gap,0.0241333333333332
Bank,bank,CTGAN,42,42,10000,8000,2000,classification,659.1728617199697,0.0,22.060426966752857,681.3949642870575,Utility,F1_TRTR,0.869294797537779
Bank,bank,CTGAN,42,42,10000,8000,2000,classification,659.1728617199697,0.0,22.060426966752857,681.3949642870575,Utility,F1_TSTR,0.8300512505105612
Bank,bank,CTGAN,42,42,10000,8000,2000,classification,659.1728617199697,0.0,22.060426966752857,681.3949642870575,Utility,F1_Gap,0.0392435470272178
Bank,bank,CTGAN,42,42,10000,8000,2000,classification,659.1728617199697,0.0,22.060426966752857,681.3949642870575,Utility,Precision_TRTR,0.8680007748575592
Bank,bank,CTGAN,42,42,10000,8000,2000,classification,659.1728617199697,0.0,22.060426966752857,681.3949642870575,Utility,Precision_TSTR,0.8311258792557156
Bank,bank,CTGAN,42,42,10000,8000,2000,classification,659.1728617199697,0.0,22.060426966752857,681.3949642870575,Utility,Precision_Gap,0.0368748956018436
Bank,bank,CTGAN,42,42,10000,8000,2000,classification,659.1728617199697,0.0,22.060426966752857,681.3949642870575,Utility,Recall_TRTR,0.8798166666666666
Bank,bank,CTGAN,42,42,10000,8000,2000,classification,659.1728617199697,0.0,22.060426966752857,681.3949642870575,Utility,Recall_TSTR,0.8556833333333334
Bank,bank,CTGAN,42,42,10000,8000,2000,classification,659.1728617199697,0.0,22.060426966752857,681.3949642870575,Utility,Recall_Gap,0.0241333333333332
Bank,bank,CTGAN,42,42,10000,8000,2000,classification,659.1728617199697,0.0,22.060426966752857,681.3949642870575,Utility,ROC_AUC_TRTR,0.8238983547957669
Bank,bank,CTGAN,42,42,10000,8000,2000,classification,659.1728617199697,0.0,22.060426966752857,681.3949642870575,Utility,ROC_AUC_TSTR,0.6797957078278319
Bank,bank,CTGAN,42,42,10000,8000,2000,classification,659.1728617199697,0.0,22.060426966752857,681.3949642870575,Utility,ROC_AUC_Gap,0.1441026469679349
Bank,bank,CTGAN,42,42,10000,8000,2000,classification,659.1728617199697,0.0,22.060426966752857,681.3949642870575,Privacy,Mahalanobis_Distance,4.441282780976945
Bank,bank,CTGAN,42,42,10000,8000,2000,classification,659.1728617199697,0.0,22.060426966752857,681.3949642870575,Privacy,Mean_Distance,4.441282780976945
Bank,bank,CTGAN,42,42,10000,8000,2000,classification,659.1728617199697,0.0,22.060426966752857,681.3949642870575,Privacy,Median_Distance,3.9687156964857775
Bank,bank,CTGAN,42,42,10000,8000,2000,classification,659.1728617199697,0.0,22.060426966752857,681.3949642870575,Privacy,NNDR,0.8651737172307189
Bank,bank,CTGAN,42,42,10000,8000,2000,classification,659.1728617199697,0.0,22.060426966752857,681.3949642870575,Privacy,MIA_AUC,0.5938271604938272
Bank,bank,CTGAN,42,42,10000,8000,2000,classification,659.1728617199697,0.0,22.060426966752857,681.3949642870575,Compute,training_time_seconds,659.1728617199697
Bank,bank,CTGAN,42,42,10000,8000,2000,classification,659.1728617199697,0.0,22.060426966752857,681.3949642870575,Compute,generation_time_seconds,0.0
Bank,bank,CTGAN,42,42,10000,8000,2000,classification,659.1728617199697,0.0,22.060426966752857,681.3949642870575,Compute,evaluation_time_seconds,22.060426966752857
Bank,bank,CTGAN,42,42,10000,8000,2000,classification,659.1728617199697,0.0,22.060426966752857,681.3949642870575,Compute,total_time_seconds,681.3949642870575
Bank,bank,CTGAN,123,42,10000,8000,2000,classification,654.5972598991357,0.0,22.62207322800532,677.2312280810438,Fidelity,Quality_Score,0.8822052078328377
Bank,bank,CTGAN,123,42,10000,8000,2000,classification,654.5972598991357,0.0,22.62207322800532,677.2312280810438,Fidelity,KS_Complement,0.8891249999999999
Bank,bank,CTGAN,123,42,10000,8000,2000,classification,654.5972598991357,0.0,22.62207322800532,677.2312280810438,Fidelity,Wasserstein_Distance,76.44086428571437
Bank,bank,CTGAN,123,42,10000,8000,2000,classification,654.5972598991357,0.0,22.62207322800532,677.2312280810438,Fidelity,MMD,0.0123350767260219
Bank,bank,CTGAN,123,42,10000,8000,2000,classification,654.5972598991357,0.0,22.62207322800532,677.2312280810438,Utility,Accuracy_TRTR,0.8798166666666666
Bank,bank,CTGAN,123,42,10000,8000,2000,classification,654.5972598991357,0.0,22.62207322800532,677.2312280810438,Utility,Accuracy_TSTR,0.8423833333333334
Bank,bank,CTGAN,123,42,10000,8000,2000,classification,654.5972598991357,0.0,22.62207322800532,677.2312280810438,Utility,Accuracy_Gap,0.0374333333333332
Bank,bank,CTGAN,123,42,10000,8000,2000,classification,654.5972598991357,0.0,22.62207322800532,677.2312280810438,Utility,F1_TRTR,0.869294797537779
Bank,bank,CTGAN,123,42,10000,8000,2000,classification,654.5972598991357,0.0,22.62207322800532,677.2312280810438,Utility,F1_TSTR,0.8276747921652249
Bank,bank,CTGAN,123,42,10000,8000,2000,classification,654.5972598991357,0.0,22.62207322800532,677.2312280810438,Utility,F1_Gap,0.0416200053725541
Bank,bank,CTGAN,123,42,10000,8000,2000,classification,654.5972598991357,0.0,22.62207322800532,677.2312280810438,Utility,Precision_TRTR,0.8680007748575592
Bank,bank,CTGAN,123,42,10000,8000,2000,classification,654.5972598991357,0.0,22.62207322800532,677.2312280810438,Utility,Precision_TSTR,0.8369560066829745
Bank,bank,CTGAN,123,42,10000,8000,2000,classification,654.5972598991357,0.0,22.62207322800532,677.2312280810438,Utility,Precision_Gap,0.0310447681745846
Bank,bank,CTGAN,123,42,10000,8000,2000,classification,654.5972598991357,0.0,22.62207322800532,677.2312280810438,Utility,Recall_TRTR,0.8798166666666666
Bank,bank,CTGAN,123,42,10000,8000,2000,classification,654.5972598991357,0.0,22.62207322800532,677.2312280810438,Utility,Recall_TSTR,0.8423833333333334
Bank,bank,CTGAN,123,42,10000,8000,2000,classification,654.5972598991357,0.0,22.62207322800532,677.2312280810438,Utility,Recall_Gap,0.0374333333333332
Bank,bank,CTGAN,123,42,10000,8000,2000,classification,654.5972598991357,0.0,22.62207322800532,677.2312280810438,Utility,ROC_AUC_TRTR,0.8238983547957669
Bank,bank,CTGAN,123,42,10000,8000,2000,classification,654.5972598991357,0.0,22.62207322800532,677.2312280810438,Utility,ROC_AUC_TSTR,0.7015287904843457
Bank,bank,CTGAN,123,42,10000,8000,2000,classification,654.5972598991357,0.0,22.62207322800532,677.2312280810438,Utility,ROC_AUC_Gap,0.1223695643114212
Bank,bank,CTGAN,123,42,10000,8000,2000,classification,654.5972598991357,0.0,22.62207322800532,677.2312280810438,Privacy,Mahalanobis_Distance,4.536599345993414
Bank,bank,CTGAN,123,42,10000,8000,2000,classification,654.5972598991357,0.0,22.62207322800532,677.2312280810438,Privacy,Mean_Distance,4.536599345993414
Bank,bank,CTGAN,123,42,10000,8000,2000,classification,654.5972598991357,0.0,22.62207322800532,677.2312280810438,Privacy,Median_Distance,4.087085957807016
Bank,bank,CTGAN,123,42,10000,8000,2000,classification,654.5972598991357,0.0,22.62207322800532,677.2312280810438,Privacy,NNDR,0.857025584350354
Bank,bank,CTGAN,123,42,10000,8000,2000,classification,654.5972598991357,0.0,22.62207322800532,677.2312280810438,Privacy,MIA_AUC,0.5101234567901234
Bank,bank,CTGAN,123,42,10000,8000,2000,classification,654.5972598991357,0.0,22.62207322800532,677.2312280810438,Compute,training_time_seconds,654.5972598991357
Bank,bank,CTGAN,123,42,10000,8000,2000,classification,654.5972598991357,0.0,22.62207322800532,677.2312280810438,Compute,generation_time_seconds,0.0
Bank,bank,CTGAN,123,42,10000,8000,2000,classification,654.5972598991357,0.0,22.62207322800532,677.2312280810438,Compute,evaluation_time_seconds,22.62207322800532
Bank,bank,CTGAN,123,42,10000,8000,2000,classification,654.5972598991357,0.0,22.62207322800532,677.2312280810438,Compute,total_time_seconds,677.2312280810438
Bank,bank,CTGAN,2024,42,10000,8000,2000,classification,657.3677733209915,0.0,21.72954997699708,679.1097934981808,Fidelity,Quality_Score,0.8731313318510753
Bank,bank,CTGAN,2024,42,10000,8000,2000,classification,657.3677733209915,0.0,21.72954997699708,679.1097934981808,Fidelity,KS_Complement,0.8760928571428571
Bank,bank,CTGAN,2024,42,10000,8000,2000,classification,657.3677733209915,0.0,21.72954997699708,679.1097934981808,Fidelity,Wasserstein_Distance,48.1135571428572
Bank,bank,CTGAN,2024,42,10000,8000,2000,classification,657.3677733209915,0.0,21.72954997699708,679.1097934981808,Fidelity,MMD,0.0124601832323664
Bank,bank,CTGAN,2024,42,10000,8000,2000,classification,657.3677733209915,0.0,21.72954997699708,679.1097934981808,Utility,Accuracy_TRTR,0.8798166666666666
Bank,bank,CTGAN,2024,42,10000,8000,2000,classification,657.3677733209915,0.0,21.72954997699708,679.1097934981808,Utility,Accuracy_TSTR,0.8671666666666664
Bank,bank,CTGAN,2024,42,10000,8000,2000,classification,657.3677733209915,0.0,21.72954997699708,679.1097934981808,Utility,Accuracy_Gap,0.0126500000000001
Bank,bank,CTGAN,2024,42,10000,8000,2000,classification,657.3677733209915,0.0,21.72954997699708,679.1097934981808,Utility,F1_TRTR,0.869294797537779
Bank,bank,CTGAN,2024,42,10000,8000,2000,classification,657.3677733209915,0.0,21.72954997699708,679.1097934981808,Utility,F1_TSTR,0.837920983132976
Bank,bank,CTGAN,2024,42,10000,8000,2000,classification,657.3677733209915,0.0,21.72954997699708,679.1097934981808,Utility,F1_Gap,0.031373814404803
Bank,bank,CTGAN,2024,42,10000,8000,2000,classification,657.3677733209915,0.0,21.72954997699708,679.1097934981808,Utility,Precision_TRTR,0.8680007748575592
Bank,bank,CTGAN,2024,42,10000,8000,2000,classification,657.3677733209915,0.0,21.72954997699708,679.1097934981808,Utility,Precision_TSTR,0.8488435434071827
Bank,bank,CTGAN,2024,42,10000,8000,2000,classification,657.3677733209915,0.0,21.72954997699708,679.1097934981808,Utility,Precision_Gap,0.0191572314503765
Bank,bank,CTGAN,2024,42,10000,8000,2000,classification,657.3677733209915,0.0,21.72954997699708,679.1097934981808,Utility,Recall_TRTR,0.8798166666666666
Bank,bank,CTGAN,2024,42,10000,8000,2000,classification,657.3677733209915,0.0,21.72954997699708,679.1097934981808,Utility,Recall_TSTR,0.8671666666666664
Bank,bank,CTGAN,2024,42,10000,8000,2000,classification,657.3677733209915,0.0,21.72954997699708,679.1097934981808,Utility,Recall_Gap,0.0126500000000001
Bank,bank,CTGAN,2024,42,10000,8000,2000,classification,657.3677733209915,0.0,21.72954997699708,679.1097934981808,Utility,ROC_AUC_TRTR,0.8238983547957669
Bank,bank,CTGAN,2024,42,10000,8000,2000,classification,657.3677733209915,0.0,21.72954997699708,679.1097934981808,Utility,ROC_AUC_TSTR,0.6995794007817532
Bank,bank,CTGAN,2024,42,10000,8000,2000,classification,657.3677733209915,0.0,21.72954997699708,679.1097934981808,Utility,ROC_AUC_Gap,0.1243189540140137
Bank,bank,CTGAN,2024,42,10000,8000,2000,classification,657.3677733209915,0.0,21.72954997699708,679.1097934981808,Privacy,Mahalanobis_Distance,4.469396867066677
Bank,bank,CTGAN,2024,42,10000,8000,2000,classification,657.3677733209915,0.0,21.72954997699708,679.1097934981808,Privacy,Mean_Distance,4.469396867066677
Bank,bank,CTGAN,2024,42,10000,8000,2000,classification,657.3677733209915,0.0,21.72954997699708,679.1097934981808,Privacy,Median_Distance,3.863534512537684
Bank,bank,CTGAN,2024,42,10000,8000,2000,classification,657.3677733209915,0.0,21.72954997699708,679.1097934981808,Privacy,NNDR,0.8748764036345679
Bank,bank,CTGAN,2024,42,10000,8000,2000,classification,657.3677733209915,0.0,21.72954997699708,679.1097934981808,Privacy,MIA_AUC,0.6182716049382716
Bank,bank,CTGAN,2024,42,10000,8000,2000,classification,657.3677733209915,0.0,21.72954997699708,679.1097934981808,Compute,training_time_seconds,657.3677733209915
Bank,bank,CTGAN,2024,42,10000,8000,2000,classification,657.3677733209915,0.0,21.72954997699708,679.1097934981808,Compute,generation_time_seconds,0.0
Bank,bank,CTGAN,2024,42,10000,8000,2000,classification,657.3677733209915,0.0,21.72954997699708,679.1097934981808,Compute,evaluation_time_seconds,21.72954997699708
Bank,bank,CTGAN,2024,42,10000,8000,2000,classification,657.3677733209915,0.0,21.72954997699708,679.1097934981808,Compute,total_time_seconds,679.1097934981808
Bank,bank,CopulaGAN,42,42,10000,8000,2000,classification,658.2669796571136,0.0,21.363879825919867,679.6435752739199,Fidelity,Quality_Score,0.8879936094370382
Bank,bank,CopulaGAN,42,42,10000,8000,2000,classification,658.2669796571136,0.0,21.363879825919867,679.6435752739199,Fidelity,KS_Complement,0.8681035714285714
Bank,bank,CopulaGAN,42,42,10000,8000,2000,classification,658.2669796571136,0.0,21.363879825919867,679.6435752739199,Fidelity,Wasserstein_Distance,81.85200000000007
Bank,bank,CopulaGAN,42,42,10000,8000,2000,classification,658.2669796571136,0.0,21.363879825919867,679.6435752739199,Fidelity,MMD,0.0188154023364051
Bank,bank,CopulaGAN,42,42,10000,8000,2000,classification,658.2669796571136,0.0,21.363879825919867,679.6435752739199,Utility,Accuracy_TRTR,0.8798166666666666
Bank,bank,CopulaGAN,42,42,10000,8000,2000,classification,658.2669796571136,0.0,21.363879825919867,679.6435752739199,Utility,Accuracy_TSTR,0.8619666666666668
Bank,bank,CopulaGAN,42,42,10000,8000,2000,classification,658.2669796571136,0.0,21.363879825919867,679.6435752739199,Utility,Accuracy_Gap,0.0178499999999998
Bank,bank,CopulaGAN,42,42,10000,8000,2000,classification,658.2669796571136,0.0,21.363879825919867,679.6435752739199,Utility,F1_TRTR,0.869294797537779
Bank,bank,CopulaGAN,42,42,10000,8000,2000,classification,658.2669796571136,0.0,21.363879825919867,679.6435752739199,Utility,F1_TSTR,0.8429507629984959
Bank,bank,CopulaGAN,42,42,10000,8000,2000,classification,658.2669796571136,0.0,21.363879825919867,679.6435752739199,Utility,F1_Gap,0.0263440345392831
Bank,bank,CopulaGAN,42,42,10000,8000,2000,classification,658.2669796571136,0.0,21.363879825919867,679.6435752739199,Utility,Precision_TRTR,0.8680007748575592
Bank,bank,CopulaGAN,42,42,10000,8000,2000,classification,658.2669796571136,0.0,21.363879825919867,679.6435752739199,Utility,Precision_TSTR,0.8402938371891348
Bank,bank,CopulaGAN,42,42,10000,8000,2000,classification,658.2669796571136,0.0,21.363879825919867,679.6435752739199,Utility,Precision_Gap,0.0277069376684244
Bank,bank,CopulaGAN,42,42,10000,8000,2000,classification,658.2669796571136,0.0,21.363879825919867,679.6435752739199,Utility,Recall_TRTR,0.8798166666666666
Bank,bank,CopulaGAN,42,42,10000,8000,2000,classification,658.2669796571136,0.0,21.363879825919867,679.6435752739199,Utility,Recall_TSTR,0.8619666666666668
Bank,bank,CopulaGAN,42,42,10000,8000,2000,classification,658.2669796571136,0.0,21.363879825919867,679.6435752739199,Utility,Recall_Gap,0.0178499999999998
Bank,bank,CopulaGAN,42,42,10000,8000,2000,classification,658.2669796571136,0.0,21.363879825919867,679.6435752739199,Utility,ROC_AUC_TRTR,0.8238983547957669
Bank,bank,CopulaGAN,42,42,10000,8000,2000,classification,658.2669796571136,0.0,21.363879825919867,679.6435752739199,Utility,ROC_AUC_TSTR,0.7424815825664807
Bank,bank,CopulaGAN,42,42,10000,8000,2000,classification,658.2669796571136,0.0,21.363879825919867,679.6435752739199,Utility,ROC_AUC_Gap,0.0814167722292862
Bank,bank,CopulaGAN,42,42,10000,8000,2000,classification,658.2669796571136,0.0,21.363879825919867,679.6435752739199,Privacy,Mahalanobis_Distance,4.236154676748269
Bank,bank,CopulaGAN,42,42,10000,8000,2000,classification,658.2669796571136,0.0,21.363879825919867,679.6435752739199,Privacy,Mean_Distance,4.236154676748269
Bank,bank,CopulaGAN,42,42,10000,8000,2000,classification,658.2669796571136,0.0,21.363879825919867,679.6435752739199,Privacy,Median_Distance,3.770291714857207
Bank,bank,CopulaGAN,42,42,10000,8000,2000,classification,658.2669796571136,0.0,21.363879825919867,679.6435752739199,Privacy,NNDR,0.8566210722459024
Bank,bank,CopulaGAN,42,42,10000,8000,2000,classification,658.2669796571136,0.0,21.363879825919867,679.6435752739199,Privacy,MIA_AUC,0.5262962962962963
Bank,bank,CopulaGAN,42,42,10000,8000,2000,classification,658.2669796571136,0.0,21.363879825919867,679.6435752739199,Compute,training_time_seconds,658.2669796571136
Bank,bank,CopulaGAN,42,42,10000,8000,2000,classification,658.2669796571136,0.0,21.363879825919867,679.6435752739199,Compute,generation_time_seconds,0.0
Bank,bank,CopulaGAN,42,42,10000,8000,2000,classification,658.2669796571136,0.0,21.363879825919867,679.6435752739199,Compute,evaluation_time_seconds,21.363879825919867
Bank,bank,CopulaGAN,42,42,10000,8000,2000,classification,658.2669796571136,0.0,21.363879825919867,679.6435752739199,Compute,total_time_seconds,679.6435752739199
Bank,bank,CopulaGAN,123,42,10000,8000,2000,classification,430.6612217682414,0.0,21.06978560704738,451.7431473149918,Fidelity,Quality_Score,0.9013966778947092
Bank,bank,CopulaGAN,123,42,10000,8000,2000,classification,430.6612217682414,0.0,21.06978560704738,451.7431473149918,Fidelity,KS_Complement,0.8721892857142858
Bank,bank,CopulaGAN,123,42,10000,8000,2000,classification,430.6612217682414,0.0,21.06978560704738,451.7431473149918,Fidelity,Wasserstein_Distance,41.00459285714292
Bank,bank,CopulaGAN,123,42,10000,8000,2000,classification,430.6612217682414,0.0,21.06978560704738,451.7431473149918,Fidelity,MMD,0.0167031552527561
Bank,bank,CopulaGAN,123,42,10000,8000,2000,classification,430.6612217682414,0.0,21.06978560704738,451.7431473149918,Utility,Accuracy_TRTR,0.8798166666666666
Bank,bank,CopulaGAN,123,42,10000,8000,2000,classification,430.6612217682414,0.0,21.06978560704738,451.7431473149918,Utility,Accuracy_TSTR,0.8589166666666667
Bank,bank,CopulaGAN,123,42,10000,8000,2000,classification,430.6612217682414,0.0,21.06978560704738,451.7431473149918,Utility,Accuracy_Gap,0.0208999999999999
Bank,bank,CopulaGAN,123,42,10000,8000,2000,classification,430.6612217682414,0.0,21.06978560704738,451.7431473149918,Utility,F1_TRTR,0.869294797537779
Bank,bank,CopulaGAN,123,42,10000,8000,2000,classification,430.6612217682414,0.0,21.06978560704738,451.7431473149918,Utility,F1_TSTR,0.8362635858008717
Bank,bank,CopulaGAN,123,42,10000,8000,2000,classification,430.6612217682414,0.0,21.06978560704738,451.7431473149918,Utility,F1_Gap,0.0330312117369073
Bank,bank,CopulaGAN,123,42,10000,8000,2000,classification,430.6612217682414,0.0,21.06978560704738,451.7431473149918,Utility,Precision_TRTR,0.8680007748575592
Bank,bank,CopulaGAN,123,42,10000,8000,2000,classification,430.6612217682414,0.0,21.06978560704738,451.7431473149918,Utility,Precision_TSTR,0.8424215549352323
Bank,bank,CopulaGAN,123,42,10000,8000,2000,classification,430.6612217682414,0.0,21.06978560704738,451.7431473149918,Utility,Precision_Gap,0.0255792199223269
Bank,bank,CopulaGAN,123,42,10000,8000,2000,classification,430.6612217682414,0.0,21.06978560704738,451.7431473149918,Utility,Recall_TRTR,0.8798166666666666
Bank,bank,CopulaGAN,123,42,10000,8000,2000,classification,430.6612217682414,0.0,21.06978560704738,451.7431473149918,Utility,Recall_TSTR,0.8589166666666667
Bank,bank,CopulaGAN,123,42,10000,8000,2000,classification,430.6612217682414,0.0,21.06978560704738,451.7431473149918,Utility,Recall_Gap,0.0208999999999999
Bank,bank,CopulaGAN,123,42,10000,8000,2000,classification,430.6612217682414,0.0,21.06978560704738,451.7431473149918,Utility,ROC_AUC_TRTR,0.8238983547957669
Bank,bank,CopulaGAN,123,42,10000,8000,2000,classification,430.6612217682414,0.0,21.06978560704738,451.7431473149918,Utility,ROC_AUC_TSTR,0.7116124778554394
Bank,bank,CopulaGAN,123,42,10000,8000,2000,classification,430.6612217682414,0.0,21.06978560704738,451.7431473149918,Utility,ROC_AUC_Gap,0.1122858769403275
Bank,bank,CopulaGAN,123,42,10000,8000,2000,classification,430.6612217682414,0.0,21.06978560704738,451.7431473149918,Privacy,Mahalanobis_Distance,4.29371264817691
Bank,bank,CopulaGAN,123,42,10000,8000,2000,classification,430.6612217682414,0.0,21.06978560704738,451.7431473149918,Privacy,Mean_Distance,4.29371264817691
Bank,bank,CopulaGAN,123,42,10000,8000,2000,classification,430.6612217682414,0.0,21.06978560704738,451.7431473149918,Privacy,Median_Distance,3.68347506027788
Bank,bank,CopulaGAN,123,42,10000,8000,2000,classification,430.6612217682414,0.0,21.06978560704738,451.7431473149918,Privacy,NNDR,0.8745548271247933
Bank,bank,CopulaGAN,123,42,10000,8000,2000,classification,430.6612217682414,0.0,21.06978560704738,451.7431473149918,Privacy,MIA_AUC,0.5174074074074073
Bank,bank,CopulaGAN,123,42,10000,8000,2000,classification,430.6612217682414,0.0,21.06978560704738,451.7431473149918,Compute,training_time_seconds,430.6612217682414
Bank,bank,CopulaGAN,123,42,10000,8000,2000,classification,430.6612217682414,0.0,21.06978560704738,451.7431473149918,Compute,generation_time_seconds,0.0
Bank,bank,CopulaGAN,123,42,10000,8000,2000,classification,430.6612217682414,0.0,21.06978560704738,451.7431473149918,Compute,evaluation_time_seconds,21.06978560704738
Bank,bank,CopulaGAN,123,42,10000,8000,2000,classification,430.6612217682414,0.0,21.06978560704738,451.7431473149918,Compute,total_time_seconds,451.7431473149918
Bank,bank,CopulaGAN,2024,42,10000,8000,2000,classification,128.9662477769889,0.0,21.54110778775066,150.51999803073704,Fidelity,Quality_Score,0.8770223267296193
Bank,bank,CopulaGAN,2024,42,10000,8000,2000,classification,128.9662477769889,0.0,21.54110778775066,150.51999803073704,Fidelity,KS_Complement,0.8625749999999999
Bank,bank,CopulaGAN,2024,42,10000,8000,2000,classification,128.9662477769889,0.0,21.54110778775066,150.51999803073704,Fidelity,Wasserstein_Distance,49.83379285714292
Bank,bank,CopulaGAN,2024,42,10000,8000,2000,classification,128.9662477769889,0.0,21.54110778775066,150.51999803073704,Fidelity,MMD,0.0156345204291141
Bank,bank,CopulaGAN,2024,42,10000,8000,2000,classification,128.9662477769889,0.0,21.54110778775066,150.51999803073704,Utility,Accuracy_TRTR,0.8798166666666666
Bank,bank,CopulaGAN,2024,42,10000,8000,2000,classification,128.9662477769889,0.0,21.54110778775066,150.51999803073704,Utility,Accuracy_TSTR,0.8571500000000001
Bank,bank,CopulaGAN,2024,42,10000,8000,2000,classification,128.9662477769889,0.0,21.54110778775066,150.51999803073704,Utility,Accuracy_Gap,0.0226666666666665
Bank,bank,CopulaGAN,2024,42,10000,8000,2000,classification,128.9662477769889,0.0,21.54110778775066,150.51999803073704,Utility,F1_TRTR,0.869294797537779
Bank,bank,CopulaGAN,2024,42,10000,8000,2000,classification,128.9662477769889,0.0,21.54110778775066,150.51999803073704,Utility,F1_TSTR,0.8382714084184231
Bank,bank,CopulaGAN,2024,42,10000,8000,2000,classification,128.9662477769889,0.0,21.54110778775066,150.51999803073704,Utility,F1_Gap,0.0310233891193559
Bank,bank,CopulaGAN,2024,42,10000,8000,2000,classification,128.9662477769889,0.0,21.54110778775066,150.51999803073704,Utility,Precision_TRTR,0.8680007748575592
Bank,bank,CopulaGAN,2024,42,10000,8000,2000,classification,128.9662477769889,0.0,21.54110778775066,150.51999803073704,Utility,Precision_TSTR,0.8465709086973869
Bank,bank,CopulaGAN,2024,42,10000,8000,2000,classification,128.9662477769889,0.0,21.54110778775066,150.51999803073704,Utility,Precision_Gap,0.0214298661601722
Bank,bank,CopulaGAN,2024,42,10000,8000,2000,classification,128.9662477769889,0.0,21.54110778775066,150.51999803073704,Utility,Recall_TRTR,0.8798166666666666
Bank,bank,CopulaGAN,2024,42,10000,8000,2000,classification,128.9662477769889,0.0,21.54110778775066,150.51999803073704,Utility,Recall_TSTR,0.8571500000000001
Bank,bank,CopulaGAN,2024,42,10000,8000,2000,classification,128.9662477769889,0.0,21.54110778775066,150.51999803073704,Utility,Recall_Gap,0.0226666666666665
Bank,bank,CopulaGAN,2024,42,10000,8000,2000,classification,128.9662477769889,0.0,21.54110778775066,150.51999803073704,Utility,ROC_AUC_TRTR,0.8238983547957669
Bank,bank,CopulaGAN,2024,42,10000,8000,2000,classification,128.9662477769889,0.0,21.54110778775066,150.51999803073704,Utility,ROC_AUC_TSTR,0.7225791955538677
Bank,bank,CopulaGAN,2024,42,10000,8000,2000,classification,128.9662477769889,0.0,21.54110778775066,150.51999803073704,Utility,ROC_AUC_Gap,0.1013191592418991
Bank,bank,CopulaGAN,2024,42,10000,8000,2000,classification,128.9662477769889,0.0,21.54110778775066,150.51999803073704,Privacy,Mahalanobis_Distance,4.548948101163686
Bank,bank,CopulaGAN,2024,42,10000,8000,2000,classification,128.9662477769889,0.0,21.54110778775066,150.51999803073704,Privacy,Mean_Distance,4.548948101163686
Bank,bank,CopulaGAN,2024,42,10000,8000,2000,classification,128.9662477769889,0.0,21.54110778775066,150.51999803073704,Privacy,Median_Distance,4.0736748637121085
Bank,bank,CopulaGAN,2024,42,10000,8000,2000,classification,128.9662477769889,0.0,21.54110778775066,150.51999803073704,Privacy,NNDR,0.8674639234481877
Bank,bank,CopulaGAN,2024,42,10000,8000,2000,classification,128.9662477769889,0.0,21.54110778775066,150.51999803073704,Privacy,MIA_AUC,0.6292592592592593
Bank,bank,CopulaGAN,2024,42,10000,8000,2000,classification,128.9662477769889,0.0,21.54110778775066,150.51999803073704,Compute,training_time_seconds,128.9662477769889
Bank,bank,CopulaGAN,2024,42,10000,8000,2000,classification,128.9662477769889,0.0,21.54110778775066,150.51999803073704,Compute,generation_time_seconds,0.0
Bank,bank,CopulaGAN,2024,42,10000,8000,2000,classification,128.9662477769889,0.0,21.54110778775066,150.51999803073704,Compute,evaluation_time_seconds,21.54110778775066
Bank,bank,CopulaGAN,2024,42,10000,8000,2000,classification,128.9662477769889,0.0,21.54110778775066,150.51999803073704,Compute,total_time_seconds,150.51999803073704
Bank,bank,TVAE,42,42,10000,8000,2000,classification,58.01119071012363,0.0,19.28965360391885,77.3128931298852,Fidelity,Quality_Score,0.8764807767834712
Bank,bank,TVAE,42,42,10000,8000,2000,classification,58.01119071012363,0.0,19.28965360391885,77.3128931298852,Fidelity,KS_Complement,0.8754321428571428
Bank,bank,TVAE,42,42,10000,8000,2000,classification,58.01119071012363,0.0,19.28965360391885,77.3128931298852,Fidelity,Wasserstein_Distance,142.00211428571444
Bank,bank,TVAE,42,42,10000,8000,2000,classification,58.01119071012363,0.0,19.28965360391885,77.3128931298852,Fidelity,MMD,0.0289276482280207
Bank,bank,TVAE,42,42,10000,8000,2000,classification,58.01119071012363,0.0,19.28965360391885,77.3128931298852,Utility,Accuracy_TRTR,0.8798166666666666
Bank,bank,TVAE,42,42,10000,8000,2000,classification,58.01119071012363,0.0,19.28965360391885,77.3128931298852,Utility,Accuracy_TSTR,0.7897166666666668
Bank,bank,TVAE,42,42,10000,8000,2000,classification,58.01119071012363,0.0,19.28965360391885,77.3128931298852,Utility,Accuracy_Gap,0.0900999999999997
Bank,bank,TVAE,42,42,10000,8000,2000,classification,58.01119071012363,0.0,19.28965360391885,77.3128931298852,Utility,F1_TRTR,0.869294797537779
Bank,bank,TVAE,42,42,10000,8000,2000,classification,58.01119071012363,0.0,19.28965360391885,77.3128931298852,Utility,F1_TSTR,0.817965065528648
Bank,bank,TVAE,42,42,10000,8000,2000,classification,58.01119071012363,0.0,19.28965360391885,77.3128931298852,Utility,F1_Gap,0.051329732009131
Bank,bank,TVAE,42,42,10000,8000,2000,classification,58.01119071012363,0.0,19.28965360391885,77.3128931298852,Utility,Precision_TRTR,0.8680007748575592
Bank,bank,TVAE,42,42,10000,8000,2000,classification,58.01119071012363,0.0,19.28965360391885,77.3128931298852,Utility,Precision_TSTR,0.8705872658570152
Bank,bank,TVAE,42,42,10000,8000,2000,classification,58.01119071012363,0.0,19.28965360391885,77.3128931298852,Utility,Precision_Gap,-0.0025864909994559
Bank,bank,TVAE,42,42,10000,8000,2000,classification,58.01119071012363,0.0,19.28965360391885,77.3128931298852,Utility,Recall_TRTR,0.8798166666666666
Bank,bank,TVAE,42,42,10000,8000,2000,classification,58.01119071012363,0.0,19.28965360391885,77.3128931298852,Utility,Recall_TSTR,0.7897166666666668
Bank,bank,TVAE,42,42,10000,8000,2000,classification,58.01119071012363,0.0,19.28965360391885,77.3128931298852,Utility,Recall_Gap,0.0900999999999997
Bank,bank,TVAE,42,42,10000,8000,2000,classification,58.01119071012363,0.0,19.28965360391885,77.3128931298852,Utility,ROC_AUC_TRTR,0.8238983547957669
Bank,bank,TVAE,42,42,10000,8000,2000,classification,58.01119071012363,0.0,19.28965360391885,77.3128931298852,Utility,ROC_AUC_TSTR,0.792724238985907
Bank,bank,TVAE,42,42,10000,8000,2000,classification,58.01119071012363,0.0,19.28965360391885,77.3128931298852,Utility,ROC_AUC_Gap,0.0311741158098598
Bank,bank,TVAE,42,42,10000,8000,2000,classification,58.01119071012363,0.0,19.28965360391885,77.3128931298852,Privacy,Mahalanobis_Distance,3.3630030891578
Bank,bank,TVAE,42,42,10000,8000,2000,classification,58.01119071012363,0.0,19.28965360391885,77.3128931298852,Privacy,Mean_Distance,3.3630030891578
Bank,bank,TVAE,42,42,10000,8000,2000,classification,58.01119071012363,0.0,19.28965360391885,77.3128931298852,Privacy,Median_Distance,3.0380728002957222
Bank,bank,TVAE,42,42,10000,8000,2000,classification,58.01119071012363,0.0,19.28965360391885,77.3128931298852,Privacy,NNDR,0.8229074336739639
Bank,bank,TVAE,42,42,10000,8000,2000,classification,58.01119071012363,0.0,19.28965360391885,77.3128931298852,Privacy,MIA_AUC,0.7856790123456789
Bank,bank,TVAE,42,42,10000,8000,2000,classification,58.01119071012363,0.0,19.28965360391885,77.3128931298852,Compute,training_time_seconds,58.01119071012363
Bank,bank,TVAE,42,42,10000,8000,2000,classification,58.01119071012363,0.0,19.28965360391885,77.3128931298852,Compute,generation_time_seconds,0.0
Bank,bank,TVAE,42,42,10000,8000,2000,classification,58.01119071012363,0.0,19.28965360391885,77.3128931298852,Compute,evaluation_time_seconds,19.28965360391885
Bank,bank,TVAE,42,42,10000,8000,2000,classification,58.01119071012363,0.0,19.28965360391885,77.3128931298852,Compute,total_time_seconds,77.3128931298852
Bank,bank,TVAE,123,42,10000,8000,2000,classification,57.52759439731017,0.0,19.16599032189697,76.70681986492127,Fidelity,Quality_Score,0.8593158720590041
Bank,bank,TVAE,123,42,10000,8000,2000,classification,57.52759439731017,0.0,19.16599032189697,76.70681986492127,Fidelity,KS_Complement,0.8608857142857144
Bank,bank,TVAE,123,42,10000,8000,2000,classification,57.52759439731017,0.0,19.16599032189697,76.70681986492127,Fidelity,Wasserstein_Distance,149.0685357142858
Bank,bank,TVAE,123,42,10000,8000,2000,classification,57.52759439731017,0.0,19.16599032189697,76.70681986492127,Fidelity,MMD,0.0369172031522924
Bank,bank,TVAE,123,42,10000,8000,2000,classification,57.52759439731017,0.0,19.16599032189697,76.70681986492127,Utility,Accuracy_TRTR,0.8798166666666666
Bank,bank,TVAE,123,42,10000,8000,2000,classification,57.52759439731017,0.0,19.16599032189697,76.70681986492127,Utility,Accuracy_TSTR,0.8121833333333333
Bank,bank,TVAE,123,42,10000,8000,2000,classification,57.52759439731017,0.0,19.16599032189697,76.70681986492127,Utility,Accuracy_Gap,0.0676333333333333
Bank,bank,TVAE,123,42,10000,8000,2000,classification,57.52759439731017,0.0,19.16599032189697,76.70681986492127,Utility,F1_TRTR,0.869294797537779
Bank,bank,TVAE,123,42,10000,8000,2000,classification,57.52759439731017,0.0,19.16599032189697,76.70681986492127,Utility,F1_TSTR,0.8267629281041665
Bank,bank,TVAE,123,42,10000,8000,2000,classification,57.52759439731017,0.0,19.16599032189697,76.70681986492127,Utility,F1_Gap,0.0425318694336125
Bank,bank,TVAE,123,42,10000,8000,2000,classification,57.52759439731017,0.0,19.16599032189697,76.70681986492127,Utility,Precision_TRTR,0.8680007748575592
Bank,bank,TVAE,123,42,10000,8000,2000,classification,57.52759439731017,0.0,19.16599032189697,76.70681986492127,Utility,Precision_TSTR,0.8528546685203037
Bank,bank,TVAE,123,42,10000,8000,2000,classification,57.52759439731017,0.0,19.16599032189697,76.70681986492127,Utility,Precision_Gap,0.0151461063372555
Bank,bank,TVAE,123,42,10000,8000,2000,classification,57.52759439731017,0.0,19.16599032189697,76.70681986492127,Utility,Recall_TRTR,0.8798166666666666
Bank,bank,TVAE,123,42,10000,8000,2000,classification,57.52759439731017,0.0,19.16599032189697,76.70681986492127,Utility,Recall_TSTR,0.8121833333333333
Bank,bank,TVAE,123,42,10000,8000,2000,classification,57.52759439731017,0.0,19.16599032189697,76.70681986492127,Utility,Recall_Gap,0.0676333333333333
Bank,bank,TVAE,123,42,10000,8000,2000,classification,57.52759439731017,0.0,19.16599032189697,76.70681986492127,Utility,ROC_AUC_TRTR,0.8238983547957669
Bank,bank,TVAE,123,42,10000,8000,2000,classification,57.52759439731017,0.0,19.16599032189697,76.70681986492127,Utility,ROC_AUC_TSTR,0.748397296024319
Bank,bank,TVAE,123,42,10000,8000,2000,classification,57.52759439731017,0.0,19.16599032189697,76.70681986492127,Utility,ROC_AUC_Gap,0.0755010587714478
Bank,bank,TVAE,123,42,10000,8000,2000,classification,57.52759439731017,0.0,19.16599032189697,76.70681986492127,Privacy,Mahalanobis_Distance,3.772471499411313
Bank,bank,TVAE,123,42,10000,8000,2000,classification,57.52759439731017,0.0,19.16599032189697,76.70681986492127,Privacy,Mean_Distance,3.772471499411313
Bank,bank,TVAE,123,42,10000,8000,2000,classification,57.52759439731017,0.0,19.16599032189697,76.70681986492127,Privacy,Median_Distance,3.546903111476393
Bank,bank,TVAE,123,42,10000,8000,2000,classification,57.52759439731017,0.0,19.16599032189697,76.70681986492127,Privacy,NNDR,0.8242500565201815
Bank,bank,TVAE,123,42,10000,8000,2000,classification,57.52759439731017,0.0,19.16599032189697,76.70681986492127,Privacy,MIA_AUC,0.9238271604938272
Bank,bank,TVAE,123,42,10000,8000,2000,classification,57.52759439731017,0.0,19.16599032189697,76.70681986492127,Compute,training_time_seconds,57.52759439731017
Bank,bank,TVAE,123,42,10000,8000,2000,classification,57.52759439731017,0.0,19.16599032189697,76.70681986492127,Compute,generation_time_seconds,0.0
Bank,bank,TVAE,123,42,10000,8000,2000,classification,57.52759439731017,0.0,19.16599032189697,76.70681986492127,Compute,evaluation_time_seconds,19.16599032189697
Bank,bank,TVAE,123,42,10000,8000,2000,classification,57.52759439731017,0.0,19.16599032189697,76.70681986492127,Compute,total_time_seconds,76.70681986492127
Bank,bank,TVAE,2024,42,10000,8000,2000,classification,62.81600107299164,0.0,19.333902799990028,82.162072845269,Fidelity,Quality_Score,0.8690807804320766
Bank,bank,TVAE,2024,42,10000,8000,2000,classification,62.81600107299164,0.0,19.333902799990028,82.162072845269,Fidelity,KS_Complement,0.8597321428571428
Bank,bank,TVAE,2024,42,10000,8000,2000,classification,62.81600107299164,0.0,19.333902799990028,82.162072845269,Fidelity,Wasserstein_Distance,145.38249285714292
Bank,bank,TVAE,2024,42,10000,8000,2000,classification,62.81600107299164,0.0,19.333902799990028,82.162072845269,Fidelity,MMD,0.0222380163543375
Bank,bank,TVAE,2024,42,10000,8000,2000,classification,62.81600107299164,0.0,19.333902799990028,82.162072845269,Utility,Accuracy_TRTR,0.8798166666666666
Bank,bank,TVAE,2024,42,10000,8000,2000,classification,62.81600107299164,0.0,19.333902799990028,82.162072845269,Utility,Accuracy_TSTR,0.7830333333333334
Bank,bank,TVAE,2024,42,10000,8000,2000,classification,62.81600107299164,0.0,19.333902799990028,82.162072845269,Utility,Accuracy_Gap,0.0967833333333332
Bank,bank,TVAE,2024,42,10000,8000,2000,classification,62.81600107299164,0.0,19.333902799990028,82.162072845269,Utility,F1_TRTR,0.869294797537779
Bank,bank,TVAE,2024,42,10000,8000,2000,classification,62.81600107299164,0.0,19.333902799990028,82.162072845269,Utility,F1_TSTR,0.8142778564244931
Bank,bank,TVAE,2024,42,10000,8000,2000,classification,62.81600107299164,0.0,19.333902799990028,82.162072845269,Utility,F1_Gap,0.0550169411132859
Bank,bank,TVAE,2024,42,10000,8000,2000,classification,62.81600107299164,0.0,19.333902799990028,82.162072845269,Utility,Precision_TRTR,0.8680007748575592
Bank,bank,TVAE,2024,42,10000,8000,2000,classification,62.81600107299164,0.0,19.333902799990028,82.162072845269,Utility,Precision_TSTR,0.8764293471292407
Bank,bank,TVAE,2024,42,10000,8000,2000,classification,62.81600107299164,0.0,19.333902799990028,82.162072845269,Utility,Precision_Gap,-0.0084285722716814
Bank,bank,TVAE,2024,42,10000,8000,2000,classification,62.81600107299164,0.0,19.333902799990028,82.162072845269,Utility,Recall_TRTR,0.8798166666666666
Bank,bank,TVAE,2024,42,10000,8000,2000,classification,62.81600107299164,0.0,19.333902799990028,82.162072845269,Utility,Recall_TSTR,0.7830333333333334
Bank,bank,TVAE,2024,42,10000,8000,2000,classification,62.81600107299164,0.0,19.333902799990028,82.162072845269,Utility,Recall_Gap,0.0967833333333332
Bank,bank,TVAE,2024,42,10000,8000,2000,classification,62.81600107299164,0.0,19.333902799990028,82.162072845269,Utility,ROC_AUC_TRTR,0.8238983547957669
Bank,bank,TVAE,2024,42,10000,8000,2000,classification,62.81600107299164,0.0,19.333902799990028,82.162072845269,Utility,ROC_AUC_TSTR,0.8037204434494954
Bank,bank,TVAE,2024,42,10000,8000,2000,classification,62.81600107299164,0.0,19.333902799990028,82.162072845269,Utility,ROC_AUC_Gap,0.0201779113462714
Bank,bank,TVAE,2024,42,10000,8000,2000,classification,62.81600107299164,0.0,19.333902799990028,82.162072845269,Privacy,Mahalanobis_Distance,3.933698490566489
Bank,bank,TVAE,2024,42,10000,8000,2000,classification,62.81600107299164,0.0,19.333902799990028,82.162072845269,Privacy,Mean_Distance,3.933698490566489
Bank,bank,TVAE,2024,42,10000,8000,2000,classification,62.81600107299164,0.0,19.333902799990028,82.162072845269,Privacy,Median_Distance,3.686473690174068
Bank,bank,TVAE,2024,42,10000,8000,2000,classification,62.81600107299164,0.0,19.333902799990028,82.162072845269,Privacy,NNDR,0.8316164466794255
Bank,bank,TVAE,2024,42,10000,8000,2000,classification,62.81600107299164,0.0,19.333902799990028,82.162072845269,Privacy,MIA_AUC,0.9196296296296296
Bank,bank,TVAE,2024,42,10000,8000,2000,classification,62.81600107299164,0.0,19.333902799990028,82.162072845269,Compute,training_time_seconds,62.81600107299164
Bank,bank,TVAE,2024,42,10000,8000,2000,classification,62.81600107299164,0.0,19.333902799990028,82.162072845269,Compute,generation_time_seconds,0.0
Bank,bank,TVAE,2024,42,10000,8000,2000,classification,62.81600107299164,0.0,19.333902799990028,82.162072845269,Compute,evaluation_time_seconds,19.333902799990028
Bank,bank,TVAE,2024,42,10000,8000,2000,classification,62.81600107299164,0.0,19.333902799990028,82.162072845269,Compute,total_time_seconds,82.162072845269
Bank,bank,GaussianCopula,42,42,10000,8000,2000,classification,2.709399170707912,0.0,23.02744935872033,25.74912252696231,Fidelity,Quality_Score,0.8505668537520013
Bank,bank,GaussianCopula,42,42,10000,8000,2000,classification,2.709399170707912,0.0,23.02744935872033,25.74912252696231,Fidelity,KS_Complement,0.7950964285714285
Bank,bank,GaussianCopula,42,42,10000,8000,2000,classification,2.709399170707912,0.0,23.02744935872033,25.74912252696231,Fidelity,Wasserstein_Distance,126.46727142857148
Bank,bank,GaussianCopula,42,42,10000,8000,2000,classification,2.709399170707912,0.0,23.02744935872033,25.74912252696231,Fidelity,MMD,0.024547092498605
Bank,bank,GaussianCopula,42,42,10000,8000,2000,classification,2.709399170707912,0.0,23.02744935872033,25.74912252696231,Utility,Accuracy_TRTR,0.8798166666666666
Bank,bank,GaussianCopula,42,42,10000,8000,2000,classification,2.709399170707912,0.0,23.02744935872033,25.74912252696231,Utility,Accuracy_TSTR,0.8533499999999997
Bank,bank,GaussianCopula,42,42,10000,8000,2000,classification,2.709399170707912,0.0,23.02744935872033,25.74912252696231,Utility,Accuracy_Gap,0.0264666666666668
Bank,bank,GaussianCopula,42,42,10000,8000,2000,classification,2.709399170707912,0.0,23.02744935872033,25.74912252696231,Utility,F1_TRTR,0.869294797537779
Bank,bank,GaussianCopula,42,42,10000,8000,2000,classification,2.709399170707912,0.0,23.02744935872033,25.74912252696231,Utility,F1_TSTR,0.82027573218244
Bank,bank,GaussianCopula,42,42,10000,8000,2000,classification,2.709399170707912,0.0,23.02744935872033,25.74912252696231,Utility,F1_Gap,0.049019065355339
Bank,bank,GaussianCopula,42,42,10000,8000,2000,classification,2.709399170707912,0.0,23.02744935872033,25.74912252696231,Utility,Precision_TRTR,0.8680007748575592
Bank,bank,GaussianCopula,42,42,10000,8000,2000,classification,2.709399170707912,0.0,23.02744935872033,25.74912252696231,Utility,Precision_TSTR,0.8259286809610997
Bank,bank,GaussianCopula,42,42,10000,8000,2000,classification,2.709399170707912,0.0,23.02744935872033,25.74912252696231,Utility,Precision_Gap,0.0420720938964594
Bank,bank,GaussianCopula,42,42,10000,8000,2000,classification,2.709399170707912,0.0,23.02744935872033,25.74912252696231,Utility,Recall_TRTR,0.8798166666666666
Bank,bank,GaussianCopula,42,42,10000,8000,2000,classification,2.709399170707912,0.0,23.02744935872033,25.74912252696231,Utility,Recall_TSTR,0.8533499999999997
Bank,bank,GaussianCopula,42,42,10000,8000,2000,classification,2.709399170707912,0.0,23.02744935872033,25.74912252696231,Utility,Recall_Gap,0.0264666666666668
Bank,bank,GaussianCopula,42,42,10000,8000,2000,classification,2.709399170707912,0.0,23.02744935872033,25.74912252696231,Utility,ROC_AUC_TRTR,0.8238983547957669
Bank,bank,GaussianCopula,42,42,10000,8000,2000,classification,2.709399170707912,0.0,23.02744935872033,25.74912252696231,Utility,ROC_AUC_TSTR,0.7106854139587988
Bank,bank,GaussianCopula,42,42,10000,8000,2000,classification,2.709399170707912,0.0,23.02744935872033,25.74912252696231,Utility,ROC_AUC_Gap,0.113212940836968
Bank,bank,GaussianCopula,42,42,10000,8000,2000,classification,2.709399170707912,0.0,23.02744935872033,25.74912252696231,Privacy,Mahalanobis_Distance,4.148359233536417
Bank,bank,GaussianCopula,42,42,10000,8000,2000,classification,2.709399170707912,0.0,23.02744935872033,25.74912252696231,Privacy,Mean_Distance,4.148359233536417
Bank,bank,GaussianCopula,42,42,10000,8000,2000,classification,2.709399170707912,0.0,23.02744935872033,25.74912252696231,Privacy,Median_Distance,3.810501157942953
Bank,bank,GaussianCopula,42,42,10000,8000,2000,classification,2.709399170707912,0.0,23.02744935872033,25.74912252696231,Privacy,NNDR,0.8920959804188563
Bank,bank,GaussianCopula,42,42,10000,8000,2000,classification,2.709399170707912,0.0,23.02744935872033,25.74912252696231,Privacy,MIA_AUC,0.5633333333333334
Bank,bank,GaussianCopula,42,42,10000,8000,2000,classification,2.709399170707912,0.0,23.02744935872033,25.74912252696231,Compute,training_time_seconds,2.709399170707912
Bank,bank,GaussianCopula,42,42,10000,8000,2000,classification,2.709399170707912,0.0,23.02744935872033,25.74912252696231,Compute,generation_time_seconds,0.0
Bank,bank,GaussianCopula,42,42,10000,8000,2000,classification,2.709399170707912,0.0,23.02744935872033,25.74912252696231,Compute,evaluation_time_seconds,23.02744935872033
Bank,bank,GaussianCopula,42,42,10000,8000,2000,classification,2.709399170707912,0.0,23.02744935872033,25.74912252696231,Compute,total_time_seconds,25.74912252696231
Bank,bank,GaussianCopula,123,42,10000,8000,2000,classification,2.661808410193771,0.0,23.24092971207574,25.91568402387201,Fidelity,Quality_Score,0.8505668537520013
Bank,bank,GaussianCopula,123,42,10000,8000,2000,classification,2.661808410193771,0.0,23.24092971207574,25.91568402387201,Fidelity,KS_Complement,0.7950964285714285
Bank,bank,GaussianCopula,123,42,10000,8000,2000,classification,2.661808410193771,0.0,23.24092971207574,25.91568402387201,Fidelity,Wasserstein_Distance,126.46727142857148
Bank,bank,GaussianCopula,123,42,10000,8000,2000,classification,2.661808410193771,0.0,23.24092971207574,25.91568402387201,Fidelity,MMD,0.024547092498605
Bank,bank,GaussianCopula,123,42,10000,8000,2000,classification,2.661808410193771,0.0,23.24092971207574,25.91568402387201,Utility,Accuracy_TRTR,0.8798166666666666
Bank,bank,GaussianCopula,123,42,10000,8000,2000,classification,2.661808410193771,0.0,23.24092971207574,25.91568402387201,Utility,Accuracy_TSTR,0.8533499999999997
Bank,bank,GaussianCopula,123,42,10000,8000,2000,classification,2.661808410193771,0.0,23.24092971207574,25.91568402387201,Utility,Accuracy_Gap,0.0264666666666668
Bank,bank,GaussianCopula,123,42,10000,8000,2000,classification,2.661808410193771,0.0,23.24092971207574,25.91568402387201,Utility,F1_TRTR,0.869294797537779
Bank,bank,GaussianCopula,123,42,10000,8000,2000,classification,2.661808410193771,0.0,23.24092971207574,25.91568402387201,Utility,F1_TSTR,0.82027573218244
Bank,bank,GaussianCopula,123,42,10000,8000,2000,classification,2.661808410193771,0.0,23.24092971207574,25.91568402387201,Utility,F1_Gap,0.049019065355339
Bank,bank,GaussianCopula,123,42,10000,8000,2000,classification,2.661808410193771,0.0,23.24092971207574,25.91568402387201,Utility,Precision_TRTR,0.8680007748575592
Bank,bank,GaussianCopula,123,42,10000,8000,2000,classification,2.661808410193771,0.0,23.24092971207574,25.91568402387201,Utility,Precision_TSTR,0.8259286809610997
Bank,bank,GaussianCopula,123,42,10000,8000,2000,classification,2.661808410193771,0.0,23.24092971207574,25.91568402387201,Utility,Precision_Gap,0.0420720938964594
Bank,bank,GaussianCopula,123,42,10000,8000,2000,classification,2.661808410193771,0.0,23.24092971207574,25.91568402387201,Utility,Recall_TRTR,0.8798166666666666
Bank,bank,GaussianCopula,123,42,10000,8000,2000,classification,2.661808410193771,0.0,23.24092971207574,25.91568402387201,Utility,Recall_TSTR,0.8533499999999997
Bank,bank,GaussianCopula,123,42,10000,8000,2000,classification,2.661808410193771,0.0,23.24092971207574,25.91568402387201,Utility,Recall_Gap,0.0264666666666668
Bank,bank,GaussianCopula,123,42,10000,8000,2000,classification,2.661808410193771,0.0,23.24092971207574,25.91568402387201,Utility,ROC_AUC_TRTR,0.8238983547957669
Bank,bank,GaussianCopula,123,42,10000,8000,2000,classification,2.661808410193771,0.0,23.24092971207574,25.91568402387201,Utility,ROC_AUC_TSTR,0.7106854139587988
Bank,bank,GaussianCopula,123,42,10000,8000,2000,classification,2.661808410193771,0.0,23.24092971207574,25.91568402387201,Utility,ROC_AUC_Gap,0.113212940836968
Bank,bank,GaussianCopula,123,42,10000,8000,2000,classification,2.661808410193771,0.0,23.24092971207574,25.91568402387201,Privacy,Mahalanobis_Distance,4.148359233536417
Bank,bank,GaussianCopula,123,42,10000,8000,2000,classification,2.661808410193771,0.0,23.24092971207574,25.91568402387201,Privacy,Mean_Distance,4.148359233536417
Bank,bank,GaussianCopula,123,42,10000,8000,2000,classification,2.661808410193771,0.0,23.24092971207574,25.91568402387201,Privacy,Median_Distance,3.810501157942953
Bank,bank,GaussianCopula,123,42,10000,8000,2000,classification,2.661808410193771,0.0,23.24092971207574,25.91568402387201,Privacy,NNDR,0.8920959804188563
Bank,bank,GaussianCopula,123,42,10000,8000,2000,classification,2.661808410193771,0.0,23.24092971207574,25.91568402387201,Privacy,MIA_AUC,0.5633333333333334
Bank,bank,GaussianCopula,123,42,10000,8000,2000,classification,2.661808410193771,0.0,23.24092971207574,25.91568402387201,Compute,training_time_seconds,2.661808410193771
Bank,bank,GaussianCopula,123,42,10000,8000,2000,classification,2.661808410193771,0.0,23.24092971207574,25.91568402387201,Compute,generation_time_seconds,0.0
Bank,bank,GaussianCopula,123,42,10000,8000,2000,classification,2.661808410193771,0.0,23.24092971207574,25.91568402387201,Compute,evaluation_time_seconds,23.24092971207574
Bank,bank,GaussianCopula,123,42,10000,8000,2000,classification,2.661808410193771,0.0,23.24092971207574,25.91568402387201,Compute,total_time_seconds,25.91568402387201
Bank,bank,GaussianCopula,2024,42,10000,8000,2000,classification,2.7175100799649954,0.0,23.04663523705676,25.777089402079586,Fidelity,Quality_Score,0.8505668537520013
Bank,bank,GaussianCopula,2024,42,10000,8000,2000,classification,2.7175100799649954,0.0,23.04663523705676,25.777089402079586,Fidelity,KS_Complement,0.7950964285714285
Bank,bank,GaussianCopula,2024,42,10000,8000,2000,classification,2.7175100799649954,0.0,23.04663523705676,25.777089402079586,Fidelity,Wasserstein_Distance,126.46727142857148
Bank,bank,GaussianCopula,2024,42,10000,8000,2000,classification,2.7175100799649954,0.0,23.04663523705676,25.777089402079586,Fidelity,MMD,0.024547092498605
Bank,bank,GaussianCopula,2024,42,10000,8000,2000,classification,2.7175100799649954,0.0,23.04663523705676,25.777089402079586,Utility,Accuracy_TRTR,0.8798166666666666
Bank,bank,GaussianCopula,2024,42,10000,8000,2000,classification,2.7175100799649954,0.0,23.04663523705676,25.777089402079586,Utility,Accuracy_TSTR,0.8533499999999997
Bank,bank,GaussianCopula,2024,42,10000,8000,2000,classification,2.7175100799649954,0.0,23.04663523705676,25.777089402079586,Utility,Accuracy_Gap,0.0264666666666668
Bank,bank,GaussianCopula,2024,42,10000,8000,2000,classification,2.7175100799649954,0.0,23.04663523705676,25.777089402079586,Utility,F1_TRTR,0.869294797537779
Bank,bank,GaussianCopula,2024,42,10000,8000,2000,classification,2.7175100799649954,0.0,23.04663523705676,25.777089402079586,Utility,F1_TSTR,0.82027573218244
Bank,bank,GaussianCopula,2024,42,10000,8000,2000,classification,2.7175100799649954,0.0,23.04663523705676,25.777089402079586,Utility,F1_Gap,0.049019065355339
Bank,bank,GaussianCopula,2024,42,10000,8000,2000,classification,2.7175100799649954,0.0,23.04663523705676,25.777089402079586,Utility,Precision_TRTR,0.8680007748575592
Bank,bank,GaussianCopula,2024,42,10000,8000,2000,classification,2.7175100799649954,0.0,23.04663523705676,25.777089402079586,Utility,Precision_TSTR,0.8259286809610997
Bank,bank,GaussianCopula,2024,42,10000,8000,2000,classification,2.7175100799649954,0.0,23.04663523705676,25.777089402079586,Utility,Precision_Gap,0.0420720938964594
Bank,bank,GaussianCopula,2024,42,10000,8000,2000,classification,2.7175100799649954,0.0,23.04663523705676,25.777089402079586,Utility,Recall_TRTR,0.8798166666666666
Bank,bank,GaussianCopula,2024,42,10000,8000,2000,classification,2.7175100799649954,0.0,23.04663523705676,25.777089402079586,Utility,Recall_TSTR,0.8533499999999997
Bank,bank,GaussianCopula,2024,42,10000,8000,2000,classification,2.7175100799649954,0.0,23.04663523705676,25.777089402079586,Utility,Recall_Gap,0.0264666666666668
Bank,bank,GaussianCopula,2024,42,10000,8000,2000,classification,2.7175100799649954,0.0,23.04663523705676,25.777089402079586,Utility,ROC_AUC_TRTR,0.8238983547957669
Bank,bank,GaussianCopula,2024,42,10000,8000,2000,classification,2.7175100799649954,0.0,23.04663523705676,25.777089402079586,Utility,ROC_AUC_TSTR,0.7106854139587988
Bank,bank,GaussianCopula,2024,42,10000,8000,2000,classification,2.7175100799649954,0.0,23.04663523705676,25.777089402079586,Utility,ROC_AUC_Gap,0.113212940836968
Bank,bank,GaussianCopula,2024,42,10000,8000,2000,classification,2.7175100799649954,0.0,23.04663523705676,25.777089402079586,Privacy,Mahalanobis_Distance,4.148359233536417
Bank,bank,GaussianCopula,2024,42,10000,8000,2000,classification,2.7175100799649954,0.0,23.04663523705676,25.777089402079586,Privacy,Mean_Distance,4.148359233536417
Bank,bank,GaussianCopula,2024,42,10000,8000,2000,classification,2.7175100799649954,0.0,23.04663523705676,25.777089402079586,Privacy,Median_Distance,3.810501157942953
Bank,bank,GaussianCopula,2024,42,10000,8000,2000,classification,2.7175100799649954,0.0,23.04663523705676,25.777089402079586,Privacy,NNDR,0.8920959804188563
Bank,bank,GaussianCopula,2024,42,10000,8000,2000,classification,2.7175100799649954,0.0,23.04663523705676,25.777089402079586,Privacy,MIA_AUC,0.5633333333333334
Bank,bank,GaussianCopula,2024,42,10000,8000,2000,classification,2.7175100799649954,0.0,23.04663523705676,25.777089402079586,Compute,training_time_seconds,2.7175100799649954
Bank,bank,GaussianCopula,2024,42,10000,8000,2000,classification,2.7175100799649954,0.0,23.04663523705676,25.777089402079586,Compute,generation_time_seconds,0.0
Bank,bank,GaussianCopula,2024,42,10000,8000,2000,classification,2.7175100799649954,0.0,23.04663523705676,25.777089402079586,Compute,evaluation_time_seconds,23.04663523705676
Bank,bank,GaussianCopula,2024,42,10000,8000,2000,classification,2.7175100799649954,0.0,23.04663523705676,25.777089402079586,Compute,total_time_seconds,25.777089402079586
Bank,bank,CTABGAN,42,42,10000,8000,2000,classification,234.1768197901547,0.0,28.495485799387097,262.684322653804,Fidelity,Quality_Score,0.7168793676930669
Bank,bank,CTABGAN,42,42,10000,8000,2000,classification,234.1768197901547,0.0,28.495485799387097,262.684322653804,Fidelity,KS_Complement,0.6584464285714287
Bank,bank,CTABGAN,42,42,10000,8000,2000,classification,234.1768197901547,0.0,28.495485799387097,262.684322653804,Fidelity,Wasserstein_Distance,55.62714144898
Bank,bank,CTABGAN,42,42,10000,8000,2000,classification,234.1768197901547,0.0,28.495485799387097,262.684322653804,Fidelity,MMD,0.2069327403910174
Bank,bank,CTABGAN,42,42,10000,8000,2000,classification,234.1768197901547,0.0,28.495485799387097,262.684322653804,Utility,Accuracy_TRTR,0.8798166666666666
Bank,bank,CTABGAN,42,42,10000,8000,2000,classification,234.1768197901547,0.0,28.495485799387097,262.684322653804,Utility,Accuracy_TSTR,0.7976333333333334
Bank,bank,CTABGAN,42,42,10000,8000,2000,classification,234.1768197901547,0.0,28.495485799387097,262.684322653804,Utility,Accuracy_Gap,0.0821833333333331
Bank,bank,CTABGAN,42,42,10000,8000,2000,classification,234.1768197901547,0.0,28.495485799387097,262.684322653804,Utility,F1_TRTR,0.869294797537779
Bank,bank,CTABGAN,42,42,10000,8000,2000,classification,234.1768197901547,0.0,28.495485799387097,262.684322653804,Utility,F1_TSTR,0.8174820872475581
Bank,bank,CTABGAN,42,42,10000,8000,2000,classification,234.1768197901547,0.0,28.495485799387097,262.684322653804,Utility,F1_Gap,0.0518127102902209
Bank,bank,CTABGAN,42,42,10000,8000,2000,classification,234.1768197901547,0.0,28.495485799387097,262.684322653804,Utility,Precision_TRTR,0.8680007748575592
Bank,bank,CTABGAN,42,42,10000,8000,2000,classification,234.1768197901547,0.0,28.495485799387097,262.684322653804,Utility,Precision_TSTR,0.8552734614924177
Bank,bank,CTABGAN,42,42,10000,8000,2000,classification,234.1768197901547,0.0,28.495485799387097,262.684322653804,Utility,Precision_Gap,0.0127273133651415
Bank,bank,CTABGAN,42,42,10000,8000,2000,classification,234.1768197901547,0.0,28.495485799387097,262.684322653804,Utility,Recall_TRTR,0.8798166666666666
Bank,bank,CTABGAN,42,42,10000,8000,2000,classification,234.1768197901547,0.0,28.495485799387097,262.684322653804,Utility,Recall_TSTR,0.7976333333333334
Bank,bank,CTABGAN,42,42,10000,8000,2000,classification,234.1768197901547,0.0,28.495485799387097,262.684322653804,Utility,Recall_Gap,0.0821833333333331
Bank,bank,CTABGAN,42,42,10000,8000,2000,classification,234.1768197901547,0.0,28.495485799387097,262.684322653804,Utility,ROC_AUC_TRTR,0.8238983547957669
Bank,bank,CTABGAN,42,42,10000,8000,2000,classification,234.1768197901547,0.0,28.495485799387097,262.684322653804,Utility,ROC_AUC_TSTR,0.7685827952981583
Bank,bank,CTABGAN,42,42,10000,8000,2000,classification,234.1768197901547,0.0,28.495485799387097,262.684322653804,Utility,ROC_AUC_Gap,0.0553155594976085
Bank,bank,CTABGAN,42,42,10000,8000,2000,classification,234.1768197901547,0.0,28.495485799387097,262.684322653804,Privacy,Mahalanobis_Distance,5.7022247039188105
Bank,bank,CTABGAN,42,42,10000,8000,2000,classification,234.1768197901547,0.0,28.495485799387097,262.684322653804,Privacy,Mean_Distance,5.7022247039188105
Bank,bank,CTABGAN,42,42,10000,8000,2000,classification,234.1768197901547,0.0,28.495485799387097,262.684322653804,Privacy,Median_Distance,5.178951503458633
Bank,bank,CTABGAN,42,42,10000,8000,2000,classification,234.1768197901547,0.0,28.495485799387097,262.684322653804,Privacy,NNDR,0.892407818190084
Bank,bank,CTABGAN,42,42,10000,8000,2000,classification,234.1768197901547,0.0,28.495485799387097,262.684322653804,Privacy,MIA_AUC,0.8965432098765432
Bank,bank,CTABGAN,42,42,10000,8000,2000,classification,234.1768197901547,0.0,28.495485799387097,262.684322653804,Compute,training_time_seconds,234.1768197901547
Bank,bank,CTABGAN,42,42,10000,8000,2000,classification,234.1768197901547,0.0,28.495485799387097,262.684322653804,Compute,generation_time_seconds,0.0
Bank,bank,CTABGAN,42,42,10000,8000,2000,classification,234.1768197901547,0.0,28.495485799387097,262.684322653804,Compute,evaluation_time_seconds,28.495485799387097
Bank,bank,CTABGAN,42,42,10000,8000,2000,classification,234.1768197901547,0.0,28.495485799387097,262.684322653804,Compute,total_time_seconds,262.684322653804
Bank,bank,CTABGAN,123,42,10000,8000,2000,classification,233.0954104191624,0.0,29.521458948031068,262.62886614492163,Fidelity,Quality_Score,0.7449591344122101
Bank,bank,CTABGAN,123,42,10000,8000,2000,classification,233.0954104191624,0.0,29.521458948031068,262.62886614492163,Fidelity,KS_Complement,0.6596464285714286
Bank,bank,CTABGAN,123,42,10000,8000,2000,classification,233.0954104191624,0.0,29.521458948031068,262.62886614492163,Fidelity,Wasserstein_Distance,75.49145222735868
Bank,bank,CTABGAN,123,42,10000,8000,2000,classification,233.0954104191624,0.0,29.521458948031068,262.62886614492163,Fidelity,MMD,0.1606748062888122
Bank,bank,CTABGAN,123,42,10000,8000,2000,classification,233.0954104191624,0.0,29.521458948031068,262.62886614492163,Utility,Accuracy_TRTR,0.8798166666666666
Bank,bank,CTABGAN,123,42,10000,8000,2000,classification,233.0954104191624,0.0,29.521458948031068,262.62886614492163,Utility,Accuracy_TSTR,0.8509333333333332
Bank,bank,CTABGAN,123,42,10000,8000,2000,classification,233.0954104191624,0.0,29.521458948031068,262.62886614492163,Utility,Accuracy_Gap,0.0288833333333333
Bank,bank,CTABGAN,123,42,10000,8000,2000,classification,233.0954104191624,0.0,29.521458948031068,262.62886614492163,Utility,F1_TRTR,0.869294797537779
Bank,bank,CTABGAN,123,42,10000,8000,2000,classification,233.0954104191624,0.0,29.521458948031068,262.62886614492163,Utility,F1_TSTR,0.8476310105061127
Bank,bank,CTABGAN,123,42,10000,8000,2000,classification,233.0954104191624,0.0,29.521458948031068,262.62886614492163,Utility,F1_Gap,0.0216637870316663
Bank,bank,CTABGAN,123,42,10000,8000,2000,classification,233.0954104191624,0.0,29.521458948031068,262.62886614492163,Utility,Precision_TRTR,0.8680007748575592
Bank,bank,CTABGAN,123,42,10000,8000,2000,classification,233.0954104191624,0.0,29.521458948031068,262.62886614492163,Utility,Precision_TSTR,0.8560556157642378
Bank,bank,CTABGAN,123,42,10000,8000,2000,classification,233.0954104191624,0.0,29.521458948031068,262.62886614492163,Utility,Precision_Gap,0.0119451590933213
Bank,bank,CTABGAN,123,42,10000,8000,2000,classification,233.0954104191624,0.0,29.521458948031068,262.62886614492163,Utility,Recall_TRTR,0.8798166666666666
Bank,bank,CTABGAN,123,42,10000,8000,2000,classification,233.0954104191624,0.0,29.521458948031068,262.62886614492163,Utility,Recall_TSTR,0.8509333333333332
Bank,bank,CTABGAN,123,42,10000,8000,2000,classification,233.0954104191624,0.0,29.521458948031068,262.62886614492163,Utility,Recall_Gap,0.0288833333333333
Bank,bank,CTABGAN,123,42,10000,8000,2000,classification,233.0954104191624,0.0,29.521458948031068,262.62886614492163,Utility,ROC_AUC_TRTR,0.8238983547957669
Bank,bank,CTABGAN,123,42,10000,8000,2000,classification,233.0954104191624,0.0,29.521458948031068,262.62886614492163,Utility,ROC_AUC_TSTR,0.7817773757093531
Bank,bank,CTABGAN,123,42,10000,8000,2000,classification,233.0954104191624,0.0,29.521458948031068,262.62886614492163,Utility,ROC_AUC_Gap,0.0421209790864137
Bank,bank,CTABGAN,123,42,10000,8000,2000,classification,233.0954104191624,0.0,29.521458948031068,262.62886614492163,Privacy,Mahalanobis_Distance,5.070872349732272
Bank,bank,CTABGAN,123,42,10000,8000,2000,classification,233.0954104191624,0.0,29.521458948031068,262.62886614492163,Privacy,Mean_Distance,5.070872349732272
Bank,bank,CTABGAN,123,42,10000,8000,2000,classification,233.0954104191624,0.0,29.521458948031068,262.62886614492163,Privacy,Median_Distance,4.807154123593502
Bank,bank,CTABGAN,123,42,10000,8000,2000,classification,233.0954104191624,0.0,29.521458948031068,262.62886614492163,Privacy,NNDR,0.8774366723594307
Bank,bank,CTABGAN,123,42,10000,8000,2000,classification,233.0954104191624,0.0,29.521458948031068,262.62886614492163,Privacy,MIA_AUC,0.821604938271605
Bank,bank,CTABGAN,123,42,10000,8000,2000,classification,233.0954104191624,0.0,29.521458948031068,262.62886614492163,Compute,training_time_seconds,233.0954104191624
Bank,bank,CTABGAN,123,42,10000,8000,2000,classification,233.0954104191624,0.0,29.521458948031068,262.62886614492163,Compute,generation_time_seconds,0.0
Bank,bank,CTABGAN,123,42,10000,8000,2000,classification,233.0954104191624,0.0,29.521458948031068,262.62886614492163,Compute,evaluation_time_seconds,29.521458948031068
Bank,bank,CTABGAN,123,42,10000,8000,2000,classification,233.0954104191624,0.0,29.521458948031068,262.62886614492163,Compute,total_time_seconds,262.62886614492163
Bank,bank,CTABGAN,2024,42,10000,8000,2000,classification,232.4494218840264,0.0,29.95729293301701,262.4190480741672,Fidelity,Quality_Score,0.7274258117409463
Bank,bank,CTABGAN,2024,42,10000,8000,2000,classification,232.4494218840264,0.0,29.95729293301701,262.4190480741672,Fidelity,KS_Complement,0.6329928571428571
Bank,bank,CTABGAN,2024,42,10000,8000,2000,classification,232.4494218840264,0.0,29.95729293301701,262.4190480741672,Fidelity,Wasserstein_Distance,103.94670762876278
Bank,bank,CTABGAN,2024,42,10000,8000,2000,classification,232.4494218840264,0.0,29.95729293301701,262.4190480741672,Fidelity,MMD,0.1505074898587196
Bank,bank,CTABGAN,2024,42,10000,8000,2000,classification,232.4494218840264,0.0,29.95729293301701,262.4190480741672,Utility,Accuracy_TRTR,0.8798166666666666
Bank,bank,CTABGAN,2024,42,10000,8000,2000,classification,232.4494218840264,0.0,29.95729293301701,262.4190480741672,Utility,Accuracy_TSTR,0.8073166666666667
Bank,bank,CTABGAN,2024,42,10000,8000,2000,classification,232.4494218840264,0.0,29.95729293301701,262.4190480741672,Utility,Accuracy_Gap,0.0724999999999999
Bank,bank,CTABGAN,2024,42,10000,8000,2000,classification,232.4494218840264,0.0,29.95729293301701,262.4190480741672,Utility,F1_TRTR,0.869294797537779
Bank,bank,CTABGAN,2024,42,10000,8000,2000,classification,232.4494218840264,0.0,29.95729293301701,262.4190480741672,Utility,F1_TSTR,0.8249530710099395
Bank,bank,CTABGAN,2024,42,10000,8000,2000,classification,232.4494218840264,0.0,29.95729293301701,262.4190480741672,Utility,F1_Gap,0.0443417265278395
Bank,bank,CTABGAN,2024,42,10000,8000,2000,classification,232.4494218840264,0.0,29.95729293301701,262.4190480741672,Utility,Precision_TRTR,0.8680007748575592
Bank,bank,CTABGAN,2024,42,10000,8000,2000,classification,232.4494218840264,0.0,29.95729293301701,262.4190480741672,Utility,Precision_TSTR,0.8533453682481086
Bank,bank,CTABGAN,2024,42,10000,8000,2000,classification,232.4494218840264,0.0,29.95729293301701,262.4190480741672,Utility,Precision_Gap,0.0146554066094506
Bank,bank,CTABGAN,2024,42,10000,8000,2000,classification,232.4494218840264,0.0,29.95729293301701,262.4190480741672,Utility,Recall_TRTR,0.8798166666666666
Bank,bank,CTABGAN,2024,42,10000,8000,2000,classification,232.4494218840264,0.0,29.95729293301701,262.4190480741672,Utility,Recall_TSTR,0.8073166666666667
Bank,bank,CTABGAN,2024,42,10000,8000,2000,classification,232.4494218840264,0.0,29.95729293301701,262.4190480741672,Utility,Recall_Gap,0.0724999999999999
Bank,bank,CTABGAN,2024,42,10000,8000,2000,classification,232.4494218840264,0.0,29.95729293301701,262.4190480741672,Utility,ROC_AUC_TRTR,0.8238983547957669
Bank,bank,CTABGAN,2024,42,10000,8000,2000,classification,232.4494218840264,0.0,29.95729293301701,262.4190480741672,Utility,ROC_AUC_TSTR,0.7582371475053803
Bank,bank,CTABGAN,2024,42,10000,8000,2000,classification,232.4494218840264,0.0,29.95729293301701,262.4190480741672,Utility,ROC_AUC_Gap,0.0656612072903866
Bank,bank,CTABGAN,2024,42,10000,8000,2000,classification,232.4494218840264,0.0,29.95729293301701,262.4190480741672,Privacy,Mahalanobis_Distance,5.299488529683967
Bank,bank,CTABGAN,2024,42,10000,8000,2000,classification,232.4494218840264,0.0,29.95729293301701,262.4190480741672,Privacy,Mean_Distance,5.299488529683967
Bank,bank,CTABGAN,2024,42,10000,8000,2000,classification,232.4494218840264,0.0,29.95729293301701,262.4190480741672,Privacy,Median_Distance,4.936020111619484
Bank,bank,CTABGAN,2024,42,10000,8000,2000,classification,232.4494218840264,0.0,29.95729293301701,262.4190480741672,Privacy,NNDR,0.8829358516402451
Bank,bank,CTABGAN,2024,42,10000,8000,2000,classification,232.4494218840264,0.0,29.95729293301701,262.4190480741672,Privacy,MIA_AUC,0.8933333333333333
Bank,bank,CTABGAN,2024,42,10000,8000,2000,classification,232.4494218840264,0.0,29.95729293301701,262.4190480741672,Compute,training_time_seconds,232.4494218840264
Bank,bank,CTABGAN,2024,42,10000,8000,2000,classification,232.4494218840264,0.0,29.95729293301701,262.4190480741672,Compute,generation_time_seconds,0.0
Bank,bank,CTABGAN,2024,42,10000,8000,2000,classification,232.4494218840264,0.0,29.95729293301701,262.4190480741672,Compute,evaluation_time_seconds,29.95729293301701
Bank,bank,CTABGAN,2024,42,10000,8000,2000,classification,232.4494218840264,0.0,29.95729293301701,262.4190480741672,Compute,total_time_seconds,262.4190480741672
Bank,bank,WGAN_GP,42,42,10000,8000,2000,classification,194.31781987287104,0.0,27.74853626685217,222.0787396808155,Fidelity,Quality_Score,0.7274401304843925
Bank,bank,WGAN_GP,42,42,10000,8000,2000,classification,194.31781987287104,0.0,27.74853626685217,222.0787396808155,Fidelity,KS_Complement,0.7565999999999999
Bank,bank,WGAN_GP,42,42,10000,8000,2000,classification,194.31781987287104,0.0,27.74853626685217,222.0787396808155,Fidelity,Wasserstein_Distance,31.320354539864905
Bank,bank,WGAN_GP,42,42,10000,8000,2000,classification,194.31781987287104,0.0,27.74853626685217,222.0787396808155,Fidelity,MMD,0.0080290853544783
Bank,bank,WGAN_GP,42,42,10000,8000,2000,classification,194.31781987287104,0.0,27.74853626685217,222.0787396808155,Utility,Accuracy_TRTR,0.8798166666666666
Bank,bank,WGAN_GP,42,42,10000,8000,2000,classification,194.31781987287104,0.0,27.74853626685217,222.0787396808155,Utility,Accuracy_TSTR,0.8745333333333332
Bank,bank,WGAN_GP,42,42,10000,8000,2000,classification,194.31781987287104,0.0,27.74853626685217,222.0787396808155,Utility,Accuracy_Gap,0.0052833333333334
Bank,bank,WGAN_GP,42,42,10000,8000,2000,classification,194.31781987287104,0.0,27.74853626685217,222.0787396808155,Utility,F1_TRTR,0.869294797537779
Bank,bank,WGAN_GP,42,42,10000,8000,2000,classification,194.31781987287104,0.0,27.74853626685217,222.0787396808155,Utility,F1_TSTR,0.8406503092096753
Bank,bank,WGAN_GP,42,42,10000,8000,2000,classification,194.31781987287104,0.0,27.74853626685217,222.0787396808155,Utility,F1_Gap,0.0286444883281037
Bank,bank,WGAN_GP,42,42,10000,8000,2000,classification,194.31781987287104,0.0,27.74853626685217,222.0787396808155,Utility,Precision_TRTR,0.8680007748575592
Bank,bank,WGAN_GP,42,42,10000,8000,2000,classification,194.31781987287104,0.0,27.74853626685217,222.0787396808155,Utility,Precision_TSTR,0.8396977031489574
Bank,bank,WGAN_GP,42,42,10000,8000,2000,classification,194.31781987287104,0.0,27.74853626685217,222.0787396808155,Utility,Precision_Gap,0.0283030717086018
Bank,bank,WGAN_GP,42,42,10000,8000,2000,classification,194.31781987287104,0.0,27.74853626685217,222.0787396808155,Utility,Recall_TRTR,0.8798166666666666
Bank,bank,WGAN_GP,42,42,10000,8000,2000,classification,194.31781987287104,0.0,27.74853626685217,222.0787396808155,Utility,Recall_TSTR,0.8745333333333332
Bank,bank,WGAN_GP,42,42,10000,8000,2000,classification,194.31781987287104,0.0,27.74853626685217,222.0787396808155,Utility,Recall_Gap,0.0052833333333334
Bank,bank,WGAN_GP,42,42,10000,8000,2000,classification,194.31781987287104,0.0,27.74853626685217,222.0787396808155,Utility,ROC_AUC_TRTR,0.8238983547957669
Bank,bank,WGAN_GP,42,42,10000,8000,2000,classification,194.31781987287104,0.0,27.74853626685217,222.0787396808155,Utility,ROC_AUC_TSTR,0.7566558312633623
Bank,bank,WGAN_GP,42,42,10000,8000,2000,classification,194.31781987287104,0.0,27.74853626685217,222.0787396808155,Utility,ROC_AUC_Gap,0.0672425235324045
Bank,bank,WGAN_GP,42,42,10000,8000,2000,classification,194.31781987287104,0.0,27.74853626685217,222.0787396808155,Privacy,Mahalanobis_Distance,3.871250212606483
Bank,bank,WGAN_GP,42,42,10000,8000,2000,classification,194.31781987287104,0.0,27.74853626685217,222.0787396808155,Privacy,Mean_Distance,3.871250212606483
Bank,bank,WGAN_GP,42,42,10000,8000,2000,classification,194.31781987287104,0.0,27.74853626685217,222.0787396808155,Privacy,Median_Distance,3.5255162781311213
Bank,bank,WGAN_GP,42,42,10000,8000,2000,classification,194.31781987287104,0.0,27.74853626685217,222.0787396808155,Privacy,NNDR,0.8649826111948481
Bank,bank,WGAN_GP,42,42,10000,8000,2000,classification,194.31781987287104,0.0,27.74853626685217,222.0787396808155,Privacy,MIA_AUC,0.6117283950617283
Bank,bank,WGAN_GP,42,42,10000,8000,2000,classification,194.31781987287104,0.0,27.74853626685217,222.0787396808155,Compute,training_time_seconds,194.31781987287104
Bank,bank,WGAN_GP,42,42,10000,8000,2000,classification,194.31781987287104,0.0,27.74853626685217,222.0787396808155,Compute,generation_time_seconds,0.0
Bank,bank,WGAN_GP,42,42,10000,8000,2000,classification,194.31781987287104,0.0,27.74853626685217,222.0787396808155,Compute,evaluation_time_seconds,27.74853626685217
Bank,bank,WGAN_GP,42,42,10000,8000,2000,classification,194.31781987287104,0.0,27.74853626685217,222.0787396808155,Compute,total_time_seconds,222.0787396808155
Bank,bank,WGAN_GP,123,42,10000,8000,2000,classification,203.16704781213767,0.0,28.751020186115056,231.93166745407507,Fidelity,Quality_Score,0.7300121107828345
Bank,bank,WGAN_GP,123,42,10000,8000,2000,classification,203.16704781213767,0.0,28.751020186115056,231.93166745407507,Fidelity,KS_Complement,0.7298428571428571
Bank,bank,WGAN_GP,123,42,10000,8000,2000,classification,203.16704781213767,0.0,28.751020186115056,231.93166745407507,Fidelity,Wasserstein_Distance,45.38938821524091
Bank,bank,WGAN_GP,123,42,10000,8000,2000,classification,203.16704781213767,0.0,28.751020186115056,231.93166745407507,Fidelity,MMD,0.0104126110015949
Bank,bank,WGAN_GP,123,42,10000,8000,2000,classification,203.16704781213767,0.0,28.751020186115056,231.93166745407507,Utility,Accuracy_TRTR,0.8798166666666666
Bank,bank,WGAN_GP,123,42,10000,8000,2000,classification,203.16704781213767,0.0,28.751020186115056,231.93166745407507,Utility,Accuracy_TSTR,0.8747833333333331
Bank,bank,WGAN_GP,123,42,10000,8000,2000,classification,203.16704781213767,0.0,28.751020186115056,231.93166745407507,Utility,Accuracy_Gap,0.0050333333333334
Bank,bank,WGAN_GP,123,42,10000,8000,2000,classification,203.16704781213767,0.0,28.751020186115056,231.93166745407507,Utility,F1_TRTR,0.869294797537779
Bank,bank,WGAN_GP,123,42,10000,8000,2000,classification,203.16704781213767,0.0,28.751020186115056,231.93166745407507,Utility,F1_TSTR,0.8459350060763524
Bank,bank,WGAN_GP,123,42,10000,8000,2000,classification,203.16704781213767,0.0,28.751020186115056,231.93166745407507,Utility,F1_Gap,0.0233597914614266
Bank,bank,WGAN_GP,123,42,10000,8000,2000,classification,203.16704781213767,0.0,28.751020186115056,231.93166745407507,Utility,Precision_TRTR,0.8680007748575592
Bank,bank,WGAN_GP,123,42,10000,8000,2000,classification,203.16704781213767,0.0,28.751020186115056,231.93166745407507,Utility,Precision_TSTR,0.8417602735641382
Bank,bank,WGAN_GP,123,42,10000,8000,2000,classification,203.16704781213767,0.0,28.751020186115056,231.93166745407507,Utility,Precision_Gap,0.026240501293421
Bank,bank,WGAN_GP,123,42,10000,8000,2000,classification,203.16704781213767,0.0,28.751020186115056,231.93166745407507,Utility,Recall_TRTR,0.8798166666666666
Bank,bank,WGAN_GP,123,42,10000,8000,2000,classification,203.16704781213767,0.0,28.751020186115056,231.93166745407507,Utility,Recall_TSTR,0.8747833333333331
Bank,bank,WGAN_GP,123,42,10000,8000,2000,classification,203.16704781213767,0.0,28.751020186115056,231.93166745407507,Utility,Recall_Gap,0.0050333333333334
Bank,bank,WGAN_GP,123,42,10000,8000,2000,classification,203.16704781213767,0.0,28.751020186115056,231.93166745407507,Utility,ROC_AUC_TRTR,0.8238983547957669
Bank,bank,WGAN_GP,123,42,10000,8000,2000,classification,203.16704781213767,0.0,28.751020186115056,231.93166745407507,Utility,ROC_AUC_TSTR,0.7585680283261662
Bank,bank,WGAN_GP,123,42,10000,8000,2000,classification,203.16704781213767,0.0,28.751020186115056,231.93166745407507,Utility,ROC_AUC_Gap,0.0653303264696006
Bank,bank,WGAN_GP,123,42,10000,8000,2000,classification,203.16704781213767,0.0,28.751020186115056,231.93166745407507,Privacy,Mahalanobis_Distance,3.7363295766205016
Bank,bank,WGAN_GP,123,42,10000,8000,2000,classification,203.16704781213767,0.0,28.751020186115056,231.93166745407507,Privacy,Mean_Distance,3.7363295766205016
Bank,bank,WGAN_GP,123,42,10000,8000,2000,classification,203.16704781213767,0.0,28.751020186115056,231.93166745407507,Privacy,Median_Distance,3.4373852386652484
Bank,bank,WGAN_GP,123,42,10000,8000,2000,classification,203.16704781213767,0.0,28.751020186115056,231.93166745407507,Privacy,NNDR,0.8627645396225615
Bank,bank,WGAN_GP,123,42,10000,8000,2000,classification,203.16704781213767,0.0,28.751020186115056,231.93166745407507,Privacy,MIA_AUC,0.5493827160493827
Bank,bank,WGAN_GP,123,42,10000,8000,2000,classification,203.16704781213767,0.0,28.751020186115056,231.93166745407507,Compute,training_time_seconds,203.16704781213767
Bank,bank,WGAN_GP,123,42,10000,8000,2000,classification,203.16704781213767,0.0,28.751020186115056,231.93166745407507,Compute,generation_time_seconds,0.0
Bank,bank,WGAN_GP,123,42,10000,8000,2000,classification,203.16704781213767,0.0,28.751020186115056,231.93166745407507,Compute,evaluation_time_seconds,28.751020186115056
Bank,bank,WGAN_GP,123,42,10000,8000,2000,classification,203.16704781213767,0.0,28.751020186115056,231.93166745407507,Compute,total_time_seconds,231.93166745407507
Bank,bank,WGAN_GP,2024,42,10000,8000,2000,classification,198.19099838426337,0.0,29.22364617930725,227.42674022726715,Fidelity,Quality_Score,0.7655117232549968
Bank,bank,WGAN_GP,2024,42,10000,8000,2000,classification,198.19099838426337,0.0,29.22364617930725,227.42674022726715,Fidelity,KS_Complement,0.7605142857142858
Bank,bank,WGAN_GP,2024,42,10000,8000,2000,classification,198.19099838426337,0.0,29.22364617930725,227.42674022726715,Fidelity,Wasserstein_Distance,62.09152373952235
Bank,bank,WGAN_GP,2024,42,10000,8000,2000,classification,198.19099838426337,0.0,29.22364617930725,227.42674022726715,Fidelity,MMD,0.012592467115659
Bank,bank,WGAN_GP,2024,42,10000,8000,2000,classification,198.19099838426337,0.0,29.22364617930725,227.42674022726715,Utility,Accuracy_TRTR,0.8798166666666666
Bank,bank,WGAN_GP,2024,42,10000,8000,2000,classification,198.19099838426337,0.0,29.22364617930725,227.42674022726715,Utility,Accuracy_TSTR,0.8726999999999998
Bank,bank,WGAN_GP,2024,42,10000,8000,2000,classification,198.19099838426337,0.0,29.22364617930725,227.42674022726715,Utility,Accuracy_Gap,0.0071166666666667
Bank,bank,WGAN_GP,2024,42,10000,8000,2000,classification,198.19099838426337,0.0,29.22364617930725,227.42674022726715,Utility,F1_TRTR,0.869294797537779
Bank,bank,WGAN_GP,2024,42,10000,8000,2000,classification,198.19099838426337,0.0,29.22364617930725,227.42674022726715,Utility,F1_TSTR,0.8368433098188851
Bank,bank,WGAN_GP,2024,42,10000,8000,2000,classification,198.19099838426337,0.0,29.22364617930725,227.42674022726715,Utility,F1_Gap,0.0324514877188939
Bank,bank,WGAN_GP,2024,42,10000,8000,2000,classification,198.19099838426337,0.0,29.22364617930725,227.42674022726715,Utility,Precision_TRTR,0.8680007748575592
Bank,bank,WGAN_GP,2024,42,10000,8000,2000,classification,198.19099838426337,0.0,29.22364617930725,227.42674022726715,Utility,Precision_TSTR,0.83775337313228
Bank,bank,WGAN_GP,2024,42,10000,8000,2000,classification,198.19099838426337,0.0,29.22364617930725,227.42674022726715,Utility,Precision_Gap,0.0302474017252791
Bank,bank,WGAN_GP,2024,42,10000,8000,2000,classification,198.19099838426337,0.0,29.22364617930725,227.42674022726715,Utility,Recall_TRTR,0.8798166666666666
Bank,bank,WGAN_GP,2024,42,10000,8000,2000,classification,198.19099838426337,0.0,29.22364617930725,227.42674022726715,Utility,Recall_TSTR,0.8726999999999998
Bank,bank,WGAN_GP,2024,42,10000,8000,2000,classification,198.19099838426337,0.0,29.22364617930725,227.42674022726715,Utility,Recall_Gap,0.0071166666666667
Bank,bank,WGAN_GP,2024,42,10000,8000,2000,classification,198.19099838426337,0.0,29.22364617930725,227.42674022726715,Utility,ROC_AUC_TRTR,0.8238983547957669
Bank,bank,WGAN_GP,2024,42,10000,8000,2000,classification,198.19099838426337,0.0,29.22364617930725,227.42674022726715,Utility,ROC_AUC_TSTR,0.7393132099921604
Bank,bank,WGAN_GP,2024,42,10000,8000,2000,classification,198.19099838426337,0.0,29.22364617930725,227.42674022726715,Utility,ROC_AUC_Gap,0.0845851448036064
Bank,bank,WGAN_GP,2024,42,10000,8000,2000,classification,198.19099838426337,0.0,29.22364617930725,227.42674022726715,Privacy,Mahalanobis_Distance,3.7054792298997743
Bank,bank,WGAN_GP,2024,42,10000,8000,2000,classification,198.19099838426337,0.0,29.22364617930725,227.42674022726715,Privacy,Mean_Distance,3.7054792298997743
Bank,bank,WGAN_GP,2024,42,10000,8000,2000,classification,198.19099838426337,0.0,29.22364617930725,227.42674022726715,Privacy,Median_Distance,3.4303381830372857
Bank,bank,WGAN_GP,2024,42,10000,8000,2000,classification,198.19099838426337,0.0,29.22364617930725,227.42674022726715,Privacy,NNDR,0.8727642034200478
Bank,bank,WGAN_GP,2024,42,10000,8000,2000,classification,198.19099838426337,0.0,29.22364617930725,227.42674022726715,Privacy,MIA_AUC,0.4913580246913581
Bank,bank,WGAN_GP,2024,42,10000,8000,2000,classification,198.19099838426337,0.0,29.22364617930725,227.42674022726715,Compute,training_time_seconds,198.19099838426337
Bank,bank,WGAN_GP,2024,42,10000,8000,2000,classification,198.19099838426337,0.0,29.22364617930725,227.42674022726715,Compute,generation_time_seconds,0.0
Bank,bank,WGAN_GP,2024,42,10000,8000,2000,classification,198.19099838426337,0.0,29.22364617930725,227.42674022726715,Compute,evaluation_time_seconds,29.22364617930725
Bank,bank,WGAN_GP,2024,42,10000,8000,2000,classification,198.19099838426337,0.0,29.22364617930725,227.42674022726715,Compute,total_time_seconds,227.42674022726715
Bank,bank,TabDDPM,42,42,10000,8000,2000,classification,51.36365053290501,0.0,19.93409146321937,71.31157030398026,Fidelity,Quality_Score,0.4750399857741591
Bank,bank,TabDDPM,42,42,10000,8000,2000,classification,51.36365053290501,0.0,19.93409146321937,71.31157030398026,Fidelity,KS_Complement,0.3154821428571428
Bank,bank,TabDDPM,42,42,10000,8000,2000,classification,51.36365053290501,0.0,19.93409146321937,71.31157030398026,Fidelity,Wasserstein_Distance,12519.374140574357
Bank,bank,TabDDPM,42,42,10000,8000,2000,classification,51.36365053290501,0.0,19.93409146321937,71.31157030398026,Fidelity,MMD,0.4859101357371646
Bank,bank,TabDDPM,42,42,10000,8000,2000,classification,51.36365053290501,0.0,19.93409146321937,71.31157030398026,Utility,Accuracy_TRTR,0.8798166666666666
Bank,bank,TabDDPM,42,42,10000,8000,2000,classification,51.36365053290501,0.0,19.93409146321937,71.31157030398026,Utility,Accuracy_TSTR,0.8153333333333332
Bank,bank,TabDDPM,42,42,10000,8000,2000,classification,51.36365053290501,0.0,19.93409146321937,71.31157030398026,Utility,Accuracy_Gap,0.0644833333333333
Bank,bank,TabDDPM,42,42,10000,8000,2000,classification,51.36365053290501,0.0,19.93409146321937,71.31157030398026,Utility,F1_TRTR,0.869294797537779
Bank,bank,TabDDPM,42,42,10000,8000,2000,classification,51.36365053290501,0.0,19.93409146321937,71.31157030398026,Utility,F1_TSTR,0.7909477837658654
Bank,bank,TabDDPM,42,42,10000,8000,2000,classification,51.36365053290501,0.0,19.93409146321937,71.31157030398026,Utility,F1_Gap,0.0783470137719136
Bank,bank,TabDDPM,42,42,10000,8000,2000,classification,51.36365053290501,0.0,19.93409146321937,71.31157030398026,Utility,Precision_TRTR,0.8680007748575592
Bank,bank,TabDDPM,42,42,10000,8000,2000,classification,51.36365053290501,0.0,19.93409146321937,71.31157030398026,Utility,Precision_TSTR,0.7779289765119832
Bank,bank,TabDDPM,42,42,10000,8000,2000,classification,51.36365053290501,0.0,19.93409146321937,71.31157030398026,Utility,Precision_Gap,0.0900717983455759
Bank,bank,TabDDPM,42,42,10000,8000,2000,classification,51.36365053290501,0.0,19.93409146321937,71.31157030398026,Utility,Recall_TRTR,0.8798166666666666
Bank,bank,TabDDPM,42,42,10000,8000,2000,classification,51.36365053290501,0.0,19.93409146321937,71.31157030398026,Utility,Recall_TSTR,0.8153333333333332
Bank,bank,TabDDPM,42,42,10000,8000,2000,classification,51.36365053290501,0.0,19.93409146321937,71.31157030398026,Utility,Recall_Gap,0.0644833333333333
Bank,bank,TabDDPM,42,42,10000,8000,2000,classification,51.36365053290501,0.0,19.93409146321937,71.31157030398026,Utility,ROC_AUC_TRTR,0.8238983547957669
Bank,bank,TabDDPM,42,42,10000,8000,2000,classification,51.36365053290501,0.0,19.93409146321937,71.31157030398026,Utility,ROC_AUC_TSTR,0.5680205809757681
Bank,bank,TabDDPM,42,42,10000,8000,2000,classification,51.36365053290501,0.0,19.93409146321937,71.31157030398026,Utility,ROC_AUC_Gap,0.2558777738199987
Bank,bank,TabDDPM,42,42,10000,8000,2000,classification,51.36365053290501,0.0,19.93409146321937,71.31157030398026,Privacy,Mahalanobis_Distance,43.961840581607454
Bank,bank,TabDDPM,42,42,10000,8000,2000,classification,51.36365053290501,0.0,19.93409146321937,71.31157030398026,Privacy,Mean_Distance,43.961840581607454
Bank,bank,TabDDPM,42,42,10000,8000,2000,classification,51.36365053290501,0.0,19.93409146321937,71.31157030398026,Privacy,Median_Distance,34.814971647006715
Bank,bank,TabDDPM,42,42,10000,8000,2000,classification,51.36365053290501,0.0,19.93409146321937,71.31157030398026,Privacy,NNDR,0.9183298966058318
Bank,bank,TabDDPM,42,42,10000,8000,2000,classification,51.36365053290501,0.0,19.93409146321937,71.31157030398026,Privacy,MIA_AUC,0.9958024691358024
Bank,bank,TabDDPM,42,42,10000,8000,2000,classification,51.36365053290501,0.0,19.93409146321937,71.31157030398026,Compute,training_time_seconds,51.36365053290501
Bank,bank,TabDDPM,42,42,10000,8000,2000,classification,51.36365053290501,0.0,19.93409146321937,71.31157030398026,Compute,generation_time_seconds,0.0
Bank,bank,TabDDPM,42,42,10000,8000,2000,classification,51.36365053290501,0.0,19.93409146321937,71.31157030398026,Compute,evaluation_time_seconds,19.93409146321937
Bank,bank,TabDDPM,42,42,10000,8000,2000,classification,51.36365053290501,0.0,19.93409146321937,71.31157030398026,Compute,total_time_seconds,71.31157030398026
Bank,bank,TabDDPM,123,42,10000,8000,2000,classification,51.561236828099936,0.0,19.786899891216308,71.36159805674106,Fidelity,Quality_Score,0.475427152731262
Bank,bank,TabDDPM,123,42,10000,8000,2000,classification,51.561236828099936,0.0,19.786899891216308,71.36159805674106,Fidelity,KS_Complement,0.4071857142857142
Bank,bank,TabDDPM,123,42,10000,8000,2000,classification,51.561236828099936,0.0,19.786899891216308,71.36159805674106,Fidelity,Wasserstein_Distance,6609.185096924831
Bank,bank,TabDDPM,123,42,10000,8000,2000,classification,51.561236828099936,0.0,19.786899891216308,71.36159805674106,Fidelity,MMD,0.4116117167313005
Bank,bank,TabDDPM,123,42,10000,8000,2000,classification,51.561236828099936,0.0,19.786899891216308,71.36159805674106,Utility,Accuracy_TRTR,0.8798166666666666
Bank,bank,TabDDPM,123,42,10000,8000,2000,classification,51.561236828099936,0.0,19.786899891216308,71.36159805674106,Utility,Accuracy_TSTR,0.8285
Bank,bank,TabDDPM,123,42,10000,8000,2000,classification,51.561236828099936,0.0,19.786899891216308,71.36159805674106,Utility,Accuracy_Gap,0.0513166666666665
Bank,bank,TabDDPM,123,42,10000,8000,2000,classification,51.561236828099936,0.0,19.786899891216308,71.36159805674106,Utility,F1_TRTR,0.869294797537779
Bank,bank,TabDDPM,123,42,10000,8000,2000,classification,51.561236828099936,0.0,19.786899891216308,71.36159805674106,Utility,F1_TSTR,0.803160133914409
Bank,bank,TabDDPM,123,42,10000,8000,2000,classification,51.561236828099936,0.0,19.786899891216308,71.36159805674106,Utility,F1_Gap,0.06613466362337
Bank,bank,TabDDPM,123,42,10000,8000,2000,classification,51.561236828099936,0.0,19.786899891216308,71.36159805674106,Utility,Precision_TRTR,0.8680007748575592
Bank,bank,TabDDPM,123,42,10000,8000,2000,classification,51.561236828099936,0.0,19.786899891216308,71.36159805674106,Utility,Precision_TSTR,0.7894903023482069
Bank,bank,TabDDPM,123,42,10000,8000,2000,classification,51.561236828099936,0.0,19.786899891216308,71.36159805674106,Utility,Precision_Gap,0.0785104725093522
Bank,bank,TabDDPM,123,42,10000,8000,2000,classification,51.561236828099936,0.0,19.786899891216308,71.36159805674106,Utility,Recall_TRTR,0.8798166666666666
Bank,bank,TabDDPM,123,42,10000,8000,2000,classification,51.561236828099936,0.0,19.786899891216308,71.36159805674106,Utility,Recall_TSTR,0.8285
Bank,bank,TabDDPM,123,42,10000,8000,2000,classification,51.561236828099936,0.0,19.786899891216308,71.36159805674106,Utility,Recall_Gap,0.0513166666666665
Bank,bank,TabDDPM,123,42,10000,8000,2000,classification,51.561236828099936,0.0,19.786899891216308,71.36159805674106,Utility,ROC_AUC_TRTR,0.8238983547957669
Bank,bank,TabDDPM,123,42,10000,8000,2000,classification,51.561236828099936,0.0,19.786899891216308,71.36159805674106,Utility,ROC_AUC_TSTR,0.5474120055954084
Bank,bank,TabDDPM,123,42,10000,8000,2000,classification,51.561236828099936,0.0,19.786899891216308,71.36159805674106,Utility,ROC_AUC_Gap,0.2764863492003585
Bank,bank,TabDDPM,123,42,10000,8000,2000,classification,51.561236828099936,0.0,19.786899891216308,71.36159805674106,Privacy,Mahalanobis_Distance,43.48288117682267
Bank,bank,TabDDPM,123,42,10000,8000,2000,classification,51.561236828099936,0.0,19.786899891216308,71.36159805674106,Privacy,Mean_Distance,43.48288117682267
Bank,bank,TabDDPM,123,42,10000,8000,2000,classification,51.561236828099936,0.0,19.786899891216308,71.36159805674106,Privacy,Median_Distance,28.310029413735087
Bank,bank,TabDDPM,123,42,10000,8000,2000,classification,51.561236828099936,0.0,19.786899891216308,71.36159805674106,Privacy,NNDR,0.9518003089150224
Bank,bank,TabDDPM,123,42,10000,8000,2000,classification,51.561236828099936,0.0,19.786899891216308,71.36159805674106,Privacy,MIA_AUC,0.9995061728395064
Bank,bank,TabDDPM,123,42,10000,8000,2000,classification,51.561236828099936,0.0,19.786899891216308,71.36159805674106,Compute,training_time_seconds,51.561236828099936
Bank,bank,TabDDPM,123,42,10000,8000,2000,classification,51.561236828099936,0.0,19.786899891216308,71.36159805674106,Compute,generation_time_seconds,0.0
Bank,bank,TabDDPM,123,42,10000,8000,2000,classification,51.561236828099936,0.0,19.786899891216308,71.36159805674106,Compute,evaluation_time_seconds,19.786899891216308
Bank,bank,TabDDPM,123,42,10000,8000,2000,classification,51.561236828099936,0.0,19.786899891216308,71.36159805674106,Compute,total_time_seconds,71.36159805674106
Bank,bank,TabDDPM,2024,42,10000,8000,2000,classification,51.57917294418439,0.0,20.596677449066192,72.18837831309065,Fidelity,Quality_Score,0.3916195187167117
Bank,bank,TabDDPM,2024,42,10000,8000,2000,classification,51.57917294418439,0.0,20.596677449066192,72.18837831309065,Fidelity,KS_Complement,0.2492785714285714
Bank,bank,TabDDPM,2024,42,10000,8000,2000,classification,51.57917294418439,0.0,20.596677449066192,72.18837831309065,Fidelity,Wasserstein_Distance,1699.09963544812
Bank,bank,TabDDPM,2024,42,10000,8000,2000,classification,51.57917294418439,0.0,20.596677449066192,72.18837831309065,Fidelity,MMD,0.4504394390638163
Bank,bank,TabDDPM,2024,42,10000,8000,2000,classification,51.57917294418439,0.0,20.596677449066192,72.18837831309065,Utility,Accuracy_TRTR,0.8798166666666666
Bank,bank,TabDDPM,2024,42,10000,8000,2000,classification,51.57917294418439,0.0,20.596677449066192,72.18837831309065,Utility,Accuracy_TSTR,0.8005666666666668
Bank,bank,TabDDPM,2024,42,10000,8000,2000,classification,51.57917294418439,0.0,20.596677449066192,72.18837831309065,Utility,Accuracy_Gap,0.0792499999999998
Bank,bank,TabDDPM,2024,42,10000,8000,2000,classification,51.57917294418439,0.0,20.596677449066192,72.18837831309065,Utility,F1_TRTR,0.869294797537779
Bank,bank,TabDDPM,2024,42,10000,8000,2000,classification,51.57917294418439,0.0,20.596677449066192,72.18837831309065,Utility,F1_TSTR,0.7824521922326336
Bank,bank,TabDDPM,2024,42,10000,8000,2000,classification,51.57917294418439,0.0,20.596677449066192,72.18837831309065,Utility,F1_Gap,0.0868426053051454
Bank,bank,TabDDPM,2024,42,10000,8000,2000,classification,51.57917294418439,0.0,20.596677449066192,72.18837831309065,Utility,Precision_TRTR,0.8680007748575592
Bank,bank,TabDDPM,2024,42,10000,8000,2000,classification,51.57917294418439,0.0,20.596677449066192,72.18837831309065,Utility,Precision_TSTR,0.7820316473262128
Bank,bank,TabDDPM,2024,42,10000,8000,2000,classification,51.57917294418439,0.0,20.596677449066192,72.18837831309065,Utility,Precision_Gap,0.0859691275313464
Bank,bank,TabDDPM,2024,42,10000,8000,2000,classification,51.57917294418439,0.0,20.596677449066192,72.18837831309065,Utility,Recall_TRTR,0.8798166666666666
Bank,bank,TabDDPM,2024,42,10000,8000,2000,classification,51.57917294418439,0.0,20.596677449066192,72.18837831309065,Utility,Recall_TSTR,0.8005666666666668
Bank,bank,TabDDPM,2024,42,10000,8000,2000,classification,51.57917294418439,0.0,20.596677449066192,72.18837831309065,Utility,Recall_Gap,0.0792499999999998
Bank,bank,TabDDPM,2024,42,10000,8000,2000,classification,51.57917294418439,0.0,20.596677449066192,72.18837831309065,Utility,ROC_AUC_TRTR,0.8238983547957669
Bank,bank,TabDDPM,2024,42,10000,8000,2000,classification,51.57917294418439,0.0,20.596677449066192,72.18837831309065,Utility,ROC_AUC_TSTR,0.5083530501503039
Bank,bank,TabDDPM,2024,42,10000,8000,2000,classification,51.57917294418439,0.0,20.596677449066192,72.18837831309065,Utility,ROC_AUC_Gap,0.315545304645463
Bank,bank,TabDDPM,2024,42,10000,8000,2000,classification,51.57917294418439,0.0,20.596677449066192,72.18837831309065,Privacy,Mahalanobis_Distance,43.00473156515544
Bank,bank,TabDDPM,2024,42,10000,8000,2000,classification,51.57917294418439,0.0,20.596677449066192,72.18837831309065,Privacy,Mean_Distance,43.00473156515544
Bank,bank,TabDDPM,2024,42,10000,8000,2000,classification,51.57917294418439,0.0,20.596677449066192,72.18837831309065,Privacy,Median_Distance,31.46850386908248
Bank,bank,TabDDPM,2024,42,10000,8000,2000,classification,51.57917294418439,0.0,20.596677449066192,72.18837831309065,Privacy,NNDR,0.9615396813210656
Bank,bank,TabDDPM,2024,42,10000,8000,2000,classification,51.57917294418439,0.0,20.596677449066192,72.18837831309065,Privacy,MIA_AUC,0.9996296296296298
Bank,bank,TabDDPM,2024,42,10000,8000,2000,classification,51.57917294418439,0.0,20.596677449066192,72.18837831309065,Compute,training_time_seconds,51.57917294418439
Bank,bank,TabDDPM,2024,42,10000,8000,2000,classification,51.57917294418439,0.0,20.596677449066192,72.18837831309065,Compute,generation_time_seconds,0.0
Bank,bank,TabDDPM,2024,42,10000,8000,2000,classification,51.57917294418439,0.0,20.596677449066192,72.18837831309065,Compute,evaluation_time_seconds,20.596677449066192
Bank,bank,TabDDPM,2024,42,10000,8000,2000,classification,51.57917294418439,0.0,20.596677449066192,72.18837831309065,Compute,total_time_seconds,72.18837831309065
Bank,bank,ForestDiffusion,42,42,10000,8000,2000,classification,19.827636181842536,0.0,27.12375484127552,46.96447448525578,Fidelity,Quality_Score,0.8620049519258862
Bank,bank,ForestDiffusion,42,42,10000,8000,2000,classification,19.827636181842536,0.0,27.12375484127552,46.96447448525578,Fidelity,KS_Complement,0.7013178571428572
Bank,bank,ForestDiffusion,42,42,10000,8000,2000,classification,19.827636181842536,0.0,27.12375484127552,46.96447448525578,Fidelity,Wasserstein_Distance,134.6275011910573
Bank,bank,ForestDiffusion,42,42,10000,8000,2000,classification,19.827636181842536,0.0,27.12375484127552,46.96447448525578,Fidelity,MMD,0.0230473792653805
Bank,bank,ForestDiffusion,42,42,10000,8000,2000,classification,19.827636181842536,0.0,27.12375484127552,46.96447448525578,Utility,Accuracy_TRTR,0.8798166666666666
Bank,bank,ForestDiffusion,42,42,10000,8000,2000,classification,19.827636181842536,0.0,27.12375484127552,46.96447448525578,Utility,Accuracy_TSTR,0.8530333333333335
Bank,bank,ForestDiffusion,42,42,10000,8000,2000,classification,19.827636181842536,0.0,27.12375484127552,46.96447448525578,Utility,Accuracy_Gap,0.026783333333333
Bank,bank,ForestDiffusion,42,42,10000,8000,2000,classification,19.827636181842536,0.0,27.12375484127552,46.96447448525578,Utility,F1_TRTR,0.869294797537779
Bank,bank,ForestDiffusion,42,42,10000,8000,2000,classification,19.827636181842536,0.0,27.12375484127552,46.96447448525578,Utility,F1_TSTR,0.8598812344124857
Bank,bank,ForestDiffusion,42,42,10000,8000,2000,classification,19.827636181842536,0.0,27.12375484127552,46.96447448525578,Utility,F1_Gap,0.0094135631252934
Bank,bank,ForestDiffusion,42,42,10000,8000,2000,classification,19.827636181842536,0.0,27.12375484127552,46.96447448525578,Utility,Precision_TRTR,0.8680007748575592
Bank,bank,ForestDiffusion,42,42,10000,8000,2000,classification,19.827636181842536,0.0,27.12375484127552,46.96447448525578,Utility,Precision_TSTR,0.8693083251712843
Bank,bank,ForestDiffusion,42,42,10000,8000,2000,classification,19.827636181842536,0.0,27.12375484127552,46.96447448525578,Utility,Precision_Gap,-0.001307550313725
Bank,bank,ForestDiffusion,42,42,10000,8000,2000,classification,19.827636181842536,0.0,27.12375484127552,46.96447448525578,Utility,Recall_TRTR,0.8798166666666666
Bank,bank,ForestDiffusion,42,42,10000,8000,2000,classification,19.827636181842536,0.0,27.12375484127552,46.96447448525578,Utility,Recall_TSTR,0.8530333333333335
Bank,bank,ForestDiffusion,42,42,10000,8000,2000,classification,19.827636181842536,0.0,27.12375484127552,46.96447448525578,Utility,Recall_Gap,0.026783333333333
Bank,bank,ForestDiffusion,42,42,10000,8000,2000,classification,19.827636181842536,0.0,27.12375484127552,46.96447448525578,Utility,ROC_AUC_TRTR,0.8238983547957669
Bank,bank,ForestDiffusion,42,42,10000,8000,2000,classification,19.827636181842536,0.0,27.12375484127552,46.96447448525578,Utility,ROC_AUC_TSTR,0.7957681380955639
Bank,bank,ForestDiffusion,42,42,10000,8000,2000,classification,19.827636181842536,0.0,27.12375484127552,46.96447448525578,Utility,ROC_AUC_Gap,0.0281302167002029
Bank,bank,ForestDiffusion,42,42,10000,8000,2000,classification,19.827636181842536,0.0,27.12375484127552,46.96447448525578,Privacy,Mahalanobis_Distance,3.579496048261664
Bank,bank,ForestDiffusion,42,42,10000,8000,2000,classification,19.827636181842536,0.0,27.12375484127552,46.96447448525578,Privacy,Mean_Distance,3.579496048261664
Bank,bank,ForestDiffusion,42,42,10000,8000,2000,classification,19.827636181842536,0.0,27.12375484127552,46.96447448525578,Privacy,Median_Distance,3.286445905042064
Bank,bank,ForestDiffusion,42,42,10000,8000,2000,classification,19.827636181842536,0.0,27.12375484127552,46.96447448525578,Privacy,NNDR,0.8244118222431606
Bank,bank,ForestDiffusion,42,42,10000,8000,2000,classification,19.827636181842536,0.0,27.12375484127552,46.96447448525578,Privacy,MIA_AUC,0.6838271604938271
Bank,bank,ForestDiffusion,42,42,10000,8000,2000,classification,19.827636181842536,0.0,27.12375484127552,46.96447448525578,Compute,training_time_seconds,19.827636181842536
Bank,bank,ForestDiffusion,42,42,10000,8000,2000,classification,19.827636181842536,0.0,27.12375484127552,46.96447448525578,Compute,generation_time_seconds,0.0
Bank,bank,ForestDiffusion,42,42,10000,8000,2000,classification,19.827636181842536,0.0,27.12375484127552,46.96447448525578,Compute,evaluation_time_seconds,27.12375484127552
Bank,bank,ForestDiffusion,42,42,10000,8000,2000,classification,19.827636181842536,0.0,27.12375484127552,46.96447448525578,Compute,total_time_seconds,46.96447448525578
Bank,bank,ForestDiffusion,123,42,10000,8000,2000,classification,17.018071519210935,0.0,28.14207095000893,45.17305083712563,Fidelity,Quality_Score,0.8681149630348348
Bank,bank,ForestDiffusion,123,42,10000,8000,2000,classification,17.018071519210935,0.0,28.14207095000893,45.17305083712563,Fidelity,KS_Complement,0.708325
Bank,bank,ForestDiffusion,123,42,10000,8000,2000,classification,17.018071519210935,0.0,28.14207095000893,45.17305083712563,Fidelity,Wasserstein_Distance,137.74788288957402
Bank,bank,ForestDiffusion,123,42,10000,8000,2000,classification,17.018071519210935,0.0,28.14207095000893,45.17305083712563,Fidelity,MMD,0.028613571247997
Bank,bank,ForestDiffusion,123,42,10000,8000,2000,classification,17.018071519210935,0.0,28.14207095000893,45.17305083712563,Utility,Accuracy_TRTR,0.8798166666666666
Bank,bank,ForestDiffusion,123,42,10000,8000,2000,classification,17.018071519210935,0.0,28.14207095000893,45.17305083712563,Utility,Accuracy_TSTR,0.8396166666666668
Bank,bank,ForestDiffusion,123,42,10000,8000,2000,classification,17.018071519210935,0.0,28.14207095000893,45.17305083712563,Utility,Accuracy_Gap,0.0401999999999997
Bank,bank,ForestDiffusion,123,42,10000,8000,2000,classification,17.018071519210935,0.0,28.14207095000893,45.17305083712563,Utility,F1_TRTR,0.869294797537779
Bank,bank,ForestDiffusion,123,42,10000,8000,2000,classification,17.018071519210935,0.0,28.14207095000893,45.17305083712563,Utility,F1_TSTR,0.8514619342828873
Bank,bank,ForestDiffusion,123,42,10000,8000,2000,classification,17.018071519210935,0.0,28.14207095000893,45.17305083712563,Utility,F1_Gap,0.0178328632548917
Bank,bank,ForestDiffusion,123,42,10000,8000,2000,classification,17.018071519210935,0.0,28.14207095000893,45.17305083712563,Utility,Precision_TRTR,0.8680007748575592
Bank,bank,ForestDiffusion,123,42,10000,8000,2000,classification,17.018071519210935,0.0,28.14207095000893,45.17305083712563,Utility,Precision_TSTR,0.8693296245934394
Bank,bank,ForestDiffusion,123,42,10000,8000,2000,classification,17.018071519210935,0.0,28.14207095000893,45.17305083712563,Utility,Precision_Gap,-0.0013288497358802
Bank,bank,ForestDiffusion,123,42,10000,8000,2000,classification,17.018071519210935,0.0,28.14207095000893,45.17305083712563,Utility,Recall_TRTR,0.8798166666666666
Bank,bank,ForestDiffusion,123,42,10000,8000,2000,classification,17.018071519210935,0.0,28.14207095000893,45.17305083712563,Utility,Recall_TSTR,0.8396166666666668
Bank,bank,ForestDiffusion,123,42,10000,8000,2000,classification,17.018071519210935,0.0,28.14207095000893,45.17305083712563,Utility,Recall_Gap,0.0401999999999997
Bank,bank,ForestDiffusion,123,42,10000,8000,2000,classification,17.018071519210935,0.0,28.14207095000893,45.17305083712563,Utility,ROC_AUC_TRTR,0.8238983547957669
Bank,bank,ForestDiffusion,123,42,10000,8000,2000,classification,17.018071519210935,0.0,28.14207095000893,45.17305083712563,Utility,ROC_AUC_TSTR,0.7900776248921768
Bank,bank,ForestDiffusion,123,42,10000,8000,2000,classification,17.018071519210935,0.0,28.14207095000893,45.17305083712563,Utility,ROC_AUC_Gap,0.03382072990359
Bank,bank,ForestDiffusion,123,42,10000,8000,2000,classification,17.018071519210935,0.0,28.14207095000893,45.17305083712563,Privacy,Mahalanobis_Distance,3.844094638093188
Bank,bank,ForestDiffusion,123,42,10000,8000,2000,classification,17.018071519210935,0.0,28.14207095000893,45.17305083712563,Privacy,Mean_Distance,3.844094638093188
Bank,bank,ForestDiffusion,123,42,10000,8000,2000,classification,17.018071519210935,0.0,28.14207095000893,45.17305083712563,Privacy,Median_Distance,3.470906712231904
Bank,bank,ForestDiffusion,123,42,10000,8000,2000,classification,17.018071519210935,0.0,28.14207095000893,45.17305083712563,Privacy,NNDR,0.8468192005126784
Bank,bank,ForestDiffusion,123,42,10000,8000,2000,classification,17.018071519210935,0.0,28.14207095000893,45.17305083712563,Privacy,MIA_AUC,0.5149382716049382
Bank,bank,ForestDiffusion,123,42,10000,8000,2000,classification,17.018071519210935,0.0,28.14207095000893,45.17305083712563,Compute,training_time_seconds,17.018071519210935
Bank,bank,ForestDiffusion,123,42,10000,8000,2000,classification,17.018071519210935,0.0,28.14207095000893,45.17305083712563,Compute,generation_time_seconds,0.0
Bank,bank,ForestDiffusion,123,42,10000,8000,2000,classification,17.018071519210935,0.0,28.14207095000893,45.17305083712563,Compute,evaluation_time_seconds,28.14207095000893
Bank,bank,ForestDiffusion,123,42,10000,8000,2000,classification,17.018071519210935,0.0,28.14207095000893,45.17305083712563,Compute,total_time_seconds,45.17305083712563
Bank,bank,ForestDiffusion,2024,42,10000,8000,2000,classification,17.455115472897887,0.0,27.64077976020053,45.11006159521639,Fidelity,Quality_Score,0.8715287620423223
Bank,bank,ForestDiffusion,2024,42,10000,8000,2000,classification,17.455115472897887,0.0,27.64077976020053,45.11006159521639,Fidelity,KS_Complement,0.7096357142857144
Bank,bank,ForestDiffusion,2024,42,10000,8000,2000,classification,17.455115472897887,0.0,27.64077976020053,45.11006159521639,Fidelity,Wasserstein_Distance,134.74723126450232
Bank,bank,ForestDiffusion,2024,42,10000,8000,2000,classification,17.455115472897887,0.0,27.64077976020053,45.11006159521639,Fidelity,MMD,0.0339491851843933
Bank,bank,ForestDiffusion,2024,42,10000,8000,2000,classification,17.455115472897887,0.0,27.64077976020053,45.11006159521639,Utility,Accuracy_TRTR,0.8798166666666666
Bank,bank,ForestDiffusion,2024,42,10000,8000,2000,classification,17.455115472897887,0.0,27.64077976020053,45.11006159521639,Utility,Accuracy_TSTR,0.8257666666666665
Bank,bank,ForestDiffusion,2024,42,10000,8000,2000,classification,17.455115472897887,0.0,27.64077976020053,45.11006159521639,Utility,Accuracy_Gap,0.05405
Bank,bank,ForestDiffusion,2024,42,10000,8000,2000,classification,17.455115472897887,0.0,27.64077976020053,45.11006159521639,Utility,F1_TRTR,0.869294797537779
Bank,bank,ForestDiffusion,2024,42,10000,8000,2000,classification,17.455115472897887,0.0,27.64077976020053,45.11006159521639,Utility,F1_TSTR,0.8398875510067163
Bank,bank,ForestDiffusion,2024,42,10000,8000,2000,classification,17.455115472897887,0.0,27.64077976020053,45.11006159521639,Utility,F1_Gap,0.0294072465310627
Bank,bank,ForestDiffusion,2024,42,10000,8000,2000,classification,17.455115472897887,0.0,27.64077976020053,45.11006159521639,Utility,Precision_TRTR,0.8680007748575592
Bank,bank,ForestDiffusion,2024,42,10000,8000,2000,classification,17.455115472897887,0.0,27.64077976020053,45.11006159521639,Utility,Precision_TSTR,0.8618860554225048
Bank,bank,ForestDiffusion,2024,42,10000,8000,2000,classification,17.455115472897887,0.0,27.64077976020053,45.11006159521639,Utility,Precision_Gap,0.0061147194350543
Bank,bank,ForestDiffusion,2024,42,10000,8000,2000,classification,17.455115472897887,0.0,27.64077976020053,45.11006159521639,Utility,Recall_TRTR,0.8798166666666666
Bank,bank,ForestDiffusion,2024,42,10000,8000,2000,classification,17.455115472897887,0.0,27.64077976020053,45.11006159521639,Utility,Recall_TSTR,0.8257666666666665
Bank,bank,ForestDiffusion,2024,42,10000,8000,2000,classification,17.455115472897887,0.0,27.64077976020053,45.11006159521639,Utility,Recall_Gap,0.05405
Bank,bank,ForestDiffusion,2024,42,10000,8000,2000,classification,17.455115472897887,0.0,27.64077976020053,45.11006159521639,Utility,ROC_AUC_TRTR,0.8238983547957669
Bank,bank,ForestDiffusion,2024,42,10000,8000,2000,classification,17.455115472897887,0.0,27.64077976020053,45.11006159521639,Utility,ROC_AUC_TSTR,0.7766916950329346
Bank,bank,ForestDiffusion,2024,42,10000,8000,2000,classification,17.455115472897887,0.0,27.64077976020053,45.11006159521639,Utility,ROC_AUC_Gap,0.0472066597628323
Bank,bank,ForestDiffusion,2024,42,10000,8000,2000,classification,17.455115472897887,0.0,27.64077976020053,45.11006159521639,Privacy,Mahalanobis_Distance,3.6335098275736826
Bank,bank,ForestDiffusion,2024,42,10000,8000,2000,classification,17.455115472897887,0.0,27.64077976020053,45.11006159521639,Privacy,Mean_Distance,3.6335098275736826
Bank,bank,ForestDiffusion,2024,42,10000,8000,2000,classification,17.455115472897887,0.0,27.64077976020053,45.11006159521639,Privacy,Median_Distance,3.2999891004204
Bank,bank,ForestDiffusion,2024,42,10000,8000,2000,classification,17.455115472897887,0.0,27.64077976020053,45.11006159521639,Privacy,NNDR,0.8319476221871016
Bank,bank,ForestDiffusion,2024,42,10000,8000,2000,classification,17.455115472897887,0.0,27.64077976020053,45.11006159521639,Privacy,MIA_AUC,0.4592592592592592
Bank,bank,ForestDiffusion,2024,42,10000,8000,2000,classification,17.455115472897887,0.0,27.64077976020053,45.11006159521639,Compute,training_time_seconds,17.455115472897887
Bank,bank,ForestDiffusion,2024,42,10000,8000,2000,classification,17.455115472897887,0.0,27.64077976020053,45.11006159521639,Compute,generation_time_seconds,0.0
Bank,bank,ForestDiffusion,2024,42,10000,8000,2000,classification,17.455115472897887,0.0,27.64077976020053,45.11006159521639,Compute,evaluation_time_seconds,27.64077976020053
Bank,bank,ForestDiffusion,2024,42,10000,8000,2000,classification,17.455115472897887,0.0,27.64077976020053,45.11006159521639,Compute,total_time_seconds,45.11006159521639
Wine,wine,CTGAN,42,42,1000,3918,980,classification,241.96177862770853,0.0,11.111511844210328,253.1204173243605,Fidelity,Quality_Score,0.7702162726157542
Wine,wine,CTGAN,42,42,1000,3918,980,classification,241.96177862770853,0.0,11.111511844210328,253.1204173243605,Fidelity,KS_Complement,0.8770641058363111
Wine,wine,CTGAN,42,42,1000,3918,980,classification,241.96177862770853,0.0,11.111511844210328,253.1204173243605,Fidelity,Wasserstein_Distance,0.8125123025936044
Wine,wine,CTGAN,42,42,1000,3918,980,classification,241.96177862770853,0.0,11.111511844210328,253.1204173243605,Fidelity,MMD,0.055232188876982
Wine,wine,CTGAN,42,42,1000,3918,980,classification,241.96177862770853,0.0,11.111511844210328,253.1204173243605,Utility,Accuracy_TRTR,0.5999659863945579
Wine,wine,CTGAN,42,42,1000,3918,980,classification,241.96177862770853,0.0,11.111511844210328,253.1204173243605,Utility,Accuracy_TSTR,0.3146938775510204
Wine,wine,CTGAN,42,42,1000,3918,980,classification,241.96177862770853,0.0,11.111511844210328,253.1204173243605,Utility,Accuracy_Gap,0.2852721088435375
Wine,wine,CTGAN,42,42,1000,3918,980,classification,241.96177862770853,0.0,11.111511844210328,253.1204173243605,Utility,F1_TRTR,0.5855430172344179
Wine,wine,CTGAN,42,42,1000,3918,980,classification,241.96177862770853,0.0,11.111511844210328,253.1204173243605,Utility,F1_TSTR,0.3240039388319868
Wine,wine,CTGAN,42,42,1000,3918,980,classification,241.96177862770853,0.0,11.111511844210328,253.1204173243605,Utility,F1_Gap,0.261539078402431
Wine,wine,CTGAN,42,42,1000,3918,980,classification,241.96177862770853,0.0,11.111511844210328,253.1204173243605,Utility,Precision_TRTR,0.596991784855523
Wine,wine,CTGAN,42,42,1000,3918,980,classification,241.96177862770853,0.0,11.111511844210328,253.1204173243605,Utility,Precision_TSTR,0.45115380812904
Wine,wine,CTGAN,42,42,1000,3918,980,classification,241.96177862770853,0.0,11.111511844210328,253.1204173243605,Utility,Precision_Gap,0.1458379767264829
Wine,wine,CTGAN,42,42,1000,3918,980,classification,241.96177862770853,0.0,11.111511844210328,253.1204173243605,Utility,Recall_TRTR,0.5999659863945579
Wine,wine,CTGAN,42,42,1000,3918,980,classification,241.96177862770853,0.0,11.111511844210328,253.1204173243605,Utility,Recall_TSTR,0.3146938775510204
Wine,wine,CTGAN,42,42,1000,3918,980,classification,241.96177862770853,0.0,11.111511844210328,253.1204173243605,Utility,Recall_Gap,0.2852721088435375
Wine,wine,CTGAN,42,42,1000,3918,980,classification,241.96177862770853,0.0,11.111511844210328,253.1204173243605,Utility,ROC_AUC_TRTR,0.7485352439106271
Wine,wine,CTGAN,42,42,1000,3918,980,classification,241.96177862770853,0.0,11.111511844210328,253.1204173243605,Utility,ROC_AUC_TSTR,0.5986317729394532
Wine,wine,CTGAN,42,42,1000,3918,980,classification,241.96177862770853,0.0,11.111511844210328,253.1204173243605,Utility,ROC_AUC_Gap,0.1499034709711738
Wine,wine,CTGAN,42,42,1000,3918,980,classification,241.96177862770853,0.0,11.111511844210328,253.1204173243605,Privacy,Mahalanobis_Distance,8.403662765377355
Wine,wine,CTGAN,42,42,1000,3918,980,classification,241.96177862770853,0.0,11.111511844210328,253.1204173243605,Privacy,Mean_Distance,8.403662765377355
Wine,wine,CTGAN,42,42,1000,3918,980,classification,241.96177862770853,0.0,11.111511844210328,253.1204173243605,Privacy,Median_Distance,7.185450016669174
Wine,wine,CTGAN,42,42,1000,3918,980,classification,241.96177862770853,0.0,11.111511844210328,253.1204173243605,Privacy,NNDR,0.9340123960886522
Wine,wine,CTGAN,42,42,1000,3918,980,classification,241.96177862770853,0.0,11.111511844210328,253.1204173243605,Privacy,MIA_AUC,0.7030864197530864
Wine,wine,CTGAN,42,42,1000,3918,980,classification,241.96177862770853,0.0,11.111511844210328,253.1204173243605,Compute,training_time_seconds,241.96177862770853
Wine,wine,CTGAN,42,42,1000,3918,980,classification,241.96177862770853,0.0,11.111511844210328,253.1204173243605,Compute,generation_time_seconds,0.0
Wine,wine,CTGAN,42,42,1000,3918,980,classification,241.96177862770853,0.0,11.111511844210328,253.1204173243605,Compute,evaluation_time_seconds,11.111511844210328
Wine,wine,CTGAN,42,42,1000,3918,980,classification,241.96177862770853,0.0,11.111511844210328,253.1204173243605,Compute,total_time_seconds,253.1204173243605
Wine,wine,CTGAN,123,42,1000,3918,980,classification,237.2099393173121,0.0,11.455139555037022,248.67545642424375,Fidelity,Quality_Score,0.7661413280904044
Wine,wine,CTGAN,123,42,1000,3918,980,classification,237.2099393173121,0.0,11.455139555037022,248.67545642424375,Fidelity,KS_Complement,0.8586211502467247
Wine,wine,CTGAN,123,42,1000,3918,980,classification,237.2099393173121,0.0,11.455139555037022,248.67545642424375,Fidelity,Wasserstein_Distance,1.5791855441960951
Wine,wine,CTGAN,123,42,1000,3918,980,classification,237.2099393173121,0.0,11.455139555037022,248.67545642424375,Fidelity,MMD,0.07241451794602055
Wine,wine,CTGAN,123,42,1000,3918,980,classification,237.2099393173121,0.0,11.455139555037022,248.67545642424375,Utility,Accuracy_TRTR,0.5999659863945579
Wine,wine,CTGAN,123,42,1000,3918,980,classification,237.2099393173121,0.0,11.455139555037022,248.67545642424375,Utility,Accuracy_TSTR,0.36442176870748294
Wine,wine,CTGAN,123,42,1000,3918,980,classification,237.2099393173121,0.0,11.455139555037022,248.67545642424375,Utility,Accuracy_Gap,0.23554421768707495
Wine,wine,CTGAN,123,42,1000,3918,980,classification,237.2099393173121,0.0,11.455139555037022,248.67545642424375,Utility,F1_TRTR,0.5855430172344179
Wine,wine,CTGAN,123,42,1000,3918,980,classification,237.2099393173121,0.0,11.455139555037022,248.67545642424375,Utility,F1_TSTR,0.37109176215397255
Wine,wine,CTGAN,123,42,1000,3918,980,classification,237.2099393173121,0.0,11.455139555037022,248.67545642424375,Utility,F1_Gap,0.21445125508044538
Wine,wine,CTGAN,123,42,1000,3918,980,classification,237.2099393173121,0.0,11.455139555037022,248.67545642424375,Utility,Precision_TRTR,0.596991784855523
Wine,wine,CTGAN,123,42,1000,3918,980,classification,237.2099393173121,0.0,11.455139555037022,248.67545642424375,Utility,Precision_TSTR,0.42412565400718966
Wine,wine,CTGAN,123,42,1000,3918,980,classification,237.2099393173121,0.0,11.455139555037022,248.67545642424375,Utility,Precision_Gap,0.1728661308483333
Wine,wine,CTGAN,123,42,1000,3918,980,classification,237.2099393173121,0.0,11.455139555037022,248.67545642424375,Utility,Recall_TRTR,0.5999659863945579
Wine,wine,CTGAN,123,42,1000,3918,980,classification,237.2099393173121,0.0,11.455139555037022,248.67545642424375,Utility,Recall_TSTR,0.36442176870748294
Wine,wine,CTGAN,123,42,1000,3918,980,classification,237.2099393173121,0.0,11.455139555037022,248.67545642424375,Utility,Recall_Gap,0.23554421768707495
Wine,wine,CTGAN,123,42,1000,3918,980,classification,237.2099393173121,0.0,11.455139555037022,248.67545642424375,Utility,ROC_AUC_TRTR,0.7485352439106271
Wine,wine,CTGAN,123,42,1000,3918,980,classification,237.2099393173121,0.0,11.455139555037022,248.67545642424375,Utility,ROC_AUC_TSTR,0.6023990242523394
Wine,wine,CTGAN,123,42,1000,3918,980,classification,237.2099393173121,0.0,11.455139555037022,248.67545642424375,Utility,ROC_AUC_Gap,0.1461362196582877
Wine,wine,CTGAN,123,42,1000,3918,980,classification,237.2099393173121,0.0,11.455139555037022,248.67545642424375,Privacy,Mahalanobis_Distance,10.535758279166185
Wine,wine,CTGAN,123,42,1000,3918,980,classification,237.2099393173121,0.0,11.455139555037022,248.67545642424375,Privacy,Mean_Distance,10.535758279166185
Wine,wine,CTGAN,123,42,1000,3918,980,classification,237.2099393173121,0.0,11.455139555037022,248.67545642424375,Privacy,Median_Distance,9.140587391540349
Wine,wine,CTGAN,123,42,1000,3918,980,classification,237.2099393173121,0.0,11.455139555037022,248.67545642424375,Privacy,NNDR,0.9305809823717045
Wine,wine,CTGAN,123,42,1000,3918,980,classification,237.2099393173121,0.0,11.455139555037022,248.67545642424375,Privacy,MIA_AUC,0.8274074074074074
Wine,wine,CTGAN,123,42,1000,3918,980,classification,237.2099393173121,0.0,11.455139555037022,248.67545642424375,Compute,training_time_seconds,237.2099393173121
Wine,wine,CTGAN,123,42,1000,3918,980,classification,237.2099393173121,0.0,11.455139555037022,248.67545642424375,Compute,generation_time_seconds,0.0
Wine,wine,CTGAN,123,42,1000,3918,980,classification,237.2099393173121,0.0,11.455139555037022,248.67545642424375,Compute,evaluation_time_seconds,11.455139555037022
Wine,wine,CTGAN,123,42,1000,3918,980,classification,237.2099393173121,0.0,11.455139555037022,248.67545642424375,Compute,total_time_seconds,248.67545642424375
