Dataset,Generator,Seed,Experiment,Metric,Value,Mean,Std,Classifier,RegressionModel,Leakage,TrainingPercentage,EvaluationType,SourceFile
3. Adult,ForestDiffusion,,privacy,Mean_Distance,0.6835758842400371,0.6835758842400371,,,,0,100,Score,/home/gopi.battineni/SYNTH_BENCHMARK/Generators/Diffusion GANs/Adult_Hungarian_Mahalanobis.xlsx
3. Adult,ForestDiffusion,,privacy,Median_Distance,0.4777613417881171,0.4777613417881171,,,,0,100,Score,/home/gopi.battineni/SYNTH_BENCHMARK/Generators/Diffusion GANs/Adult_Hungarian_Mahalanobis.xlsx
3. Adult,ForestDiffusion,,privacy,Std_Distance,0.8741509346586925,0.8741509346586925,,,,0,100,Score,/home/gopi.battineni/SYNTH_BENCHMARK/Generators/Diffusion GANs/Adult_Hungarian_Mahalanobis.xlsx
3. Adult,ForestDiffusion,,privacy,Min_Distance,0.01137725233505915,0.01137725233505915,,,,0,100,Score,/home/gopi.battineni/SYNTH_BENCHMARK/Generators/Diffusion GANs/Adult_Hungarian_Mahalanobis.xlsx
3. Adult,ForestDiffusion,,privacy,Max_Distance,10.6774785096172,10.6774785096172,,,,0,100,Score,/home/gopi.battineni/SYNTH_BENCHMARK/Generators/Diffusion GANs/Adult_Hungarian_Mahalanobis.xlsx
3. Adult,ForestDiffusion,,privacy,Num_Matches,1000.0,1000.0,,,,0,100,Score,/home/gopi.battineni/SYNTH_BENCHMARK/Generators/Diffusion GANs/Adult_Hungarian_Mahalanobis.xlsx
3. Adult,TabDDPM,,privacy,Mean_Distance,10.02406682273864,10.02406682273864,,,,0,100,Score,/home/gopi.battineni/SYNTH_BENCHMARK/Generators/Diffusion GANs/Adult_Hungarian_Mahalanobis.xlsx
3. Adult,TabDDPM,,privacy,Median_Distance,9.18572714180181,9.18572714180181,,,,0,100,Score,/home/gopi.battineni/SYNTH_BENCHMARK/Generators/Diffusion GANs/Adult_Hungarian_Mahalanobis.xlsx
3. Adult,TabDDPM,,privacy,Std_Distance,3.99460171230777,3.99460171230777,,,,0,100,Score,/home/gopi.battineni/SYNTH_BENCHMARK/Generators/Diffusion GANs/Adult_Hungarian_Mahalanobis.xlsx
3. Adult,TabDDPM,,privacy,Min_Distance,1.828476870313239,1.828476870313239,,,,0,100,Score,/home/gopi.battineni/SYNTH_BENCHMARK/Generators/Diffusion GANs/Adult_Hungarian_Mahalanobis.xlsx
3. Adult,TabDDPM,,privacy,Max_Distance,16.15190096990098,16.15190096990098,,,,0,100,Score,/home/gopi.battineni/SYNTH_BENCHMARK/Generators/Diffusion GANs/Adult_Hungarian_Mahalanobis.xlsx
3. Adult,TabDDPM,,privacy,Num_Matches,1000.0,1000.0,,,,0,100,Score,/home/gopi.battineni/SYNTH_BENCHMARK/Generators/Diffusion GANs/Adult_Hungarian_Mahalanobis.xlsx
3. Adult,ForestDiffusion,,privacy,Num_Matches,1000.0,1000.0,,,,0,100,Score,/home/gopi.battineni/SYNTH_BENCHMARK/Generators/Diffusion GANs/Adult_Hungarian_Matchings_All_Models.xlsx
3. Adult,TabDDPM,,privacy,Num_Matches,1000.0,1000.0,,,,0,100,Score,/home/gopi.battineni/SYNTH_BENCHMARK/Generators/Diffusion GANs/Adult_Hungarian_Matchings_All_Models.xlsx
4. Forest cover dataset,ForestDiffusion,,privacy,Mean_Distance,10.21356345113765,10.21356345113765,,,,0,100,Score,/home/gopi.battineni/SYNTH_BENCHMARK/Generators/Diffusion GANs/ForestCover_Hungarian_Mahalanobis.xlsx
4. Forest cover dataset,ForestDiffusion,,privacy,Median_Distance,1.699339086465347,1.699339086465347,,,,0,100,Score,/home/gopi.battineni/SYNTH_BENCHMARK/Generators/Diffusion GANs/ForestCover_Hungarian_Mahalanobis.xlsx
4. Forest cover dataset,ForestDiffusion,,privacy,Std_Distance,62.4925559907472,62.4925559907472,,,,0,100,Score,/home/gopi.battineni/SYNTH_BENCHMARK/Generators/Diffusion GANs/ForestCover_Hungarian_Mahalanobis.xlsx
4. Forest cover dataset,ForestDiffusion,,privacy,Min_Distance,0.05810991346786293,0.05810991346786293,,,,0,100,Score,/home/gopi.battineni/SYNTH_BENCHMARK/Generators/Diffusion GANs/ForestCover_Hungarian_Mahalanobis.xlsx
4. Forest cover dataset,ForestDiffusion,,privacy,Max_Distance,500.0924309394063,500.0924309394063,,,,0,100,Score,/home/gopi.battineni/SYNTH_BENCHMARK/Generators/Diffusion GANs/ForestCover_Hungarian_Mahalanobis.xlsx
4. Forest cover dataset,ForestDiffusion,,privacy,Num_Matches,1000.0,1000.0,,,,0,100,Score,/home/gopi.battineni/SYNTH_BENCHMARK/Generators/Diffusion GANs/ForestCover_Hungarian_Mahalanobis.xlsx
4. Forest cover dataset,TabDDPM,,privacy,Mean_Distance,636.1192608076418,636.1192608076418,,,,0,100,Score,/home/gopi.battineni/SYNTH_BENCHMARK/Generators/Diffusion GANs/ForestCover_Hungarian_Mahalanobis.xlsx
4. Forest cover dataset,TabDDPM,,privacy,Median_Distance,502.1413146161954,502.1413146161954,,,,0,100,Score,/home/gopi.battineni/SYNTH_BENCHMARK/Generators/Diffusion GANs/ForestCover_Hungarian_Mahalanobis.xlsx
4. Forest cover dataset,TabDDPM,,privacy,Std_Distance,409.4536736894076,409.4536736894076,,,,0,100,Score,/home/gopi.battineni/SYNTH_BENCHMARK/Generators/Diffusion GANs/ForestCover_Hungarian_Mahalanobis.xlsx
4. Forest cover dataset,TabDDPM,,privacy,Min_Distance,12.10694845771648,12.10694845771648,,,,0,100,Score,/home/gopi.battineni/SYNTH_BENCHMARK/Generators/Diffusion GANs/ForestCover_Hungarian_Mahalanobis.xlsx
4. Forest cover dataset,TabDDPM,,privacy,Max_Distance,1505.667604378023,1505.667604378023,,,,0,100,Score,/home/gopi.battineni/SYNTH_BENCHMARK/Generators/Diffusion GANs/ForestCover_Hungarian_Mahalanobis.xlsx
4. Forest cover dataset,TabDDPM,,privacy,Num_Matches,1000.0,1000.0,,,,0,100,Score,/home/gopi.battineni/SYNTH_BENCHMARK/Generators/Diffusion GANs/ForestCover_Hungarian_Mahalanobis.xlsx
10. Metro interstate,CTABGAN,,privacy,Mean_Distance,2.433241937847617,2.433241937847617,,,,0,100,Score,/home/gopi.battineni/SYNTH_BENCHMARK/Generators/Diffusion GANs/Hungarian_Mahalanobis_CTABGAN_WGAN_GP_Metro.xlsx
10. Metro interstate,CTABGAN,,privacy,Median_Distance,2.18865295183662,2.18865295183662,,,,0,100,Score,/home/gopi.battineni/SYNTH_BENCHMARK/Generators/Diffusion GANs/Hungarian_Mahalanobis_CTABGAN_WGAN_GP_Metro.xlsx
10. Metro interstate,CTABGAN,,privacy,Std_Distance,1.246927700892049,1.246927700892049,,,,0,100,Score,/home/gopi.battineni/SYNTH_BENCHMARK/Generators/Diffusion GANs/Hungarian_Mahalanobis_CTABGAN_WGAN_GP_Metro.xlsx
10. Metro interstate,CTABGAN,,privacy,Min_Distance,0.2052085027418037,0.2052085027418037,,,,0,100,Score,/home/gopi.battineni/SYNTH_BENCHMARK/Generators/Diffusion GANs/Hungarian_Mahalanobis_CTABGAN_WGAN_GP_Metro.xlsx
10. Metro interstate,CTABGAN,,privacy,Max_Distance,6.783075256148769,6.783075256148769,,,,0,100,Score,/home/gopi.battineni/SYNTH_BENCHMARK/Generators/Diffusion GANs/Hungarian_Mahalanobis_CTABGAN_WGAN_GP_Metro.xlsx
10. Metro interstate,CTABGAN,,privacy,Num_Matches,1000.0,1000.0,,,,0,100,Score,/home/gopi.battineni/SYNTH_BENCHMARK/Generators/Diffusion GANs/Hungarian_Mahalanobis_CTABGAN_WGAN_GP_Metro.xlsx
10. Metro interstate,WGAN_GP,,privacy,Mean_Distance,3.055943100071951,3.055943100071951,,,,0,100,Score,/home/gopi.battineni/SYNTH_BENCHMARK/Generators/Diffusion GANs/Hungarian_Mahalanobis_CTABGAN_WGAN_GP_Metro.xlsx
10. Metro interstate,WGAN_GP,,privacy,Median_Distance,3.011558095334109,3.011558095334109,,,,0,100,Score,/home/gopi.battineni/SYNTH_BENCHMARK/Generators/Diffusion GANs/Hungarian_Mahalanobis_CTABGAN_WGAN_GP_Metro.xlsx
10. Metro interstate,WGAN_GP,,privacy,Std_Distance,1.193018101731685,1.193018101731685,,,,0,100,Score,/home/gopi.battineni/SYNTH_BENCHMARK/Generators/Diffusion GANs/Hungarian_Mahalanobis_CTABGAN_WGAN_GP_Metro.xlsx
10. Metro interstate,WGAN_GP,,privacy,Min_Distance,0.4950530136508738,0.4950530136508738,,,,0,100,Score,/home/gopi.battineni/SYNTH_BENCHMARK/Generators/Diffusion GANs/Hungarian_Mahalanobis_CTABGAN_WGAN_GP_Metro.xlsx
10. Metro interstate,WGAN_GP,,privacy,Max_Distance,8.024027544085847,8.024027544085847,,,,0,100,Score,/home/gopi.battineni/SYNTH_BENCHMARK/Generators/Diffusion GANs/Hungarian_Mahalanobis_CTABGAN_WGAN_GP_Metro.xlsx
10. Metro interstate,WGAN_GP,,privacy,Num_Matches,1000.0,1000.0,,,,0,100,Score,/home/gopi.battineni/SYNTH_BENCHMARK/Generators/Diffusion GANs/Hungarian_Mahalanobis_CTABGAN_WGAN_GP_Metro.xlsx
10. Metro interstate,CTABGAN,,privacy,Mean_Distance,2.433241937847617,2.433241937847617,,,,0,100,Score,/home/gopi.battineni/SYNTH_BENCHMARK/Generators/Diffusion GANs/Hungarian_Mahalanobis_CTABGAN_WGAN_GP_Online shopping.xlsx
10. Metro interstate,CTABGAN,,privacy,Median_Distance,2.18865295183662,2.18865295183662,,,,0,100,Score,/home/gopi.battineni/SYNTH_BENCHMARK/Generators/Diffusion GANs/Hungarian_Mahalanobis_CTABGAN_WGAN_GP_Online shopping.xlsx
10. Metro interstate,CTABGAN,,privacy,Std_Distance,1.246927700892049,1.246927700892049,,,,0,100,Score,/home/gopi.battineni/SYNTH_BENCHMARK/Generators/Diffusion GANs/Hungarian_Mahalanobis_CTABGAN_WGAN_GP_Online shopping.xlsx
10. Metro interstate,CTABGAN,,privacy,Min_Distance,0.2052085027418037,0.2052085027418037,,,,0,100,Score,/home/gopi.battineni/SYNTH_BENCHMARK/Generators/Diffusion GANs/Hungarian_Mahalanobis_CTABGAN_WGAN_GP_Online shopping.xlsx
10. Metro interstate,CTABGAN,,privacy,Max_Distance,6.783075256148769,6.783075256148769,,,,0,100,Score,/home/gopi.battineni/SYNTH_BENCHMARK/Generators/Diffusion GANs/Hungarian_Mahalanobis_CTABGAN_WGAN_GP_Online shopping.xlsx
10. Metro interstate,CTABGAN,,privacy,Num_Matches,1000.0,1000.0,,,,0,100,Score,/home/gopi.battineni/SYNTH_BENCHMARK/Generators/Diffusion GANs/Hungarian_Mahalanobis_CTABGAN_WGAN_GP_Online shopping.xlsx
10. Metro interstate,WGAN_GP,,privacy,Mean_Distance,3.055943100071951,3.055943100071951,,,,0,100,Score,/home/gopi.battineni/SYNTH_BENCHMARK/Generators/Diffusion GANs/Hungarian_Mahalanobis_CTABGAN_WGAN_GP_Online shopping.xlsx
10. Metro interstate,WGAN_GP,,privacy,Median_Distance,3.011558095334109,3.011558095334109,,,,0,100,Score,/home/gopi.battineni/SYNTH_BENCHMARK/Generators/Diffusion GANs/Hungarian_Mahalanobis_CTABGAN_WGAN_GP_Online shopping.xlsx
10. Metro interstate,WGAN_GP,,privacy,Std_Distance,1.193018101731685,1.193018101731685,,,,0,100,Score,/home/gopi.battineni/SYNTH_BENCHMARK/Generators/Diffusion GANs/Hungarian_Mahalanobis_CTABGAN_WGAN_GP_Online shopping.xlsx
10. Metro interstate,WGAN_GP,,privacy,Min_Distance,0.4950530136508738,0.4950530136508738,,,,0,100,Score,/home/gopi.battineni/SYNTH_BENCHMARK/Generators/Diffusion GANs/Hungarian_Mahalanobis_CTABGAN_WGAN_GP_Online shopping.xlsx
10. Metro interstate,WGAN_GP,,privacy,Max_Distance,8.024027544085847,8.024027544085847,,,,0,100,Score,/home/gopi.battineni/SYNTH_BENCHMARK/Generators/Diffusion GANs/Hungarian_Mahalanobis_CTABGAN_WGAN_GP_Online shopping.xlsx
10. Metro interstate,WGAN_GP,,privacy,Num_Matches,1000.0,1000.0,,,,0,100,Score,/home/gopi.battineni/SYNTH_BENCHMARK/Generators/Diffusion GANs/Hungarian_Mahalanobis_CTABGAN_WGAN_GP_Online shopping.xlsx
9. MAGIC Gamma Telescope,WGAN_GP,,privacy,Mean_Distance,1.17739482499675,1.17739482499675,,,,0,100,Score,/home/gopi.battineni/SYNTH_BENCHMARK/Generators/Diffusion GANs/Hungarian_Mahalanobis_MAGIC_CTABGAN_WGAN_GP.xlsx
9. MAGIC Gamma Telescope,WGAN_GP,,privacy,Median_Distance,0.975070796979838,0.975070796979838,,,,0,100,Score,/home/gopi.battineni/SYNTH_BENCHMARK/Generators/Diffusion GANs/Hungarian_Mahalanobis_MAGIC_CTABGAN_WGAN_GP.xlsx
9. MAGIC Gamma Telescope,WGAN_GP,,privacy,Std_Distance,0.7000939723363695,0.7000939723363695,,,,0,100,Score,/home/gopi.battineni/SYNTH_BENCHMARK/Generators/Diffusion GANs/Hungarian_Mahalanobis_MAGIC_CTABGAN_WGAN_GP.xlsx
9. MAGIC Gamma Telescope,WGAN_GP,,privacy,Min_Distance,0.3332220675422414,0.3332220675422414,,,,0,100,Score,/home/gopi.battineni/SYNTH_BENCHMARK/Generators/Diffusion GANs/Hungarian_Mahalanobis_MAGIC_CTABGAN_WGAN_GP.xlsx
9. MAGIC Gamma Telescope,WGAN_GP,,privacy,Max_Distance,6.606256437427121,6.606256437427121,,,,0,100,Score,/home/gopi.battineni/SYNTH_BENCHMARK/Generators/Diffusion GANs/Hungarian_Mahalanobis_MAGIC_CTABGAN_WGAN_GP.xlsx
9. MAGIC Gamma Telescope,WGAN_GP,,privacy,Num_Matches,1000.0,1000.0,,,,0,100,Score,/home/gopi.battineni/SYNTH_BENCHMARK/Generators/Diffusion GANs/Hungarian_Mahalanobis_MAGIC_CTABGAN_WGAN_GP.xlsx
9. MAGIC Gamma Telescope,CTABGAN,,privacy,Mean_Distance,1.864591197366024,1.864591197366024,,,,0,100,Score,/home/gopi.battineni/SYNTH_BENCHMARK/Generators/Diffusion GANs/Hungarian_Mahalanobis_MAGIC_CTABGAN_WGAN_GP.xlsx
9. MAGIC Gamma Telescope,CTABGAN,,privacy,Median_Distance,1.525678056446776,1.525678056446776,,,,0,100,Score,/home/gopi.battineni/SYNTH_BENCHMARK/Generators/Diffusion GANs/Hungarian_Mahalanobis_MAGIC_CTABGAN_WGAN_GP.xlsx
9. MAGIC Gamma Telescope,CTABGAN,,privacy,Std_Distance,1.096268332963922,1.096268332963922,,,,0,100,Score,/home/gopi.battineni/SYNTH_BENCHMARK/Generators/Diffusion GANs/Hungarian_Mahalanobis_MAGIC_CTABGAN_WGAN_GP.xlsx
9. MAGIC Gamma Telescope,CTABGAN,,privacy,Min_Distance,0.4534331576141509,0.4534331576141509,,,,0,100,Score,/home/gopi.battineni/SYNTH_BENCHMARK/Generators/Diffusion GANs/Hungarian_Mahalanobis_MAGIC_CTABGAN_WGAN_GP.xlsx
9. MAGIC Gamma Telescope,CTABGAN,,privacy,Max_Distance,9.963537586192702,9.963537586192702,,,,0,100,Score,/home/gopi.battineni/SYNTH_BENCHMARK/Generators/Diffusion GANs/Hungarian_Mahalanobis_MAGIC_CTABGAN_WGAN_GP.xlsx
9. MAGIC Gamma Telescope,CTABGAN,,privacy,Num_Matches,1000.0,1000.0,,,,0,100,Score,/home/gopi.battineni/SYNTH_BENCHMARK/Generators/Diffusion GANs/Hungarian_Mahalanobis_MAGIC_CTABGAN_WGAN_GP.xlsx
9. MAGIC Gamma Telescope,ForestDiffusion,,privacy,Mean_Distance,1.307832354805954,1.307832354805954,,,,0,100,Score,/home/gopi.battineni/SYNTH_BENCHMARK/Generators/Diffusion GANs/Hungarian_Mahalanobis_MAGIC_TabDDPM_ForestDiffusion.xlsx
9. MAGIC Gamma Telescope,ForestDiffusion,,privacy,Median_Distance,1.066825168324087,1.066825168324087,,,,0,100,Score,/home/gopi.battineni/SYNTH_BENCHMARK/Generators/Diffusion GANs/Hungarian_Mahalanobis_MAGIC_TabDDPM_ForestDiffusion.xlsx
9. MAGIC Gamma Telescope,ForestDiffusion,,privacy,Std_Distance,0.9476315639008811,0.9476315639008811,,,,0,100,Score,/home/gopi.battineni/SYNTH_BENCHMARK/Generators/Diffusion GANs/Hungarian_Mahalanobis_MAGIC_TabDDPM_ForestDiffusion.xlsx
9. MAGIC Gamma Telescope,ForestDiffusion,,privacy,Min_Distance,0.09349141603387207,0.09349141603387207,,,,0,100,Score,/home/gopi.battineni/SYNTH_BENCHMARK/Generators/Diffusion GANs/Hungarian_Mahalanobis_MAGIC_TabDDPM_ForestDiffusion.xlsx
9. MAGIC Gamma Telescope,ForestDiffusion,,privacy,Max_Distance,10.0115325475975,10.0115325475975,,,,0,100,Score,/home/gopi.battineni/SYNTH_BENCHMARK/Generators/Diffusion GANs/Hungarian_Mahalanobis_MAGIC_TabDDPM_ForestDiffusion.xlsx
9. MAGIC Gamma Telescope,ForestDiffusion,,privacy,Num_Matches,1000.0,1000.0,,,,0,100,Score,/home/gopi.battineni/SYNTH_BENCHMARK/Generators/Diffusion GANs/Hungarian_Mahalanobis_MAGIC_TabDDPM_ForestDiffusion.xlsx
9. MAGIC Gamma Telescope,TabDDPM,,privacy,Mean_Distance,4.284835835531674,4.284835835531674,,,,0,100,Score,/home/gopi.battineni/SYNTH_BENCHMARK/Generators/Diffusion GANs/Hungarian_Mahalanobis_MAGIC_TabDDPM_ForestDiffusion.xlsx
9. MAGIC Gamma Telescope,TabDDPM,,privacy,Median_Distance,1.84800977120466,1.84800977120466,,,,0,100,Score,/home/gopi.battineni/SYNTH_BENCHMARK/Generators/Diffusion GANs/Hungarian_Mahalanobis_MAGIC_TabDDPM_ForestDiffusion.xlsx
9. MAGIC Gamma Telescope,TabDDPM,,privacy,Std_Distance,4.1557624865573,4.1557624865573,,,,0,100,Score,/home/gopi.battineni/SYNTH_BENCHMARK/Generators/Diffusion GANs/Hungarian_Mahalanobis_MAGIC_TabDDPM_ForestDiffusion.xlsx
9. MAGIC Gamma Telescope,TabDDPM,,privacy,Min_Distance,0.4711859159299238,0.4711859159299238,,,,0,100,Score,/home/gopi.battineni/SYNTH_BENCHMARK/Generators/Diffusion GANs/Hungarian_Mahalanobis_MAGIC_TabDDPM_ForestDiffusion.xlsx
9. MAGIC Gamma Telescope,TabDDPM,,privacy,Max_Distance,21.36590514528754,21.36590514528754,,,,0,100,Score,/home/gopi.battineni/SYNTH_BENCHMARK/Generators/Diffusion GANs/Hungarian_Mahalanobis_MAGIC_TabDDPM_ForestDiffusion.xlsx
9. MAGIC Gamma Telescope,TabDDPM,,privacy,Num_Matches,1000.0,1000.0,,,,0,100,Score,/home/gopi.battineni/SYNTH_BENCHMARK/Generators/Diffusion GANs/Hungarian_Mahalanobis_MAGIC_TabDDPM_ForestDiffusion.xlsx
10. Metro interstate,ForestDiffusion,,privacy,Mean_Distance,0.2975506383791378,0.2975506383791378,,,,0,100,Score,/home/gopi.battineni/SYNTH_BENCHMARK/Generators/Diffusion GANs/Hungarian_Mahalanobis_TabDDPM_ForestDiffusion_Metro.xlsx
10. Metro interstate,ForestDiffusion,,privacy,Median_Distance,0.1345270861604804,0.1345270861604804,,,,0,100,Score,/home/gopi.battineni/SYNTH_BENCHMARK/Generators/Diffusion GANs/Hungarian_Mahalanobis_TabDDPM_ForestDiffusion_Metro.xlsx
10. Metro interstate,ForestDiffusion,,privacy,Std_Distance,0.7661928988622234,0.7661928988622234,,,,0,100,Score,/home/gopi.battineni/SYNTH_BENCHMARK/Generators/Diffusion GANs/Hungarian_Mahalanobis_TabDDPM_ForestDiffusion_Metro.xlsx
10. Metro interstate,ForestDiffusion,,privacy,Min_Distance,0.0004462003349221332,0.0004462003349221332,,,,0,100,Score,/home/gopi.battineni/SYNTH_BENCHMARK/Generators/Diffusion GANs/Hungarian_Mahalanobis_TabDDPM_ForestDiffusion_Metro.xlsx
10. Metro interstate,ForestDiffusion,,privacy,Max_Distance,15.21642398448066,15.21642398448066,,,,0,100,Score,/home/gopi.battineni/SYNTH_BENCHMARK/Generators/Diffusion GANs/Hungarian_Mahalanobis_TabDDPM_ForestDiffusion_Metro.xlsx
10. Metro interstate,ForestDiffusion,,privacy,Num_Matches,1000.0,1000.0,,,,0,100,Score,/home/gopi.battineni/SYNTH_BENCHMARK/Generators/Diffusion GANs/Hungarian_Mahalanobis_TabDDPM_ForestDiffusion_Metro.xlsx
10. Metro interstate,TabDDPM,,privacy,Mean_Distance,13.54874748944148,13.54874748944148,,,,0,100,Score,/home/gopi.battineni/SYNTH_BENCHMARK/Generators/Diffusion GANs/Hungarian_Mahalanobis_TabDDPM_ForestDiffusion_Metro.xlsx
10. Metro interstate,TabDDPM,,privacy,Median_Distance,18.66076249070087,18.66076249070087,,,,0,100,Score,/home/gopi.battineni/SYNTH_BENCHMARK/Generators/Diffusion GANs/Hungarian_Mahalanobis_TabDDPM_ForestDiffusion_Metro.xlsx
10. Metro interstate,TabDDPM,,privacy,Std_Distance,12.19777736275455,12.19777736275455,,,,0,100,Score,/home/gopi.battineni/SYNTH_BENCHMARK/Generators/Diffusion GANs/Hungarian_Mahalanobis_TabDDPM_ForestDiffusion_Metro.xlsx
10. Metro interstate,TabDDPM,,privacy,Min_Distance,0.0,0.0,,,,0,100,Score,/home/gopi.battineni/SYNTH_BENCHMARK/Generators/Diffusion GANs/Hungarian_Mahalanobis_TabDDPM_ForestDiffusion_Metro.xlsx
10. Metro interstate,TabDDPM,,privacy,Max_Distance,31.32619628224026,31.32619628224026,,,,0,100,Score,/home/gopi.battineni/SYNTH_BENCHMARK/Generators/Diffusion GANs/Hungarian_Mahalanobis_TabDDPM_ForestDiffusion_Metro.xlsx
10. Metro interstate,TabDDPM,,privacy,Num_Matches,1000.0,1000.0,,,,0,100,Score,/home/gopi.battineni/SYNTH_BENCHMARK/Generators/Diffusion GANs/Hungarian_Mahalanobis_TabDDPM_ForestDiffusion_Metro.xlsx
10. Metro interstate,ForestDiffusion,,privacy,Mean_Distance,1.816702233657161,1.816702233657161,,,,0,100,Score,/home/gopi.battineni/SYNTH_BENCHMARK/Generators/Diffusion GANs/Hungarian_Mahalanobis_TabDDPM_ForestDiffusion_Online shopping.xlsx
10. Metro interstate,ForestDiffusion,,privacy,Median_Distance,1.654405815807491,1.654405815807491,,,,0,100,Score,/home/gopi.battineni/SYNTH_BENCHMARK/Generators/Diffusion GANs/Hungarian_Mahalanobis_TabDDPM_ForestDiffusion_Online shopping.xlsx
10. Metro interstate,ForestDiffusion,,privacy,Std_Distance,0.9207155559561222,0.9207155559561222,,,,0,100,Score,/home/gopi.battineni/SYNTH_BENCHMARK/Generators/Diffusion GANs/Hungarian_Mahalanobis_TabDDPM_ForestDiffusion_Online shopping.xlsx
10. Metro interstate,ForestDiffusion,,privacy,Min_Distance,0.110700606241123,0.110700606241123,,,,0,100,Score,/home/gopi.battineni/SYNTH_BENCHMARK/Generators/Diffusion GANs/Hungarian_Mahalanobis_TabDDPM_ForestDiffusion_Online shopping.xlsx
10. Metro interstate,ForestDiffusion,,privacy,Max_Distance,6.083313832407932,6.083313832407932,,,,0,100,Score,/home/gopi.battineni/SYNTH_BENCHMARK/Generators/Diffusion GANs/Hungarian_Mahalanobis_TabDDPM_ForestDiffusion_Online shopping.xlsx
10. Metro interstate,ForestDiffusion,,privacy,Num_Matches,1000.0,1000.0,,,,0,100,Score,/home/gopi.battineni/SYNTH_BENCHMARK/Generators/Diffusion GANs/Hungarian_Mahalanobis_TabDDPM_ForestDiffusion_Online shopping.xlsx
10. Metro interstate,TabDDPM,,privacy,Mean_Distance,5.638238186073312,5.638238186073312,,,,0,100,Score,/home/gopi.battineni/SYNTH_BENCHMARK/Generators/Diffusion GANs/Hungarian_Mahalanobis_TabDDPM_ForestDiffusion_Online shopping.xlsx
10. Metro interstate,TabDDPM,,privacy,Median_Distance,5.732618047667283,5.732618047667283,,,,0,100,Score,/home/gopi.battineni/SYNTH_BENCHMARK/Generators/Diffusion GANs/Hungarian_Mahalanobis_TabDDPM_ForestDiffusion_Online shopping.xlsx
10. Metro interstate,TabDDPM,,privacy,Std_Distance,2.359367707938793,2.359367707938793,,,,0,100,Score,/home/gopi.battineni/SYNTH_BENCHMARK/Generators/Diffusion GANs/Hungarian_Mahalanobis_TabDDPM_ForestDiffusion_Online shopping.xlsx
10. Metro interstate,TabDDPM,,privacy,Min_Distance,0.143010376448748,0.143010376448748,,,,0,100,Score,/home/gopi.battineni/SYNTH_BENCHMARK/Generators/Diffusion GANs/Hungarian_Mahalanobis_TabDDPM_ForestDiffusion_Online shopping.xlsx
10. Metro interstate,TabDDPM,,privacy,Max_Distance,9.734178388317511,9.734178388317511,,,,0,100,Score,/home/gopi.battineni/SYNTH_BENCHMARK/Generators/Diffusion GANs/Hungarian_Mahalanobis_TabDDPM_ForestDiffusion_Online shopping.xlsx
10. Metro interstate,TabDDPM,,privacy,Num_Matches,1000.0,1000.0,,,,0,100,Score,/home/gopi.battineni/SYNTH_BENCHMARK/Generators/Diffusion GANs/Hungarian_Mahalanobis_TabDDPM_ForestDiffusion_Online shopping.xlsx
Hungarian_Mahalanobis_WGAN_CTABGAN,WGAN_GP,,privacy,Mean_Distance,1.040746817601129,1.040746817601129,,,,0,100,Score,/home/gopi.battineni/SYNTH_BENCHMARK/Generators/Diffusion GANs/Hungarian_Mahalanobis_WGAN_CTABGAN.xlsx
Hungarian_Mahalanobis_WGAN_CTABGAN,WGAN_GP,,privacy,Median_Distance,0.7991058266718617,0.7991058266718617,,,,0,100,Score,/home/gopi.battineni/SYNTH_BENCHMARK/Generators/Diffusion GANs/Hungarian_Mahalanobis_WGAN_CTABGAN.xlsx
Hungarian_Mahalanobis_WGAN_CTABGAN,WGAN_GP,,privacy,Std_Distance,0.9066828627614439,0.9066828627614439,,,,0,100,Score,/home/gopi.battineni/SYNTH_BENCHMARK/Generators/Diffusion GANs/Hungarian_Mahalanobis_WGAN_CTABGAN.xlsx
Hungarian_Mahalanobis_WGAN_CTABGAN,WGAN_GP,,privacy,Min_Distance,0.02333361471764337,0.02333361471764337,,,,0,100,Score,/home/gopi.battineni/SYNTH_BENCHMARK/Generators/Diffusion GANs/Hungarian_Mahalanobis_WGAN_CTABGAN.xlsx
Hungarian_Mahalanobis_WGAN_CTABGAN,WGAN_GP,,privacy,Max_Distance,8.758942172353636,8.758942172353636,,,,0,100,Score,/home/gopi.battineni/SYNTH_BENCHMARK/Generators/Diffusion GANs/Hungarian_Mahalanobis_WGAN_CTABGAN.xlsx
Hungarian_Mahalanobis_WGAN_CTABGAN,WGAN_GP,,privacy,Num_Matches,1000.0,1000.0,,,,0,100,Score,/home/gopi.battineni/SYNTH_BENCHMARK/Generators/Diffusion GANs/Hungarian_Mahalanobis_WGAN_CTABGAN.xlsx
Hungarian_Mahalanobis_WGAN_CTABGAN,CTABGAN,,privacy,Mean_Distance,1.817610660832471,1.817610660832471,,,,0,100,Score,/home/gopi.battineni/SYNTH_BENCHMARK/Generators/Diffusion GANs/Hungarian_Mahalanobis_WGAN_CTABGAN.xlsx
Hungarian_Mahalanobis_WGAN_CTABGAN,CTABGAN,,privacy,Median_Distance,1.195148664167324,1.195148664167324,,,,0,100,Score,/home/gopi.battineni/SYNTH_BENCHMARK/Generators/Diffusion GANs/Hungarian_Mahalanobis_WGAN_CTABGAN.xlsx
Hungarian_Mahalanobis_WGAN_CTABGAN,CTABGAN,,privacy,Std_Distance,1.691598856861766,1.691598856861766,,,,0,100,Score,/home/gopi.battineni/SYNTH_BENCHMARK/Generators/Diffusion GANs/Hungarian_Mahalanobis_WGAN_CTABGAN.xlsx
Hungarian_Mahalanobis_WGAN_CTABGAN,CTABGAN,,privacy,Min_Distance,0.03290519428261503,0.03290519428261503,,,,0,100,Score,/home/gopi.battineni/SYNTH_BENCHMARK/Generators/Diffusion GANs/Hungarian_Mahalanobis_WGAN_CTABGAN.xlsx
Hungarian_Mahalanobis_WGAN_CTABGAN,CTABGAN,,privacy,Max_Distance,9.247424095613097,9.247424095613097,,,,0,100,Score,/home/gopi.battineni/SYNTH_BENCHMARK/Generators/Diffusion GANs/Hungarian_Mahalanobis_WGAN_CTABGAN.xlsx
Hungarian_Mahalanobis_WGAN_CTABGAN,CTABGAN,,privacy,Num_Matches,1000.0,1000.0,,,,0,100,Score,/home/gopi.battineni/SYNTH_BENCHMARK/Generators/Diffusion GANs/Hungarian_Mahalanobis_WGAN_CTABGAN.xlsx
Hungarian_Mahalanobis_WGAN_TabDDPM,ForestDiffusion,,privacy,Mean_Distance,0.5275544018602734,0.5275544018602734,,,,0,100,Score,/home/gopi.battineni/SYNTH_BENCHMARK/Generators/Diffusion GANs/Hungarian_Mahalanobis_WGAN_TabDDPM.xlsx
Hungarian_Mahalanobis_WGAN_TabDDPM,ForestDiffusion,,privacy,Median_Distance,0.3181082842339501,0.3181082842339501,,,,0,100,Score,/home/gopi.battineni/SYNTH_BENCHMARK/Generators/Diffusion GANs/Hungarian_Mahalanobis_WGAN_TabDDPM.xlsx
Hungarian_Mahalanobis_WGAN_TabDDPM,ForestDiffusion,,privacy,Std_Distance,0.6590300099463086,0.6590300099463086,,,,0,100,Score,/home/gopi.battineni/SYNTH_BENCHMARK/Generators/Diffusion GANs/Hungarian_Mahalanobis_WGAN_TabDDPM.xlsx
Hungarian_Mahalanobis_WGAN_TabDDPM,ForestDiffusion,,privacy,Min_Distance,0.01268975051099411,0.01268975051099411,,,,0,100,Score,/home/gopi.battineni/SYNTH_BENCHMARK/Generators/Diffusion GANs/Hungarian_Mahalanobis_WGAN_TabDDPM.xlsx
Hungarian_Mahalanobis_WGAN_TabDDPM,ForestDiffusion,,privacy,Max_Distance,7.081095993589278,7.081095993589278,,,,0,100,Score,/home/gopi.battineni/SYNTH_BENCHMARK/Generators/Diffusion GANs/Hungarian_Mahalanobis_WGAN_TabDDPM.xlsx
Hungarian_Mahalanobis_WGAN_TabDDPM,ForestDiffusion,,privacy,Num_Matches,1000.0,1000.0,,,,0,100,Score,/home/gopi.battineni/SYNTH_BENCHMARK/Generators/Diffusion GANs/Hungarian_Mahalanobis_WGAN_TabDDPM.xlsx
Hungarian_Mahalanobis_WGAN_TabDDPM,TabDDPM,,privacy,Mean_Distance,9.243276702877894,9.243276702877894,,,,0,100,Score,/home/gopi.battineni/SYNTH_BENCHMARK/Generators/Diffusion GANs/Hungarian_Mahalanobis_WGAN_TabDDPM.xlsx
Hungarian_Mahalanobis_WGAN_TabDDPM,TabDDPM,,privacy,Median_Distance,9.906804305564037,9.906804305564037,,,,0,100,Score,/home/gopi.battineni/SYNTH_BENCHMARK/Generators/Diffusion GANs/Hungarian_Mahalanobis_WGAN_TabDDPM.xlsx
Hungarian_Mahalanobis_WGAN_TabDDPM,TabDDPM,,privacy,Std_Distance,4.867982943279253,4.867982943279253,,,,0,100,Score,/home/gopi.battineni/SYNTH_BENCHMARK/Generators/Diffusion GANs/Hungarian_Mahalanobis_WGAN_TabDDPM.xlsx
Hungarian_Mahalanobis_WGAN_TabDDPM,TabDDPM,,privacy,Min_Distance,0.4274292842517395,0.4274292842517395,,,,0,100,Score,/home/gopi.battineni/SYNTH_BENCHMARK/Generators/Diffusion GANs/Hungarian_Mahalanobis_WGAN_TabDDPM.xlsx
Hungarian_Mahalanobis_WGAN_TabDDPM,TabDDPM,,privacy,Max_Distance,17.30136120664193,17.30136120664193,,,,0,100,Score,/home/gopi.battineni/SYNTH_BENCHMARK/Generators/Diffusion GANs/Hungarian_Mahalanobis_WGAN_TabDDPM.xlsx
Hungarian_Mahalanobis_WGAN_TabDDPM,TabDDPM,,privacy,Num_Matches,1000.0,1000.0,,,,0,100,Score,/home/gopi.battineni/SYNTH_BENCHMARK/Generators/Diffusion GANs/Hungarian_Mahalanobis_WGAN_TabDDPM.xlsx
Hungarian_Matchings_All_Models,ForestDiffusion,,privacy,Num_Matches,1000.0,1000.0,,,,0,100,Score,/home/gopi.battineni/SYNTH_BENCHMARK/Generators/Diffusion GANs/Hungarian_Matchings_All_Models.xlsx
Hungarian_Matchings_All_Models,TabDDPM,,privacy,Num_Matches,1000.0,1000.0,,,,0,100,Score,/home/gopi.battineni/SYNTH_BENCHMARK/Generators/Diffusion GANs/Hungarian_Matchings_All_Models.xlsx
10. Metro interstate,CTABGAN,,privacy,Num_Matches,1000.0,1000.0,,,,0,100,Score,/home/gopi.battineni/SYNTH_BENCHMARK/Generators/Diffusion GANs/Matchings_CTABGAN_WGAN_GP_Metro_Interstate_Traffic.xlsx
10. Metro interstate,WGAN_GP,,privacy,Num_Matches,1000.0,1000.0,,,,0,100,Score,/home/gopi.battineni/SYNTH_BENCHMARK/Generators/Diffusion GANs/Matchings_CTABGAN_WGAN_GP_Metro_Interstate_Traffic.xlsx
10. Metro interstate,ForestDiffusion,,privacy,Num_Matches,1000.0,1000.0,,,,0,100,Score,/home/gopi.battineni/SYNTH_BENCHMARK/Generators/Diffusion GANs/Matchings_TabDDPM_ForestDiffusion_Metro_Interstate_Traffic.xlsx
10. Metro interstate,TabDDPM,,privacy,Num_Matches,1000.0,1000.0,,,,0,100,Score,/home/gopi.battineni/SYNTH_BENCHMARK/Generators/Diffusion GANs/Matchings_TabDDPM_ForestDiffusion_Metro_Interstate_Traffic.xlsx
3. Adult,WGAN_GP,,privacy,Mean_Distance,1.872853483265076,1.872853483265076,,,,0,100,Score,/home/gopi.battineni/SYNTH_BENCHMARK/Generators/Other GANS/Adult_Hungarian_Mahalanobis.xlsx
3. Adult,WGAN_GP,,privacy,Median_Distance,1.720587185328645,1.720587185328645,,,,0,100,Score,/home/gopi.battineni/SYNTH_BENCHMARK/Generators/Other GANS/Adult_Hungarian_Mahalanobis.xlsx
3. Adult,WGAN_GP,,privacy,Std_Distance,1.099480401568784,1.099480401568784,,,,0,100,Score,/home/gopi.battineni/SYNTH_BENCHMARK/Generators/Other GANS/Adult_Hungarian_Mahalanobis.xlsx
3. Adult,WGAN_GP,,privacy,Min_Distance,0.29133330675486,0.29133330675486,,,,0,100,Score,/home/gopi.battineni/SYNTH_BENCHMARK/Generators/Other GANS/Adult_Hungarian_Mahalanobis.xlsx
3. Adult,WGAN_GP,,privacy,Max_Distance,22.67444544813118,22.67444544813118,,,,0,100,Score,/home/gopi.battineni/SYNTH_BENCHMARK/Generators/Other GANS/Adult_Hungarian_Mahalanobis.xlsx
3. Adult,WGAN_GP,,privacy,Num_Matches,1000.0,1000.0,,,,0,100,Score,/home/gopi.battineni/SYNTH_BENCHMARK/Generators/Other GANS/Adult_Hungarian_Mahalanobis.xlsx
3. Adult,CTABGAN,,privacy,Mean_Distance,1.900368703607661,1.900368703607661,,,,0,100,Score,/home/gopi.battineni/SYNTH_BENCHMARK/Generators/Other GANS/Adult_Hungarian_Mahalanobis.xlsx
3. Adult,CTABGAN,,privacy,Median_Distance,1.392402170617326,1.392402170617326,,,,0,100,Score,/home/gopi.battineni/SYNTH_BENCHMARK/Generators/Other GANS/Adult_Hungarian_Mahalanobis.xlsx
3. Adult,CTABGAN,,privacy,Std_Distance,1.586734710131236,1.586734710131236,,,,0,100,Score,/home/gopi.battineni/SYNTH_BENCHMARK/Generators/Other GANS/Adult_Hungarian_Mahalanobis.xlsx
3. Adult,CTABGAN,,privacy,Min_Distance,0.01033496655930939,0.01033496655930939,,,,0,100,Score,/home/gopi.battineni/SYNTH_BENCHMARK/Generators/Other GANS/Adult_Hungarian_Mahalanobis.xlsx
3. Adult,CTABGAN,,privacy,Max_Distance,21.70332989594829,21.70332989594829,,,,0,100,Score,/home/gopi.battineni/SYNTH_BENCHMARK/Generators/Other GANS/Adult_Hungarian_Mahalanobis.xlsx
3. Adult,CTABGAN,,privacy,Num_Matches,1000.0,1000.0,,,,0,100,Score,/home/gopi.battineni/SYNTH_BENCHMARK/Generators/Other GANS/Adult_Hungarian_Mahalanobis.xlsx
3. Adult,CTABGAN,,privacy,Num_Matches,1000.0,1000.0,,,,0,100,Score,/home/gopi.battineni/SYNTH_BENCHMARK/Generators/Other GANS/Adult_Hungarian_Matchings_All_Models.xlsx
3. Adult,WGAN_GP,,privacy,Num_Matches,1000.0,1000.0,,,,0,100,Score,/home/gopi.battineni/SYNTH_BENCHMARK/Generators/Other GANS/Adult_Hungarian_Matchings_All_Models.xlsx
10. Metro interstate,CTABGAN,,privacy,Mean_Distance,2.433241937847617,2.433241937847617,,,,0,100,Score,/home/gopi.battineni/SYNTH_BENCHMARK/Generators/Other GANS/Hungarian_Mahalanobis_CTABGAN_WGAN_GP_Metro.xlsx
10. Metro interstate,CTABGAN,,privacy,Median_Distance,2.18865295183662,2.18865295183662,,,,0,100,Score,/home/gopi.battineni/SYNTH_BENCHMARK/Generators/Other GANS/Hungarian_Mahalanobis_CTABGAN_WGAN_GP_Metro.xlsx
10. Metro interstate,CTABGAN,,privacy,Std_Distance,1.246927700892049,1.246927700892049,,,,0,100,Score,/home/gopi.battineni/SYNTH_BENCHMARK/Generators/Other GANS/Hungarian_Mahalanobis_CTABGAN_WGAN_GP_Metro.xlsx
10. Metro interstate,CTABGAN,,privacy,Min_Distance,0.2052085027418037,0.2052085027418037,,,,0,100,Score,/home/gopi.battineni/SYNTH_BENCHMARK/Generators/Other GANS/Hungarian_Mahalanobis_CTABGAN_WGAN_GP_Metro.xlsx
10. Metro interstate,CTABGAN,,privacy,Max_Distance,6.783075256148769,6.783075256148769,,,,0,100,Score,/home/gopi.battineni/SYNTH_BENCHMARK/Generators/Other GANS/Hungarian_Mahalanobis_CTABGAN_WGAN_GP_Metro.xlsx
10. Metro interstate,CTABGAN,,privacy,Num_Matches,1000.0,1000.0,,,,0,100,Score,/home/gopi.battineni/SYNTH_BENCHMARK/Generators/Other GANS/Hungarian_Mahalanobis_CTABGAN_WGAN_GP_Metro.xlsx
10. Metro interstate,WGAN_GP,,privacy,Mean_Distance,3.055943100071951,3.055943100071951,,,,0,100,Score,/home/gopi.battineni/SYNTH_BENCHMARK/Generators/Other GANS/Hungarian_Mahalanobis_CTABGAN_WGAN_GP_Metro.xlsx
10. Metro interstate,WGAN_GP,,privacy,Median_Distance,3.011558095334109,3.011558095334109,,,,0,100,Score,/home/gopi.battineni/SYNTH_BENCHMARK/Generators/Other GANS/Hungarian_Mahalanobis_CTABGAN_WGAN_GP_Metro.xlsx
10. Metro interstate,WGAN_GP,,privacy,Std_Distance,1.193018101731685,1.193018101731685,,,,0,100,Score,/home/gopi.battineni/SYNTH_BENCHMARK/Generators/Other GANS/Hungarian_Mahalanobis_CTABGAN_WGAN_GP_Metro.xlsx
10. Metro interstate,WGAN_GP,,privacy,Min_Distance,0.4950530136508738,0.4950530136508738,,,,0,100,Score,/home/gopi.battineni/SYNTH_BENCHMARK/Generators/Other GANS/Hungarian_Mahalanobis_CTABGAN_WGAN_GP_Metro.xlsx
10. Metro interstate,WGAN_GP,,privacy,Max_Distance,8.024027544085847,8.024027544085847,,,,0,100,Score,/home/gopi.battineni/SYNTH_BENCHMARK/Generators/Other GANS/Hungarian_Mahalanobis_CTABGAN_WGAN_GP_Metro.xlsx
10. Metro interstate,WGAN_GP,,privacy,Num_Matches,1000.0,1000.0,,,,0,100,Score,/home/gopi.battineni/SYNTH_BENCHMARK/Generators/Other GANS/Hungarian_Mahalanobis_CTABGAN_WGAN_GP_Metro.xlsx
10. Metro interstate,CTABGAN,,privacy,Mean_Distance,2.433241937847617,2.433241937847617,,,,0,100,Score,/home/gopi.battineni/SYNTH_BENCHMARK/Generators/Other GANS/Hungarian_Mahalanobis_CTABGAN_WGAN_GP_Online shopping.xlsx
10. Metro interstate,CTABGAN,,privacy,Median_Distance,2.18865295183662,2.18865295183662,,,,0,100,Score,/home/gopi.battineni/SYNTH_BENCHMARK/Generators/Other GANS/Hungarian_Mahalanobis_CTABGAN_WGAN_GP_Online shopping.xlsx
10. Metro interstate,CTABGAN,,privacy,Std_Distance,1.246927700892049,1.246927700892049,,,,0,100,Score,/home/gopi.battineni/SYNTH_BENCHMARK/Generators/Other GANS/Hungarian_Mahalanobis_CTABGAN_WGAN_GP_Online shopping.xlsx
10. Metro interstate,CTABGAN,,privacy,Min_Distance,0.2052085027418037,0.2052085027418037,,,,0,100,Score,/home/gopi.battineni/SYNTH_BENCHMARK/Generators/Other GANS/Hungarian_Mahalanobis_CTABGAN_WGAN_GP_Online shopping.xlsx
10. Metro interstate,CTABGAN,,privacy,Max_Distance,6.783075256148769,6.783075256148769,,,,0,100,Score,/home/gopi.battineni/SYNTH_BENCHMARK/Generators/Other GANS/Hungarian_Mahalanobis_CTABGAN_WGAN_GP_Online shopping.xlsx
10. Metro interstate,CTABGAN,,privacy,Num_Matches,1000.0,1000.0,,,,0,100,Score,/home/gopi.battineni/SYNTH_BENCHMARK/Generators/Other GANS/Hungarian_Mahalanobis_CTABGAN_WGAN_GP_Online shopping.xlsx
10. Metro interstate,WGAN_GP,,privacy,Mean_Distance,3.055943100071951,3.055943100071951,,,,0,100,Score,/home/gopi.battineni/SYNTH_BENCHMARK/Generators/Other GANS/Hungarian_Mahalanobis_CTABGAN_WGAN_GP_Online shopping.xlsx
10. Metro interstate,WGAN_GP,,privacy,Median_Distance,3.011558095334109,3.011558095334109,,,,0,100,Score,/home/gopi.battineni/SYNTH_BENCHMARK/Generators/Other GANS/Hungarian_Mahalanobis_CTABGAN_WGAN_GP_Online shopping.xlsx
10. Metro interstate,WGAN_GP,,privacy,Std_Distance,1.193018101731685,1.193018101731685,,,,0,100,Score,/home/gopi.battineni/SYNTH_BENCHMARK/Generators/Other GANS/Hungarian_Mahalanobis_CTABGAN_WGAN_GP_Online shopping.xlsx
10. Metro interstate,WGAN_GP,,privacy,Min_Distance,0.4950530136508738,0.4950530136508738,,,,0,100,Score,/home/gopi.battineni/SYNTH_BENCHMARK/Generators/Other GANS/Hungarian_Mahalanobis_CTABGAN_WGAN_GP_Online shopping.xlsx
10. Metro interstate,WGAN_GP,,privacy,Max_Distance,8.024027544085847,8.024027544085847,,,,0,100,Score,/home/gopi.battineni/SYNTH_BENCHMARK/Generators/Other GANS/Hungarian_Mahalanobis_CTABGAN_WGAN_GP_Online shopping.xlsx
10. Metro interstate,WGAN_GP,,privacy,Num_Matches,1000.0,1000.0,,,,0,100,Score,/home/gopi.battineni/SYNTH_BENCHMARK/Generators/Other GANS/Hungarian_Mahalanobis_CTABGAN_WGAN_GP_Online shopping.xlsx
9. MAGIC Gamma Telescope,WGAN_GP,,privacy,Mean_Distance,1.17739482499675,1.17739482499675,,,,0,100,Score,/home/gopi.battineni/SYNTH_BENCHMARK/Generators/Other GANS/Hungarian_Mahalanobis_MAGIC_CTABGAN_WGAN_GP.xlsx
9. MAGIC Gamma Telescope,WGAN_GP,,privacy,Median_Distance,0.975070796979838,0.975070796979838,,,,0,100,Score,/home/gopi.battineni/SYNTH_BENCHMARK/Generators/Other GANS/Hungarian_Mahalanobis_MAGIC_CTABGAN_WGAN_GP.xlsx
9. MAGIC Gamma Telescope,WGAN_GP,,privacy,Std_Distance,0.7000939723363695,0.7000939723363695,,,,0,100,Score,/home/gopi.battineni/SYNTH_BENCHMARK/Generators/Other GANS/Hungarian_Mahalanobis_MAGIC_CTABGAN_WGAN_GP.xlsx
9. MAGIC Gamma Telescope,WGAN_GP,,privacy,Min_Distance,0.3332220675422414,0.3332220675422414,,,,0,100,Score,/home/gopi.battineni/SYNTH_BENCHMARK/Generators/Other GANS/Hungarian_Mahalanobis_MAGIC_CTABGAN_WGAN_GP.xlsx
9. MAGIC Gamma Telescope,WGAN_GP,,privacy,Max_Distance,6.606256437427121,6.606256437427121,,,,0,100,Score,/home/gopi.battineni/SYNTH_BENCHMARK/Generators/Other GANS/Hungarian_Mahalanobis_MAGIC_CTABGAN_WGAN_GP.xlsx
9. MAGIC Gamma Telescope,WGAN_GP,,privacy,Num_Matches,1000.0,1000.0,,,,0,100,Score,/home/gopi.battineni/SYNTH_BENCHMARK/Generators/Other GANS/Hungarian_Mahalanobis_MAGIC_CTABGAN_WGAN_GP.xlsx
9. MAGIC Gamma Telescope,CTABGAN,,privacy,Mean_Distance,1.864591197366024,1.864591197366024,,,,0,100,Score,/home/gopi.battineni/SYNTH_BENCHMARK/Generators/Other GANS/Hungarian_Mahalanobis_MAGIC_CTABGAN_WGAN_GP.xlsx
9. MAGIC Gamma Telescope,CTABGAN,,privacy,Median_Distance,1.525678056446776,1.525678056446776,,,,0,100,Score,/home/gopi.battineni/SYNTH_BENCHMARK/Generators/Other GANS/Hungarian_Mahalanobis_MAGIC_CTABGAN_WGAN_GP.xlsx
9. MAGIC Gamma Telescope,CTABGAN,,privacy,Std_Distance,1.096268332963922,1.096268332963922,,,,0,100,Score,/home/gopi.battineni/SYNTH_BENCHMARK/Generators/Other GANS/Hungarian_Mahalanobis_MAGIC_CTABGAN_WGAN_GP.xlsx
9. MAGIC Gamma Telescope,CTABGAN,,privacy,Min_Distance,0.4534331576141509,0.4534331576141509,,,,0,100,Score,/home/gopi.battineni/SYNTH_BENCHMARK/Generators/Other GANS/Hungarian_Mahalanobis_MAGIC_CTABGAN_WGAN_GP.xlsx
9. MAGIC Gamma Telescope,CTABGAN,,privacy,Max_Distance,9.963537586192702,9.963537586192702,,,,0,100,Score,/home/gopi.battineni/SYNTH_BENCHMARK/Generators/Other GANS/Hungarian_Mahalanobis_MAGIC_CTABGAN_WGAN_GP.xlsx
9. MAGIC Gamma Telescope,CTABGAN,,privacy,Num_Matches,1000.0,1000.0,,,,0,100,Score,/home/gopi.battineni/SYNTH_BENCHMARK/Generators/Other GANS/Hungarian_Mahalanobis_MAGIC_CTABGAN_WGAN_GP.xlsx
Hungarian_Mahalanobis_WGAN_CTABGAN,CTABGAN,,privacy,Mean_Distance,0.8723136582428854,0.8723136582428854,,,,0,100,Score,/home/gopi.battineni/SYNTH_BENCHMARK/Generators/Other GANS/Hungarian_Mahalanobis_WGAN_CTABGAN.xlsx
Hungarian_Mahalanobis_WGAN_CTABGAN,CTABGAN,,privacy,Median_Distance,0.6827322048380942,0.6827322048380942,,,,0,100,Score,/home/gopi.battineni/SYNTH_BENCHMARK/Generators/Other GANS/Hungarian_Mahalanobis_WGAN_CTABGAN.xlsx
Hungarian_Mahalanobis_WGAN_CTABGAN,CTABGAN,,privacy,Std_Distance,0.5840192786373132,0.5840192786373132,,,,0,100,Score,/home/gopi.battineni/SYNTH_BENCHMARK/Generators/Other GANS/Hungarian_Mahalanobis_WGAN_CTABGAN.xlsx
Hungarian_Mahalanobis_WGAN_CTABGAN,CTABGAN,,privacy,Min_Distance,0.131327569109697,0.131327569109697,,,,0,100,Score,/home/gopi.battineni/SYNTH_BENCHMARK/Generators/Other GANS/Hungarian_Mahalanobis_WGAN_CTABGAN.xlsx
Hungarian_Mahalanobis_WGAN_CTABGAN,CTABGAN,,privacy,Max_Distance,4.158747457345152,4.158747457345152,,,,0,100,Score,/home/gopi.battineni/SYNTH_BENCHMARK/Generators/Other GANS/Hungarian_Mahalanobis_WGAN_CTABGAN.xlsx
Hungarian_Mahalanobis_WGAN_CTABGAN,CTABGAN,,privacy,Num_Matches,414.0,414.0,,,,0,100,Score,/home/gopi.battineni/SYNTH_BENCHMARK/Generators/Other GANS/Hungarian_Mahalanobis_WGAN_CTABGAN.xlsx
Hungarian_Mahalanobis_WGAN_CTABGAN,WGAN_GP,,privacy,Mean_Distance,1.396493432567981,1.396493432567981,,,,0,100,Score,/home/gopi.battineni/SYNTH_BENCHMARK/Generators/Other GANS/Hungarian_Mahalanobis_WGAN_CTABGAN.xlsx
Hungarian_Mahalanobis_WGAN_CTABGAN,WGAN_GP,,privacy,Median_Distance,1.21619661645027,1.21619661645027,,,,0,100,Score,/home/gopi.battineni/SYNTH_BENCHMARK/Generators/Other GANS/Hungarian_Mahalanobis_WGAN_CTABGAN.xlsx
Hungarian_Mahalanobis_WGAN_CTABGAN,WGAN_GP,,privacy,Std_Distance,0.7385384950797921,0.7385384950797921,,,,0,100,Score,/home/gopi.battineni/SYNTH_BENCHMARK/Generators/Other GANS/Hungarian_Mahalanobis_WGAN_CTABGAN.xlsx
Hungarian_Mahalanobis_WGAN_CTABGAN,WGAN_GP,,privacy,Min_Distance,0.2294429832177732,0.2294429832177732,,,,0,100,Score,/home/gopi.battineni/SYNTH_BENCHMARK/Generators/Other GANS/Hungarian_Mahalanobis_WGAN_CTABGAN.xlsx
Hungarian_Mahalanobis_WGAN_CTABGAN,WGAN_GP,,privacy,Max_Distance,4.937628973599307,4.937628973599307,,,,0,100,Score,/home/gopi.battineni/SYNTH_BENCHMARK/Generators/Other GANS/Hungarian_Mahalanobis_WGAN_CTABGAN.xlsx
Hungarian_Mahalanobis_WGAN_CTABGAN,WGAN_GP,,privacy,Num_Matches,414.0,414.0,,,,0,100,Score,/home/gopi.battineni/SYNTH_BENCHMARK/Generators/Other GANS/Hungarian_Mahalanobis_WGAN_CTABGAN.xlsx
Hungarian_Matchings_All_Models,CTABGAN,,privacy,Num_Matches,414.0,414.0,,,,0,100,Score,/home/gopi.battineni/SYNTH_BENCHMARK/Generators/Other GANS/Hungarian_Matchings_All_Models.xlsx
Hungarian_Matchings_All_Models,WGAN_GP,,privacy,Num_Matches,414.0,414.0,,,,0,100,Score,/home/gopi.battineni/SYNTH_BENCHMARK/Generators/Other GANS/Hungarian_Matchings_All_Models.xlsx
10. Metro interstate,CTABGAN,,privacy,Num_Matches,1000.0,1000.0,,,,0,100,Score,/home/gopi.battineni/SYNTH_BENCHMARK/Generators/Other GANS/Matchings_CTABGAN_WGAN_GP_Metro_Interstate_Traffic.xlsx
10. Metro interstate,WGAN_GP,,privacy,Num_Matches,1000.0,1000.0,,,,0,100,Score,/home/gopi.battineni/SYNTH_BENCHMARK/Generators/Other GANS/Matchings_CTABGAN_WGAN_GP_Metro_Interstate_Traffic.xlsx
Eshop_Price_Regression_Hungarian_Mahalanobis,CTGAN,,privacy,Mean_Distance,1.567793840720491,1.567793840720491,,,,0,100,Score,/home/gopi.battineni/SYNTH_BENCHMARK/Generators/SDV models/Excel sheets/Eshop_Price_Regression_Hungarian_Mahalanobis.xlsx
Eshop_Price_Regression_Hungarian_Mahalanobis,CTGAN,,privacy,Median_Distance,1.384052566056652,1.384052566056652,,,,0,100,Score,/home/gopi.battineni/SYNTH_BENCHMARK/Generators/SDV models/Excel sheets/Eshop_Price_Regression_Hungarian_Mahalanobis.xlsx
Eshop_Price_Regression_Hungarian_Mahalanobis,CTGAN,,privacy,Std_Distance,0.9170862031344548,0.9170862031344548,,,,0,100,Score,/home/gopi.battineni/SYNTH_BENCHMARK/Generators/SDV models/Excel sheets/Eshop_Price_Regression_Hungarian_Mahalanobis.xlsx
Eshop_Price_Regression_Hungarian_Mahalanobis,CopulaGAN,,privacy,Mean_Distance,1.58151116938155,1.58151116938155,,,,0,100,Score,/home/gopi.battineni/SYNTH_BENCHMARK/Generators/SDV models/Excel sheets/Eshop_Price_Regression_Hungarian_Mahalanobis.xlsx
Eshop_Price_Regression_Hungarian_Mahalanobis,CopulaGAN,,privacy,Median_Distance,1.419676639904599,1.419676639904599,,,,0,100,Score,/home/gopi.battineni/SYNTH_BENCHMARK/Generators/SDV models/Excel sheets/Eshop_Price_Regression_Hungarian_Mahalanobis.xlsx
Eshop_Price_Regression_Hungarian_Mahalanobis,CopulaGAN,,privacy,Std_Distance,0.8999751943643071,0.8999751943643071,,,,0,100,Score,/home/gopi.battineni/SYNTH_BENCHMARK/Generators/SDV models/Excel sheets/Eshop_Price_Regression_Hungarian_Mahalanobis.xlsx
Eshop_Price_Regression_Hungarian_Mahalanobis,GaussianCopula,,privacy,Mean_Distance,1.587593292473918,1.587593292473918,,,,0,100,Score,/home/gopi.battineni/SYNTH_BENCHMARK/Generators/SDV models/Excel sheets/Eshop_Price_Regression_Hungarian_Mahalanobis.xlsx
Eshop_Price_Regression_Hungarian_Mahalanobis,GaussianCopula,,privacy,Median_Distance,1.508970339687003,1.508970339687003,,,,0,100,Score,/home/gopi.battineni/SYNTH_BENCHMARK/Generators/SDV models/Excel sheets/Eshop_Price_Regression_Hungarian_Mahalanobis.xlsx
Eshop_Price_Regression_Hungarian_Mahalanobis,GaussianCopula,,privacy,Std_Distance,0.6858824511791198,0.6858824511791198,,,,0,100,Score,/home/gopi.battineni/SYNTH_BENCHMARK/Generators/SDV models/Excel sheets/Eshop_Price_Regression_Hungarian_Mahalanobis.xlsx
Eshop_Price_Regression_Hungarian_Mahalanobis,TVAE,,privacy,Mean_Distance,2.384211658479305,2.384211658479305,,,,0,100,Score,/home/gopi.battineni/SYNTH_BENCHMARK/Generators/SDV models/Excel sheets/Eshop_Price_Regression_Hungarian_Mahalanobis.xlsx
Eshop_Price_Regression_Hungarian_Mahalanobis,TVAE,,privacy,Median_Distance,2.208123544672407,2.208123544672407,,,,0,100,Score,/home/gopi.battineni/SYNTH_BENCHMARK/Generators/SDV models/Excel sheets/Eshop_Price_Regression_Hungarian_Mahalanobis.xlsx
Eshop_Price_Regression_Hungarian_Mahalanobis,TVAE,,privacy,Std_Distance,1.47827420655867,1.47827420655867,,,,0,100,Score,/home/gopi.battineni/SYNTH_BENCHMARK/Generators/SDV models/Excel sheets/Eshop_Price_Regression_Hungarian_Mahalanobis.xlsx
10. Metro interstate,TVAE,,privacy,Mean_Distance,0.2293317570974291,0.2293317570974291,,,,0,100,Score,/home/gopi.battineni/SYNTH_BENCHMARK/Generators/SDV models/Excel sheets/Hungarian_Mahalanobis_All_Models_metro_traffic.xlsx
10. Metro interstate,TVAE,,privacy,Median_Distance,0.02203575452511808,0.02203575452511808,,,,0,100,Score,/home/gopi.battineni/SYNTH_BENCHMARK/Generators/SDV models/Excel sheets/Hungarian_Mahalanobis_All_Models_metro_traffic.xlsx
10. Metro interstate,TVAE,,privacy,Std_Distance,1.389130632070223,1.389130632070223,,,,0,100,Score,/home/gopi.battineni/SYNTH_BENCHMARK/Generators/SDV models/Excel sheets/Hungarian_Mahalanobis_All_Models_metro_traffic.xlsx
10. Metro interstate,TVAE,,privacy,Min_Distance,4.635155626047929e-07,4.635155626047929e-07,,,,0,100,Score,/home/gopi.battineni/SYNTH_BENCHMARK/Generators/SDV models/Excel sheets/Hungarian_Mahalanobis_All_Models_metro_traffic.xlsx
10. Metro interstate,TVAE,,privacy,Max_Distance,37.0159897858797,37.0159897858797,,,,0,100,Score,/home/gopi.battineni/SYNTH_BENCHMARK/Generators/SDV models/Excel sheets/Hungarian_Mahalanobis_All_Models_metro_traffic.xlsx
10. Metro interstate,TVAE,,privacy,Num_Matches,5000.0,5000.0,,,,0,100,Score,/home/gopi.battineni/SYNTH_BENCHMARK/Generators/SDV models/Excel sheets/Hungarian_Mahalanobis_All_Models_metro_traffic.xlsx
10. Metro interstate,CopulaGAN,,privacy,Mean_Distance,0.4004089346444876,0.4004089346444876,,,,0,100,Score,/home/gopi.battineni/SYNTH_BENCHMARK/Generators/SDV models/Excel sheets/Hungarian_Mahalanobis_All_Models_metro_traffic.xlsx
10. Metro interstate,CopulaGAN,,privacy,Median_Distance,0.2571878797960432,0.2571878797960432,,,,0,100,Score,/home/gopi.battineni/SYNTH_BENCHMARK/Generators/SDV models/Excel sheets/Hungarian_Mahalanobis_All_Models_metro_traffic.xlsx
10. Metro interstate,CopulaGAN,,privacy,Std_Distance,1.155162117865425,1.155162117865425,,,,0,100,Score,/home/gopi.battineni/SYNTH_BENCHMARK/Generators/SDV models/Excel sheets/Hungarian_Mahalanobis_All_Models_metro_traffic.xlsx
10. Metro interstate,CopulaGAN,,privacy,Min_Distance,2.968725728847451e-05,2.968725728847451e-05,,,,0,100,Score,/home/gopi.battineni/SYNTH_BENCHMARK/Generators/SDV models/Excel sheets/Hungarian_Mahalanobis_All_Models_metro_traffic.xlsx
10. Metro interstate,CopulaGAN,,privacy,Max_Distance,38.74996097999503,38.74996097999503,,,,0,100,Score,/home/gopi.battineni/SYNTH_BENCHMARK/Generators/SDV models/Excel sheets/Hungarian_Mahalanobis_All_Models_metro_traffic.xlsx
10. Metro interstate,CopulaGAN,,privacy,Num_Matches,5000.0,5000.0,,,,0,100,Score,/home/gopi.battineni/SYNTH_BENCHMARK/Generators/SDV models/Excel sheets/Hungarian_Mahalanobis_All_Models_metro_traffic.xlsx
10. Metro interstate,CTGAN,,privacy,Mean_Distance,0.5035159578153979,0.5035159578153979,,,,0,100,Score,/home/gopi.battineni/SYNTH_BENCHMARK/Generators/SDV models/Excel sheets/Hungarian_Mahalanobis_All_Models_metro_traffic.xlsx
10. Metro interstate,CTGAN,,privacy,Median_Distance,0.0781060834032303,0.0781060834032303,,,,0,100,Score,/home/gopi.battineni/SYNTH_BENCHMARK/Generators/SDV models/Excel sheets/Hungarian_Mahalanobis_All_Models_metro_traffic.xlsx
10. Metro interstate,CTGAN,,privacy,Std_Distance,1.485877391716603,1.485877391716603,,,,0,100,Score,/home/gopi.battineni/SYNTH_BENCHMARK/Generators/SDV models/Excel sheets/Hungarian_Mahalanobis_All_Models_metro_traffic.xlsx
10. Metro interstate,CTGAN,,privacy,Min_Distance,1.091659106627168e-06,1.091659106627168e-06,,,,0,100,Score,/home/gopi.battineni/SYNTH_BENCHMARK/Generators/SDV models/Excel sheets/Hungarian_Mahalanobis_All_Models_metro_traffic.xlsx
10. Metro interstate,CTGAN,,privacy,Max_Distance,37.55117519896112,37.55117519896112,,,,0,100,Score,/home/gopi.battineni/SYNTH_BENCHMARK/Generators/SDV models/Excel sheets/Hungarian_Mahalanobis_All_Models_metro_traffic.xlsx
10. Metro interstate,CTGAN,,privacy,Num_Matches,5000.0,5000.0,,,,0,100,Score,/home/gopi.battineni/SYNTH_BENCHMARK/Generators/SDV models/Excel sheets/Hungarian_Mahalanobis_All_Models_metro_traffic.xlsx
10. Metro interstate,GaussianCopula,,privacy,Mean_Distance,27.57770093164357,27.57770093164357,,,,0,100,Score,/home/gopi.battineni/SYNTH_BENCHMARK/Generators/SDV models/Excel sheets/Hungarian_Mahalanobis_All_Models_metro_traffic.xlsx
10. Metro interstate,GaussianCopula,,privacy,Median_Distance,32.72182784096612,32.72182784096612,,,,0,100,Score,/home/gopi.battineni/SYNTH_BENCHMARK/Generators/SDV models/Excel sheets/Hungarian_Mahalanobis_All_Models_metro_traffic.xlsx
10. Metro interstate,GaussianCopula,,privacy,Std_Distance,11.11708582569364,11.11708582569364,,,,0,100,Score,/home/gopi.battineni/SYNTH_BENCHMARK/Generators/SDV models/Excel sheets/Hungarian_Mahalanobis_All_Models_metro_traffic.xlsx
10. Metro interstate,GaussianCopula,,privacy,Min_Distance,0.1325027378798853,0.1325027378798853,,,,0,100,Score,/home/gopi.battineni/SYNTH_BENCHMARK/Generators/SDV models/Excel sheets/Hungarian_Mahalanobis_All_Models_metro_traffic.xlsx
10. Metro interstate,GaussianCopula,,privacy,Max_Distance,41.08458599787649,41.08458599787649,,,,0,100,Score,/home/gopi.battineni/SYNTH_BENCHMARK/Generators/SDV models/Excel sheets/Hungarian_Mahalanobis_All_Models_metro_traffic.xlsx
10. Metro interstate,GaussianCopula,,privacy,Num_Matches,5000.0,5000.0,,,,0,100,Score,/home/gopi.battineni/SYNTH_BENCHMARK/Generators/SDV models/Excel sheets/Hungarian_Mahalanobis_All_Models_metro_traffic.xlsx
Hungarian_Mahalanobis_Four_Models,GaussianCopula,,privacy,Mean_Distance,5.993095267039475,5.993095267039475,,,,0,100,Score,/home/gopi.battineni/SYNTH_BENCHMARK/Generators/SDV models/Excel sheets/Hungarian_Mahalanobis_Four_Models.xlsx
Hungarian_Mahalanobis_Four_Models,GaussianCopula,,privacy,Median_Distance,5.455853609420996,5.455853609420996,,,,0,100,Score,/home/gopi.battineni/SYNTH_BENCHMARK/Generators/SDV models/Excel sheets/Hungarian_Mahalanobis_Four_Models.xlsx
Hungarian_Mahalanobis_Four_Models,GaussianCopula,,privacy,Std_Distance,2.229809634333889,2.229809634333889,,,,0,100,Score,/home/gopi.battineni/SYNTH_BENCHMARK/Generators/SDV models/Excel sheets/Hungarian_Mahalanobis_Four_Models.xlsx
Hungarian_Mahalanobis_Four_Models,GaussianCopula,,privacy,Min_Distance,2.98864040475122,2.98864040475122,,,,0,100,Score,/home/gopi.battineni/SYNTH_BENCHMARK/Generators/SDV models/Excel sheets/Hungarian_Mahalanobis_Four_Models.xlsx
Hungarian_Mahalanobis_Four_Models,GaussianCopula,,privacy,Max_Distance,22.00424531028987,22.00424531028987,,,,0,100,Score,/home/gopi.battineni/SYNTH_BENCHMARK/Generators/SDV models/Excel sheets/Hungarian_Mahalanobis_Four_Models.xlsx
Hungarian_Mahalanobis_Four_Models,GaussianCopula,,privacy,Num_Matches,569.0,569.0,,,,0,100,Score,/home/gopi.battineni/SYNTH_BENCHMARK/Generators/SDV models/Excel sheets/Hungarian_Mahalanobis_Four_Models.xlsx
Hungarian_Mahalanobis_Four_Models,TVAE,,privacy,Mean_Distance,43.68269224460514,43.68269224460514,,,,0,100,Score,/home/gopi.battineni/SYNTH_BENCHMARK/Generators/SDV models/Excel sheets/Hungarian_Mahalanobis_Four_Models.xlsx
Hungarian_Mahalanobis_Four_Models,TVAE,,privacy,Median_Distance,33.13567064522416,33.13567064522416,,,,0,100,Score,/home/gopi.battineni/SYNTH_BENCHMARK/Generators/SDV models/Excel sheets/Hungarian_Mahalanobis_Four_Models.xlsx
Hungarian_Mahalanobis_Four_Models,TVAE,,privacy,Std_Distance,32.50966032276904,32.50966032276904,,,,0,100,Score,/home/gopi.battineni/SYNTH_BENCHMARK/Generators/SDV models/Excel sheets/Hungarian_Mahalanobis_Four_Models.xlsx
Hungarian_Mahalanobis_Four_Models,TVAE,,privacy,Min_Distance,8.444834969028067,8.444834969028067,,,,0,100,Score,/home/gopi.battineni/SYNTH_BENCHMARK/Generators/SDV models/Excel sheets/Hungarian_Mahalanobis_Four_Models.xlsx
Hungarian_Mahalanobis_Four_Models,TVAE,,privacy,Max_Distance,170.1715718576419,170.1715718576419,,,,0,100,Score,/home/gopi.battineni/SYNTH_BENCHMARK/Generators/SDV models/Excel sheets/Hungarian_Mahalanobis_Four_Models.xlsx
Hungarian_Mahalanobis_Four_Models,TVAE,,privacy,Num_Matches,569.0,569.0,,,,0,100,Score,/home/gopi.battineni/SYNTH_BENCHMARK/Generators/SDV models/Excel sheets/Hungarian_Mahalanobis_Four_Models.xlsx
Hungarian_Mahalanobis_Four_Models,CTGAN,,privacy,Mean_Distance,110.2921594178478,110.2921594178478,,,,0,100,Score,/home/gopi.battineni/SYNTH_BENCHMARK/Generators/SDV models/Excel sheets/Hungarian_Mahalanobis_Four_Models.xlsx
Hungarian_Mahalanobis_Four_Models,CTGAN,,privacy,Median_Distance,94.34770805130505,94.34770805130505,,,,0,100,Score,/home/gopi.battineni/SYNTH_BENCHMARK/Generators/SDV models/Excel sheets/Hungarian_Mahalanobis_Four_Models.xlsx
Hungarian_Mahalanobis_Four_Models,CTGAN,,privacy,Std_Distance,57.07331412932883,57.07331412932883,,,,0,100,Score,/home/gopi.battineni/SYNTH_BENCHMARK/Generators/SDV models/Excel sheets/Hungarian_Mahalanobis_Four_Models.xlsx
Hungarian_Mahalanobis_Four_Models,CTGAN,,privacy,Min_Distance,25.33626767737993,25.33626767737993,,,,0,100,Score,/home/gopi.battineni/SYNTH_BENCHMARK/Generators/SDV models/Excel sheets/Hungarian_Mahalanobis_Four_Models.xlsx
Hungarian_Mahalanobis_Four_Models,CTGAN,,privacy,Max_Distance,349.5339478916002,349.5339478916002,,,,0,100,Score,/home/gopi.battineni/SYNTH_BENCHMARK/Generators/SDV models/Excel sheets/Hungarian_Mahalanobis_Four_Models.xlsx
Hungarian_Mahalanobis_Four_Models,CTGAN,,privacy,Num_Matches,569.0,569.0,,,,0,100,Score,/home/gopi.battineni/SYNTH_BENCHMARK/Generators/SDV models/Excel sheets/Hungarian_Mahalanobis_Four_Models.xlsx
Hungarian_Mahalanobis_Four_Models,CopulaGAN,,privacy,Mean_Distance,133.737854553859,133.737854553859,,,,0,100,Score,/home/gopi.battineni/SYNTH_BENCHMARK/Generators/SDV models/Excel sheets/Hungarian_Mahalanobis_Four_Models.xlsx
Hungarian_Mahalanobis_Four_Models,CopulaGAN,,privacy,Median_Distance,121.8004469268097,121.8004469268097,,,,0,100,Score,/home/gopi.battineni/SYNTH_BENCHMARK/Generators/SDV models/Excel sheets/Hungarian_Mahalanobis_Four_Models.xlsx
Hungarian_Mahalanobis_Four_Models,CopulaGAN,,privacy,Std_Distance,65.13365889698537,65.13365889698537,,,,0,100,Score,/home/gopi.battineni/SYNTH_BENCHMARK/Generators/SDV models/Excel sheets/Hungarian_Mahalanobis_Four_Models.xlsx
Hungarian_Mahalanobis_Four_Models,CopulaGAN,,privacy,Min_Distance,24.77390350464789,24.77390350464789,,,,0,100,Score,/home/gopi.battineni/SYNTH_BENCHMARK/Generators/SDV models/Excel sheets/Hungarian_Mahalanobis_Four_Models.xlsx
Hungarian_Mahalanobis_Four_Models,CopulaGAN,,privacy,Max_Distance,355.5887680751471,355.5887680751471,,,,0,100,Score,/home/gopi.battineni/SYNTH_BENCHMARK/Generators/SDV models/Excel sheets/Hungarian_Mahalanobis_Four_Models.xlsx
Hungarian_Mahalanobis_Four_Models,CopulaGAN,,privacy,Num_Matches,569.0,569.0,,,,0,100,Score,/home/gopi.battineni/SYNTH_BENCHMARK/Generators/SDV models/Excel sheets/Hungarian_Mahalanobis_Four_Models.xlsx
Hungarian_Mahalanobis_Four_Models_AD,GaussianCopula,,privacy,Mean_Distance,3.36196373225322,3.36196373225322,,,,0,100,Score,/home/gopi.battineni/SYNTH_BENCHMARK/Generators/SDV models/Excel sheets/Hungarian_Mahalanobis_Four_Models_AD.xlsx
Hungarian_Mahalanobis_Four_Models_AD,GaussianCopula,,privacy,Median_Distance,3.152748807173761,3.152748807173761,,,,0,100,Score,/home/gopi.battineni/SYNTH_BENCHMARK/Generators/SDV models/Excel sheets/Hungarian_Mahalanobis_Four_Models_AD.xlsx
Hungarian_Mahalanobis_Four_Models_AD,GaussianCopula,,privacy,Std_Distance,1.827276674196851,1.827276674196851,,,,0,100,Score,/home/gopi.battineni/SYNTH_BENCHMARK/Generators/SDV models/Excel sheets/Hungarian_Mahalanobis_Four_Models_AD.xlsx
Hungarian_Mahalanobis_Four_Models_AD,GaussianCopula,,privacy,Min_Distance,0.3961408961381592,0.3961408961381592,,,,0,100,Score,/home/gopi.battineni/SYNTH_BENCHMARK/Generators/SDV models/Excel sheets/Hungarian_Mahalanobis_Four_Models_AD.xlsx
Hungarian_Mahalanobis_Four_Models_AD,GaussianCopula,,privacy,Max_Distance,10.60283679300884,10.60283679300884,,,,0,100,Score,/home/gopi.battineni/SYNTH_BENCHMARK/Generators/SDV models/Excel sheets/Hungarian_Mahalanobis_Four_Models_AD.xlsx
Hungarian_Mahalanobis_Four_Models_AD,GaussianCopula,,privacy,Num_Matches,373.0,373.0,,,,0,100,Score,/home/gopi.battineni/SYNTH_BENCHMARK/Generators/SDV models/Excel sheets/Hungarian_Mahalanobis_Four_Models_AD.xlsx
Hungarian_Mahalanobis_Four_Models_AD,TVAE,,privacy,Mean_Distance,5.263934348161442,5.263934348161442,,,,0,100,Score,/home/gopi.battineni/SYNTH_BENCHMARK/Generators/SDV models/Excel sheets/Hungarian_Mahalanobis_Four_Models_AD.xlsx
Hungarian_Mahalanobis_Four_Models_AD,TVAE,,privacy,Median_Distance,4.641280028128194,4.641280028128194,,,,0,100,Score,/home/gopi.battineni/SYNTH_BENCHMARK/Generators/SDV models/Excel sheets/Hungarian_Mahalanobis_Four_Models_AD.xlsx
Hungarian_Mahalanobis_Four_Models_AD,TVAE,,privacy,Std_Distance,3.143144526878578,3.143144526878578,,,,0,100,Score,/home/gopi.battineni/SYNTH_BENCHMARK/Generators/SDV models/Excel sheets/Hungarian_Mahalanobis_Four_Models_AD.xlsx
Hungarian_Mahalanobis_Four_Models_AD,TVAE,,privacy,Min_Distance,0.8561937945579629,0.8561937945579629,,,,0,100,Score,/home/gopi.battineni/SYNTH_BENCHMARK/Generators/SDV models/Excel sheets/Hungarian_Mahalanobis_Four_Models_AD.xlsx
Hungarian_Mahalanobis_Four_Models_AD,TVAE,,privacy,Max_Distance,19.34413630459631,19.34413630459631,,,,0,100,Score,/home/gopi.battineni/SYNTH_BENCHMARK/Generators/SDV models/Excel sheets/Hungarian_Mahalanobis_Four_Models_AD.xlsx
Hungarian_Mahalanobis_Four_Models_AD,TVAE,,privacy,Num_Matches,373.0,373.0,,,,0,100,Score,/home/gopi.battineni/SYNTH_BENCHMARK/Generators/SDV models/Excel sheets/Hungarian_Mahalanobis_Four_Models_AD.xlsx
Hungarian_Mahalanobis_Four_Models_AD,CTGAN,,privacy,Mean_Distance,10.70836521955421,10.70836521955421,,,,0,100,Score,/home/gopi.battineni/SYNTH_BENCHMARK/Generators/SDV models/Excel sheets/Hungarian_Mahalanobis_Four_Models_AD.xlsx
Hungarian_Mahalanobis_Four_Models_AD,CTGAN,,privacy,Median_Distance,9.127316346630879,9.127316346630879,,,,0,100,Score,/home/gopi.battineni/SYNTH_BENCHMARK/Generators/SDV models/Excel sheets/Hungarian_Mahalanobis_Four_Models_AD.xlsx
Hungarian_Mahalanobis_Four_Models_AD,CTGAN,,privacy,Std_Distance,6.142516538596981,6.142516538596981,,,,0,100,Score,/home/gopi.battineni/SYNTH_BENCHMARK/Generators/SDV models/Excel sheets/Hungarian_Mahalanobis_Four_Models_AD.xlsx
Hungarian_Mahalanobis_Four_Models_AD,CTGAN,,privacy,Min_Distance,1.915498998897557,1.915498998897557,,,,0,100,Score,/home/gopi.battineni/SYNTH_BENCHMARK/Generators/SDV models/Excel sheets/Hungarian_Mahalanobis_Four_Models_AD.xlsx
Hungarian_Mahalanobis_Four_Models_AD,CTGAN,,privacy,Max_Distance,32.11019255742176,32.11019255742176,,,,0,100,Score,/home/gopi.battineni/SYNTH_BENCHMARK/Generators/SDV models/Excel sheets/Hungarian_Mahalanobis_Four_Models_AD.xlsx
Hungarian_Mahalanobis_Four_Models_AD,CTGAN,,privacy,Num_Matches,373.0,373.0,,,,0,100,Score,/home/gopi.battineni/SYNTH_BENCHMARK/Generators/SDV models/Excel sheets/Hungarian_Mahalanobis_Four_Models_AD.xlsx
Hungarian_Mahalanobis_Four_Models_AD,CopulaGAN,,privacy,Mean_Distance,11.11497026305779,11.11497026305779,,,,0,100,Score,/home/gopi.battineni/SYNTH_BENCHMARK/Generators/SDV models/Excel sheets/Hungarian_Mahalanobis_Four_Models_AD.xlsx
Hungarian_Mahalanobis_Four_Models_AD,CopulaGAN,,privacy,Median_Distance,9.999813640409233,9.999813640409233,,,,0,100,Score,/home/gopi.battineni/SYNTH_BENCHMARK/Generators/SDV models/Excel sheets/Hungarian_Mahalanobis_Four_Models_AD.xlsx
Hungarian_Mahalanobis_Four_Models_AD,CopulaGAN,,privacy,Std_Distance,5.722821361799541,5.722821361799541,,,,0,100,Score,/home/gopi.battineni/SYNTH_BENCHMARK/Generators/SDV models/Excel sheets/Hungarian_Mahalanobis_Four_Models_AD.xlsx
Hungarian_Mahalanobis_Four_Models_AD,CopulaGAN,,privacy,Min_Distance,0.9256352215715489,0.9256352215715489,,,,0,100,Score,/home/gopi.battineni/SYNTH_BENCHMARK/Generators/SDV models/Excel sheets/Hungarian_Mahalanobis_Four_Models_AD.xlsx
Hungarian_Mahalanobis_Four_Models_AD,CopulaGAN,,privacy,Max_Distance,36.61948828588556,36.61948828588556,,,,0,100,Score,/home/gopi.battineni/SYNTH_BENCHMARK/Generators/SDV models/Excel sheets/Hungarian_Mahalanobis_Four_Models_AD.xlsx
Hungarian_Mahalanobis_Four_Models_AD,CopulaGAN,,privacy,Num_Matches,373.0,373.0,,,,0,100,Score,/home/gopi.battineni/SYNTH_BENCHMARK/Generators/SDV models/Excel sheets/Hungarian_Mahalanobis_Four_Models_AD.xlsx
3. Adult,CTGAN,,privacy,Mean_Distance,0.5670428276435363,0.5670428276435363,,,,0,100,Score,/home/gopi.battineni/SYNTH_BENCHMARK/Generators/SDV models/Excel sheets/Hungarian_Mahalanobis_Four_Models_Adult_Census.xlsx
3. Adult,CTGAN,,privacy,Median_Distance,0.4104469153772259,0.4104469153772259,,,,0,100,Score,/home/gopi.battineni/SYNTH_BENCHMARK/Generators/SDV models/Excel sheets/Hungarian_Mahalanobis_Four_Models_Adult_Census.xlsx
3. Adult,CTGAN,,privacy,Std_Distance,1.060589317432464,1.060589317432464,,,,0,100,Score,/home/gopi.battineni/SYNTH_BENCHMARK/Generators/SDV models/Excel sheets/Hungarian_Mahalanobis_Four_Models_Adult_Census.xlsx
3. Adult,CTGAN,,privacy,Min_Distance,0.0002868563845508005,0.0002868563845508005,,,,0,100,Score,/home/gopi.battineni/SYNTH_BENCHMARK/Generators/SDV models/Excel sheets/Hungarian_Mahalanobis_Four_Models_Adult_Census.xlsx
3. Adult,CTGAN,,privacy,Max_Distance,15.06108094376583,15.06108094376583,,,,0,100,Score,/home/gopi.battineni/SYNTH_BENCHMARK/Generators/SDV models/Excel sheets/Hungarian_Mahalanobis_Four_Models_Adult_Census.xlsx
3. Adult,CTGAN,,privacy,Num_Matches,5000.0,5000.0,,,,0,100,Score,/home/gopi.battineni/SYNTH_BENCHMARK/Generators/SDV models/Excel sheets/Hungarian_Mahalanobis_Four_Models_Adult_Census.xlsx
3. Adult,CopulaGAN,,privacy,Mean_Distance,0.7419051147945169,0.7419051147945169,,,,0,100,Score,/home/gopi.battineni/SYNTH_BENCHMARK/Generators/SDV models/Excel sheets/Hungarian_Mahalanobis_Four_Models_Adult_Census.xlsx
3. Adult,CopulaGAN,,privacy,Median_Distance,0.4170754458190325,0.4170754458190325,,,,0,100,Score,/home/gopi.battineni/SYNTH_BENCHMARK/Generators/SDV models/Excel sheets/Hungarian_Mahalanobis_Four_Models_Adult_Census.xlsx
3. Adult,CopulaGAN,,privacy,Std_Distance,1.305542782528225,1.305542782528225,,,,0,100,Score,/home/gopi.battineni/SYNTH_BENCHMARK/Generators/SDV models/Excel sheets/Hungarian_Mahalanobis_Four_Models_Adult_Census.xlsx
3. Adult,CopulaGAN,,privacy,Min_Distance,4.780939742513341e-05,4.780939742513341e-05,,,,0,100,Score,/home/gopi.battineni/SYNTH_BENCHMARK/Generators/SDV models/Excel sheets/Hungarian_Mahalanobis_Four_Models_Adult_Census.xlsx
3. Adult,CopulaGAN,,privacy,Max_Distance,13.66738856504855,13.66738856504855,,,,0,100,Score,/home/gopi.battineni/SYNTH_BENCHMARK/Generators/SDV models/Excel sheets/Hungarian_Mahalanobis_Four_Models_Adult_Census.xlsx
3. Adult,CopulaGAN,,privacy,Num_Matches,5000.0,5000.0,,,,0,100,Score,/home/gopi.battineni/SYNTH_BENCHMARK/Generators/SDV models/Excel sheets/Hungarian_Mahalanobis_Four_Models_Adult_Census.xlsx
3. Adult,TVAE,,privacy,Mean_Distance,0.9101013588357215,0.9101013588357215,,,,0,100,Score,/home/gopi.battineni/SYNTH_BENCHMARK/Generators/SDV models/Excel sheets/Hungarian_Mahalanobis_Four_Models_Adult_Census.xlsx
3. Adult,TVAE,,privacy,Median_Distance,0.5371962923456648,0.5371962923456648,,,,0,100,Score,/home/gopi.battineni/SYNTH_BENCHMARK/Generators/SDV models/Excel sheets/Hungarian_Mahalanobis_Four_Models_Adult_Census.xlsx
3. Adult,TVAE,,privacy,Std_Distance,1.279057538934729,1.279057538934729,,,,0,100,Score,/home/gopi.battineni/SYNTH_BENCHMARK/Generators/SDV models/Excel sheets/Hungarian_Mahalanobis_Four_Models_Adult_Census.xlsx
3. Adult,TVAE,,privacy,Min_Distance,9.561879485026683e-06,9.561879485026683e-06,,,,0,100,Score,/home/gopi.battineni/SYNTH_BENCHMARK/Generators/SDV models/Excel sheets/Hungarian_Mahalanobis_Four_Models_Adult_Census.xlsx
3. Adult,TVAE,,privacy,Max_Distance,13.33098738568946,13.33098738568946,,,,0,100,Score,/home/gopi.battineni/SYNTH_BENCHMARK/Generators/SDV models/Excel sheets/Hungarian_Mahalanobis_Four_Models_Adult_Census.xlsx
3. Adult,TVAE,,privacy,Num_Matches,5000.0,5000.0,,,,0,100,Score,/home/gopi.battineni/SYNTH_BENCHMARK/Generators/SDV models/Excel sheets/Hungarian_Mahalanobis_Four_Models_Adult_Census.xlsx
3. Adult,GaussianCopula,,privacy,Mean_Distance,4.19803643203102,4.19803643203102,,,,0,100,Score,/home/gopi.battineni/SYNTH_BENCHMARK/Generators/SDV models/Excel sheets/Hungarian_Mahalanobis_Four_Models_Adult_Census.xlsx
3. Adult,GaussianCopula,,privacy,Median_Distance,2.38561017088838,2.38561017088838,,,,0,100,Score,/home/gopi.battineni/SYNTH_BENCHMARK/Generators/SDV models/Excel sheets/Hungarian_Mahalanobis_Four_Models_Adult_Census.xlsx
3. Adult,GaussianCopula,,privacy,Std_Distance,4.239239230471852,4.239239230471852,,,,0,100,Score,/home/gopi.battineni/SYNTH_BENCHMARK/Generators/SDV models/Excel sheets/Hungarian_Mahalanobis_Four_Models_Adult_Census.xlsx
3. Adult,GaussianCopula,,privacy,Min_Distance,0.01736510564811326,0.01736510564811326,,,,0,100,Score,/home/gopi.battineni/SYNTH_BENCHMARK/Generators/SDV models/Excel sheets/Hungarian_Mahalanobis_Four_Models_Adult_Census.xlsx
3. Adult,GaussianCopula,,privacy,Max_Distance,17.36278146274149,17.36278146274149,,,,0,100,Score,/home/gopi.battineni/SYNTH_BENCHMARK/Generators/SDV models/Excel sheets/Hungarian_Mahalanobis_Four_Models_Adult_Census.xlsx
3. Adult,GaussianCopula,,privacy,Num_Matches,5000.0,5000.0,,,,0,100,Score,/home/gopi.battineni/SYNTH_BENCHMARK/Generators/SDV models/Excel sheets/Hungarian_Mahalanobis_Four_Models_Adult_Census.xlsx
7. CDC diabetes dataset,CTGAN,,privacy,Mean_Distance,0.480346042408537,0.480346042408537,,,,0,100,Score,/home/gopi.battineni/SYNTH_BENCHMARK/Generators/SDV models/Excel sheets/Hungarian_Mahalanobis_Four_Models_Heart.xlsx
7. CDC diabetes dataset,CTGAN,,privacy,Median_Distance,0.1805994642218849,0.1805994642218849,,,,0,100,Score,/home/gopi.battineni/SYNTH_BENCHMARK/Generators/SDV models/Excel sheets/Hungarian_Mahalanobis_Four_Models_Heart.xlsx
7. CDC diabetes dataset,CTGAN,,privacy,Std_Distance,1.341432956530183,1.341432956530183,,,,0,100,Score,/home/gopi.battineni/SYNTH_BENCHMARK/Generators/SDV models/Excel sheets/Hungarian_Mahalanobis_Four_Models_Heart.xlsx
7. CDC diabetes dataset,CTGAN,,privacy,Min_Distance,0.001063684159973615,0.001063684159973615,,,,0,100,Score,/home/gopi.battineni/SYNTH_BENCHMARK/Generators/SDV models/Excel sheets/Hungarian_Mahalanobis_Four_Models_Heart.xlsx
7. CDC diabetes dataset,CTGAN,,privacy,Max_Distance,37.54945569581285,37.54945569581285,,,,0,100,Score,/home/gopi.battineni/SYNTH_BENCHMARK/Generators/SDV models/Excel sheets/Hungarian_Mahalanobis_Four_Models_Heart.xlsx
7. CDC diabetes dataset,CTGAN,,privacy,Num_Matches,5000.0,5000.0,,,,0,100,Score,/home/gopi.battineni/SYNTH_BENCHMARK/Generators/SDV models/Excel sheets/Hungarian_Mahalanobis_Four_Models_Heart.xlsx
7. CDC diabetes dataset,CopulaGAN,,privacy,Mean_Distance,0.577594273540177,0.577594273540177,,,,0,100,Score,/home/gopi.battineni/SYNTH_BENCHMARK/Generators/SDV models/Excel sheets/Hungarian_Mahalanobis_Four_Models_Heart.xlsx
7. CDC diabetes dataset,CopulaGAN,,privacy,Median_Distance,0.3759023286410815,0.3759023286410815,,,,0,100,Score,/home/gopi.battineni/SYNTH_BENCHMARK/Generators/SDV models/Excel sheets/Hungarian_Mahalanobis_Four_Models_Heart.xlsx
7. CDC diabetes dataset,CopulaGAN,,privacy,Std_Distance,1.2321273420155,1.2321273420155,,,,0,100,Score,/home/gopi.battineni/SYNTH_BENCHMARK/Generators/SDV models/Excel sheets/Hungarian_Mahalanobis_Four_Models_Heart.xlsx
7. CDC diabetes dataset,CopulaGAN,,privacy,Min_Distance,0.008362803093818622,0.008362803093818622,,,,0,100,Score,/home/gopi.battineni/SYNTH_BENCHMARK/Generators/SDV models/Excel sheets/Hungarian_Mahalanobis_Four_Models_Heart.xlsx
7. CDC diabetes dataset,CopulaGAN,,privacy,Max_Distance,39.64637634678828,39.64637634678828,,,,0,100,Score,/home/gopi.battineni/SYNTH_BENCHMARK/Generators/SDV models/Excel sheets/Hungarian_Mahalanobis_Four_Models_Heart.xlsx
7. CDC diabetes dataset,CopulaGAN,,privacy,Num_Matches,5000.0,5000.0,,,,0,100,Score,/home/gopi.battineni/SYNTH_BENCHMARK/Generators/SDV models/Excel sheets/Hungarian_Mahalanobis_Four_Models_Heart.xlsx
7. CDC diabetes dataset,TVAE,,privacy,Mean_Distance,0.6194033040135131,0.6194033040135131,,,,0,100,Score,/home/gopi.battineni/SYNTH_BENCHMARK/Generators/SDV models/Excel sheets/Hungarian_Mahalanobis_Four_Models_Heart.xlsx
7. CDC diabetes dataset,TVAE,,privacy,Median_Distance,0.2703953409054879,0.2703953409054879,,,,0,100,Score,/home/gopi.battineni/SYNTH_BENCHMARK/Generators/SDV models/Excel sheets/Hungarian_Mahalanobis_Four_Models_Heart.xlsx
7. CDC diabetes dataset,TVAE,,privacy,Std_Distance,1.427624428470201,1.427624428470201,,,,0,100,Score,/home/gopi.battineni/SYNTH_BENCHMARK/Generators/SDV models/Excel sheets/Hungarian_Mahalanobis_Four_Models_Heart.xlsx
7. CDC diabetes dataset,TVAE,,privacy,Min_Distance,0.0004593816000292113,0.0004593816000292113,,,,0,100,Score,/home/gopi.battineni/SYNTH_BENCHMARK/Generators/SDV models/Excel sheets/Hungarian_Mahalanobis_Four_Models_Heart.xlsx
7. CDC diabetes dataset,TVAE,,privacy,Max_Distance,37.01822390008621,37.01822390008621,,,,0,100,Score,/home/gopi.battineni/SYNTH_BENCHMARK/Generators/SDV models/Excel sheets/Hungarian_Mahalanobis_Four_Models_Heart.xlsx
7. CDC diabetes dataset,TVAE,,privacy,Num_Matches,5000.0,5000.0,,,,0,100,Score,/home/gopi.battineni/SYNTH_BENCHMARK/Generators/SDV models/Excel sheets/Hungarian_Mahalanobis_Four_Models_Heart.xlsx
7. CDC diabetes dataset,GaussianCopula,,privacy,Mean_Distance,27.5822488054879,27.5822488054879,,,,0,100,Score,/home/gopi.battineni/SYNTH_BENCHMARK/Generators/SDV models/Excel sheets/Hungarian_Mahalanobis_Four_Models_Heart.xlsx
7. CDC diabetes dataset,GaussianCopula,,privacy,Median_Distance,32.72403383844063,32.72403383844063,,,,0,100,Score,/home/gopi.battineni/SYNTH_BENCHMARK/Generators/SDV models/Excel sheets/Hungarian_Mahalanobis_Four_Models_Heart.xlsx
7. CDC diabetes dataset,GaussianCopula,,privacy,Std_Distance,11.11133392048021,11.11133392048021,,,,0,100,Score,/home/gopi.battineni/SYNTH_BENCHMARK/Generators/SDV models/Excel sheets/Hungarian_Mahalanobis_Four_Models_Heart.xlsx
7. CDC diabetes dataset,GaussianCopula,,privacy,Min_Distance,0.205365153352864,0.205365153352864,,,,0,100,Score,/home/gopi.battineni/SYNTH_BENCHMARK/Generators/SDV models/Excel sheets/Hungarian_Mahalanobis_Four_Models_Heart.xlsx
7. CDC diabetes dataset,GaussianCopula,,privacy,Max_Distance,41.09900355733253,41.09900355733253,,,,0,100,Score,/home/gopi.battineni/SYNTH_BENCHMARK/Generators/SDV models/Excel sheets/Hungarian_Mahalanobis_Four_Models_Heart.xlsx
7. CDC diabetes dataset,GaussianCopula,,privacy,Num_Matches,5000.0,5000.0,,,,0,100,Score,/home/gopi.battineni/SYNTH_BENCHMARK/Generators/SDV models/Excel sheets/Hungarian_Mahalanobis_Four_Models_Heart.xlsx
10. Metro interstate,TVAE,,privacy,Mean_Distance,0.2912623971788529,0.2912623971788529,,,,0,100,Score,/home/gopi.battineni/SYNTH_BENCHMARK/Generators/SDV models/Excel sheets/Hungarian_Mahalanobis_Four_Models_Metro.xlsx
10. Metro interstate,TVAE,,privacy,Median_Distance,0.03688920187150963,0.03688920187150963,,,,0,100,Score,/home/gopi.battineni/SYNTH_BENCHMARK/Generators/SDV models/Excel sheets/Hungarian_Mahalanobis_Four_Models_Metro.xlsx
10. Metro interstate,TVAE,,privacy,Std_Distance,1.533998053978772,1.533998053978772,,,,0,100,Score,/home/gopi.battineni/SYNTH_BENCHMARK/Generators/SDV models/Excel sheets/Hungarian_Mahalanobis_Four_Models_Metro.xlsx
10. Metro interstate,TVAE,,privacy,Min_Distance,3.165161448812744e-06,3.165161448812744e-06,,,,0,100,Score,/home/gopi.battineni/SYNTH_BENCHMARK/Generators/SDV models/Excel sheets/Hungarian_Mahalanobis_Four_Models_Metro.xlsx
10. Metro interstate,TVAE,,privacy,Max_Distance,28.33104350322847,28.33104350322847,,,,0,100,Score,/home/gopi.battineni/SYNTH_BENCHMARK/Generators/SDV models/Excel sheets/Hungarian_Mahalanobis_Four_Models_Metro.xlsx
10. Metro interstate,TVAE,,privacy,Num_Matches,2000.0,2000.0,,,,0,100,Score,/home/gopi.battineni/SYNTH_BENCHMARK/Generators/SDV models/Excel sheets/Hungarian_Mahalanobis_Four_Models_Metro.xlsx
10. Metro interstate,CTGAN,,privacy,Mean_Distance,0.3998051798465409,0.3998051798465409,,,,0,100,Score,/home/gopi.battineni/SYNTH_BENCHMARK/Generators/SDV models/Excel sheets/Hungarian_Mahalanobis_Four_Models_Metro.xlsx
10. Metro interstate,CTGAN,,privacy,Median_Distance,0.0804209354081768,0.0804209354081768,,,,0,100,Score,/home/gopi.battineni/SYNTH_BENCHMARK/Generators/SDV models/Excel sheets/Hungarian_Mahalanobis_Four_Models_Metro.xlsx
10. Metro interstate,CTGAN,,privacy,Std_Distance,1.43604132976484,1.43604132976484,,,,0,100,Score,/home/gopi.battineni/SYNTH_BENCHMARK/Generators/SDV models/Excel sheets/Hungarian_Mahalanobis_Four_Models_Metro.xlsx
10. Metro interstate,CTGAN,,privacy,Min_Distance,6.105367996739974e-06,6.105367996739974e-06,,,,0,100,Score,/home/gopi.battineni/SYNTH_BENCHMARK/Generators/SDV models/Excel sheets/Hungarian_Mahalanobis_Four_Models_Metro.xlsx
10. Metro interstate,CTGAN,,privacy,Max_Distance,28.91585727656612,28.91585727656612,,,,0,100,Score,/home/gopi.battineni/SYNTH_BENCHMARK/Generators/SDV models/Excel sheets/Hungarian_Mahalanobis_Four_Models_Metro.xlsx
10. Metro interstate,CTGAN,,privacy,Num_Matches,2000.0,2000.0,,,,0,100,Score,/home/gopi.battineni/SYNTH_BENCHMARK/Generators/SDV models/Excel sheets/Hungarian_Mahalanobis_Four_Models_Metro.xlsx
10. Metro interstate,CopulaGAN,,privacy,Mean_Distance,0.482782449183865,0.482782449183865,,,,0,100,Score,/home/gopi.battineni/SYNTH_BENCHMARK/Generators/SDV models/Excel sheets/Hungarian_Mahalanobis_Four_Models_Metro.xlsx
10. Metro interstate,CopulaGAN,,privacy,Median_Distance,0.2633293588838103,0.2633293588838103,,,,0,100,Score,/home/gopi.battineni/SYNTH_BENCHMARK/Generators/SDV models/Excel sheets/Hungarian_Mahalanobis_Four_Models_Metro.xlsx
10. Metro interstate,CopulaGAN,,privacy,Std_Distance,1.455107324901258,1.455107324901258,,,,0,100,Score,/home/gopi.battineni/SYNTH_BENCHMARK/Generators/SDV models/Excel sheets/Hungarian_Mahalanobis_Four_Models_Metro.xlsx
10. Metro interstate,CopulaGAN,,privacy,Min_Distance,1.371504355484685e-05,1.371504355484685e-05,,,,0,100,Score,/home/gopi.battineni/SYNTH_BENCHMARK/Generators/SDV models/Excel sheets/Hungarian_Mahalanobis_Four_Models_Metro.xlsx
10. Metro interstate,CopulaGAN,,privacy,Max_Distance,31.67549403199714,31.67549403199714,,,,0,100,Score,/home/gopi.battineni/SYNTH_BENCHMARK/Generators/SDV models/Excel sheets/Hungarian_Mahalanobis_Four_Models_Metro.xlsx
10. Metro interstate,CopulaGAN,,privacy,Num_Matches,2000.0,2000.0,,,,0,100,Score,/home/gopi.battineni/SYNTH_BENCHMARK/Generators/SDV models/Excel sheets/Hungarian_Mahalanobis_Four_Models_Metro.xlsx
10. Metro interstate,GaussianCopula,,privacy,Mean_Distance,27.79004060836873,27.79004060836873,,,,0,100,Score,/home/gopi.battineni/SYNTH_BENCHMARK/Generators/SDV models/Excel sheets/Hungarian_Mahalanobis_Four_Models_Metro.xlsx
10. Metro interstate,GaussianCopula,,privacy,Median_Distance,32.75906280612629,32.75906280612629,,,,0,100,Score,/home/gopi.battineni/SYNTH_BENCHMARK/Generators/SDV models/Excel sheets/Hungarian_Mahalanobis_Four_Models_Metro.xlsx
10. Metro interstate,GaussianCopula,,privacy,Std_Distance,11.04759450345281,11.04759450345281,,,,0,100,Score,/home/gopi.battineni/SYNTH_BENCHMARK/Generators/SDV models/Excel sheets/Hungarian_Mahalanobis_Four_Models_Metro.xlsx
10. Metro interstate,GaussianCopula,,privacy,Min_Distance,0.1325027378798853,0.1325027378798853,,,,0,100,Score,/home/gopi.battineni/SYNTH_BENCHMARK/Generators/SDV models/Excel sheets/Hungarian_Mahalanobis_Four_Models_Metro.xlsx
10. Metro interstate,GaussianCopula,,privacy,Max_Distance,41.08458599787649,41.08458599787649,,,,0,100,Score,/home/gopi.battineni/SYNTH_BENCHMARK/Generators/SDV models/Excel sheets/Hungarian_Mahalanobis_Four_Models_Metro.xlsx
10. Metro interstate,GaussianCopula,,privacy,Num_Matches,2000.0,2000.0,,,,0,100,Score,/home/gopi.battineni/SYNTH_BENCHMARK/Generators/SDV models/Excel sheets/Hungarian_Mahalanobis_Four_Models_Metro.xlsx
8. Mushroom dataset,GaussianCopula,,privacy,Mean_Distance,0.3940570978261434,0.3940570978261434,,,,0,100,Score,/home/gopi.battineni/SYNTH_BENCHMARK/Generators/SDV models/Excel sheets/Hungarian_Mahalanobis_Four_Models_Secondary_Mushroom.xlsx
8. Mushroom dataset,GaussianCopula,,privacy,Median_Distance,0.2254726919414616,0.2254726919414616,,,,0,100,Score,/home/gopi.battineni/SYNTH_BENCHMARK/Generators/SDV models/Excel sheets/Hungarian_Mahalanobis_Four_Models_Secondary_Mushroom.xlsx
8. Mushroom dataset,GaussianCopula,,privacy,Std_Distance,0.6656111910637376,0.6656111910637376,,,,0,100,Score,/home/gopi.battineni/SYNTH_BENCHMARK/Generators/SDV models/Excel sheets/Hungarian_Mahalanobis_Four_Models_Secondary_Mushroom.xlsx
8. Mushroom dataset,GaussianCopula,,privacy,Min_Distance,0.002146086828991257,0.002146086828991257,,,,0,100,Score,/home/gopi.battineni/SYNTH_BENCHMARK/Generators/SDV models/Excel sheets/Hungarian_Mahalanobis_Four_Models_Secondary_Mushroom.xlsx
8. Mushroom dataset,GaussianCopula,,privacy,Max_Distance,8.674030931532393,8.674030931532393,,,,0,100,Score,/home/gopi.battineni/SYNTH_BENCHMARK/Generators/SDV models/Excel sheets/Hungarian_Mahalanobis_Four_Models_Secondary_Mushroom.xlsx
8. Mushroom dataset,GaussianCopula,,privacy,Num_Matches,10000.0,10000.0,,,,0,100,Score,/home/gopi.battineni/SYNTH_BENCHMARK/Generators/SDV models/Excel sheets/Hungarian_Mahalanobis_Four_Models_Secondary_Mushroom.xlsx
8. Mushroom dataset,TVAE,,privacy,Mean_Distance,0.4330184728020023,0.4330184728020023,,,,0,100,Score,/home/gopi.battineni/SYNTH_BENCHMARK/Generators/SDV models/Excel sheets/Hungarian_Mahalanobis_Four_Models_Secondary_Mushroom.xlsx
8. Mushroom dataset,TVAE,,privacy,Median_Distance,0.2391303192908091,0.2391303192908091,,,,0,100,Score,/home/gopi.battineni/SYNTH_BENCHMARK/Generators/SDV models/Excel sheets/Hungarian_Mahalanobis_Four_Models_Secondary_Mushroom.xlsx
8. Mushroom dataset,TVAE,,privacy,Std_Distance,0.5819500932247141,0.5819500932247141,,,,0,100,Score,/home/gopi.battineni/SYNTH_BENCHMARK/Generators/SDV models/Excel sheets/Hungarian_Mahalanobis_Four_Models_Secondary_Mushroom.xlsx
8. Mushroom dataset,TVAE,,privacy,Min_Distance,0.002386147886231051,0.002386147886231051,,,,0,100,Score,/home/gopi.battineni/SYNTH_BENCHMARK/Generators/SDV models/Excel sheets/Hungarian_Mahalanobis_Four_Models_Secondary_Mushroom.xlsx
8. Mushroom dataset,TVAE,,privacy,Max_Distance,7.677494416667606,7.677494416667606,,,,0,100,Score,/home/gopi.battineni/SYNTH_BENCHMARK/Generators/SDV models/Excel sheets/Hungarian_Mahalanobis_Four_Models_Secondary_Mushroom.xlsx
8. Mushroom dataset,TVAE,,privacy,Num_Matches,10000.0,10000.0,,,,0,100,Score,/home/gopi.battineni/SYNTH_BENCHMARK/Generators/SDV models/Excel sheets/Hungarian_Mahalanobis_Four_Models_Secondary_Mushroom.xlsx
8. Mushroom dataset,CTGAN,,privacy,Mean_Distance,0.4861690905004704,0.4861690905004704,,,,0,100,Score,/home/gopi.battineni/SYNTH_BENCHMARK/Generators/SDV models/Excel sheets/Hungarian_Mahalanobis_Four_Models_Secondary_Mushroom.xlsx
8. Mushroom dataset,CTGAN,,privacy,Median_Distance,0.2672439677717343,0.2672439677717343,,,,0,100,Score,/home/gopi.battineni/SYNTH_BENCHMARK/Generators/SDV models/Excel sheets/Hungarian_Mahalanobis_Four_Models_Secondary_Mushroom.xlsx
8. Mushroom dataset,CTGAN,,privacy,Std_Distance,0.6432292575753934,0.6432292575753934,,,,0,100,Score,/home/gopi.battineni/SYNTH_BENCHMARK/Generators/SDV models/Excel sheets/Hungarian_Mahalanobis_Four_Models_Secondary_Mushroom.xlsx
8. Mushroom dataset,CTGAN,,privacy,Min_Distance,0.0,0.0,,,,0,100,Score,/home/gopi.battineni/SYNTH_BENCHMARK/Generators/SDV models/Excel sheets/Hungarian_Mahalanobis_Four_Models_Secondary_Mushroom.xlsx
8. Mushroom dataset,CTGAN,,privacy,Max_Distance,7.073248842283225,7.073248842283225,,,,0,100,Score,/home/gopi.battineni/SYNTH_BENCHMARK/Generators/SDV models/Excel sheets/Hungarian_Mahalanobis_Four_Models_Secondary_Mushroom.xlsx
8. Mushroom dataset,CTGAN,,privacy,Num_Matches,10000.0,10000.0,,,,0,100,Score,/home/gopi.battineni/SYNTH_BENCHMARK/Generators/SDV models/Excel sheets/Hungarian_Mahalanobis_Four_Models_Secondary_Mushroom.xlsx
8. Mushroom dataset,CopulaGAN,,privacy,Mean_Distance,0.5394674015084815,0.5394674015084815,,,,0,100,Score,/home/gopi.battineni/SYNTH_BENCHMARK/Generators/SDV models/Excel sheets/Hungarian_Mahalanobis_Four_Models_Secondary_Mushroom.xlsx
8. Mushroom dataset,CopulaGAN,,privacy,Median_Distance,0.2874242337085394,0.2874242337085394,,,,0,100,Score,/home/gopi.battineni/SYNTH_BENCHMARK/Generators/SDV models/Excel sheets/Hungarian_Mahalanobis_Four_Models_Secondary_Mushroom.xlsx
8. Mushroom dataset,CopulaGAN,,privacy,Std_Distance,0.7106181738402562,0.7106181738402562,,,,0,100,Score,/home/gopi.battineni/SYNTH_BENCHMARK/Generators/SDV models/Excel sheets/Hungarian_Mahalanobis_Four_Models_Secondary_Mushroom.xlsx
8. Mushroom dataset,CopulaGAN,,privacy,Min_Distance,0.0,0.0,,,,0,100,Score,/home/gopi.battineni/SYNTH_BENCHMARK/Generators/SDV models/Excel sheets/Hungarian_Mahalanobis_Four_Models_Secondary_Mushroom.xlsx
8. Mushroom dataset,CopulaGAN,,privacy,Max_Distance,7.220497162081333,7.220497162081333,,,,0,100,Score,/home/gopi.battineni/SYNTH_BENCHMARK/Generators/SDV models/Excel sheets/Hungarian_Mahalanobis_Four_Models_Secondary_Mushroom.xlsx
8. Mushroom dataset,CopulaGAN,,privacy,Num_Matches,10000.0,10000.0,,,,0,100,Score,/home/gopi.battineni/SYNTH_BENCHMARK/Generators/SDV models/Excel sheets/Hungarian_Mahalanobis_Four_Models_Secondary_Mushroom.xlsx
6. Wine dataset,TVAE,,privacy,Mean_Distance,13.65101514825886,13.65101514825886,,,,0,100,Score,/home/gopi.battineni/SYNTH_BENCHMARK/Generators/SDV models/Excel sheets/Hungarian_Mahalanobis_Four_Models_WineQuality.xlsx
6. Wine dataset,TVAE,,privacy,Median_Distance,11.33892539905282,11.33892539905282,,,,0,100,Score,/home/gopi.battineni/SYNTH_BENCHMARK/Generators/SDV models/Excel sheets/Hungarian_Mahalanobis_Four_Models_WineQuality.xlsx
6. Wine dataset,TVAE,,privacy,Std_Distance,10.05140374261778,10.05140374261778,,,,0,100,Score,/home/gopi.battineni/SYNTH_BENCHMARK/Generators/SDV models/Excel sheets/Hungarian_Mahalanobis_Four_Models_WineQuality.xlsx
6. Wine dataset,TVAE,,privacy,Min_Distance,0.05515486714944483,0.05515486714944483,,,,0,100,Score,/home/gopi.battineni/SYNTH_BENCHMARK/Generators/SDV models/Excel sheets/Hungarian_Mahalanobis_Four_Models_WineQuality.xlsx
6. Wine dataset,TVAE,,privacy,Max_Distance,126.0816665247742,126.0816665247742,,,,0,100,Score,/home/gopi.battineni/SYNTH_BENCHMARK/Generators/SDV models/Excel sheets/Hungarian_Mahalanobis_Four_Models_WineQuality.xlsx
6. Wine dataset,TVAE,,privacy,Num_Matches,6497.0,6497.0,,,,0,100,Score,/home/gopi.battineni/SYNTH_BENCHMARK/Generators/SDV models/Excel sheets/Hungarian_Mahalanobis_Four_Models_WineQuality.xlsx
6. Wine dataset,CTGAN,,privacy,Mean_Distance,14.60013448951508,14.60013448951508,,,,0,100,Score,/home/gopi.battineni/SYNTH_BENCHMARK/Generators/SDV models/Excel sheets/Hungarian_Mahalanobis_Four_Models_WineQuality.xlsx
6. Wine dataset,CTGAN,,privacy,Median_Distance,12.45429771701559,12.45429771701559,,,,0,100,Score,/home/gopi.battineni/SYNTH_BENCHMARK/Generators/SDV models/Excel sheets/Hungarian_Mahalanobis_Four_Models_WineQuality.xlsx
6. Wine dataset,CTGAN,,privacy,Std_Distance,10.25483030861619,10.25483030861619,,,,0,100,Score,/home/gopi.battineni/SYNTH_BENCHMARK/Generators/SDV models/Excel sheets/Hungarian_Mahalanobis_Four_Models_WineQuality.xlsx
6. Wine dataset,CTGAN,,privacy,Min_Distance,0.2036261828610333,0.2036261828610333,,,,0,100,Score,/home/gopi.battineni/SYNTH_BENCHMARK/Generators/SDV models/Excel sheets/Hungarian_Mahalanobis_Four_Models_WineQuality.xlsx
6. Wine dataset,CTGAN,,privacy,Max_Distance,101.6373590977898,101.6373590977898,,,,0,100,Score,/home/gopi.battineni/SYNTH_BENCHMARK/Generators/SDV models/Excel sheets/Hungarian_Mahalanobis_Four_Models_WineQuality.xlsx
6. Wine dataset,CTGAN,,privacy,Num_Matches,6497.0,6497.0,,,,0,100,Score,/home/gopi.battineni/SYNTH_BENCHMARK/Generators/SDV models/Excel sheets/Hungarian_Mahalanobis_Four_Models_WineQuality.xlsx
6. Wine dataset,CopulaGAN,,privacy,Mean_Distance,14.97249458978774,14.97249458978774,,,,0,100,Score,/home/gopi.battineni/SYNTH_BENCHMARK/Generators/SDV models/Excel sheets/Hungarian_Mahalanobis_Four_Models_WineQuality.xlsx
6. Wine dataset,CopulaGAN,,privacy,Median_Distance,12.78855197305502,12.78855197305502,,,,0,100,Score,/home/gopi.battineni/SYNTH_BENCHMARK/Generators/SDV models/Excel sheets/Hungarian_Mahalanobis_Four_Models_WineQuality.xlsx
6. Wine dataset,CopulaGAN,,privacy,Std_Distance,10.42739006638191,10.42739006638191,,,,0,100,Score,/home/gopi.battineni/SYNTH_BENCHMARK/Generators/SDV models/Excel sheets/Hungarian_Mahalanobis_Four_Models_WineQuality.xlsx
6. Wine dataset,CopulaGAN,,privacy,Min_Distance,0.07742566164408675,0.07742566164408675,,,,0,100,Score,/home/gopi.battineni/SYNTH_BENCHMARK/Generators/SDV models/Excel sheets/Hungarian_Mahalanobis_Four_Models_WineQuality.xlsx
6. Wine dataset,CopulaGAN,,privacy,Max_Distance,112.1514251040038,112.1514251040038,,,,0,100,Score,/home/gopi.battineni/SYNTH_BENCHMARK/Generators/SDV models/Excel sheets/Hungarian_Mahalanobis_Four_Models_WineQuality.xlsx
6. Wine dataset,CopulaGAN,,privacy,Num_Matches,6497.0,6497.0,,,,0,100,Score,/home/gopi.battineni/SYNTH_BENCHMARK/Generators/SDV models/Excel sheets/Hungarian_Mahalanobis_Four_Models_WineQuality.xlsx
6. Wine dataset,GaussianCopula,,privacy,Mean_Distance,15.50733446018729,15.50733446018729,,,,0,100,Score,/home/gopi.battineni/SYNTH_BENCHMARK/Generators/SDV models/Excel sheets/Hungarian_Mahalanobis_Four_Models_WineQuality.xlsx
6. Wine dataset,GaussianCopula,,privacy,Median_Distance,13.0742878004751,13.0742878004751,,,,0,100,Score,/home/gopi.battineni/SYNTH_BENCHMARK/Generators/SDV models/Excel sheets/Hungarian_Mahalanobis_Four_Models_WineQuality.xlsx
6. Wine dataset,GaussianCopula,,privacy,Std_Distance,11.63042857905484,11.63042857905484,,,,0,100,Score,/home/gopi.battineni/SYNTH_BENCHMARK/Generators/SDV models/Excel sheets/Hungarian_Mahalanobis_Four_Models_WineQuality.xlsx
6. Wine dataset,GaussianCopula,,privacy,Min_Distance,0.0653767389131421,0.0653767389131421,,,,0,100,Score,/home/gopi.battineni/SYNTH_BENCHMARK/Generators/SDV models/Excel sheets/Hungarian_Mahalanobis_Four_Models_WineQuality.xlsx
6. Wine dataset,GaussianCopula,,privacy,Max_Distance,219.9021686915835,219.9021686915835,,,,0,100,Score,/home/gopi.battineni/SYNTH_BENCHMARK/Generators/SDV models/Excel sheets/Hungarian_Mahalanobis_Four_Models_WineQuality.xlsx
6. Wine dataset,GaussianCopula,,privacy,Num_Matches,6497.0,6497.0,,,,0,100,Score,/home/gopi.battineni/SYNTH_BENCHMARK/Generators/SDV models/Excel sheets/Hungarian_Mahalanobis_Four_Models_WineQuality.xlsx
Hungarian_Matchings_All_Models,TVAE,,privacy,Num_Matches,5000.0,5000.0,,,,0,100,Score,/home/gopi.battineni/SYNTH_BENCHMARK/Generators/SDV models/Excel sheets/Hungarian_Matchings_All_Models.xlsx
Hungarian_Matchings_All_Models,CopulaGAN,,privacy,Num_Matches,5000.0,5000.0,,,,0,100,Score,/home/gopi.battineni/SYNTH_BENCHMARK/Generators/SDV models/Excel sheets/Hungarian_Matchings_All_Models.xlsx
Hungarian_Matchings_All_Models,GaussianCopula,,privacy,Num_Matches,5000.0,5000.0,,,,0,100,Score,/home/gopi.battineni/SYNTH_BENCHMARK/Generators/SDV models/Excel sheets/Hungarian_Matchings_All_Models.xlsx
Hungarian_Matchings_All_Models,CTGAN,,privacy,Num_Matches,5000.0,5000.0,,,,0,100,Score,/home/gopi.battineni/SYNTH_BENCHMARK/Generators/SDV models/Excel sheets/Hungarian_Matchings_All_Models.xlsx
Hungarian_Matchings_All_Models_AD,CTGAN,,privacy,Num_Matches,373.0,373.0,,,,0,100,Score,/home/gopi.battineni/SYNTH_BENCHMARK/Generators/SDV models/Excel sheets/Hungarian_Matchings_All_Models_AD.xlsx
Hungarian_Matchings_All_Models_AD,TVAE,,privacy,Num_Matches,373.0,373.0,,,,0,100,Score,/home/gopi.battineni/SYNTH_BENCHMARK/Generators/SDV models/Excel sheets/Hungarian_Matchings_All_Models_AD.xlsx
Hungarian_Matchings_All_Models_AD,CopulaGAN,,privacy,Num_Matches,373.0,373.0,,,,0,100,Score,/home/gopi.battineni/SYNTH_BENCHMARK/Generators/SDV models/Excel sheets/Hungarian_Matchings_All_Models_AD.xlsx
Hungarian_Matchings_All_Models_AD,GaussianCopula,,privacy,Num_Matches,373.0,373.0,,,,0,100,Score,/home/gopi.battineni/SYNTH_BENCHMARK/Generators/SDV models/Excel sheets/Hungarian_Matchings_All_Models_AD.xlsx
7. CDC diabetes dataset,TVAE,,privacy,Num_Matches,6497.0,6497.0,,,,0,100,Score,/home/gopi.battineni/SYNTH_BENCHMARK/Generators/SDV models/Excel sheets/Hungarian_Matchings_All_Models_Heart.xlsx
7. CDC diabetes dataset,GaussianCopula,,privacy,Num_Matches,6497.0,6497.0,,,,0,100,Score,/home/gopi.battineni/SYNTH_BENCHMARK/Generators/SDV models/Excel sheets/Hungarian_Matchings_All_Models_Heart.xlsx
7. CDC diabetes dataset,CopulaGAN,,privacy,Num_Matches,6497.0,6497.0,,,,0,100,Score,/home/gopi.battineni/SYNTH_BENCHMARK/Generators/SDV models/Excel sheets/Hungarian_Matchings_All_Models_Heart.xlsx
7. CDC diabetes dataset,CTGAN,,privacy,Num_Matches,6497.0,6497.0,,,,0,100,Score,/home/gopi.battineni/SYNTH_BENCHMARK/Generators/SDV models/Excel sheets/Hungarian_Matchings_All_Models_Heart.xlsx
3. Adult,CTGAN,,privacy,Num_Matches,5000.0,5000.0,,,,0,100,Score,/home/gopi.battineni/SYNTH_BENCHMARK/Generators/SDV models/Excel sheets/Matchings_All_Models_Adult_Census.xlsx
3. Adult,TVAE,,privacy,Num_Matches,5000.0,5000.0,,,,0,100,Score,/home/gopi.battineni/SYNTH_BENCHMARK/Generators/SDV models/Excel sheets/Matchings_All_Models_Adult_Census.xlsx
3. Adult,CopulaGAN,,privacy,Num_Matches,5000.0,5000.0,,,,0,100,Score,/home/gopi.battineni/SYNTH_BENCHMARK/Generators/SDV models/Excel sheets/Matchings_All_Models_Adult_Census.xlsx
3. Adult,GaussianCopula,,privacy,Num_Matches,5000.0,5000.0,,,,0,100,Score,/home/gopi.battineni/SYNTH_BENCHMARK/Generators/SDV models/Excel sheets/Matchings_All_Models_Adult_Census.xlsx
5. Bank Markting,CTGAN,,privacy,Num_Matches,10000.0,10000.0,,,,0,100,Score,/home/gopi.battineni/SYNTH_BENCHMARK/Generators/SDV models/Excel sheets/Matchings_All_Models_Bank_Marketing.xlsx
5. Bank Markting,CopulaGAN,,privacy,Num_Matches,10000.0,10000.0,,,,0,100,Score,/home/gopi.battineni/SYNTH_BENCHMARK/Generators/SDV models/Excel sheets/Matchings_All_Models_Bank_Marketing.xlsx
5. Bank Markting,TVAE,,privacy,Num_Matches,10000.0,10000.0,,,,0,100,Score,/home/gopi.battineni/SYNTH_BENCHMARK/Generators/SDV models/Excel sheets/Matchings_All_Models_Bank_Marketing.xlsx
5. Bank Markting,GaussianCopula,,privacy,Num_Matches,10000.0,10000.0,,,,0,100,Score,/home/gopi.battineni/SYNTH_BENCHMARK/Generators/SDV models/Excel sheets/Matchings_All_Models_Bank_Marketing.xlsx
10. Metro interstate,CopulaGAN,,privacy,Num_Matches,2000.0,2000.0,,,,0,100,Score,/home/gopi.battineni/SYNTH_BENCHMARK/Generators/SDV models/Excel sheets/Matchings_All_Models_Metro_Interstate_Traffic.xlsx
10. Metro interstate,CTGAN,,privacy,Num_Matches,2000.0,2000.0,,,,0,100,Score,/home/gopi.battineni/SYNTH_BENCHMARK/Generators/SDV models/Excel sheets/Matchings_All_Models_Metro_Interstate_Traffic.xlsx
10. Metro interstate,TVAE,,privacy,Num_Matches,2000.0,2000.0,,,,0,100,Score,/home/gopi.battineni/SYNTH_BENCHMARK/Generators/SDV models/Excel sheets/Matchings_All_Models_Metro_Interstate_Traffic.xlsx
10. Metro interstate,GaussianCopula,,privacy,Num_Matches,2000.0,2000.0,,,,0,100,Score,/home/gopi.battineni/SYNTH_BENCHMARK/Generators/SDV models/Excel sheets/Matchings_All_Models_Metro_Interstate_Traffic.xlsx
8. Mushroom dataset,GaussianCopula,,privacy,Num_Matches,10000.0,10000.0,,,,0,100,Score,/home/gopi.battineni/SYNTH_BENCHMARK/Generators/SDV models/Excel sheets/Matchings_All_Models_Secondary_Mushroom.xlsx
8. Mushroom dataset,CopulaGAN,,privacy,Num_Matches,10000.0,10000.0,,,,0,100,Score,/home/gopi.battineni/SYNTH_BENCHMARK/Generators/SDV models/Excel sheets/Matchings_All_Models_Secondary_Mushroom.xlsx
8. Mushroom dataset,CTGAN,,privacy,Num_Matches,10000.0,10000.0,,,,0,100,Score,/home/gopi.battineni/SYNTH_BENCHMARK/Generators/SDV models/Excel sheets/Matchings_All_Models_Secondary_Mushroom.xlsx
8. Mushroom dataset,TVAE,,privacy,Num_Matches,10000.0,10000.0,,,,0,100,Score,/home/gopi.battineni/SYNTH_BENCHMARK/Generators/SDV models/Excel sheets/Matchings_All_Models_Secondary_Mushroom.xlsx
12. Air Quality,GaussianCopula,,privacy,Mean_Distance,18.53194361248073,18.53194361248073,,,,0,100,Score,/home/gopi.battineni/SYNTH_BENCHMARK/Generators/SDV models/Hungarian_Mahalanobis_Four_Models_AirQuality.xlsx
12. Air Quality,GaussianCopula,,privacy,Median_Distance,14.14205360573295,14.14205360573295,,,,0,100,Score,/home/gopi.battineni/SYNTH_BENCHMARK/Generators/SDV models/Hungarian_Mahalanobis_Four_Models_AirQuality.xlsx
12. Air Quality,GaussianCopula,,privacy,Std_Distance,20.51828447876321,20.51828447876321,,,,0,100,Score,/home/gopi.battineni/SYNTH_BENCHMARK/Generators/SDV models/Hungarian_Mahalanobis_Four_Models_AirQuality.xlsx
12. Air Quality,GaussianCopula,,privacy,Min_Distance,0.03061025601935997,0.03061025601935997,,,,0,100,Score,/home/gopi.battineni/SYNTH_BENCHMARK/Generators/SDV models/Hungarian_Mahalanobis_Four_Models_AirQuality.xlsx
12. Air Quality,GaussianCopula,,privacy,Max_Distance,236.3365387328331,236.3365387328331,,,,0,100,Score,/home/gopi.battineni/SYNTH_BENCHMARK/Generators/SDV models/Hungarian_Mahalanobis_Four_Models_AirQuality.xlsx
12. Air Quality,GaussianCopula,,privacy,Num_Matches,1000.0,1000.0,,,,0,100,Score,/home/gopi.battineni/SYNTH_BENCHMARK/Generators/SDV models/Hungarian_Mahalanobis_Four_Models_AirQuality.xlsx
12. Air Quality,TVAE,,privacy,Mean_Distance,20.60500284182482,20.60500284182482,,,,0,100,Score,/home/gopi.battineni/SYNTH_BENCHMARK/Generators/SDV models/Hungarian_Mahalanobis_Four_Models_AirQuality.xlsx
12. Air Quality,TVAE,,privacy,Median_Distance,16.21327998067885,16.21327998067885,,,,0,100,Score,/home/gopi.battineni/SYNTH_BENCHMARK/Generators/SDV models/Hungarian_Mahalanobis_Four_Models_AirQuality.xlsx
12. Air Quality,TVAE,,privacy,Std_Distance,19.75701051960114,19.75701051960114,,,,0,100,Score,/home/gopi.battineni/SYNTH_BENCHMARK/Generators/SDV models/Hungarian_Mahalanobis_Four_Models_AirQuality.xlsx
12. Air Quality,TVAE,,privacy,Min_Distance,0.8544464882895672,0.8544464882895672,,,,0,100,Score,/home/gopi.battineni/SYNTH_BENCHMARK/Generators/SDV models/Hungarian_Mahalanobis_Four_Models_AirQuality.xlsx
12. Air Quality,TVAE,,privacy,Max_Distance,245.3039008844068,245.3039008844068,,,,0,100,Score,/home/gopi.battineni/SYNTH_BENCHMARK/Generators/SDV models/Hungarian_Mahalanobis_Four_Models_AirQuality.xlsx
12. Air Quality,TVAE,,privacy,Num_Matches,1000.0,1000.0,,,,0,100,Score,/home/gopi.battineni/SYNTH_BENCHMARK/Generators/SDV models/Hungarian_Mahalanobis_Four_Models_AirQuality.xlsx
12. Air Quality,CopulaGAN,,privacy,Mean_Distance,42.25175791284352,42.25175791284352,,,,0,100,Score,/home/gopi.battineni/SYNTH_BENCHMARK/Generators/SDV models/Hungarian_Mahalanobis_Four_Models_AirQuality.xlsx
12. Air Quality,CopulaGAN,,privacy,Median_Distance,32.09349378292053,32.09349378292053,,,,0,100,Score,/home/gopi.battineni/SYNTH_BENCHMARK/Generators/SDV models/Hungarian_Mahalanobis_Four_Models_AirQuality.xlsx
12. Air Quality,CopulaGAN,,privacy,Std_Distance,38.98403143773134,38.98403143773134,,,,0,100,Score,/home/gopi.battineni/SYNTH_BENCHMARK/Generators/SDV models/Hungarian_Mahalanobis_Four_Models_AirQuality.xlsx
12. Air Quality,CopulaGAN,,privacy,Min_Distance,1.115993466345588,1.115993466345588,,,,0,100,Score,/home/gopi.battineni/SYNTH_BENCHMARK/Generators/SDV models/Hungarian_Mahalanobis_Four_Models_AirQuality.xlsx
12. Air Quality,CopulaGAN,,privacy,Max_Distance,341.5978979982923,341.5978979982923,,,,0,100,Score,/home/gopi.battineni/SYNTH_BENCHMARK/Generators/SDV models/Hungarian_Mahalanobis_Four_Models_AirQuality.xlsx
12. Air Quality,CopulaGAN,,privacy,Num_Matches,1000.0,1000.0,,,,0,100,Score,/home/gopi.battineni/SYNTH_BENCHMARK/Generators/SDV models/Hungarian_Mahalanobis_Four_Models_AirQuality.xlsx
12. Air Quality,CTGAN,,privacy,Mean_Distance,145.4258331068809,145.4258331068809,,,,0,100,Score,/home/gopi.battineni/SYNTH_BENCHMARK/Generators/SDV models/Hungarian_Mahalanobis_Four_Models_AirQuality.xlsx
12. Air Quality,CTGAN,,privacy,Median_Distance,51.13250143845033,51.13250143845033,,,,0,100,Score,/home/gopi.battineni/SYNTH_BENCHMARK/Generators/SDV models/Hungarian_Mahalanobis_Four_Models_AirQuality.xlsx
12. Air Quality,CTGAN,,privacy,Std_Distance,273.4387842080232,273.4387842080232,,,,0,100,Score,/home/gopi.battineni/SYNTH_BENCHMARK/Generators/SDV models/Hungarian_Mahalanobis_Four_Models_AirQuality.xlsx
12. Air Quality,CTGAN,,privacy,Min_Distance,0.6236647882930503,0.6236647882930503,,,,0,100,Score,/home/gopi.battineni/SYNTH_BENCHMARK/Generators/SDV models/Hungarian_Mahalanobis_Four_Models_AirQuality.xlsx
12. Air Quality,CTGAN,,privacy,Max_Distance,1631.648555219604,1631.648555219604,,,,0,100,Score,/home/gopi.battineni/SYNTH_BENCHMARK/Generators/SDV models/Hungarian_Mahalanobis_Four_Models_AirQuality.xlsx
12. Air Quality,CTGAN,,privacy,Num_Matches,1000.0,1000.0,,,,0,100,Score,/home/gopi.battineni/SYNTH_BENCHMARK/Generators/SDV models/Hungarian_Mahalanobis_Four_Models_AirQuality.xlsx
13. Concrete Compressive Strength,TVAE,,privacy,Mean_Distance,3.145877314034491,3.145877314034491,,,,0,100,Score,/home/gopi.battineni/SYNTH_BENCHMARK/Generators/SDV models/Hungarian_Mahalanobis_Four_Models_Concrete.xlsx
13. Concrete Compressive Strength,TVAE,,privacy,Median_Distance,2.591223379637454,2.591223379637454,,,,0,100,Score,/home/gopi.battineni/SYNTH_BENCHMARK/Generators/SDV models/Hungarian_Mahalanobis_Four_Models_Concrete.xlsx
13. Concrete Compressive Strength,TVAE,,privacy,Std_Distance,2.176961567635944,2.176961567635944,,,,0,100,Score,/home/gopi.battineni/SYNTH_BENCHMARK/Generators/SDV models/Hungarian_Mahalanobis_Four_Models_Concrete.xlsx
13. Concrete Compressive Strength,TVAE,,privacy,Min_Distance,0.1708559120302635,0.1708559120302635,,,,0,100,Score,/home/gopi.battineni/SYNTH_BENCHMARK/Generators/SDV models/Hungarian_Mahalanobis_Four_Models_Concrete.xlsx
13. Concrete Compressive Strength,TVAE,,privacy,Max_Distance,15.59087513821607,15.59087513821607,,,,0,100,Score,/home/gopi.battineni/SYNTH_BENCHMARK/Generators/SDV models/Hungarian_Mahalanobis_Four_Models_Concrete.xlsx
13. Concrete Compressive Strength,TVAE,,privacy,Num_Matches,1000.0,1000.0,,,,0,100,Score,/home/gopi.battineni/SYNTH_BENCHMARK/Generators/SDV models/Hungarian_Mahalanobis_Four_Models_Concrete.xlsx
13. Concrete Compressive Strength,GaussianCopula,,privacy,Mean_Distance,3.68576914499426,3.68576914499426,,,,0,100,Score,/home/gopi.battineni/SYNTH_BENCHMARK/Generators/SDV models/Hungarian_Mahalanobis_Four_Models_Concrete.xlsx
13. Concrete Compressive Strength,GaussianCopula,,privacy,Median_Distance,3.344362097052171,3.344362097052171,,,,0,100,Score,/home/gopi.battineni/SYNTH_BENCHMARK/Generators/SDV models/Hungarian_Mahalanobis_Four_Models_Concrete.xlsx
13. Concrete Compressive Strength,GaussianCopula,,privacy,Std_Distance,1.862690496487484,1.862690496487484,,,,0,100,Score,/home/gopi.battineni/SYNTH_BENCHMARK/Generators/SDV models/Hungarian_Mahalanobis_Four_Models_Concrete.xlsx
13. Concrete Compressive Strength,GaussianCopula,,privacy,Min_Distance,0.709740688442712,0.709740688442712,,,,0,100,Score,/home/gopi.battineni/SYNTH_BENCHMARK/Generators/SDV models/Hungarian_Mahalanobis_Four_Models_Concrete.xlsx
13. Concrete Compressive Strength,GaussianCopula,,privacy,Max_Distance,11.44347005756497,11.44347005756497,,,,0,100,Score,/home/gopi.battineni/SYNTH_BENCHMARK/Generators/SDV models/Hungarian_Mahalanobis_Four_Models_Concrete.xlsx
13. Concrete Compressive Strength,GaussianCopula,,privacy,Num_Matches,1000.0,1000.0,,,,0,100,Score,/home/gopi.battineni/SYNTH_BENCHMARK/Generators/SDV models/Hungarian_Mahalanobis_Four_Models_Concrete.xlsx
13. Concrete Compressive Strength,CTGAN,,privacy,Mean_Distance,5.018744814748363,5.018744814748363,,,,0,100,Score,/home/gopi.battineni/SYNTH_BENCHMARK/Generators/SDV models/Hungarian_Mahalanobis_Four_Models_Concrete.xlsx
13. Concrete Compressive Strength,CTGAN,,privacy,Median_Distance,4.188352080310691,4.188352080310691,,,,0,100,Score,/home/gopi.battineni/SYNTH_BENCHMARK/Generators/SDV models/Hungarian_Mahalanobis_Four_Models_Concrete.xlsx
13. Concrete Compressive Strength,CTGAN,,privacy,Std_Distance,3.17729807383716,3.17729807383716,,,,0,100,Score,/home/gopi.battineni/SYNTH_BENCHMARK/Generators/SDV models/Hungarian_Mahalanobis_Four_Models_Concrete.xlsx
13. Concrete Compressive Strength,CTGAN,,privacy,Min_Distance,0.4807200150378232,0.4807200150378232,,,,0,100,Score,/home/gopi.battineni/SYNTH_BENCHMARK/Generators/SDV models/Hungarian_Mahalanobis_Four_Models_Concrete.xlsx
13. Concrete Compressive Strength,CTGAN,,privacy,Max_Distance,19.38115293828775,19.38115293828775,,,,0,100,Score,/home/gopi.battineni/SYNTH_BENCHMARK/Generators/SDV models/Hungarian_Mahalanobis_Four_Models_Concrete.xlsx
13. Concrete Compressive Strength,CTGAN,,privacy,Num_Matches,1000.0,1000.0,,,,0,100,Score,/home/gopi.battineni/SYNTH_BENCHMARK/Generators/SDV models/Hungarian_Mahalanobis_Four_Models_Concrete.xlsx
13. Concrete Compressive Strength,CopulaGAN,,privacy,Mean_Distance,6.507187039173957,6.507187039173957,,,,0,100,Score,/home/gopi.battineni/SYNTH_BENCHMARK/Generators/SDV models/Hungarian_Mahalanobis_Four_Models_Concrete.xlsx
13. Concrete Compressive Strength,CopulaGAN,,privacy,Median_Distance,5.487956188098216,5.487956188098216,,,,0,100,Score,/home/gopi.battineni/SYNTH_BENCHMARK/Generators/SDV models/Hungarian_Mahalanobis_Four_Models_Concrete.xlsx
13. Concrete Compressive Strength,CopulaGAN,,privacy,Std_Distance,4.199989167007964,4.199989167007964,,,,0,100,Score,/home/gopi.battineni/SYNTH_BENCHMARK/Generators/SDV models/Hungarian_Mahalanobis_Four_Models_Concrete.xlsx
13. Concrete Compressive Strength,CopulaGAN,,privacy,Min_Distance,0.6220992977117284,0.6220992977117284,,,,0,100,Score,/home/gopi.battineni/SYNTH_BENCHMARK/Generators/SDV models/Hungarian_Mahalanobis_Four_Models_Concrete.xlsx
13. Concrete Compressive Strength,CopulaGAN,,privacy,Max_Distance,32.87737528060236,32.87737528060236,,,,0,100,Score,/home/gopi.battineni/SYNTH_BENCHMARK/Generators/SDV models/Hungarian_Mahalanobis_Four_Models_Concrete.xlsx
13. Concrete Compressive Strength,CopulaGAN,,privacy,Num_Matches,1000.0,1000.0,,,,0,100,Score,/home/gopi.battineni/SYNTH_BENCHMARK/Generators/SDV models/Hungarian_Mahalanobis_Four_Models_Concrete.xlsx
14. Energy Efficiency,TVAE,,privacy,Mean_Distance,18868.03098811942,18868.03098811942,,,,0,100,Score,/home/gopi.battineni/SYNTH_BENCHMARK/Generators/SDV models/Hungarian_Mahalanobis_Four_Models_EnergyEfficiency.xlsx
14. Energy Efficiency,TVAE,,privacy,Median_Distance,14472.38954821747,14472.38954821747,,,,0,100,Score,/home/gopi.battineni/SYNTH_BENCHMARK/Generators/SDV models/Hungarian_Mahalanobis_Four_Models_EnergyEfficiency.xlsx
14. Energy Efficiency,TVAE,,privacy,Std_Distance,16774.04993850178,16774.04993850178,,,,0,100,Score,/home/gopi.battineni/SYNTH_BENCHMARK/Generators/SDV models/Hungarian_Mahalanobis_Four_Models_EnergyEfficiency.xlsx
14. Energy Efficiency,TVAE,,privacy,Min_Distance,41.0074285257206,41.0074285257206,,,,0,100,Score,/home/gopi.battineni/SYNTH_BENCHMARK/Generators/SDV models/Hungarian_Mahalanobis_Four_Models_EnergyEfficiency.xlsx
14. Energy Efficiency,TVAE,,privacy,Max_Distance,99800.2871555502,99800.2871555502,,,,0,100,Score,/home/gopi.battineni/SYNTH_BENCHMARK/Generators/SDV models/Hungarian_Mahalanobis_Four_Models_EnergyEfficiency.xlsx
14. Energy Efficiency,TVAE,,privacy,Num_Matches,768.0,768.0,,,,0,100,Score,/home/gopi.battineni/SYNTH_BENCHMARK/Generators/SDV models/Hungarian_Mahalanobis_Four_Models_EnergyEfficiency.xlsx
14. Energy Efficiency,GaussianCopula,,privacy,Mean_Distance,21169.76852420071,21169.76852420071,,,,0,100,Score,/home/gopi.battineni/SYNTH_BENCHMARK/Generators/SDV models/Hungarian_Mahalanobis_Four_Models_EnergyEfficiency.xlsx
14. Energy Efficiency,GaussianCopula,,privacy,Median_Distance,19420.35551369582,19420.35551369582,,,,0,100,Score,/home/gopi.battineni/SYNTH_BENCHMARK/Generators/SDV models/Hungarian_Mahalanobis_Four_Models_EnergyEfficiency.xlsx
14. Energy Efficiency,GaussianCopula,,privacy,Std_Distance,15140.18999856453,15140.18999856453,,,,0,100,Score,/home/gopi.battineni/SYNTH_BENCHMARK/Generators/SDV models/Hungarian_Mahalanobis_Four_Models_EnergyEfficiency.xlsx
14. Energy Efficiency,GaussianCopula,,privacy,Min_Distance,10.04690247607567,10.04690247607567,,,,0,100,Score,/home/gopi.battineni/SYNTH_BENCHMARK/Generators/SDV models/Hungarian_Mahalanobis_Four_Models_EnergyEfficiency.xlsx
14. Energy Efficiency,GaussianCopula,,privacy,Max_Distance,78628.54817660141,78628.54817660141,,,,0,100,Score,/home/gopi.battineni/SYNTH_BENCHMARK/Generators/SDV models/Hungarian_Mahalanobis_Four_Models_EnergyEfficiency.xlsx
14. Energy Efficiency,GaussianCopula,,privacy,Num_Matches,768.0,768.0,,,,0,100,Score,/home/gopi.battineni/SYNTH_BENCHMARK/Generators/SDV models/Hungarian_Mahalanobis_Four_Models_EnergyEfficiency.xlsx
14. Energy Efficiency,CTGAN,,privacy,Mean_Distance,45637.72490186258,45637.72490186258,,,,0,100,Score,/home/gopi.battineni/SYNTH_BENCHMARK/Generators/SDV models/Hungarian_Mahalanobis_Four_Models_EnergyEfficiency.xlsx
14. Energy Efficiency,CTGAN,,privacy,Median_Distance,40179.76135793436,40179.76135793436,,,,0,100,Score,/home/gopi.battineni/SYNTH_BENCHMARK/Generators/SDV models/Hungarian_Mahalanobis_Four_Models_EnergyEfficiency.xlsx
14. Energy Efficiency,CTGAN,,privacy,Std_Distance,31959.10235550683,31959.10235550683,,,,0,100,Score,/home/gopi.battineni/SYNTH_BENCHMARK/Generators/SDV models/Hungarian_Mahalanobis_Four_Models_EnergyEfficiency.xlsx
14. Energy Efficiency,CTGAN,,privacy,Min_Distance,163.3012710646189,163.3012710646189,,,,0,100,Score,/home/gopi.battineni/SYNTH_BENCHMARK/Generators/SDV models/Hungarian_Mahalanobis_Four_Models_EnergyEfficiency.xlsx
14. Energy Efficiency,CTGAN,,privacy,Max_Distance,139212.5424813092,139212.5424813092,,,,0,100,Score,/home/gopi.battineni/SYNTH_BENCHMARK/Generators/SDV models/Hungarian_Mahalanobis_Four_Models_EnergyEfficiency.xlsx
14. Energy Efficiency,CTGAN,,privacy,Num_Matches,768.0,768.0,,,,0,100,Score,/home/gopi.battineni/SYNTH_BENCHMARK/Generators/SDV models/Hungarian_Mahalanobis_Four_Models_EnergyEfficiency.xlsx
14. Energy Efficiency,CopulaGAN,,privacy,Mean_Distance,51117.38255461063,51117.38255461063,,,,0,100,Score,/home/gopi.battineni/SYNTH_BENCHMARK/Generators/SDV models/Hungarian_Mahalanobis_Four_Models_EnergyEfficiency.xlsx
14. Energy Efficiency,CopulaGAN,,privacy,Median_Distance,45687.0266223065,45687.0266223065,,,,0,100,Score,/home/gopi.battineni/SYNTH_BENCHMARK/Generators/SDV models/Hungarian_Mahalanobis_Four_Models_EnergyEfficiency.xlsx
14. Energy Efficiency,CopulaGAN,,privacy,Std_Distance,34907.20709496645,34907.20709496645,,,,0,100,Score,/home/gopi.battineni/SYNTH_BENCHMARK/Generators/SDV models/Hungarian_Mahalanobis_Four_Models_EnergyEfficiency.xlsx
14. Energy Efficiency,CopulaGAN,,privacy,Min_Distance,83.18681620943852,83.18681620943852,,,,0,100,Score,/home/gopi.battineni/SYNTH_BENCHMARK/Generators/SDV models/Hungarian_Mahalanobis_Four_Models_EnergyEfficiency.xlsx
14. Energy Efficiency,CopulaGAN,,privacy,Max_Distance,136673.2393047267,136673.2393047267,,,,0,100,Score,/home/gopi.battineni/SYNTH_BENCHMARK/Generators/SDV models/Hungarian_Mahalanobis_Four_Models_EnergyEfficiency.xlsx
14. Energy Efficiency,CopulaGAN,,privacy,Num_Matches,768.0,768.0,,,,0,100,Score,/home/gopi.battineni/SYNTH_BENCHMARK/Generators/SDV models/Hungarian_Mahalanobis_Four_Models_EnergyEfficiency.xlsx
9. MAGIC Gamma Telescope,TVAE,,privacy,Mean_Distance,1.871005046571554,1.871005046571554,,,,0,100,Score,/home/gopi.battineni/SYNTH_BENCHMARK/Generators/SDV models/Hungarian_Mahalanobis_Four_Models_MAGIC.xlsx
9. MAGIC Gamma Telescope,TVAE,,privacy,Median_Distance,1.369735020107463,1.369735020107463,,,,0,100,Score,/home/gopi.battineni/SYNTH_BENCHMARK/Generators/SDV models/Hungarian_Mahalanobis_Four_Models_MAGIC.xlsx
9. MAGIC Gamma Telescope,TVAE,,privacy,Std_Distance,1.490388141630735,1.490388141630735,,,,0,100,Score,/home/gopi.battineni/SYNTH_BENCHMARK/Generators/SDV models/Hungarian_Mahalanobis_Four_Models_MAGIC.xlsx
9. MAGIC Gamma Telescope,TVAE,,privacy,Min_Distance,0.2972114037303104,0.2972114037303104,,,,0,100,Score,/home/gopi.battineni/SYNTH_BENCHMARK/Generators/SDV models/Hungarian_Mahalanobis_Four_Models_MAGIC.xlsx
9. MAGIC Gamma Telescope,TVAE,,privacy,Max_Distance,16.06201246985735,16.06201246985735,,,,0,100,Score,/home/gopi.battineni/SYNTH_BENCHMARK/Generators/SDV models/Hungarian_Mahalanobis_Four_Models_MAGIC.xlsx
9. MAGIC Gamma Telescope,TVAE,,privacy,Num_Matches,2000.0,2000.0,,,,0,100,Score,/home/gopi.battineni/SYNTH_BENCHMARK/Generators/SDV models/Hungarian_Mahalanobis_Four_Models_MAGIC.xlsx
9. MAGIC Gamma Telescope,GaussianCopula,,privacy,Mean_Distance,2.29071670862113,2.29071670862113,,,,0,100,Score,/home/gopi.battineni/SYNTH_BENCHMARK/Generators/SDV models/Hungarian_Mahalanobis_Four_Models_MAGIC.xlsx
9. MAGIC Gamma Telescope,GaussianCopula,,privacy,Median_Distance,2.08297953700324,2.08297953700324,,,,0,100,Score,/home/gopi.battineni/SYNTH_BENCHMARK/Generators/SDV models/Hungarian_Mahalanobis_Four_Models_MAGIC.xlsx
9. MAGIC Gamma Telescope,GaussianCopula,,privacy,Std_Distance,1.088666745851257,1.088666745851257,,,,0,100,Score,/home/gopi.battineni/SYNTH_BENCHMARK/Generators/SDV models/Hungarian_Mahalanobis_Four_Models_MAGIC.xlsx
9. MAGIC Gamma Telescope,GaussianCopula,,privacy,Min_Distance,0.6353894370960613,0.6353894370960613,,,,0,100,Score,/home/gopi.battineni/SYNTH_BENCHMARK/Generators/SDV models/Hungarian_Mahalanobis_Four_Models_MAGIC.xlsx
9. MAGIC Gamma Telescope,GaussianCopula,,privacy,Max_Distance,13.44809366406328,13.44809366406328,,,,0,100,Score,/home/gopi.battineni/SYNTH_BENCHMARK/Generators/SDV models/Hungarian_Mahalanobis_Four_Models_MAGIC.xlsx
9. MAGIC Gamma Telescope,GaussianCopula,,privacy,Num_Matches,2000.0,2000.0,,,,0,100,Score,/home/gopi.battineni/SYNTH_BENCHMARK/Generators/SDV models/Hungarian_Mahalanobis_Four_Models_MAGIC.xlsx
9. MAGIC Gamma Telescope,CopulaGAN,,privacy,Mean_Distance,2.898899999348318,2.898899999348318,,,,0,100,Score,/home/gopi.battineni/SYNTH_BENCHMARK/Generators/SDV models/Hungarian_Mahalanobis_Four_Models_MAGIC.xlsx
9. MAGIC Gamma Telescope,CopulaGAN,,privacy,Median_Distance,2.391325575484585,2.391325575484585,,,,0,100,Score,/home/gopi.battineni/SYNTH_BENCHMARK/Generators/SDV models/Hungarian_Mahalanobis_Four_Models_MAGIC.xlsx
9. MAGIC Gamma Telescope,CopulaGAN,,privacy,Std_Distance,1.778071804471669,1.778071804471669,,,,0,100,Score,/home/gopi.battineni/SYNTH_BENCHMARK/Generators/SDV models/Hungarian_Mahalanobis_Four_Models_MAGIC.xlsx
9. MAGIC Gamma Telescope,CopulaGAN,,privacy,Min_Distance,0.4286060370303149,0.4286060370303149,,,,0,100,Score,/home/gopi.battineni/SYNTH_BENCHMARK/Generators/SDV models/Hungarian_Mahalanobis_Four_Models_MAGIC.xlsx
9. MAGIC Gamma Telescope,CopulaGAN,,privacy,Max_Distance,12.68116421088336,12.68116421088336,,,,0,100,Score,/home/gopi.battineni/SYNTH_BENCHMARK/Generators/SDV models/Hungarian_Mahalanobis_Four_Models_MAGIC.xlsx
9. MAGIC Gamma Telescope,CopulaGAN,,privacy,Num_Matches,2000.0,2000.0,,,,0,100,Score,/home/gopi.battineni/SYNTH_BENCHMARK/Generators/SDV models/Hungarian_Mahalanobis_Four_Models_MAGIC.xlsx
9. MAGIC Gamma Telescope,CTGAN,,privacy,Mean_Distance,3.259152594267476,3.259152594267476,,,,0,100,Score,/home/gopi.battineni/SYNTH_BENCHMARK/Generators/SDV models/Hungarian_Mahalanobis_Four_Models_MAGIC.xlsx
9. MAGIC Gamma Telescope,CTGAN,,privacy,Median_Distance,2.659895112319814,2.659895112319814,,,,0,100,Score,/home/gopi.battineni/SYNTH_BENCHMARK/Generators/SDV models/Hungarian_Mahalanobis_Four_Models_MAGIC.xlsx
9. MAGIC Gamma Telescope,CTGAN,,privacy,Std_Distance,2.091672048885322,2.091672048885322,,,,0,100,Score,/home/gopi.battineni/SYNTH_BENCHMARK/Generators/SDV models/Hungarian_Mahalanobis_Four_Models_MAGIC.xlsx
9. MAGIC Gamma Telescope,CTGAN,,privacy,Min_Distance,0.4484124343792382,0.4484124343792382,,,,0,100,Score,/home/gopi.battineni/SYNTH_BENCHMARK/Generators/SDV models/Hungarian_Mahalanobis_Four_Models_MAGIC.xlsx
9. MAGIC Gamma Telescope,CTGAN,,privacy,Max_Distance,15.04432745329383,15.04432745329383,,,,0,100,Score,/home/gopi.battineni/SYNTH_BENCHMARK/Generators/SDV models/Hungarian_Mahalanobis_Four_Models_MAGIC.xlsx
9. MAGIC Gamma Telescope,CTGAN,,privacy,Num_Matches,2000.0,2000.0,,,,0,100,Score,/home/gopi.battineni/SYNTH_BENCHMARK/Generators/SDV models/Hungarian_Mahalanobis_Four_Models_MAGIC.xlsx
15. Real Estate Valuation,CTGAN,,privacy,Mean_Distance,16692.75223370301,16692.75223370301,,,,0,100,Score,/home/gopi.battineni/SYNTH_BENCHMARK/Generators/SDV models/Hungarian_Mahalanobis_Four_Models_RealEstate.xlsx
15. Real Estate Valuation,CTGAN,,privacy,Median_Distance,14914.35317514412,14914.35317514412,,,,0,100,Score,/home/gopi.battineni/SYNTH_BENCHMARK/Generators/SDV models/Hungarian_Mahalanobis_Four_Models_RealEstate.xlsx
15. Real Estate Valuation,CTGAN,,privacy,Std_Distance,9654.142646979984,9654.142646979984,,,,0,100,Score,/home/gopi.battineni/SYNTH_BENCHMARK/Generators/SDV models/Hungarian_Mahalanobis_Four_Models_RealEstate.xlsx
15. Real Estate Valuation,CTGAN,,privacy,Min_Distance,967.5565466665817,967.5565466665817,,,,0,100,Score,/home/gopi.battineni/SYNTH_BENCHMARK/Generators/SDV models/Hungarian_Mahalanobis_Four_Models_RealEstate.xlsx
15. Real Estate Valuation,CTGAN,,privacy,Max_Distance,34799.95070839091,34799.95070839091,,,,0,100,Score,/home/gopi.battineni/SYNTH_BENCHMARK/Generators/SDV models/Hungarian_Mahalanobis_Four_Models_RealEstate.xlsx
15. Real Estate Valuation,CTGAN,,privacy,Num_Matches,414.0,414.0,,,,0,100,Score,/home/gopi.battineni/SYNTH_BENCHMARK/Generators/SDV models/Hungarian_Mahalanobis_Four_Models_RealEstate.xlsx
15. Real Estate Valuation,GaussianCopula,,privacy,Mean_Distance,16693.55375105767,16693.55375105767,,,,0,100,Score,/home/gopi.battineni/SYNTH_BENCHMARK/Generators/SDV models/Hungarian_Mahalanobis_Four_Models_RealEstate.xlsx
15. Real Estate Valuation,GaussianCopula,,privacy,Median_Distance,14913.68004610379,14913.68004610379,,,,0,100,Score,/home/gopi.battineni/SYNTH_BENCHMARK/Generators/SDV models/Hungarian_Mahalanobis_Four_Models_RealEstate.xlsx
15. Real Estate Valuation,GaussianCopula,,privacy,Std_Distance,9654.578142422311,9654.578142422311,,,,0,100,Score,/home/gopi.battineni/SYNTH_BENCHMARK/Generators/SDV models/Hungarian_Mahalanobis_Four_Models_RealEstate.xlsx
15. Real Estate Valuation,GaussianCopula,,privacy,Min_Distance,966.9756943318247,966.9756943318247,,,,0,100,Score,/home/gopi.battineni/SYNTH_BENCHMARK/Generators/SDV models/Hungarian_Mahalanobis_Four_Models_RealEstate.xlsx
15. Real Estate Valuation,GaussianCopula,,privacy,Max_Distance,34803.0004263523,34803.0004263523,,,,0,100,Score,/home/gopi.battineni/SYNTH_BENCHMARK/Generators/SDV models/Hungarian_Mahalanobis_Four_Models_RealEstate.xlsx
15. Real Estate Valuation,GaussianCopula,,privacy,Num_Matches,414.0,414.0,,,,0,100,Score,/home/gopi.battineni/SYNTH_BENCHMARK/Generators/SDV models/Hungarian_Mahalanobis_Four_Models_RealEstate.xlsx
15. Real Estate Valuation,TVAE,,privacy,Mean_Distance,16693.78910852161,16693.78910852161,,,,0,100,Score,/home/gopi.battineni/SYNTH_BENCHMARK/Generators/SDV models/Hungarian_Mahalanobis_Four_Models_RealEstate.xlsx
15. Real Estate Valuation,TVAE,,privacy,Median_Distance,14913.64803848199,14913.64803848199,,,,0,100,Score,/home/gopi.battineni/SYNTH_BENCHMARK/Generators/SDV models/Hungarian_Mahalanobis_Four_Models_RealEstate.xlsx
15. Real Estate Valuation,TVAE,,privacy,Std_Distance,9654.601567840991,9654.601567840991,,,,0,100,Score,/home/gopi.battineni/SYNTH_BENCHMARK/Generators/SDV models/Hungarian_Mahalanobis_Four_Models_RealEstate.xlsx
15. Real Estate Valuation,TVAE,,privacy,Min_Distance,967.339248023518,967.339248023518,,,,0,100,Score,/home/gopi.battineni/SYNTH_BENCHMARK/Generators/SDV models/Hungarian_Mahalanobis_Four_Models_RealEstate.xlsx
15. Real Estate Valuation,TVAE,,privacy,Max_Distance,34800.98809171184,34800.98809171184,,,,0,100,Score,/home/gopi.battineni/SYNTH_BENCHMARK/Generators/SDV models/Hungarian_Mahalanobis_Four_Models_RealEstate.xlsx
15. Real Estate Valuation,TVAE,,privacy,Num_Matches,414.0,414.0,,,,0,100,Score,/home/gopi.battineni/SYNTH_BENCHMARK/Generators/SDV models/Hungarian_Mahalanobis_Four_Models_RealEstate.xlsx
15. Real Estate Valuation,CopulaGAN,,privacy,Mean_Distance,16693.83443314724,16693.83443314724,,,,0,100,Score,/home/gopi.battineni/SYNTH_BENCHMARK/Generators/SDV models/Hungarian_Mahalanobis_Four_Models_RealEstate.xlsx
15. Real Estate Valuation,CopulaGAN,,privacy,Median_Distance,14909.91509159214,14909.91509159214,,,,0,100,Score,/home/gopi.battineni/SYNTH_BENCHMARK/Generators/SDV models/Hungarian_Mahalanobis_Four_Models_RealEstate.xlsx
15. Real Estate Valuation,CopulaGAN,,privacy,Std_Distance,9654.691532386054,9654.691532386054,,,,0,100,Score,/home/gopi.battineni/SYNTH_BENCHMARK/Generators/SDV models/Hungarian_Mahalanobis_Four_Models_RealEstate.xlsx
15. Real Estate Valuation,CopulaGAN,,privacy,Min_Distance,966.9373535151608,966.9373535151608,,,,0,100,Score,/home/gopi.battineni/SYNTH_BENCHMARK/Generators/SDV models/Hungarian_Mahalanobis_Four_Models_RealEstate.xlsx
15. Real Estate Valuation,CopulaGAN,,privacy,Max_Distance,34802.39736587837,34802.39736587837,,,,0,100,Score,/home/gopi.battineni/SYNTH_BENCHMARK/Generators/SDV models/Hungarian_Mahalanobis_Four_Models_RealEstate.xlsx
15. Real Estate Valuation,CopulaGAN,,privacy,Num_Matches,414.0,414.0,,,,0,100,Score,/home/gopi.battineni/SYNTH_BENCHMARK/Generators/SDV models/Hungarian_Mahalanobis_Four_Models_RealEstate.xlsx
12. Air Quality,GaussianCopula,,privacy,Num_Matches,1000.0,1000.0,,,,0,100,Score,/home/gopi.battineni/SYNTH_BENCHMARK/Generators/SDV models/Hungarian_Matchings_All_Models_AirQuality.xlsx
12. Air Quality,TVAE,,privacy,Num_Matches,1000.0,1000.0,,,,0,100,Score,/home/gopi.battineni/SYNTH_BENCHMARK/Generators/SDV models/Hungarian_Matchings_All_Models_AirQuality.xlsx
12. Air Quality,CTGAN,,privacy,Num_Matches,1000.0,1000.0,,,,0,100,Score,/home/gopi.battineni/SYNTH_BENCHMARK/Generators/SDV models/Hungarian_Matchings_All_Models_AirQuality.xlsx
12. Air Quality,CopulaGAN,,privacy,Num_Matches,1000.0,1000.0,,,,0,100,Score,/home/gopi.battineni/SYNTH_BENCHMARK/Generators/SDV models/Hungarian_Matchings_All_Models_AirQuality.xlsx
13. Concrete Compressive Strength,TVAE,,privacy,Num_Matches,1000.0,1000.0,,,,0,100,Score,/home/gopi.battineni/SYNTH_BENCHMARK/Generators/SDV models/Hungarian_Matchings_All_Models_Concrete.xlsx
13. Concrete Compressive Strength,CTGAN,,privacy,Num_Matches,1000.0,1000.0,,,,0,100,Score,/home/gopi.battineni/SYNTH_BENCHMARK/Generators/SDV models/Hungarian_Matchings_All_Models_Concrete.xlsx
13. Concrete Compressive Strength,GaussianCopula,,privacy,Num_Matches,1000.0,1000.0,,,,0,100,Score,/home/gopi.battineni/SYNTH_BENCHMARK/Generators/SDV models/Hungarian_Matchings_All_Models_Concrete.xlsx
13. Concrete Compressive Strength,CopulaGAN,,privacy,Num_Matches,1000.0,1000.0,,,,0,100,Score,/home/gopi.battineni/SYNTH_BENCHMARK/Generators/SDV models/Hungarian_Matchings_All_Models_Concrete.xlsx
14. Energy Efficiency,GaussianCopula,,privacy,Num_Matches,768.0,768.0,,,,0,100,Score,/home/gopi.battineni/SYNTH_BENCHMARK/Generators/SDV models/Hungarian_Matchings_All_Models_EnergyEfficiency.xlsx
14. Energy Efficiency,TVAE,,privacy,Num_Matches,768.0,768.0,,,,0,100,Score,/home/gopi.battineni/SYNTH_BENCHMARK/Generators/SDV models/Hungarian_Matchings_All_Models_EnergyEfficiency.xlsx
14. Energy Efficiency,CopulaGAN,,privacy,Num_Matches,768.0,768.0,,,,0,100,Score,/home/gopi.battineni/SYNTH_BENCHMARK/Generators/SDV models/Hungarian_Matchings_All_Models_EnergyEfficiency.xlsx
14. Energy Efficiency,CTGAN,,privacy,Num_Matches,768.0,768.0,,,,0,100,Score,/home/gopi.battineni/SYNTH_BENCHMARK/Generators/SDV models/Hungarian_Matchings_All_Models_EnergyEfficiency.xlsx
7. CDC diabetes dataset,GaussianCopula,,privacy,Num_Matches,1000.0,1000.0,,,,0,100,Score,/home/gopi.battineni/SYNTH_BENCHMARK/Generators/SDV models/Hungarian_Matchings_All_Models_Heart.xlsx
7. CDC diabetes dataset,TVAE,,privacy,Num_Matches,1000.0,1000.0,,,,0,100,Score,/home/gopi.battineni/SYNTH_BENCHMARK/Generators/SDV models/Hungarian_Matchings_All_Models_Heart.xlsx
7. CDC diabetes dataset,CTGAN,,privacy,Num_Matches,1000.0,1000.0,,,,0,100,Score,/home/gopi.battineni/SYNTH_BENCHMARK/Generators/SDV models/Hungarian_Matchings_All_Models_Heart.xlsx
7. CDC diabetes dataset,CopulaGAN,,privacy,Num_Matches,1000.0,1000.0,,,,0,100,Score,/home/gopi.battineni/SYNTH_BENCHMARK/Generators/SDV models/Hungarian_Matchings_All_Models_Heart.xlsx
9. MAGIC Gamma Telescope,TVAE,,privacy,Num_Matches,19020.0,19020.0,,,,0,100,Score,/home/gopi.battineni/SYNTH_BENCHMARK/Generators/SDV models/Hungarian_Matchings_All_Models_MAGIC.xlsx
9. MAGIC Gamma Telescope,CTGAN,,privacy,Num_Matches,19020.0,19020.0,,,,0,100,Score,/home/gopi.battineni/SYNTH_BENCHMARK/Generators/SDV models/Hungarian_Matchings_All_Models_MAGIC.xlsx
9. MAGIC Gamma Telescope,CopulaGAN,,privacy,Num_Matches,19020.0,19020.0,,,,0,100,Score,/home/gopi.battineni/SYNTH_BENCHMARK/Generators/SDV models/Hungarian_Matchings_All_Models_MAGIC.xlsx
9. MAGIC Gamma Telescope,GaussianCopula,,privacy,Num_Matches,19020.0,19020.0,,,,0,100,Score,/home/gopi.battineni/SYNTH_BENCHMARK/Generators/SDV models/Hungarian_Matchings_All_Models_MAGIC.xlsx
15. Real Estate Valuation,TVAE,,privacy,Num_Matches,414.0,414.0,,,,0,100,Score,/home/gopi.battineni/SYNTH_BENCHMARK/Generators/SDV models/Hungarian_Matchings_All_Models_RealEstate.xlsx
15. Real Estate Valuation,CTGAN,,privacy,Num_Matches,414.0,414.0,,,,0,100,Score,/home/gopi.battineni/SYNTH_BENCHMARK/Generators/SDV models/Hungarian_Matchings_All_Models_RealEstate.xlsx
15. Real Estate Valuation,GaussianCopula,,privacy,Num_Matches,414.0,414.0,,,,0,100,Score,/home/gopi.battineni/SYNTH_BENCHMARK/Generators/SDV models/Hungarian_Matchings_All_Models_RealEstate.xlsx
15. Real Estate Valuation,CopulaGAN,,privacy,Num_Matches,414.0,414.0,,,,0,100,Score,/home/gopi.battineni/SYNTH_BENCHMARK/Generators/SDV models/Hungarian_Matchings_All_Models_RealEstate.xlsx
