dataset,generator,metric_category,metric_name,seed_42,seed_123,seed_2024,mean,sd,mean_sd,n_seeds,task
Adult,CTABGAN,Compute,evaluation_time_seconds,29.314164667855948,29.2826290470548,28.895566313061863,29.164120009324204,0.23310821452053698,29.1641 ± 0.233108,3,classification
Adult,CTABGAN,Compute,generation_time_seconds,0.0,0.0,0.0,0.0,0.0,0 ± 0,3,classification
Adult,CTABGAN,Compute,total_time_seconds,652.4220287129283,649.1772371968254,643.9836334860884,648.5276331319474,4.256538215723936,648.528 ± 4.25654,3,classification
Adult,CTABGAN,Compute,training_time_seconds,623.0922574209981,619.8811222841032,615.0751315141097,619.349503739737,4.034915198521625,619.35 ± 4.03492,3,classification
Adult,CTABGAN,Fidelity,KS_Complement,0.57255,0.5660499999999999,0.5557416666666667,0.5647805555555555,0.008475767473170734,0.564781 ± 0.00847577,3,classification
Adult,CTABGAN,Fidelity,MMD,0.0107644948536015,0.0203157439446324,0.0115948897150075,0.014225042837747134,0.005291017755264335,0.014225 ± 0.00529102,3,classification
Adult,CTABGAN,Fidelity,Quality_Score,0.8516233333333334,0.7746139583333334,0.8331525,0.8197965972222222,0.040204428409439504,0.819797 ± 0.0402044,3,classification
Adult,CTABGAN,Fidelity,Wasserstein_Distance,1106.45330475553,1129.2552706521587,1411.2480766059923,1215.6522173378937,169.77422517657718,1215.65 ± 169.774,3,classification
Adult,CTABGAN,Privacy,MIA_AUC,0.5339506172839505,0.6732098765432101,0.4937037037037037,0.566954732510288,0.09419432168807582,0.566955 ± 0.0941943,3,classification
Adult,CTABGAN,Privacy,Mahalanobis_Distance,3.880844107606742,3.9145058397679353,3.7382892743023897,3.844546407225689,0.09354791165938849,3.84455 ± 0.0935479,3,classification
Adult,CTABGAN,Privacy,Mean_Distance,3.880844107606742,3.9145058397679353,3.7382892743023897,3.844546407225689,0.09354791165938849,3.84455 ± 0.0935479,3,classification
Adult,CTABGAN,Privacy,Median_Distance,3.633841066628912,3.6915754175608138,3.5503103974624874,3.625242293884071,0.07102397936882443,3.62524 ± 0.071024,3,classification
Adult,CTABGAN,Privacy,NNDR,0.8473105426765587,0.8573446334092896,0.8497525428329902,0.8514692396396129,0.005232688616052953,0.851469 ± 0.00523269,3,classification
Adult,CTABGAN,Utility,Accuracy_Gap,0.0456000000000001,0.0535500000000002,0.0649000000000001,0.054683333333333466,0.009699785220989854,0.0546833 ± 0.00969979,3,classification
Adult,CTABGAN,Utility,Accuracy_TRTR,0.8237000000000002,0.8237000000000002,0.8237000000000002,0.8237000000000002,0.0,0.8237 ± 0,3,classification
Adult,CTABGAN,Utility,Accuracy_TSTR,0.7781,0.77015,0.7588,0.7690166666666666,0.009699785220989852,0.769017 ± 0.00969979,3,classification
Adult,CTABGAN,Utility,F1_Gap,0.046066113959523,0.0438025264865373,0.072075208628337,0.0539812830247991,0.01571061949356987,0.0539813 ± 0.0157106,3,classification
Adult,CTABGAN,Utility,F1_TRTR,0.8179017788152698,0.8179017788152698,0.8179017788152698,0.8179017788152697,1.3597399555105182e-16,0.817902 ± 1.35974e-16,3,classification
Adult,CTABGAN,Utility,F1_TSTR,0.7718356648557467,0.7740992523287324,0.7458265701869328,0.7639204957904706,0.015710619493569854,0.76392 ± 0.0157106,3,classification
Adult,CTABGAN,Utility,Precision_Gap,0.035517058882533,0.0342013132314309,0.0480904065707767,0.03926959289491353,0.0076673243105283805,0.0392696 ± 0.00766732,3,classification
Adult,CTABGAN,Utility,Precision_TRTR,0.81998538946126,0.81998538946126,0.81998538946126,0.81998538946126,0.0,0.819985 ± 0,3,classification
Adult,CTABGAN,Utility,Precision_TSTR,0.7844683305787269,0.785784076229829,0.7718949828904832,0.7807157965663464,0.007667324310528397,0.780716 ± 0.00766732,3,classification
Adult,CTABGAN,Utility,ROC_AUC_Gap,0.0419985303148749,0.0540522262130596,0.0640940115570276,0.053381589361654026,0.01106299634685051,0.0533816 ± 0.011063,3,classification
Adult,CTABGAN,Utility,ROC_AUC_TRTR,0.8297875243504865,0.8297875243504865,0.8297875243504865,0.8297875243504865,0.0,0.829788 ± 0,3,classification
Adult,CTABGAN,Utility,ROC_AUC_TSTR,0.7877889940356115,0.7757352981374269,0.7656935127934589,0.7764059349888325,0.011062996346850493,0.776406 ± 0.011063,3,classification
Adult,CTABGAN,Utility,Recall_Gap,0.0456000000000001,0.0535500000000002,0.0649000000000001,0.054683333333333466,0.009699785220989854,0.0546833 ± 0.00969979,3,classification
Adult,CTABGAN,Utility,Recall_TRTR,0.8237000000000002,0.8237000000000002,0.8237000000000002,0.8237000000000002,0.0,0.8237 ± 0,3,classification
Adult,CTABGAN,Utility,Recall_TSTR,0.7781,0.77015,0.7588,0.7690166666666666,0.009699785220989852,0.769017 ± 0.00969979,3,classification
Adult,CTGAN,Compute,evaluation_time_seconds,22.362211760133505,23.536369561217725,23.966569162905216,23.28838349475215,0.8304296995097777,23.2884 ± 0.83043,3,classification
Adult,CTGAN,Compute,generation_time_seconds,0.0,0.0,0.0,0.0,0.0,0 ± 0,3,classification
Adult,CTGAN,Compute,total_time_seconds,681.8125435677357,675.8279928970151,677.94778385479,678.5294401065136,3.034378796225438,678.529 ± 3.03438,3,classification
Adult,CTGAN,Compute,training_time_seconds,659.4353320850059,652.2774233217351,653.9656772413291,655.2261442160234,3.7417238288719994,655.226 ± 3.74172,3,classification
Adult,CTGAN,Fidelity,KS_Complement,0.7565791666666666,0.7845333333333334,0.7589041666666668,0.7666722222222223,0.015511797892010896,0.766672 ± 0.0155118,3,classification
Adult,CTGAN,Fidelity,MMD,0.0076491164816627,0.020382356063501,0.010955427069716,0.012995633204959901,0.006607244385357525,0.0129956 ± 0.00660724,3,classification
Adult,CTGAN,Fidelity,Quality_Score,0.8218833333333333,0.8355758333333333,0.8527131250000002,0.8367240972222222,0.015446938079160399,0.836724 ± 0.0154469,3,classification
Adult,CTGAN,Fidelity,Wasserstein_Distance,2384.298374999998,4739.7567249999975,3379.189399999998,3501.081499999998,1182.450537095733,3501.08 ± 1182.45,3,classification
Adult,CTGAN,Privacy,MIA_AUC,0.6348148148148148,0.581604938271605,0.6374074074074074,0.6179423868312758,0.03149584115336231,0.617942 ± 0.0314958,3,classification
Adult,CTGAN,Privacy,Mahalanobis_Distance,4.010773724726963,3.8946444460526695,3.88612264352469,3.9305136047681075,0.06963778013003362,3.93051 ± 0.0696378,3,classification
Adult,CTGAN,Privacy,Mean_Distance,4.010773724726963,3.8946444460526695,3.88612264352469,3.9305136047681075,0.06963778013003362,3.93051 ± 0.0696378,3,classification
Adult,CTGAN,Privacy,Median_Distance,3.884827247174535,3.7477542378578383,3.8611204286776815,3.831233971236685,0.07326085397102043,3.83123 ± 0.0732609,3,classification
Adult,CTGAN,Privacy,NNDR,0.8740941014509749,0.870007724262842,0.8687290736151813,0.870943633109666,0.002802289233266747,0.870944 ± 0.00280229,3,classification
Adult,CTGAN,Utility,Accuracy_Gap,0.0261500000000001,0.0311000000000001,0.0309166666666669,0.029388888888889034,0.002806457500783489,0.0293889 ± 0.00280646,3,classification
Adult,CTGAN,Utility,Accuracy_TRTR,0.8237000000000002,0.8237000000000002,0.8237000000000002,0.8237000000000002,0.0,0.8237 ± 0,3,classification
Adult,CTGAN,Utility,Accuracy_TSTR,0.7975500000000001,0.7926000000000001,0.7927833333333333,0.7943111111111111,0.002806457500783494,0.794311 ± 0.00280646,3,classification
Adult,CTGAN,Utility,F1_Gap,0.0387428587445353,0.0366392206890325,0.0438459629418512,0.03974268079180634,0.0037059434115077282,0.0397427 ± 0.00370594,3,classification
Adult,CTGAN,Utility,F1_TRTR,0.8179017788152698,0.8179017788152698,0.8179017788152698,0.8179017788152697,1.3597399555105182e-16,0.817902 ± 1.35974e-16,3,classification
Adult,CTGAN,Utility,F1_TSTR,0.7791589200707345,0.7812625581262372,0.7740558158734185,0.7781590980234633,0.0037059434115077334,0.778159 ± 0.00370594,3,classification
Adult,CTGAN,Utility,Precision_Gap,0.032016145041146,0.0367081652846814,0.0430695116454622,0.0372646073237632,0.005547652578297988,0.0372646 ± 0.00554765,3,classification
Adult,CTGAN,Utility,Precision_TRTR,0.81998538946126,0.81998538946126,0.81998538946126,0.81998538946126,0.0,0.819985 ± 0,3,classification
Adult,CTGAN,Utility,Precision_TSTR,0.787969244420114,0.7832772241765785,0.7769158778157977,0.7827207821374967,0.005547652578297994,0.782721 ± 0.00554765,3,classification
Adult,CTGAN,Utility,ROC_AUC_Gap,0.0393006148440928,0.0471602412361026,0.0548489586465411,0.04710327157557884,0.007774328453728224,0.0471033 ± 0.00777433,3,classification
Adult,CTGAN,Utility,ROC_AUC_TRTR,0.8297875243504865,0.8297875243504865,0.8297875243504865,0.8297875243504865,0.0,0.829788 ± 0,3,classification
Adult,CTGAN,Utility,ROC_AUC_TSTR,0.7904869095063937,0.7826272831143839,0.7749385657039454,0.7826842527749077,0.00777432845372822,0.782684 ± 0.00777433,3,classification
Adult,CTGAN,Utility,Recall_Gap,0.0261500000000001,0.0311000000000001,0.0309166666666669,0.029388888888889034,0.002806457500783489,0.0293889 ± 0.00280646,3,classification
Adult,CTGAN,Utility,Recall_TRTR,0.8237000000000002,0.8237000000000002,0.8237000000000002,0.8237000000000002,0.0,0.8237 ± 0,3,classification
Adult,CTGAN,Utility,Recall_TSTR,0.7975500000000001,0.7926000000000001,0.7927833333333333,0.7943111111111111,0.002806457500783494,0.794311 ± 0.00280646,3,classification
Adult,CopulaGAN,Compute,evaluation_time_seconds,18.95854189433157,19.78731098724529,18.34837455721572,19.031409146264195,0.7222303924093204,19.0314 ± 0.72223,3,classification
Adult,CopulaGAN,Compute,generation_time_seconds,0.0,0.0,0.0,0.0,0.0,0 ± 0,3,classification
Adult,CopulaGAN,Compute,total_time_seconds,668.6239154399373,668.5785039700568,670.200949144084,669.1344561846927,0.9238890489245057,669.134 ± 0.923889,3,classification
Adult,CopulaGAN,Compute,training_time_seconds,649.6499507999979,648.7774490485899,651.8400677791797,650.0891558759225,1.5778416258542034,650.089 ± 1.57784,3,classification
Adult,CopulaGAN,Fidelity,KS_Complement,0.9455916666666668,0.9348416666666668,0.9374125,0.9392819444444446,0.005613532034125097,0.939282 ± 0.00561353,3,classification
Adult,CopulaGAN,Fidelity,MMD,0.0070696958480994,0.0098508913035538,0.0098684807986182,0.008929689316757134,0.0016108256035869389,0.00892969 ± 0.00161083,3,classification
Adult,CopulaGAN,Fidelity,Quality_Score,0.9025222916666666,0.8992766666666666,0.8874614583333333,0.8964201388888888,0.007926347732879422,0.89642 ± 0.00792635,3,classification
Adult,CopulaGAN,Fidelity,Wasserstein_Distance,2829.149508333332,2915.329558333331,1231.092566666666,2325.1905444444433,948.4959351455158,2325.19 ± 948.496,3,classification
Adult,CopulaGAN,Privacy,MIA_AUC,0.5925925925925927,0.6212345679012345,0.6141975308641975,0.6093415637860082,0.014925682550341077,0.609342 ± 0.0149257,3,classification
Adult,CopulaGAN,Privacy,Mahalanobis_Distance,3.916836208254596,3.911163079314645,3.887794010848937,3.9052644328060597,0.015393434656120716,3.90526 ± 0.0153934,3,classification
Adult,CopulaGAN,Privacy,Mean_Distance,3.916836208254596,3.911163079314645,3.887794010848937,3.9052644328060597,0.015393434656120716,3.90526 ± 0.0153934,3,classification
Adult,CopulaGAN,Privacy,Median_Distance,3.7594132675216017,3.6789565353989184,3.7063430441747856,3.714904282365102,0.04090589854139376,3.7149 ± 0.0409059,3,classification
Adult,CopulaGAN,Privacy,NNDR,0.8575487630563318,0.8661627705516632,0.8550074365758799,0.8595729900612916,0.005846664882950224,0.859573 ± 0.00584666,3,classification
Adult,CopulaGAN,Utility,Accuracy_Gap,0.0478833333333335,0.040266666666667,0.0384166666666668,0.0421888888888891,0.005017534070452133,0.0421889 ± 0.00501753,3,classification
Adult,CopulaGAN,Utility,Accuracy_TRTR,0.8237000000000002,0.8237000000000002,0.8237000000000002,0.8237000000000002,0.0,0.8237 ± 0,3,classification
Adult,CopulaGAN,Utility,Accuracy_TSTR,0.7758166666666667,0.7834333333333332,0.7852833333333333,0.7815111111111112,0.005017534070452103,0.781511 ± 0.00501753,3,classification
Adult,CopulaGAN,Utility,F1_Gap,0.0470498864771308,0.0382650821116606,0.0489619024693815,0.04475895701939097,0.005704538524420108,0.044759 ± 0.00570454,3,classification
Adult,CopulaGAN,Utility,F1_TRTR,0.8179017788152698,0.8179017788152698,0.8179017788152698,0.8179017788152697,1.3597399555105182e-16,0.817902 ± 1.35974e-16,3,classification
Adult,CopulaGAN,Utility,F1_TSTR,0.770851892338139,0.7796366967036091,0.7689398763458882,0.7731428217958788,0.005704538524420098,0.773143 ± 0.00570454,3,classification
Adult,CopulaGAN,Utility,Precision_Gap,0.0425037593183144,0.0364711114707345,0.0472426970641971,0.042072522617748666,0.0053987255781581325,0.0420725 ± 0.00539873,3,classification
Adult,CopulaGAN,Utility,Precision_TRTR,0.81998538946126,0.81998538946126,0.81998538946126,0.81998538946126,0.0,0.819985 ± 0,3,classification
Adult,CopulaGAN,Utility,Precision_TSTR,0.7774816301429456,0.7835142779905254,0.7727426923970628,0.7779128668435114,0.005398725578158124,0.777913 ± 0.00539873,3,classification
Adult,CopulaGAN,Utility,ROC_AUC_Gap,0.049058394699293,0.0449878088115505,0.0554803401141124,0.04984218120831863,0.005289994730867726,0.0498422 ± 0.00528999,3,classification
Adult,CopulaGAN,Utility,ROC_AUC_TRTR,0.8297875243504865,0.8297875243504865,0.8297875243504865,0.8297875243504865,0.0,0.829788 ± 0,3,classification
Adult,CopulaGAN,Utility,ROC_AUC_TSTR,0.7807291296511935,0.784799715538936,0.7743071842363741,0.7799453431421678,0.005289994730867714,0.779945 ± 0.00528999,3,classification
Adult,CopulaGAN,Utility,Recall_Gap,0.0478833333333335,0.040266666666667,0.0384166666666668,0.0421888888888891,0.005017534070452133,0.0421889 ± 0.00501753,3,classification
Adult,CopulaGAN,Utility,Recall_TRTR,0.8237000000000002,0.8237000000000002,0.8237000000000002,0.8237000000000002,0.0,0.8237 ± 0,3,classification
Adult,CopulaGAN,Utility,Recall_TSTR,0.7758166666666667,0.7834333333333332,0.7852833333333333,0.7815111111111112,0.005017534070452103,0.781511 ± 0.00501753,3,classification
Adult,ForestDiffusion,Compute,evaluation_time_seconds,25.3681301237084,26.19516775291413,27.69267889577896,26.418658924133826,1.1782796680514998,26.4187 ± 1.17828,3,classification
Adult,ForestDiffusion,Compute,generation_time_seconds,0.0,0.0,0.0,0.0,0.0,0 ± 0,3,classification
Adult,ForestDiffusion,Compute,total_time_seconds,188.35621367907152,179.79537281906232,188.32762203598395,185.4930695113726,4.934370787515485,185.493 ± 4.93437,3,classification
Adult,ForestDiffusion,Compute,training_time_seconds,162.974297944922,153.5862343898043,160.619596993085,159.06004310927042,4.884474441137255,159.06 ± 4.88447,3,classification
Adult,ForestDiffusion,Fidelity,KS_Complement,0.688875,0.6904458333333333,0.6884625,0.6892611111111111,0.0010465247824922065,0.689261 ± 0.00104652,3,classification
Adult,ForestDiffusion,Fidelity,MMD,0.0228920313880409,0.0211380311637811,0.0144896106373102,0.019506557729710734,0.004432431363556067,0.0195066 ± 0.00443243,3,classification
Adult,ForestDiffusion,Fidelity,Quality_Score,0.7766668750000001,0.7744566666666666,0.7771741666666667,0.7760992361111111,0.0014449435953124699,0.776099 ± 0.00144494,3,classification
Adult,ForestDiffusion,Fidelity,Wasserstein_Distance,4559.779314835862,4445.246824529747,4452.54607420224,4485.857404522616,64.12219880599108,4485.86 ± 64.1222,3,classification
Adult,ForestDiffusion,Privacy,MIA_AUC,0.9748148148148148,0.9845679012345678,0.9780246913580248,0.9791358024691359,0.004970573367703014,0.979136 ± 0.00497057,3,classification
Adult,ForestDiffusion,Privacy,Mahalanobis_Distance,3.76977846597004,3.994268145287562,4.000906462804443,3.9216510246873484,0.1315673682315279,3.92165 ± 0.131567,3,classification
Adult,ForestDiffusion,Privacy,Mean_Distance,3.76977846597004,3.994268145287562,4.000906462804443,3.9216510246873484,0.1315673682315279,3.92165 ± 0.131567,3,classification
Adult,ForestDiffusion,Privacy,Median_Distance,3.518448865678186,3.754260392691573,3.715995812041888,3.662901690137215,0.12655436935845996,3.6629 ± 0.126554,3,classification
Adult,ForestDiffusion,Privacy,NNDR,0.925411070314434,0.924278967430891,0.9387482527160764,0.9294794301538004,0.008046969491861409,0.929479 ± 0.00804697,3,classification
Adult,ForestDiffusion,Utility,Accuracy_Gap,0.0273166666666668,0.0086333333333336,0.0150833333333334,0.017011111111111265,0.009489677627900777,0.0170111 ± 0.00948968,3,classification
Adult,ForestDiffusion,Utility,Accuracy_TRTR,0.8237000000000002,0.8237000000000002,0.8237000000000002,0.8237000000000002,0.0,0.8237 ± 0,3,classification
Adult,ForestDiffusion,Utility,Accuracy_TSTR,0.7963833333333333,0.8150666666666666,0.8086166666666668,0.806688888888889,0.009489677627900811,0.806689 ± 0.00948968,3,classification
Adult,ForestDiffusion,Utility,F1_Gap,0.0483830237842035,0.0150971075210962,0.0264404700013501,0.02997353376888327,0.016921878148058494,0.0299735 ± 0.0169219,3,classification
Adult,ForestDiffusion,Utility,F1_TRTR,0.8179017788152698,0.8179017788152698,0.8179017788152698,0.8179017788152697,1.3597399555105182e-16,0.817902 ± 1.35974e-16,3,classification
Adult,ForestDiffusion,Utility,F1_TSTR,0.7695187550310663,0.8028046712941735,0.7914613088139196,0.7879282450463866,0.01692187814805848,0.787928 ± 0.0169219,3,classification
Adult,ForestDiffusion,Utility,Precision_Gap,0.0385978818761514,0.016117500073347,0.0202827315822992,0.02499937117726587,0.011959385782788776,0.0249994 ± 0.0119594,3,classification
Adult,ForestDiffusion,Utility,Precision_TRTR,0.81998538946126,0.81998538946126,0.81998538946126,0.81998538946126,0.0,0.819985 ± 0,3,classification
Adult,ForestDiffusion,Utility,Precision_TSTR,0.7813875075851086,0.803867889387913,0.7997026578789608,0.7949860182839942,0.011959385782788792,0.794986 ± 0.0119594,3,classification
Adult,ForestDiffusion,Utility,ROC_AUC_Gap,0.0500615254110652,0.0196910472212653,0.0182925001412282,0.029348357591186234,0.017951754074034723,0.0293484 ± 0.0179518,3,classification
Adult,ForestDiffusion,Utility,ROC_AUC_TRTR,0.8297875243504865,0.8297875243504865,0.8297875243504865,0.8297875243504865,0.0,0.829788 ± 0,3,classification
Adult,ForestDiffusion,Utility,ROC_AUC_TSTR,0.7797259989394213,0.8100964771292212,0.8114950242092582,0.8004391667593002,0.0179517540740347,0.800439 ± 0.0179518,3,classification
Adult,ForestDiffusion,Utility,Recall_Gap,0.0273166666666668,0.0086333333333336,0.0150833333333334,0.017011111111111265,0.009489677627900777,0.0170111 ± 0.00948968,3,classification
Adult,ForestDiffusion,Utility,Recall_TRTR,0.8237000000000002,0.8237000000000002,0.8237000000000002,0.8237000000000002,0.0,0.8237 ± 0,3,classification
Adult,ForestDiffusion,Utility,Recall_TSTR,0.7963833333333333,0.8150666666666666,0.8086166666666668,0.806688888888889,0.009489677627900811,0.806689 ± 0.00948968,3,classification
Adult,GaussianCopula,Compute,evaluation_time_seconds,26.73019925504923,26.237828218843788,25.696289150975645,26.22143887495622,0.5171498658717423,26.2214 ± 0.51715,3,classification
Adult,GaussianCopula,Compute,generation_time_seconds,0.0,0.0,0.0,0.0,0.0,0 ± 0,3,classification
Adult,GaussianCopula,Compute,total_time_seconds,29.05453452281654,28.570663955062628,28.05557583086193,28.560258102913696,0.49956063533581685,28.5603 ± 0.499561,3,classification
Adult,GaussianCopula,Compute,training_time_seconds,2.310515312012285,2.3192961160093546,2.344012072775513,2.324607833599051,0.0173686212239702,2.32461 ± 0.0173686,3,classification
Adult,GaussianCopula,Fidelity,KS_Complement,0.6734874999999999,0.6734874999999999,0.6734874999999999,0.6734874999999999,0.0,0.673487 ± 0,3,classification
Adult,GaussianCopula,Fidelity,MMD,0.180721131511976,0.180721131511976,0.180721131511976,0.180721131511976,0.0,0.180721 ± 0,3,classification
Adult,GaussianCopula,Fidelity,Quality_Score,0.8082037499999999,0.8082037499999999,0.8082037499999999,0.80820375,1.3597399555105182e-16,0.808204 ± 1.35974e-16,3,classification
Adult,GaussianCopula,Fidelity,Wasserstein_Distance,6123.518841666665,6123.518841666665,6123.518841666665,6123.518841666665,0.0,6123.52 ± 0,3,classification
Adult,GaussianCopula,Privacy,MIA_AUC,0.8920987654320988,0.8920987654320988,0.8920987654320988,0.8920987654320988,0.0,0.892099 ± 0,3,classification
Adult,GaussianCopula,Privacy,Mahalanobis_Distance,6.035120695544071,6.035120695544071,6.035120695544071,6.03512069554407,1.0877919644084146e-15,6.03512 ± 1.08779e-15,3,classification
Adult,GaussianCopula,Privacy,Mean_Distance,6.035120695544071,6.035120695544071,6.035120695544071,6.03512069554407,1.0877919644084146e-15,6.03512 ± 1.08779e-15,3,classification
Adult,GaussianCopula,Privacy,Median_Distance,5.152309420905769,5.152309420905769,5.152309420905769,5.152309420905769,0.0,5.15231 ± 0,3,classification
Adult,GaussianCopula,Privacy,NNDR,0.9317307246967576,0.9317307246967576,0.9317307246967576,0.9317307246967576,0.0,0.931731 ± 0,3,classification
Adult,GaussianCopula,Utility,Accuracy_Gap,0.0920333333333334,0.0920333333333334,0.0920333333333334,0.0920333333333334,0.0,0.0920333 ± 0,3,classification
Adult,GaussianCopula,Utility,Accuracy_TRTR,0.8237000000000002,0.8237000000000002,0.8237000000000002,0.8237000000000002,0.0,0.8237 ± 0,3,classification
Adult,GaussianCopula,Utility,Accuracy_TSTR,0.7316666666666668,0.7316666666666668,0.7316666666666668,0.7316666666666668,0.0,0.731667 ± 0,3,classification
Adult,GaussianCopula,Utility,F1_Gap,0.1483243740242071,0.1483243740242071,0.1483243740242071,0.1483243740242071,0.0,0.148324 ± 0,3,classification
Adult,GaussianCopula,Utility,F1_TRTR,0.8179017788152698,0.8179017788152698,0.8179017788152698,0.8179017788152697,1.3597399555105182e-16,0.817902 ± 1.35974e-16,3,classification
Adult,GaussianCopula,Utility,F1_TSTR,0.6695774047910626,0.6695774047910626,0.6695774047910626,0.6695774047910626,0.0,0.669577 ± 0,3,classification
Adult,GaussianCopula,Utility,Precision_Gap,0.0811642330303308,0.0811642330303308,0.0811642330303308,0.0811642330303308,0.0,0.0811642 ± 0,3,classification
Adult,GaussianCopula,Utility,Precision_TRTR,0.81998538946126,0.81998538946126,0.81998538946126,0.81998538946126,0.0,0.819985 ± 0,3,classification
Adult,GaussianCopula,Utility,Precision_TSTR,0.7388211564309292,0.7388211564309292,0.7388211564309292,0.7388211564309292,0.0,0.738821 ± 0,3,classification
Adult,GaussianCopula,Utility,ROC_AUC_Gap,0.1231873351957238,0.1231873351957238,0.1231873351957238,0.1231873351957238,0.0,0.123187 ± 0,3,classification
Adult,GaussianCopula,Utility,ROC_AUC_TRTR,0.8297875243504865,0.8297875243504865,0.8297875243504865,0.8297875243504865,0.0,0.829788 ± 0,3,classification
Adult,GaussianCopula,Utility,ROC_AUC_TSTR,0.7066001891547626,0.7066001891547626,0.7066001891547626,0.7066001891547625,1.3597399555105182e-16,0.7066 ± 1.35974e-16,3,classification
Adult,GaussianCopula,Utility,Recall_Gap,0.0920333333333334,0.0920333333333334,0.0920333333333334,0.0920333333333334,0.0,0.0920333 ± 0,3,classification
Adult,GaussianCopula,Utility,Recall_TRTR,0.8237000000000002,0.8237000000000002,0.8237000000000002,0.8237000000000002,0.0,0.8237 ± 0,3,classification
Adult,GaussianCopula,Utility,Recall_TSTR,0.7316666666666668,0.7316666666666668,0.7316666666666668,0.7316666666666668,0.0,0.731667 ± 0,3,classification
Adult,TVAE,Compute,evaluation_time_seconds,19.716460196767,20.54520790791139,20.566545121371743,20.276071075350046,0.48475465004569973,20.2761 ± 0.484755,3,classification
Adult,TVAE,Compute,generation_time_seconds,0.0,0.0,0.0,0.0,0.0,0 ± 0,3,classification
Adult,TVAE,Compute,total_time_seconds,96.29930744785815,97.8368848450482,97.53246399760246,97.2228854301696,0.8141960637019596,97.2229 ± 0.814196,3,classification
Adult,TVAE,Compute,training_time_seconds,76.56847836403176,77.27843861468136,76.95028849085793,76.93240182319035,0.35531794077389184,76.9324 ± 0.355318,3,classification
Adult,TVAE,Fidelity,KS_Complement,0.8041833333333334,0.7781708333333334,0.8063375,0.7962305555555557,0.015677221806328277,0.796231 ± 0.0156772,3,classification
Adult,TVAE,Fidelity,MMD,0.0260198848592583,0.0350632782136512,0.0247514857027966,0.02861154959190203,0.0056232384585353686,0.0286115 ± 0.00562324,3,classification
Adult,TVAE,Fidelity,Quality_Score,0.8366237500000001,0.8344787499999999,0.8424352083333333,0.8378459027777777,0.004116618802086212,0.837846 ± 0.00411662,3,classification
Adult,TVAE,Fidelity,Wasserstein_Distance,6539.174283333333,7927.78595833333,6595.77758333333,7020.912608333331,785.8851303453249,7020.91 ± 785.885,3,classification
Adult,TVAE,Privacy,MIA_AUC,0.9998765432098766,0.9998765432098766,1.0,0.999917695473251,7.127781101101907e-05,0.999918 ± 7.12778e-05,3,classification
Adult,TVAE,Privacy,Mahalanobis_Distance,5.9077678820974375,6.161162661901477,6.093356896816175,6.05409581360503,0.13118042193547305,6.0541 ± 0.13118,3,classification
Adult,TVAE,Privacy,Mean_Distance,5.9077678820974375,6.161162661901477,6.093356896816175,6.05409581360503,0.13118042193547305,6.0541 ± 0.13118,3,classification
Adult,TVAE,Privacy,Median_Distance,5.85975622905528,6.101836347128684,6.064765438684303,6.008786004956089,0.1303877626236716,6.00879 ± 0.130388,3,classification
Adult,TVAE,Privacy,NNDR,0.9336923684539664,0.9288220452758474,0.9354996441141278,0.9326713526146473,0.00345390164442421,0.932671 ± 0.0034539,3,classification
Adult,TVAE,Utility,Accuracy_Gap,0.2151000000000003,0.2080666666666668,0.2118666666666667,0.21167777777777794,0.0035204692448172685,0.211678 ± 0.00352047,3,classification
Adult,TVAE,Utility,Accuracy_TRTR,0.8237000000000002,0.8237000000000002,0.8237000000000002,0.8237000000000002,0.0,0.8237 ± 0,3,classification
Adult,TVAE,Utility,Accuracy_TSTR,0.6085999999999999,0.6156333333333334,0.6118333333333335,0.6120222222222222,0.003520469244817241,0.612022 ± 0.00352047,3,classification
Adult,TVAE,Utility,F1_Gap,0.2632615734658666,0.2568704742662536,0.2512437988955854,0.2571252822092352,0.006012937861094126,0.257125 ± 0.00601294,3,classification
Adult,TVAE,Utility,F1_TRTR,0.8179017788152698,0.8179017788152698,0.8179017788152698,0.8179017788152697,1.3597399555105182e-16,0.817902 ± 1.35974e-16,3,classification
Adult,TVAE,Utility,F1_TSTR,0.5546402053494032,0.5610313045490162,0.5666579799196844,0.5607764966060346,0.006012937861094126,0.560776 ± 0.00601294,3,classification
Adult,TVAE,Utility,Precision_Gap,0.0854460041752189,0.0930684901773342,0.0744053598324234,0.08430661806165884,0.009383589883653952,0.0843066 ± 0.00938359,3,classification
Adult,TVAE,Utility,Precision_TRTR,0.81998538946126,0.81998538946126,0.81998538946126,0.81998538946126,0.0,0.819985 ± 0,3,classification
Adult,TVAE,Utility,Precision_TSTR,0.734539385286041,0.7269168992839258,0.7455800296288365,0.7356787713996011,0.00938358988365392,0.735679 ± 0.00938359,3,classification
Adult,TVAE,Utility,ROC_AUC_Gap,0.06759672313975,0.1411025964133486,0.0532602545388942,0.08731985803066428,0.047125585343219145,0.0873199 ± 0.0471256,3,classification
Adult,TVAE,Utility,ROC_AUC_TRTR,0.8297875243504865,0.8297875243504865,0.8297875243504865,0.8297875243504865,0.0,0.829788 ± 0,3,classification
Adult,TVAE,Utility,ROC_AUC_TSTR,0.7621908012107365,0.6886849279371379,0.7765272698115923,0.7424676663198223,0.04712558534321914,0.742468 ± 0.0471256,3,classification
Adult,TVAE,Utility,Recall_Gap,0.2151000000000003,0.2080666666666668,0.2118666666666667,0.21167777777777794,0.0035204692448172685,0.211678 ± 0.00352047,3,classification
Adult,TVAE,Utility,Recall_TRTR,0.8237000000000002,0.8237000000000002,0.8237000000000002,0.8237000000000002,0.0,0.8237 ± 0,3,classification
Adult,TVAE,Utility,Recall_TSTR,0.6085999999999999,0.6156333333333334,0.6118333333333335,0.6120222222222222,0.003520469244817241,0.612022 ± 0.00352047,3,classification
Adult,TabDDPM,Compute,evaluation_time_seconds,20.76300665503368,21.31481147836893,21.05464721377939,21.044155115727335,0.2760519948400336,21.0442 ± 0.276052,3,classification
Adult,TabDDPM,Compute,generation_time_seconds,0.0,0.0,0.0,0.0,0.0,0 ± 0,3,classification
Adult,TabDDPM,Compute,total_time_seconds,71.70415057009086,72.26295636687428,73.2440051608719,72.40370403261234,0.77951617638468,72.4037 ± 0.779516,3,classification
Adult,TabDDPM,Compute,training_time_seconds,50.92869615089148,50.932523084338754,52.1743246759288,51.34518130371968,0.7180617731878214,51.3452 ± 0.718062,3,classification
Adult,TabDDPM,Fidelity,KS_Complement,0.4591958333333332,0.4587,0.4837125,0.4672027777777777,0.014299988061701862,0.467203 ± 0.0143,3,classification
Adult,TabDDPM,Fidelity,MMD,0.4128929707683009,0.4210474674124654,0.424969921166035,0.4196367864489337,0.006160819613735284,0.419637 ± 0.00616082,3,classification
Adult,TabDDPM,Fidelity,Quality_Score,0.2862306249999999,0.27694375,0.3027085416666667,0.28862763888888887,0.013048577665566842,0.288628 ± 0.0130486,3,classification
Adult,TabDDPM,Fidelity,Wasserstein_Distance,94047.96188469858,98634.92394868477,76684.1547358028,89789.01352306205,11578.559846527396,89789 ± 11578.6,3,classification
Adult,TabDDPM,Privacy,MIA_AUC,1.0,1.0,1.0,1.0,0.0,1 ± 0,3,classification
Adult,TabDDPM,Privacy,Mahalanobis_Distance,15.322880749198443,15.141939325281662,14.803133028260527,15.089317700913545,0.26383934480739213,15.0893 ± 0.263839,3,classification
Adult,TabDDPM,Privacy,Mean_Distance,15.322880749198443,15.141939325281662,14.803133028260527,15.089317700913545,0.26383934480739213,15.0893 ± 0.263839,3,classification
Adult,TabDDPM,Privacy,Median_Distance,15.139021421038606,15.217110347385727,15.273354273181845,15.209828680535393,0.06746180990251986,15.2098 ± 0.0674618,3,classification
Adult,TabDDPM,Privacy,NNDR,0.9589734409309054,0.9449177774055368,0.9475174965825716,0.9504695716396713,0.007478400874629339,0.95047 ± 0.0074784,3,classification
Adult,TabDDPM,Utility,Accuracy_Gap,0.1559000000000001,0.1116500000000002,0.1616666666666667,0.14307222222222235,0.027364770200901452,0.143072 ± 0.0273648,3,classification
Adult,TabDDPM,Utility,Accuracy_TRTR,0.8237000000000002,0.8237000000000002,0.8237000000000002,0.8237000000000002,0.0,0.8237 ± 0,3,classification
Adult,TabDDPM,Utility,Accuracy_TSTR,0.6678000000000001,0.71205,0.6620333333333335,0.6806277777777779,0.02736477020090144,0.680628 ± 0.0273648,3,classification
Adult,TabDDPM,Utility,F1_Gap,0.2054491435620555,0.1706091657055183,0.2121465566336431,0.19606828863373896,0.022301099539452234,0.196068 ± 0.0223011,3,classification
Adult,TabDDPM,Utility,F1_TRTR,0.8179017788152698,0.8179017788152698,0.8179017788152698,0.8179017788152697,1.3597399555105182e-16,0.817902 ± 1.35974e-16,3,classification
Adult,TabDDPM,Utility,F1_TSTR,0.6124526352532143,0.6472926131097515,0.6057552221816267,0.6218334901815309,0.022301099539452245,0.621833 ± 0.0223011,3,classification
Adult,TabDDPM,Utility,Precision_Gap,0.232456941158879,0.208531066309471,0.2174567847548238,0.21948159740772458,0.01209077216462596,0.219482 ± 0.0120908,3,classification
Adult,TabDDPM,Utility,Precision_TRTR,0.81998538946126,0.81998538946126,0.81998538946126,0.81998538946126,0.0,0.819985 ± 0,3,classification
Adult,TabDDPM,Utility,Precision_TSTR,0.5875284483023809,0.6114543231517889,0.6025286047064361,0.6005037920535353,0.012090772164625958,0.600504 ± 0.0120908,3,classification
Adult,TabDDPM,Utility,ROC_AUC_Gap,0.4203537950313161,0.3245549715083359,0.357900992606928,0.36760325304886,0.0486307931290359,0.367603 ± 0.0486308,3,classification
Adult,TabDDPM,Utility,ROC_AUC_TRTR,0.8297875243504865,0.8297875243504865,0.8297875243504865,0.8297875243504865,0.0,0.829788 ± 0,3,classification
Adult,TabDDPM,Utility,ROC_AUC_TSTR,0.4094337293191704,0.5052325528421506,0.4718865317435585,0.4621842713016265,0.04863079312903592,0.462184 ± 0.0486308,3,classification
Adult,TabDDPM,Utility,Recall_Gap,0.1559000000000001,0.1116500000000002,0.1616666666666667,0.14307222222222235,0.027364770200901452,0.143072 ± 0.0273648,3,classification
Adult,TabDDPM,Utility,Recall_TRTR,0.8237000000000002,0.8237000000000002,0.8237000000000002,0.8237000000000002,0.0,0.8237 ± 0,3,classification
Adult,TabDDPM,Utility,Recall_TSTR,0.6678000000000001,0.71205,0.6620333333333335,0.6806277777777779,0.02736477020090144,0.680628 ± 0.0273648,3,classification
Adult,WGAN_GP,Compute,evaluation_time_seconds,28.78243308980018,28.76520193973556,27.799734736792743,28.449123255442828,0.5624529440309215,28.4491 ± 0.562453,3,classification
Adult,WGAN_GP,Compute,generation_time_seconds,0.0,0.0,0.0,0.0,0.0,0 ± 0,3,classification
Adult,WGAN_GP,Compute,total_time_seconds,303.2849325458519,314.30406087171286,300.36425495380536,305.98441612379,7.351527456787502,305.984 ± 7.35153,3,classification
Adult,WGAN_GP,Compute,training_time_seconds,274.4898052159697,285.5224034120329,272.5519531480968,277.5213872586998,6.996500001691028,277.521 ± 6.9965,3,classification
Adult,WGAN_GP,Fidelity,KS_Complement,0.7095625000000001,0.7282458333333334,0.7348,0.7242027777777778,0.013095517371661203,0.724203 ± 0.0130955,3,classification
Adult,WGAN_GP,Fidelity,MMD,0.0066519258588214,0.0061191243667587,0.0056050127626158,0.006125354329398633,0.0005234843522757582,0.00612535 ± 0.000523484,3,classification
Adult,WGAN_GP,Fidelity,Quality_Score,0.7158520833333333,0.7216383333333333,0.7145283333333334,0.7173395833333333,0.003781205784865396,0.71734 ± 0.00378121,3,classification
Adult,WGAN_GP,Fidelity,Wasserstein_Distance,3401.7244119486727,2225.380367518177,1588.8226393322573,2405.3091395997026,919.7466942348906,2405.31 ± 919.747,3,classification
Adult,WGAN_GP,Privacy,MIA_AUC,0.5814814814814815,0.5499999999999999,0.6058024691358024,0.5790946502057612,0.027977698494821072,0.579095 ± 0.0279777,3,classification
Adult,WGAN_GP,Privacy,Mahalanobis_Distance,3.512806181804062,3.427104000877675,3.530409125599688,3.4901064360938086,0.0552670429816929,3.49011 ± 0.055267,3,classification
Adult,WGAN_GP,Privacy,Mean_Distance,3.512806181804062,3.427104000877675,3.530409125599688,3.4901064360938086,0.0552670429816929,3.49011 ± 0.055267,3,classification
Adult,WGAN_GP,Privacy,Median_Distance,3.3263273193321856,3.2563637687379354,3.276417762985531,3.2863696170185506,0.03602782469091699,3.28637 ± 0.0360278,3,classification
Adult,WGAN_GP,Privacy,NNDR,0.8971603775950459,0.883561291973814,0.887906072177122,0.889542580581994,0.0069456750753840646,0.889543 ± 0.00694568,3,classification
Adult,WGAN_GP,Utility,Accuracy_Gap,0.0241500000000002,0.0304,0.0207166666666669,0.025088888888889032,0.004909467422273944,0.0250889 ± 0.00490947,3,classification
Adult,WGAN_GP,Utility,Accuracy_TRTR,0.8237000000000002,0.8237000000000002,0.8237000000000002,0.8237000000000002,0.0,0.8237 ± 0,3,classification
Adult,WGAN_GP,Utility,Accuracy_TSTR,0.79955,0.7933000000000001,0.8029833333333333,0.7986111111111112,0.004909467422273975,0.798611 ± 0.00490947,3,classification
Adult,WGAN_GP,Utility,F1_Gap,0.0256326566870408,0.032941325859535,0.0448877440569709,0.03448724220118223,0.009720184689986061,0.0344872 ± 0.00972018,3,classification
Adult,WGAN_GP,Utility,F1_TRTR,0.8179017788152698,0.8179017788152698,0.8179017788152698,0.8179017788152697,1.3597399555105182e-16,0.817902 ± 1.35974e-16,3,classification
Adult,WGAN_GP,Utility,F1_TSTR,0.792269122128229,0.7849604529557348,0.7730140347582989,0.7834145366140876,0.009720184689986056,0.783415 ± 0.00972018,3,classification
Adult,WGAN_GP,Utility,Precision_Gap,0.026484910015848,0.0357502245036295,0.029229148875503,0.0304880944649935,0.004759224846269258,0.0304881 ± 0.00475922,3,classification
Adult,WGAN_GP,Utility,Precision_TRTR,0.81998538946126,0.81998538946126,0.81998538946126,0.81998538946126,0.0,0.819985 ± 0,3,classification
Adult,WGAN_GP,Utility,Precision_TSTR,0.7935004794454119,0.7842351649576305,0.7907562405857569,0.7894972949962664,0.004759224846269226,0.789497 ± 0.00475922,3,classification
Adult,WGAN_GP,Utility,ROC_AUC_Gap,0.044334878643917,0.0552595912216153,0.0556763740599206,0.051756947975150965,0.006431077814162205,0.0517569 ± 0.00643108,3,classification
Adult,WGAN_GP,Utility,ROC_AUC_TRTR,0.8297875243504865,0.8297875243504865,0.8297875243504865,0.8297875243504865,0.0,0.829788 ± 0,3,classification
Adult,WGAN_GP,Utility,ROC_AUC_TSTR,0.7854526457065695,0.7745279331288711,0.7741111502905659,0.7780305763753356,0.0064310778141622145,0.778031 ± 0.00643108,3,classification
Adult,WGAN_GP,Utility,Recall_Gap,0.0241500000000002,0.0304,0.0207166666666669,0.025088888888889032,0.004909467422273944,0.0250889 ± 0.00490947,3,classification
Adult,WGAN_GP,Utility,Recall_TRTR,0.8237000000000002,0.8237000000000002,0.8237000000000002,0.8237000000000002,0.0,0.8237 ± 0,3,classification
Adult,WGAN_GP,Utility,Recall_TSTR,0.79955,0.7933000000000001,0.8029833333333333,0.7986111111111112,0.004909467422273975,0.798611 ± 0.00490947,3,classification
Alzheimers,CTABGAN,Compute,evaluation_time_seconds,4.462186658056453,4.37289644498378,4.383989457972348,4.406357520337527,0.04866655112210259,4.40636 ± 0.0486666,3,classification
Alzheimers,CTABGAN,Compute,generation_time_seconds,0.0,0.0,0.0,0.0,0.0,0 ± 0,3,classification
Alzheimers,CTABGAN,Compute,total_time_seconds,43.41830628691241,43.14922354603186,43.22345015103929,43.26365999466119,0.13897483226476795,43.2637 ± 0.138975,3,classification
Alzheimers,CTABGAN,Compute,training_time_seconds,38.9442191820126,38.76553659909405,38.829272442962974,38.846342741356544,0.09055612996945929,38.8463 ± 0.0905561,3,classification
Alzheimers,CTABGAN,Fidelity,KS_Complement,0.7484600550964188,0.7554615855524947,0.7488463422099785,0.750922660952964,0.003935566264680872,0.750923 ± 0.00393557,3,classification
Alzheimers,CTABGAN,Fidelity,MMD,0.0556449258840487,0.0377761136944302,0.0508780853814165,0.04809970831996513,0.00925273724843973,0.0480997 ± 0.00925274,3,classification
Alzheimers,CTABGAN,Fidelity,Quality_Score,0.3496446644410895,0.3487251543861472,0.3484370841350492,0.34893563432076197,0.0006307050824598335,0.348936 ± 0.000630705,3,classification
Alzheimers,CTABGAN,Fidelity,Wasserstein_Distance,33.96841091490299,30.86314151309494,27.169740956486635,30.66709779482819,3.4035721169783004,30.6671 ± 3.40357,3,classification
Alzheimers,CTABGAN,Privacy,MIA_AUC,0.7348314606741574,0.6561797752808989,0.7173533083645443,0.7027881814398668,0.04129926265139609,0.702788 ± 0.0412993,3,classification
Alzheimers,CTABGAN,Privacy,Mahalanobis_Distance,7.069100136041245,7.776142805656382,8.292960181348466,7.712734374348698,0.6143889846795143,7.71273 ± 0.614389,3,classification
Alzheimers,CTABGAN,Privacy,Mean_Distance,7.069100136041245,7.776142805656382,8.292960181348466,7.712734374348698,0.6143889846795143,7.71273 ± 0.614389,3,classification
Alzheimers,CTABGAN,Privacy,Median_Distance,6.192640597267521,6.596797152250179,7.312175014838167,6.700537588118622,0.5669311127085394,6.70054 ± 0.566931,3,classification
Alzheimers,CTABGAN,Privacy,NNDR,0.9108211937678632,0.911042685537558,0.9083827556666624,0.9100822116573611,0.0014759328064827871,0.910082 ± 0.00147593,3,classification
Alzheimers,CTABGAN,Utility,Accuracy_Gap,0.0885964912280703,0.1271929824561403,0.0964912280701755,0.10409356725146203,0.020390413300129903,0.104094 ± 0.0203904,3,classification
Alzheimers,CTABGAN,Utility,Accuracy_TRTR,0.9258771929824562,0.9258771929824562,0.9258771929824562,0.9258771929824562,0.0,0.925877 ± 0,3,classification
Alzheimers,CTABGAN,Utility,Accuracy_TSTR,0.8372807017543858,0.7986842105263159,0.8293859649122807,0.8217836257309941,0.020390413300129886,0.821784 ± 0.0203904,3,classification
Alzheimers,CTABGAN,Utility,F1_Gap,0.0890041332814906,0.1311194892974585,0.0990147756844748,0.10637946608780796,0.022002381726545922,0.106379 ± 0.0220024,3,classification
Alzheimers,CTABGAN,Utility,F1_TRTR,0.9258098934736716,0.9258098934736716,0.9258098934736716,0.9258098934736716,0.0,0.92581 ± 0,3,classification
Alzheimers,CTABGAN,Utility,F1_TSTR,0.8368057601921811,0.7946904041762132,0.8267951177891969,0.8194304273858637,0.022002381726545936,0.81943 ± 0.0220024,3,classification
Alzheimers,CTABGAN,Utility,Precision_Gap,0.0868176699413462,0.1168770554625041,0.0886543025931358,0.09744967599899536,0.016849647162144838,0.0974497 ± 0.0168496,3,classification
Alzheimers,CTABGAN,Utility,Precision_TRTR,0.9271394000040216,0.9271394000040216,0.9271394000040216,0.9271394000040217,1.3597399555105182e-16,0.927139 ± 1.35974e-16,3,classification
Alzheimers,CTABGAN,Utility,Precision_TSTR,0.8403217300626754,0.8102623445415175,0.8384850974108857,0.8296897240050262,0.01684964716214484,0.82969 ± 0.0168496,3,classification
Alzheimers,CTABGAN,Utility,ROC_AUC_Gap,0.0534419034419036,0.0912219912219912,0.0576114576114576,0.06742511742511748,0.020713876927592842,0.0674251 ± 0.0207139,3,classification
Alzheimers,CTABGAN,Utility,ROC_AUC_TRTR,0.9350427350427352,0.9350427350427352,0.9350427350427352,0.9350427350427352,0.0,0.935043 ± 0,3,classification
Alzheimers,CTABGAN,Utility,ROC_AUC_TSTR,0.8816008316008315,0.8438207438207439,0.8774312774312775,0.8676176176176176,0.02071387692759282,0.867618 ± 0.0207139,3,classification
Alzheimers,CTABGAN,Utility,Recall_Gap,0.0885964912280703,0.1271929824561403,0.0964912280701755,0.10409356725146203,0.020390413300129903,0.104094 ± 0.0203904,3,classification
Alzheimers,CTABGAN,Utility,Recall_TRTR,0.9258771929824562,0.9258771929824562,0.9258771929824562,0.9258771929824562,0.0,0.925877 ± 0,3,classification
Alzheimers,CTABGAN,Utility,Recall_TSTR,0.8372807017543858,0.7986842105263159,0.8293859649122807,0.8217836257309941,0.020390413300129886,0.821784 ± 0.0203904,3,classification
Alzheimers,CTGAN,Compute,evaluation_time_seconds,4.161934476112947,4.074735725997016,4.076240465044975,4.104303555718313,0.04991551160761665,4.1043 ± 0.0499155,3,classification
Alzheimers,CTGAN,Compute,generation_time_seconds,0.0,0.0,0.0,0.0,0.0,0 ± 0,3,classification
Alzheimers,CTGAN,Compute,total_time_seconds,37.02561031584628,36.974268415011466,36.83156414609402,36.943814292317256,0.10054386699688106,36.9438 ± 0.100544,3,classification
Alzheimers,CTGAN,Compute,training_time_seconds,32.73505255091004,32.88913309411146,32.74515941017307,32.78978168506486,0.08618911770461135,32.7898 ± 0.0861891,3,classification
Alzheimers,CTGAN,Fidelity,KS_Complement,0.8281821242730334,0.8219366391184573,0.8538028772574225,0.8346405468829711,0.016886316953045946,0.834641 ± 0.0168863,3,classification
Alzheimers,CTGAN,Fidelity,MMD,0.0705756794630848,0.0728329086845382,0.0692324705041902,0.07088035288393774,0.001819452717895576,0.0708804 ± 0.00181945,3,classification
Alzheimers,CTGAN,Fidelity,Quality_Score,0.7149051663345414,0.7066577463120469,0.7083796590482117,0.7099808572315999,0.004350616160238131,0.709981 ± 0.00435062,3,classification
Alzheimers,CTGAN,Fidelity,Wasserstein_Distance,44.14661379330957,14.725172637699403,36.2135100988714,31.695098843293454,15.222264290313644,31.6951 ± 15.2223,3,classification
Alzheimers,CTGAN,Privacy,MIA_AUC,0.8042446941323346,0.8774032459425718,0.9031210986267164,0.8615896795672077,0.05129997565852435,0.86159 ± 0.0513,3,classification
Alzheimers,CTGAN,Privacy,Mahalanobis_Distance,11.613054280670516,11.099523435811587,14.783780694442228,12.498786136974777,1.9954519733376912,12.4988 ± 1.99545,3,classification
Alzheimers,CTGAN,Privacy,Mean_Distance,11.613054280670516,11.099523435811587,14.783780694442228,12.498786136974777,1.9954519733376912,12.4988 ± 1.99545,3,classification
Alzheimers,CTGAN,Privacy,Median_Distance,10.294130810605306,9.93705240998108,12.59008331433634,10.940422178307577,1.4397613148855175,10.9404 ± 1.43976,3,classification
Alzheimers,CTGAN,Privacy,NNDR,0.9296419126844536,0.9374583417802144,0.9435383467133824,0.9368795337260168,0.006966274739973702,0.93688 ± 0.00696627,3,classification
Alzheimers,CTGAN,Utility,Accuracy_Gap,0.4171052631578947,0.4662280701754386,0.5390350877192983,0.47412280701754383,0.06134709187686273,0.474123 ± 0.0613471,3,classification
Alzheimers,CTGAN,Utility,Accuracy_TRTR,0.9258771929824562,0.9258771929824562,0.9258771929824562,0.9258771929824562,0.0,0.925877 ± 0,3,classification
Alzheimers,CTGAN,Utility,Accuracy_TSTR,0.5087719298245614,0.4596491228070175,0.3868421052631579,0.45175438596491224,0.06134709187686269,0.451754 ± 0.0613471,3,classification
Alzheimers,CTGAN,Utility,F1_Gap,0.4242577414120581,0.4832646302183385,0.5410778167427122,0.4828667294577029,0.05841105412356816,0.482867 ± 0.0584111,3,classification
Alzheimers,CTGAN,Utility,F1_TRTR,0.9258098934736716,0.9258098934736716,0.9258098934736716,0.9258098934736716,0.0,0.92581 ± 0,3,classification
Alzheimers,CTGAN,Utility,F1_TSTR,0.5015521520616136,0.4425452632553332,0.3847320767309596,0.44294316401596884,0.05841105412356814,0.442943 ± 0.0584111,3,classification
Alzheimers,CTGAN,Utility,Precision_Gap,0.4197942035403336,0.4621738380913881,0.5409847918150752,0.4743176111489323,0.06150116331947988,0.474318 ± 0.0615012,3,classification
Alzheimers,CTGAN,Utility,Precision_TRTR,0.9271394000040216,0.9271394000040216,0.9271394000040216,0.9271394000040217,1.3597399555105182e-16,0.927139 ± 1.35974e-16,3,classification
Alzheimers,CTGAN,Utility,Precision_TSTR,0.507345196463688,0.4649655619126335,0.3861546081889465,0.45282178885508934,0.061501163319479836,0.452822 ± 0.0615012,3,classification
Alzheimers,CTGAN,Utility,ROC_AUC_Gap,0.4265419265419266,0.4780203280203282,0.5680526680526682,0.4908716408716409,0.07162534238823379,0.490872 ± 0.0716253,3,classification
Alzheimers,CTGAN,Utility,ROC_AUC_TRTR,0.9350427350427352,0.9350427350427352,0.9350427350427352,0.9350427350427352,0.0,0.935043 ± 0,3,classification
Alzheimers,CTGAN,Utility,ROC_AUC_TSTR,0.5085008085008086,0.457022407022407,0.366990066990067,0.4441710941710942,0.07162534238823379,0.444171 ± 0.0716253,3,classification
Alzheimers,CTGAN,Utility,Recall_Gap,0.4171052631578947,0.4662280701754386,0.5390350877192983,0.47412280701754383,0.06134709187686273,0.474123 ± 0.0613471,3,classification
Alzheimers,CTGAN,Utility,Recall_TRTR,0.9258771929824562,0.9258771929824562,0.9258771929824562,0.9258771929824562,0.0,0.925877 ± 0,3,classification
Alzheimers,CTGAN,Utility,Recall_TSTR,0.5087719298245614,0.4596491228070175,0.3868421052631579,0.45175438596491224,0.06134709187686269,0.451754 ± 0.0613471,3,classification
Alzheimers,CopulaGAN,Compute,evaluation_time_seconds,4.123214832972735,4.050322403199971,4.185955327004194,4.1198308543923,0.067879753890208,4.11983 ± 0.0678798,3,classification
Alzheimers,CopulaGAN,Compute,generation_time_seconds,0.0,0.0,0.0,0.0,0.0,0 ± 0,3,classification
Alzheimers,CopulaGAN,Compute,total_time_seconds,37.356983623001724,36.99619964603335,37.3053615251556,37.219514931396894,0.19511150082519269,37.2195 ± 0.195112,3,classification
Alzheimers,CopulaGAN,Compute,training_time_seconds,33.223739153007045,32.93583711795509,33.10934106097557,33.0896391106459,0.14495868577584103,33.0896 ± 0.144959,3,classification
Alzheimers,CopulaGAN,Fidelity,KS_Complement,0.8018965411692686,0.7843942454851546,0.8254612794612793,0.8039173553719009,0.020607961748562536,0.803917 ± 0.020608,3,classification
Alzheimers,CopulaGAN,Fidelity,MMD,0.0850799339786176,0.1226635990367519,0.0677304571782714,0.09182466339788031,0.028080795035313487,0.0918247 ± 0.0280808,3,classification
Alzheimers,CopulaGAN,Fidelity,Quality_Score,0.6896469432799082,0.6749048577360341,0.7103220887205689,0.6916246299121704,0.017791247734898857,0.691625 ± 0.0177912,3,classification
Alzheimers,CopulaGAN,Fidelity,Wasserstein_Distance,51.30485516318484,61.15327720287897,33.22658062510612,48.56157099705664,14.164014312646136,48.5616 ± 14.164,3,classification
Alzheimers,CopulaGAN,Privacy,MIA_AUC,0.8144818976279651,0.8942571785268415,0.8199750312109864,0.8429047024552642,0.044557280304700596,0.842905 ± 0.0445573,3,classification
Alzheimers,CopulaGAN,Privacy,Mahalanobis_Distance,12.73714926275953,12.746408678355998,10.915305309326492,12.132954416814007,1.0545252229881243,12.133 ± 1.05453,3,classification
Alzheimers,CopulaGAN,Privacy,Mean_Distance,12.73714926275953,12.746408678355998,10.915305309326492,12.132954416814007,1.0545252229881243,12.133 ± 1.05453,3,classification
Alzheimers,CopulaGAN,Privacy,Median_Distance,11.528706404464952,11.74436788570418,9.772375120644949,11.015149803604695,1.081662679894636,11.0151 ± 1.08166,3,classification
Alzheimers,CopulaGAN,Privacy,NNDR,0.9425083316979064,0.946533478490554,0.9254061104304953,0.9381493068729853,0.011217942919916605,0.938149 ± 0.0112179,3,classification
Alzheimers,CopulaGAN,Utility,Accuracy_Gap,0.4714912280701755,0.3206140350877194,0.5241228070175439,0.4387426900584796,0.10563287897015752,0.438743 ± 0.105633,3,classification
Alzheimers,CopulaGAN,Utility,Accuracy_TRTR,0.9258771929824562,0.9258771929824562,0.9258771929824562,0.9258771929824562,0.0,0.925877 ± 0,3,classification
Alzheimers,CopulaGAN,Utility,Accuracy_TSTR,0.4543859649122806,0.6052631578947367,0.4017543859649122,0.4871345029239765,0.10563287897015755,0.487135 ± 0.105633,3,classification
Alzheimers,CopulaGAN,Utility,F1_Gap,0.5070811991681516,0.3221045876753309,0.5801395908022564,0.469775125881913,0.13300121442192464,0.469775 ± 0.133001,3,classification
Alzheimers,CopulaGAN,Utility,F1_TRTR,0.9258098934736716,0.9258098934736716,0.9258098934736716,0.9258098934736716,0.0,0.92581 ± 0,3,classification
Alzheimers,CopulaGAN,Utility,F1_TSTR,0.41872869430552,0.6037053057983408,0.3456703026714152,0.45603476759175865,0.13300121442192467,0.456035 ± 0.133001,3,classification
Alzheimers,CopulaGAN,Utility,Precision_Gap,0.5052620356933676,0.3206122820339637,0.5830431536605452,0.46963915712929216,0.13479329621151406,0.469639 ± 0.134793,3,classification
Alzheimers,CopulaGAN,Utility,Precision_TRTR,0.9271394000040216,0.9271394000040216,0.9271394000040216,0.9271394000040217,1.3597399555105182e-16,0.927139 ± 1.35974e-16,3,classification
Alzheimers,CopulaGAN,Utility,Precision_TSTR,0.421877364310654,0.6065271179700579,0.3440962463434764,0.45750024287472946,0.13479329621151404,0.4575 ± 0.134793,3,classification
Alzheimers,CopulaGAN,Utility,ROC_AUC_Gap,0.5312081312081314,0.3109494109494111,0.5835296835296837,0.47522907522907537,0.14465559885885387,0.475229 ± 0.144656,3,classification
Alzheimers,CopulaGAN,Utility,ROC_AUC_TRTR,0.9350427350427352,0.9350427350427352,0.9350427350427352,0.9350427350427352,0.0,0.935043 ± 0,3,classification
Alzheimers,CopulaGAN,Utility,ROC_AUC_TSTR,0.4038346038346037,0.6240933240933241,0.3515130515130514,0.45981365981365974,0.1446555988588539,0.459814 ± 0.144656,3,classification
Alzheimers,CopulaGAN,Utility,Recall_Gap,0.4714912280701755,0.3206140350877194,0.5241228070175439,0.4387426900584796,0.10563287897015752,0.438743 ± 0.105633,3,classification
Alzheimers,CopulaGAN,Utility,Recall_TRTR,0.9258771929824562,0.9258771929824562,0.9258771929824562,0.9258771929824562,0.0,0.925877 ± 0,3,classification
Alzheimers,CopulaGAN,Utility,Recall_TSTR,0.4543859649122806,0.6052631578947367,0.4017543859649122,0.4871345029239765,0.10563287897015755,0.487135 ± 0.105633,3,classification
Alzheimers,ForestDiffusion,Compute,evaluation_time_seconds,3.823541722958908,3.689114676089957,3.728653565049171,3.747103321366012,0.0690865606582778,3.7471 ± 0.0690866,3,classification
Alzheimers,ForestDiffusion,Compute,generation_time_seconds,0.0,0.0,0.0,0.0,0.0,0 ± 0,3,classification
Alzheimers,ForestDiffusion,Compute,total_time_seconds,6.379699721001089,4.841795132961124,4.866431330097839,5.362642061353351,0.8808839014526489,5.36264 ± 0.880884,3,classification
Alzheimers,ForestDiffusion,Compute,training_time_seconds,2.5459397700615227,1.1411611859221011,1.1268645317759365,1.6046551625865202,0.8152077237011258,1.60466 ± 0.815208,3,classification
Alzheimers,ForestDiffusion,Fidelity,KS_Complement,0.8308674625038261,0.8276345270890725,0.8329479644934191,0.8304833180287726,0.0026774669924694,0.830483 ± 0.00267747,3,classification
Alzheimers,ForestDiffusion,Fidelity,MMD,0.0117370578873855,0.0157471883644724,0.013816616660474,0.013766954304110632,0.0020055264578272133,0.013767 ± 0.00200553,3,classification
Alzheimers,ForestDiffusion,Fidelity,Quality_Score,0.4207721161469035,0.4220811273194855,0.4214304203226523,0.42142788792968044,0.0006545092606271759,0.421428 ± 0.000654509,3,classification
Alzheimers,ForestDiffusion,Fidelity,Wasserstein_Distance,9.379389549641392,9.258779680075868,9.62953744349869,9.422568891071982,0.18911285368625225,9.42257 ± 0.189113,3,classification
Alzheimers,ForestDiffusion,Privacy,MIA_AUC,0.4621722846441947,0.5063670411985018,0.3675405742821473,0.44535996670828126,0.07092381479378486,0.44536 ± 0.0709238,3,classification
Alzheimers,ForestDiffusion,Privacy,Mahalanobis_Distance,2.976645785704398,2.905180703712408,2.91018265334623,2.930669714254345,0.03989491489551126,2.93067 ± 0.0398949,3,classification
Alzheimers,ForestDiffusion,Privacy,Mean_Distance,2.976645785704398,2.905180703712408,2.91018265334623,2.930669714254345,0.03989491489551126,2.93067 ± 0.0398949,3,classification
Alzheimers,ForestDiffusion,Privacy,Median_Distance,2.73864341100138,2.732080851016331,2.678744717646751,2.716489659888154,0.03285235603414899,2.71649 ± 0.0328524,3,classification
Alzheimers,ForestDiffusion,Privacy,NNDR,0.8339722197304631,0.8279997863512556,0.827942629628128,0.8299715452366155,0.00346480360583991,0.829972 ± 0.0034648,3,classification
Alzheimers,ForestDiffusion,Utility,Accuracy_Gap,-0.0013157894736842,-0.0127192982456139,0.0118421052631579,-0.0007309941520467333,0.01229114009180327,-0.000730994 ± 0.0122911,3,classification
Alzheimers,ForestDiffusion,Utility,Accuracy_TRTR,0.9258771929824562,0.9258771929824562,0.9258771929824562,0.9258771929824562,0.0,0.925877 ± 0,3,classification
Alzheimers,ForestDiffusion,Utility,Accuracy_TSTR,0.9271929824561403,0.93859649122807,0.9140350877192982,0.9266081871345029,0.012291140091803264,0.926608 ± 0.0122911,3,classification
Alzheimers,ForestDiffusion,Utility,F1_Gap,-0.0012949087876238,-0.0127815788941164,0.0117960843134669,-0.0007601344560911003,0.012297555443078846,-0.000760134 ± 0.0122976,3,classification
Alzheimers,ForestDiffusion,Utility,F1_TRTR,0.9258098934736716,0.9258098934736716,0.9258098934736716,0.9258098934736716,0.0,0.92581 ± 0,3,classification
Alzheimers,ForestDiffusion,Utility,F1_TSTR,0.9271048022612955,0.9385914723677882,0.9140138091602048,0.9265700279297628,0.012297555443078879,0.92657 ± 0.0122976,3,classification
Alzheimers,ForestDiffusion,Utility,Precision_Gap,-0.0015326916192869,-0.0125007892720031,0.0121070071807701,-0.0006421579035066337,0.012328045233916259,-0.000642158 ± 0.012328,3,classification
Alzheimers,ForestDiffusion,Utility,Precision_TRTR,0.9271394000040216,0.9271394000040216,0.9271394000040216,0.9271394000040217,1.3597399555105182e-16,0.927139 ± 1.35974e-16,3,classification
Alzheimers,ForestDiffusion,Utility,Precision_TSTR,0.9286720916233084,0.9396401892760248,0.9150323928232514,0.9277815579075281,0.012328045233916323,0.927782 ± 0.012328,3,classification
Alzheimers,ForestDiffusion,Utility,ROC_AUC_Gap,0.0027027027027028,-0.0194617694617691,0.0012127512127512,-0.005182105182105033,0.012388970813410517,-0.00518211 ± 0.012389,3,classification
Alzheimers,ForestDiffusion,Utility,ROC_AUC_TRTR,0.9350427350427352,0.9350427350427352,0.9350427350427352,0.9350427350427352,0.0,0.935043 ± 0,3,classification
Alzheimers,ForestDiffusion,Utility,ROC_AUC_TSTR,0.9323400323400324,0.9545045045045044,0.933829983829984,0.9402248402248402,0.012388970813410605,0.940225 ± 0.012389,3,classification
Alzheimers,ForestDiffusion,Utility,Recall_Gap,-0.0013157894736842,-0.0127192982456139,0.0118421052631579,-0.0007309941520467333,0.01229114009180327,-0.000730994 ± 0.0122911,3,classification
Alzheimers,ForestDiffusion,Utility,Recall_TRTR,0.9258771929824562,0.9258771929824562,0.9258771929824562,0.9258771929824562,0.0,0.925877 ± 0,3,classification
Alzheimers,ForestDiffusion,Utility,Recall_TSTR,0.9271929824561403,0.93859649122807,0.9140350877192982,0.9266081871345029,0.012291140091803264,0.926608 ± 0.0122911,3,classification
Alzheimers,GaussianCopula,Compute,evaluation_time_seconds,4.010792660992593,4.021398341050372,4.008904603077099,4.013698535040021,0.006734719750727926,4.0137 ± 0.00673472,3,classification
Alzheimers,GaussianCopula,Compute,generation_time_seconds,0.0,0.0,0.0,0.0,0.0,0 ± 0,3,classification
Alzheimers,GaussianCopula,Compute,total_time_seconds,4.476167932152748,4.479076204122976,4.475019600009546,4.476754578761756,0.0020909626768958927,4.47675 ± 0.00209096,3,classification
Alzheimers,GaussianCopula,Compute,training_time_seconds,0.454890307970345,0.4473611500579864,0.4559504950884729,0.45273398437226814,0.004683109074952605,0.452734 ± 0.00468311,3,classification
Alzheimers,GaussianCopula,Fidelity,KS_Complement,0.8702384450566268,0.8702384450566268,0.8702384450566268,0.8702384450566268,0.0,0.870238 ± 0,3,classification
Alzheimers,GaussianCopula,Fidelity,MMD,0.0535862416169077,0.0535862416169077,0.0535862416169077,0.0535862416169077,0.0,0.0535862 ± 0,3,classification
Alzheimers,GaussianCopula,Fidelity,Quality_Score,0.7942522552481575,0.7942522552481575,0.7942522552481575,0.7942522552481575,0.0,0.794252 ± 0,3,classification
Alzheimers,GaussianCopula,Fidelity,Wasserstein_Distance,42.22296188445829,42.22296188445829,42.22296188445829,42.22296188445829,0.0,42.223 ± 0,3,classification
Alzheimers,GaussianCopula,Privacy,MIA_AUC,0.9403245942571784,0.9403245942571784,0.9403245942571784,0.9403245942571784,0.0,0.940325 ± 0,3,classification
Alzheimers,GaussianCopula,Privacy,Mahalanobis_Distance,4.444467059076343,4.444467059076343,4.444467059076343,4.444467059076343,0.0,4.44447 ± 0,3,classification
Alzheimers,GaussianCopula,Privacy,Mean_Distance,4.444467059076343,4.444467059076343,4.444467059076343,4.444467059076343,0.0,4.44447 ± 0,3,classification
Alzheimers,GaussianCopula,Privacy,Median_Distance,4.253740755734556,4.253740755734556,4.253740755734556,4.253740755734556,0.0,4.25374 ± 0,3,classification
Alzheimers,GaussianCopula,Privacy,NNDR,0.8954736124791409,0.8954736124791409,0.8954736124791409,0.8954736124791408,1.3597399555105182e-16,0.895474 ± 1.35974e-16,3,classification
Alzheimers,GaussianCopula,Utility,Accuracy_Gap,0.131578947368421,0.131578947368421,0.131578947368421,0.131578947368421,0.0,0.131579 ± 0,3,classification
Alzheimers,GaussianCopula,Utility,Accuracy_TRTR,0.9258771929824562,0.9258771929824562,0.9258771929824562,0.9258771929824562,0.0,0.925877 ± 0,3,classification
Alzheimers,GaussianCopula,Utility,Accuracy_TSTR,0.7942982456140352,0.7942982456140352,0.7942982456140352,0.7942982456140352,0.0,0.794298 ± 0,3,classification
Alzheimers,GaussianCopula,Utility,F1_Gap,0.1326829561905622,0.1326829561905622,0.1326829561905622,0.1326829561905622,0.0,0.132683 ± 0,3,classification
Alzheimers,GaussianCopula,Utility,F1_TRTR,0.9258098934736716,0.9258098934736716,0.9258098934736716,0.9258098934736716,0.0,0.92581 ± 0,3,classification
Alzheimers,GaussianCopula,Utility,F1_TSTR,0.7931269372831095,0.7931269372831095,0.7931269372831095,0.7931269372831095,0.0,0.793127 ± 0,3,classification
Alzheimers,GaussianCopula,Utility,Precision_Gap,0.1281705378561312,0.1281705378561312,0.1281705378561312,0.1281705378561312,0.0,0.128171 ± 0,3,classification
Alzheimers,GaussianCopula,Utility,Precision_TRTR,0.9271394000040216,0.9271394000040216,0.9271394000040216,0.9271394000040217,1.3597399555105182e-16,0.927139 ± 1.35974e-16,3,classification
Alzheimers,GaussianCopula,Utility,Precision_TSTR,0.7989688621478904,0.7989688621478904,0.7989688621478904,0.7989688621478904,0.0,0.798969 ± 0,3,classification
Alzheimers,GaussianCopula,Utility,ROC_AUC_Gap,0.0907253407253407,0.0907253407253407,0.0907253407253407,0.0907253407253407,0.0,0.0907253 ± 0,3,classification
Alzheimers,GaussianCopula,Utility,ROC_AUC_TRTR,0.9350427350427352,0.9350427350427352,0.9350427350427352,0.9350427350427352,0.0,0.935043 ± 0,3,classification
Alzheimers,GaussianCopula,Utility,ROC_AUC_TSTR,0.8443173943173944,0.8443173943173944,0.8443173943173944,0.8443173943173944,0.0,0.844317 ± 0,3,classification
Alzheimers,GaussianCopula,Utility,Recall_Gap,0.131578947368421,0.131578947368421,0.131578947368421,0.131578947368421,0.0,0.131579 ± 0,3,classification
Alzheimers,GaussianCopula,Utility,Recall_TRTR,0.9258771929824562,0.9258771929824562,0.9258771929824562,0.9258771929824562,0.0,0.925877 ± 0,3,classification
Alzheimers,GaussianCopula,Utility,Recall_TSTR,0.7942982456140352,0.7942982456140352,0.7942982456140352,0.7942982456140352,0.0,0.794298 ± 0,3,classification
Alzheimers,TVAE,Compute,evaluation_time_seconds,3.608078077202663,3.641380964079872,3.689304483123124,3.6462545081352196,0.040831921684307805,3.64625 ± 0.0408319,3,classification
Alzheimers,TVAE,Compute,generation_time_seconds,0.0,0.0,0.0,0.0,0.0,0 ± 0,3,classification
Alzheimers,TVAE,Compute,total_time_seconds,8.049164606956765,8.066062066005543,8.502229867037386,8.205818846666565,0.25683847215425065,8.20582 ± 0.256838,3,classification
Alzheimers,TVAE,Compute,training_time_seconds,4.430929583963007,4.413788818987086,4.801659080898389,4.548792494616161,0.2191565292194387,4.54879 ± 0.219157,3,classification
Alzheimers,TVAE,Fidelity,KS_Complement,0.8297251300887664,0.8291802877257421,0.8257826752372207,0.8282293643505764,0.002136335416828644,0.828229 ± 0.00213634,3,classification
Alzheimers,TVAE,Fidelity,MMD,0.0551730536617764,0.0572210336265839,0.0569493258384473,0.05644780437560253,0.0011122941685245418,0.0564478 ± 0.00111229,3,classification
Alzheimers,TVAE,Fidelity,Quality_Score,0.741718507117864,0.7450075646352277,0.7237414236269654,0.736822498460019,0.011447286312881921,0.736822 ± 0.0114473,3,classification
Alzheimers,TVAE,Fidelity,Wasserstein_Distance,19.209077684986024,22.16619846495492,16.93017910090106,19.435151750280667,2.6253203247291332,19.4352 ± 2.62532,3,classification
Alzheimers,TVAE,Privacy,MIA_AUC,0.8181023720349563,0.8274656679151061,0.7800249687890137,0.8085310029130254,0.025126943975427952,0.808531 ± 0.0251269,3,classification
Alzheimers,TVAE,Privacy,Mahalanobis_Distance,5.890887110186368,5.567999816682139,5.9393207851492535,5.799402570672587,0.20185856715377565,5.7994 ± 0.201859,3,classification
Alzheimers,TVAE,Privacy,Mean_Distance,5.890887110186368,5.567999816682139,5.9393207851492535,5.799402570672587,0.20185856715377565,5.7994 ± 0.201859,3,classification
Alzheimers,TVAE,Privacy,Median_Distance,5.056494255390577,4.909048364282695,5.1349551856319575,5.033499268435077,0.11469546657058698,5.0335 ± 0.114695,3,classification
Alzheimers,TVAE,Privacy,NNDR,0.8598239573541933,0.876939634593074,0.8654997937978013,0.8674211285816895,0.00871809883806207,0.867421 ± 0.0087181,3,classification
Alzheimers,TVAE,Utility,Accuracy_Gap,0.0359649122807019,0.0333333333333334,0.0627192982456138,0.04400584795321636,0.01625965000618342,0.0440058 ± 0.0162597,3,classification
Alzheimers,TVAE,Utility,Accuracy_TRTR,0.9258771929824562,0.9258771929824562,0.9258771929824562,0.9258771929824562,0.0,0.925877 ± 0,3,classification
Alzheimers,TVAE,Utility,Accuracy_TSTR,0.8899122807017542,0.8925438596491228,0.8631578947368423,0.8818713450292398,0.016259650006183412,0.881871 ± 0.0162597,3,classification
Alzheimers,TVAE,Utility,F1_Gap,0.036724195736887,0.0345733586903329,0.0654711766984015,0.045589577041873795,0.017251522503160092,0.0455896 ± 0.0172515,3,classification
Alzheimers,TVAE,Utility,F1_TRTR,0.9258098934736716,0.9258098934736716,0.9258098934736716,0.9258098934736716,0.0,0.92581 ± 0,3,classification
Alzheimers,TVAE,Utility,F1_TSTR,0.8890856977367847,0.8912365347833388,0.8603387167752702,0.880220316431798,0.01725152250316009,0.88022 ± 0.0172515,3,classification
Alzheimers,TVAE,Utility,Precision_Gap,0.031587977973676,0.025400072397513,0.0487864408814801,0.0352581637508897,0.012117477272370626,0.0352582 ± 0.0121175,3,classification
Alzheimers,TVAE,Utility,Precision_TRTR,0.9271394000040216,0.9271394000040216,0.9271394000040216,0.9271394000040217,1.3597399555105182e-16,0.927139 ± 1.35974e-16,3,classification
Alzheimers,TVAE,Utility,Precision_TSTR,0.8955514220303455,0.9017393276065084,0.8783529591225415,0.8918812362531319,0.01211747727237054,0.891881 ± 0.0121175,3,classification
Alzheimers,TVAE,Utility,ROC_AUC_Gap,0.0280549780549783,0.0237930237930239,0.0258258258258258,0.025891275891276,0.0021317308263588057,0.0258913 ± 0.00213173,3,classification
Alzheimers,TVAE,Utility,ROC_AUC_TRTR,0.9350427350427352,0.9350427350427352,0.9350427350427352,0.9350427350427352,0.0,0.935043 ± 0,3,classification
Alzheimers,TVAE,Utility,ROC_AUC_TSTR,0.9069877569877568,0.9112497112497112,0.9092169092169092,0.9091514591514591,0.0021317308263588118,0.909151 ± 0.00213173,3,classification
Alzheimers,TVAE,Utility,Recall_Gap,0.0359649122807019,0.0333333333333334,0.0627192982456138,0.04400584795321636,0.01625965000618342,0.0440058 ± 0.0162597,3,classification
Alzheimers,TVAE,Utility,Recall_TRTR,0.9258771929824562,0.9258771929824562,0.9258771929824562,0.9258771929824562,0.0,0.925877 ± 0,3,classification
Alzheimers,TVAE,Utility,Recall_TSTR,0.8899122807017542,0.8925438596491228,0.8631578947368423,0.8818713450292398,0.016259650006183412,0.881871 ± 0.0162597,3,classification
Alzheimers,TabDDPM,Compute,evaluation_time_seconds,3.672167156124488,3.700495629804209,3.64894324191846,3.673868675949052,0.02581827940560169,3.67387 ± 0.0258183,3,classification
Alzheimers,TabDDPM,Compute,generation_time_seconds,0.0,0.0,0.0,0.0,0.0,0 ± 0,3,classification
Alzheimers,TabDDPM,Compute,total_time_seconds,23.592009072192013,23.65701805311255,23.60003789095208,23.61635500541888,0.03544330780942645,23.6164 ± 0.0354433,3,classification
Alzheimers,TabDDPM,Compute,training_time_seconds,19.90962187689729,19.93851926201023,19.93932082084939,19.929153986585636,0.01692005040776651,19.9292 ± 0.0169201,3,classification
Alzheimers,TabDDPM,Fidelity,KS_Complement,0.6079923477196205,0.7118573614937251,0.6409274563820019,0.6535923885317825,0.05307810896539784,0.653592 ± 0.0530781,3,classification
Alzheimers,TabDDPM,Fidelity,MMD,0.1511069390794581,0.1568785168932504,0.1593857406937181,0.15579039888880888,0.004245307955350342,0.15579 ± 0.00424531,3,classification
Alzheimers,TabDDPM,Fidelity,Quality_Score,0.4166279094815032,0.4789141724259753,0.413072270886954,0.43620478426481074,0.03703011638220333,0.436205 ± 0.0370301,3,classification
Alzheimers,TabDDPM,Fidelity,Wasserstein_Distance,80.42811215079217,53.65733699018221,64.77242133667094,66.28595682588178,13.44941236384729,66.286 ± 13.4494,3,classification
Alzheimers,TabDDPM,Privacy,MIA_AUC,0.8611735330836454,0.8392009987515605,0.7853932584269663,0.828589263420724,0.03898870608021281,0.828589 ± 0.0389887,3,classification
Alzheimers,TabDDPM,Privacy,Mahalanobis_Distance,9.63325810140809,7.107055079917257,11.356326578815288,9.365546586713545,2.137248034076021,9.36555 ± 2.13725,3,classification
Alzheimers,TabDDPM,Privacy,Mean_Distance,9.63325810140809,7.107055079917257,11.356326578815288,9.365546586713545,2.137248034076021,9.36555 ± 2.13725,3,classification
Alzheimers,TabDDPM,Privacy,Median_Distance,10.229408871148095,6.597671647072564,11.437217576817266,9.421432698345974,2.5189125279352402,9.42143 ± 2.51891,3,classification
Alzheimers,TabDDPM,Privacy,NNDR,0.9190083052875568,0.9067259058760204,0.9092335209233078,0.9116559106956283,0.0064896311900530974,0.911656 ± 0.00648963,3,classification
Alzheimers,TabDDPM,Utility,Accuracy_Gap,0.4635964912280703,0.4346491228070175,0.3951754385964914,0.4311403508771931,0.034345213948161174,0.43114 ± 0.0343452,3,classification
Alzheimers,TabDDPM,Utility,Accuracy_TRTR,0.9258771929824562,0.9258771929824562,0.9258771929824562,0.9258771929824562,0.0,0.925877 ± 0,3,classification
Alzheimers,TabDDPM,Utility,Accuracy_TSTR,0.4622807017543859,0.4912280701754386,0.5307017543859648,0.4947368421052631,0.034345213948161174,0.494737 ± 0.0343452,3,classification
Alzheimers,TabDDPM,Utility,F1_Gap,0.4641474953487705,0.4971464028388908,0.3962871522247055,0.4525270168041223,0.051423960853076364,0.452527 ± 0.051424,3,classification
Alzheimers,TabDDPM,Utility,F1_TRTR,0.9258098934736716,0.9258098934736716,0.9258098934736716,0.9258098934736716,0.0,0.92581 ± 0,3,classification
Alzheimers,TabDDPM,Utility,F1_TSTR,0.4616623981249012,0.4286634906347809,0.5295227412489661,0.47328287666954943,0.051423960853076364,0.473283 ± 0.051424,3,classification
Alzheimers,TabDDPM,Utility,Precision_Gap,0.4646122514798139,0.508278871784509,0.3936412681006184,0.45551079712164705,0.0578582094276304,0.455511 ± 0.0578582,3,classification
Alzheimers,TabDDPM,Utility,Precision_TRTR,0.9271394000040216,0.9271394000040216,0.9271394000040216,0.9271394000040217,1.3597399555105182e-16,0.927139 ± 1.35974e-16,3,classification
Alzheimers,TabDDPM,Utility,Precision_TSTR,0.4625271485242077,0.4188605282195125,0.5334981319034032,0.47162860288237446,0.05785820942763045,0.471629 ± 0.0578582,3,classification
Alzheimers,TabDDPM,Utility,ROC_AUC_Gap,0.4843497343497345,0.4182259182259183,0.4203164703164704,0.440964040964041,0.03758764949992058,0.440964 ± 0.0375876,3,classification
Alzheimers,TabDDPM,Utility,ROC_AUC_TRTR,0.9350427350427352,0.9350427350427352,0.9350427350427352,0.9350427350427352,0.0,0.935043 ± 0,3,classification
Alzheimers,TabDDPM,Utility,ROC_AUC_TSTR,0.4506930006930006,0.5168168168168168,0.5147262647262647,0.49407869407869404,0.03758764949992058,0.494079 ± 0.0375876,3,classification
Alzheimers,TabDDPM,Utility,Recall_Gap,0.4635964912280703,0.4346491228070175,0.3951754385964914,0.4311403508771931,0.034345213948161174,0.43114 ± 0.0343452,3,classification
Alzheimers,TabDDPM,Utility,Recall_TRTR,0.9258771929824562,0.9258771929824562,0.9258771929824562,0.9258771929824562,0.0,0.925877 ± 0,3,classification
Alzheimers,TabDDPM,Utility,Recall_TSTR,0.4622807017543859,0.4912280701754386,0.5307017543859648,0.4947368421052631,0.034345213948161174,0.494737 ± 0.0343452,3,classification
Alzheimers,WGAN_GP,Compute,evaluation_time_seconds,7.795567374676466,6.952770674135536,7.674720340874046,7.474352796562016,0.45572681972964296,7.47435 ± 0.455727,3,classification
Alzheimers,WGAN_GP,Compute,generation_time_seconds,0.0,0.0,0.0,0.0,0.0,0 ± 0,3,classification
Alzheimers,WGAN_GP,Compute,total_time_seconds,19.919721561018378,18.992173715028912,20.05614069616422,19.65601199073717,0.5789330594550375,19.656 ± 0.578933,3,classification
Alzheimers,WGAN_GP,Compute,training_time_seconds,11.941902108956128,12.02736787777394,12.369029338937253,12.112766441889107,0.22600686651634339,12.1128 ± 0.226007,3,classification
Alzheimers,WGAN_GP,Fidelity,KS_Complement,0.8064530149984694,0.7871533516988063,0.7398711355984081,0.7778258340985613,0.0342569497262707,0.777826 ± 0.0342569,3,classification
Alzheimers,WGAN_GP,Fidelity,MMD,0.0237276721965419,0.058639924344832,0.0771640945489608,0.053177230363444905,0.027133808756000983,0.0531772 ± 0.0271338,3,classification
Alzheimers,WGAN_GP,Fidelity,Quality_Score,0.517244362937334,0.5001172102477994,0.4927794779994748,0.5033803503948694,0.012554629085330933,0.50338 ± 0.0125546,3,classification
Alzheimers,WGAN_GP,Fidelity,Wasserstein_Distance,19.07347163801833,42.28957024754322,28.40655517910724,29.92319902155626,11.682121599710593,29.9232 ± 11.6821,3,classification
Alzheimers,WGAN_GP,Privacy,MIA_AUC,0.8397003745318352,0.926342072409488,0.8526841448189763,0.8729088639200998,0.04672767274132244,0.872909 ± 0.0467277,3,classification
Alzheimers,WGAN_GP,Privacy,Mahalanobis_Distance,5.003241359065629,4.660612630077525,4.123319618784013,4.595724535975722,0.44353513482268825,4.59572 ± 0.443535,3,classification
Alzheimers,WGAN_GP,Privacy,Mean_Distance,5.003241359065629,4.660612630077525,4.123319618784013,4.595724535975722,0.44353513482268825,4.59572 ± 0.443535,3,classification
Alzheimers,WGAN_GP,Privacy,Median_Distance,4.460936939332589,4.457611788092494,3.822032480624914,4.246860402683333,0.3679155292700317,4.24686 ± 0.367916,3,classification
Alzheimers,WGAN_GP,Privacy,NNDR,0.900601684887477,0.916864074907522,0.8962113643972534,0.9045590413974175,0.010880216714997722,0.904559 ± 0.0108802,3,classification
Alzheimers,WGAN_GP,Utility,Accuracy_Gap,0.1964912280701753,0.2912280701754388,0.1214912280701754,0.2030701754385965,0.08505945452049478,0.20307 ± 0.0850595,3,classification
Alzheimers,WGAN_GP,Utility,Accuracy_TRTR,0.9258771929824562,0.9258771929824562,0.9258771929824562,0.9258771929824562,0.0,0.925877 ± 0,3,classification
Alzheimers,WGAN_GP,Utility,Accuracy_TSTR,0.7293859649122808,0.6346491228070174,0.8043859649122808,0.7228070175438597,0.08505945452049479,0.722807 ± 0.0850595,3,classification
Alzheimers,WGAN_GP,Utility,F1_Gap,0.2003449632990854,0.3281631912649417,0.1265527852917182,0.21835364661858178,0.10200452664146052,0.218354 ± 0.102005,3,classification
Alzheimers,WGAN_GP,Utility,F1_TRTR,0.9258098934736716,0.9258098934736716,0.9258098934736716,0.9258098934736716,0.0,0.92581 ± 0,3,classification
Alzheimers,WGAN_GP,Utility,F1_TSTR,0.7254649301745862,0.59764670220873,0.7992571081819535,0.7074562468550899,0.10200452664146054,0.707456 ± 0.102005,3,classification
Alzheimers,WGAN_GP,Utility,Precision_Gap,0.1742246104078889,0.1914191522075116,0.0810137815980336,0.1488858480711447,0.0594043443059727,0.148886 ± 0.0594043,3,classification
Alzheimers,WGAN_GP,Utility,Precision_TRTR,0.9271394000040216,0.9271394000040216,0.9271394000040216,0.9271394000040217,1.3597399555105182e-16,0.927139 ± 1.35974e-16,3,classification
Alzheimers,WGAN_GP,Utility,Precision_TSTR,0.7529147895961327,0.73572024779651,0.846125618405988,0.7782535519328769,0.059404344305972696,0.778254 ± 0.0594043,3,classification
Alzheimers,WGAN_GP,Utility,ROC_AUC_Gap,0.1447447447447448,0.171852621852622,0.0236775236775238,0.11342496342496354,0.07889652372721619,0.113425 ± 0.0788965,3,classification
Alzheimers,WGAN_GP,Utility,ROC_AUC_TRTR,0.9350427350427352,0.9350427350427352,0.9350427350427352,0.9350427350427352,0.0,0.935043 ± 0,3,classification
Alzheimers,WGAN_GP,Utility,ROC_AUC_TSTR,0.7902979902979903,0.7631901131901131,0.9113652113652112,0.8216177716177716,0.07889652372721613,0.821618 ± 0.0788965,3,classification
Alzheimers,WGAN_GP,Utility,Recall_Gap,0.1964912280701753,0.2912280701754388,0.1214912280701754,0.2030701754385965,0.08505945452049478,0.20307 ± 0.0850595,3,classification
Alzheimers,WGAN_GP,Utility,Recall_TRTR,0.9258771929824562,0.9258771929824562,0.9258771929824562,0.9258771929824562,0.0,0.925877 ± 0,3,classification
Alzheimers,WGAN_GP,Utility,Recall_TSTR,0.7293859649122808,0.6346491228070174,0.8043859649122808,0.7228070175438597,0.08505945452049479,0.722807 ± 0.0850595,3,classification
Bank,CTABGAN,Compute,evaluation_time_seconds,28.495485799387097,29.521458948031068,29.95729293301701,29.324745893478394,0.7504945325293232,29.3247 ± 0.750495,3,classification
Bank,CTABGAN,Compute,generation_time_seconds,0.0,0.0,0.0,0.0,0.0,0 ± 0,3,classification
Bank,CTABGAN,Compute,total_time_seconds,262.684322653804,262.62886614492163,262.4190480741672,262.5774122909643,0.1399223890793127,262.577 ± 0.139922,3,classification
Bank,CTABGAN,Compute,training_time_seconds,234.1768197901547,233.0954104191624,232.4494218840264,233.24055069778115,0.8727973171832338,233.241 ± 0.872797,3,classification
Bank,CTABGAN,Fidelity,KS_Complement,0.6584464285714287,0.6596464285714286,0.6329928571428571,0.6503619047619048,0.01505399818634768,0.650362 ± 0.015054,3,classification
Bank,CTABGAN,Fidelity,MMD,0.2069327403910174,0.1606748062888122,0.1505074898587196,0.1727050121795164,0.030074850203079873,0.172705 ± 0.0300749,3,classification
Bank,CTABGAN,Fidelity,Quality_Score,0.7168793676930669,0.7449591344122101,0.7274258117409463,0.7297547712820744,0.014184017913078557,0.729755 ± 0.014184,3,classification
Bank,CTABGAN,Fidelity,Wasserstein_Distance,55.62714144898,75.49145222735868,103.94670762876278,78.35510043503382,24.28673464555482,78.3551 ± 24.2867,3,classification
Bank,CTABGAN,Privacy,MIA_AUC,0.8965432098765432,0.821604938271605,0.8933333333333333,0.870493827160494,0.04236942788672339,0.870494 ± 0.0423694,3,classification
Bank,CTABGAN,Privacy,Mahalanobis_Distance,5.7022247039188105,5.070872349732272,5.299488529683967,5.357528527778349,0.3196528270144315,5.35753 ± 0.319653,3,classification
Bank,CTABGAN,Privacy,Mean_Distance,5.7022247039188105,5.070872349732272,5.299488529683967,5.357528527778349,0.3196528270144315,5.35753 ± 0.319653,3,classification
Bank,CTABGAN,Privacy,Median_Distance,5.178951503458633,4.807154123593502,4.936020111619484,4.97404191289054,0.1887923884788943,4.97404 ± 0.188792,3,classification
Bank,CTABGAN,Privacy,NNDR,0.892407818190084,0.8774366723594307,0.8829358516402451,0.8842601140632533,0.007572915891148888,0.88426 ± 0.00757292,3,classification
Bank,CTABGAN,Utility,Accuracy_Gap,0.0821833333333331,0.0288833333333333,0.0724999999999999,0.061188888888888765,0.028393281351860703,0.0611889 ± 0.0283933,3,classification
Bank,CTABGAN,Utility,Accuracy_TRTR,0.8798166666666666,0.8798166666666666,0.8798166666666666,0.8798166666666666,0.0,0.879817 ± 0,3,classification
Bank,CTABGAN,Utility,Accuracy_TSTR,0.7976333333333334,0.8509333333333332,0.8073166666666667,0.8186277777777778,0.02839328135186069,0.818628 ± 0.0283933,3,classification
Bank,CTABGAN,Utility,F1_Gap,0.0518127102902209,0.0216637870316663,0.0443417265278395,0.039272741283242235,0.01570064813853276,0.0392727 ± 0.0157006,3,classification
Bank,CTABGAN,Utility,F1_TRTR,0.869294797537779,0.869294797537779,0.869294797537779,0.869294797537779,0.0,0.869295 ± 0,3,classification
Bank,CTABGAN,Utility,F1_TSTR,0.8174820872475581,0.8476310105061127,0.8249530710099395,0.8300220562545367,0.015700648138532735,0.830022 ± 0.0157006,3,classification
Bank,CTABGAN,Utility,Precision_Gap,0.0127273133651415,0.0119451590933213,0.0146554066094506,0.0131092930226378,0.001394916393095659,0.0131093 ± 0.00139492,3,classification
Bank,CTABGAN,Utility,Precision_TRTR,0.8680007748575592,0.8680007748575592,0.8680007748575592,0.8680007748575592,0.0,0.868001 ± 0,3,classification
Bank,CTABGAN,Utility,Precision_TSTR,0.8552734614924177,0.8560556157642378,0.8533453682481086,0.8548914818349213,0.001394916393095637,0.854891 ± 0.00139492,3,classification
Bank,CTABGAN,Utility,ROC_AUC_Gap,0.0553155594976085,0.0421209790864137,0.0656612072903866,0.054365915291469606,0.011798811552968809,0.0543659 ± 0.0117988,3,classification
Bank,CTABGAN,Utility,ROC_AUC_TRTR,0.8238983547957669,0.8238983547957669,0.8238983547957669,0.8238983547957669,0.0,0.823898 ± 0,3,classification
Bank,CTABGAN,Utility,ROC_AUC_TSTR,0.7685827952981583,0.7817773757093531,0.7582371475053803,0.7695324395042973,0.011798811552968776,0.769532 ± 0.0117988,3,classification
Bank,CTABGAN,Utility,Recall_Gap,0.0821833333333331,0.0288833333333333,0.0724999999999999,0.061188888888888765,0.028393281351860703,0.0611889 ± 0.0283933,3,classification
Bank,CTABGAN,Utility,Recall_TRTR,0.8798166666666666,0.8798166666666666,0.8798166666666666,0.8798166666666666,0.0,0.879817 ± 0,3,classification
Bank,CTABGAN,Utility,Recall_TSTR,0.7976333333333334,0.8509333333333332,0.8073166666666667,0.8186277777777778,0.02839328135186069,0.818628 ± 0.0283933,3,classification
Bank,CTGAN,Compute,evaluation_time_seconds,22.060426966752857,22.62207322800532,21.72954997699708,22.13735005725175,0.45120650459241485,22.1374 ± 0.451207,3,classification
Bank,CTGAN,Compute,generation_time_seconds,0.0,0.0,0.0,0.0,0.0,0 ± 0,3,classification
Bank,CTGAN,Compute,total_time_seconds,681.3949642870575,677.2312280810438,679.1097934981808,679.245328622094,2.0851743633753967,679.245 ± 2.08517,3,classification
Bank,CTGAN,Compute,training_time_seconds,659.1728617199697,654.5972598991357,657.3677733209915,657.0459649800323,2.3047133144792693,657.046 ± 2.30471,3,classification
Bank,CTGAN,Fidelity,KS_Complement,0.9041,0.8891249999999999,0.8760928571428571,0.8897726190476191,0.014014798271050207,0.889773 ± 0.0140148,3,classification
Bank,CTGAN,Fidelity,MMD,0.0093635584359433,0.0123350767260219,0.0124601832323664,0.011386272798110534,0.0017528385415293188,0.0113863 ± 0.00175284,3,classification
Bank,CTGAN,Fidelity,Quality_Score,0.8912525239288356,0.8822052078328377,0.8731313318510753,0.8821963545375828,0.009060599282906092,0.882196 ± 0.0090606,3,classification
Bank,CTGAN,Fidelity,Wasserstein_Distance,57.411414285714365,76.44086428571437,48.1135571428572,60.65527857142865,14.439566271863608,60.6553 ± 14.4396,3,classification
Bank,CTGAN,Privacy,MIA_AUC,0.5938271604938272,0.5101234567901234,0.6182716049382716,0.5740740740740741,0.05671546353771722,0.574074 ± 0.0567155,3,classification
Bank,CTGAN,Privacy,Mahalanobis_Distance,4.441282780976945,4.536599345993414,4.469396867066677,4.482426331345678,0.04897588280146723,4.48243 ± 0.0489759,3,classification
Bank,CTGAN,Privacy,Mean_Distance,4.441282780976945,4.536599345993414,4.469396867066677,4.482426331345678,0.04897588280146723,4.48243 ± 0.0489759,3,classification
Bank,CTGAN,Privacy,Median_Distance,3.9687156964857775,4.087085957807016,3.863534512537684,3.9731120556101587,0.11184054788253095,3.97311 ± 0.111841,3,classification
Bank,CTGAN,Privacy,NNDR,0.8651737172307189,0.857025584350354,0.8748764036345679,0.8656919017385469,0.008936684153953853,0.865692 ± 0.00893668,3,classification
Bank,CTGAN,Utility,Accuracy_Gap,0.0241333333333332,0.0374333333333332,0.0126500000000001,0.024738888888888835,0.012402758803021332,0.0247389 ± 0.0124028,3,classification
Bank,CTGAN,Utility,Accuracy_TRTR,0.8798166666666666,0.8798166666666666,0.8798166666666666,0.8798166666666666,0.0,0.879817 ± 0,3,classification
Bank,CTGAN,Utility,Accuracy_TSTR,0.8556833333333334,0.8423833333333334,0.8671666666666664,0.8550777777777777,0.012402758803021306,0.855078 ± 0.0124028,3,classification
Bank,CTGAN,Utility,F1_Gap,0.0392435470272178,0.0416200053725541,0.031373814404803,0.037412455601524966,0.005362907718191731,0.0374125 ± 0.00536291,3,classification
Bank,CTGAN,Utility,F1_TRTR,0.869294797537779,0.869294797537779,0.869294797537779,0.869294797537779,0.0,0.869295 ± 0,3,classification
Bank,CTGAN,Utility,F1_TSTR,0.8300512505105612,0.8276747921652249,0.837920983132976,0.8318823419362541,0.005362907718191757,0.831882 ± 0.00536291,3,classification
Bank,CTGAN,Utility,Precision_Gap,0.0368748956018436,0.0310447681745846,0.0191572314503765,0.029025631742268233,0.009029761331025092,0.0290256 ± 0.00902976,3,classification
Bank,CTGAN,Utility,Precision_TRTR,0.8680007748575592,0.8680007748575592,0.8680007748575592,0.8680007748575592,0.0,0.868001 ± 0,3,classification
Bank,CTGAN,Utility,Precision_TSTR,0.8311258792557156,0.8369560066829745,0.8488435434071827,0.8389751431152909,0.009029761331025118,0.838975 ± 0.00902976,3,classification
Bank,CTGAN,Utility,ROC_AUC_Gap,0.1441026469679349,0.1223695643114212,0.1243189540140137,0.1302637217644566,0.012024430054840171,0.130264 ± 0.0120244,3,classification
Bank,CTGAN,Utility,ROC_AUC_TRTR,0.8238983547957669,0.8238983547957669,0.8238983547957669,0.8238983547957669,0.0,0.823898 ± 0,3,classification
Bank,CTGAN,Utility,ROC_AUC_TSTR,0.6797957078278319,0.7015287904843457,0.6995794007817532,0.6936346330313102,0.012024430054840196,0.693635 ± 0.0120244,3,classification
Bank,CTGAN,Utility,Recall_Gap,0.0241333333333332,0.0374333333333332,0.0126500000000001,0.024738888888888835,0.012402758803021332,0.0247389 ± 0.0124028,3,classification
Bank,CTGAN,Utility,Recall_TRTR,0.8798166666666666,0.8798166666666666,0.8798166666666666,0.8798166666666666,0.0,0.879817 ± 0,3,classification
Bank,CTGAN,Utility,Recall_TSTR,0.8556833333333334,0.8423833333333334,0.8671666666666664,0.8550777777777777,0.012402758803021306,0.855078 ± 0.0124028,3,classification
Bank,CopulaGAN,Compute,evaluation_time_seconds,21.363879825919867,21.06978560704738,21.54110778775066,21.324924406905968,0.23806363226800442,21.3249 ± 0.238064,3,classification
Bank,CopulaGAN,Compute,generation_time_seconds,0.0,0.0,0.0,0.0,0.0,0 ± 0,3,classification
Bank,CopulaGAN,Compute,total_time_seconds,679.6435752739199,451.7431473149918,150.51999803073704,427.3022402065496,265.40715599596825,427.302 ± 265.407,3,classification
Bank,CopulaGAN,Compute,training_time_seconds,658.2669796571136,430.6612217682414,128.9662477769889,405.9648164007813,265.5131833276162,405.965 ± 265.513,3,classification
Bank,CopulaGAN,Fidelity,KS_Complement,0.8681035714285714,0.8721892857142858,0.8625749999999999,0.867622619047619,0.004825153763719697,0.867623 ± 0.00482515,3,classification
Bank,CopulaGAN,Fidelity,MMD,0.0188154023364051,0.0167031552527561,0.0156345204291141,0.017051026006091766,0.0016187226361556045,0.017051 ± 0.00161872,3,classification
Bank,CopulaGAN,Fidelity,Quality_Score,0.8879936094370382,0.9013966778947092,0.8770223267296193,0.8888042046871222,0.012207376752372885,0.888804 ± 0.0122074,3,classification
Bank,CopulaGAN,Fidelity,Wasserstein_Distance,81.85200000000007,41.00459285714292,49.83379285714292,57.56346190476197,21.492754715551808,57.5635 ± 21.4928,3,classification
Bank,CopulaGAN,Privacy,MIA_AUC,0.5262962962962963,0.5174074074074073,0.6292592592592593,0.5576543209876542,0.062170760612043546,0.557654 ± 0.0621708,3,classification
Bank,CopulaGAN,Privacy,Mahalanobis_Distance,4.236154676748269,4.29371264817691,4.548948101163686,4.359605142029621,0.16648212261074158,4.35961 ± 0.166482,3,classification
Bank,CopulaGAN,Privacy,Mean_Distance,4.236154676748269,4.29371264817691,4.548948101163686,4.359605142029621,0.16648212261074158,4.35961 ± 0.166482,3,classification
Bank,CopulaGAN,Privacy,Median_Distance,3.770291714857207,3.68347506027788,4.0736748637121085,3.8424805462823985,0.2048716480797884,3.84248 ± 0.204872,3,classification
Bank,CopulaGAN,Privacy,NNDR,0.8566210722459024,0.8745548271247933,0.8674639234481877,0.866213274272961,0.009032053118403157,0.866213 ± 0.00903205,3,classification
Bank,CopulaGAN,Utility,Accuracy_Gap,0.0178499999999998,0.0208999999999999,0.0226666666666665,0.02047222222222207,0.0024366605867077442,0.0204722 ± 0.00243666,3,classification
Bank,CopulaGAN,Utility,Accuracy_TRTR,0.8798166666666666,0.8798166666666666,0.8798166666666666,0.8798166666666666,0.0,0.879817 ± 0,3,classification
Bank,CopulaGAN,Utility,Accuracy_TSTR,0.8619666666666668,0.8589166666666667,0.8571500000000001,0.8593444444444446,0.0024366605867077416,0.859344 ± 0.00243666,3,classification
Bank,CopulaGAN,Utility,F1_Gap,0.0263440345392831,0.0330312117369073,0.0310233891193559,0.0301328784651821,0.0034313760559000293,0.0301329 ± 0.00343138,3,classification
Bank,CopulaGAN,Utility,F1_TRTR,0.869294797537779,0.869294797537779,0.869294797537779,0.869294797537779,0.0,0.869295 ± 0,3,classification
Bank,CopulaGAN,Utility,F1_TSTR,0.8429507629984959,0.8362635858008717,0.8382714084184231,0.8391619190725969,0.003431376055900053,0.839162 ± 0.00343138,3,classification
Bank,CopulaGAN,Utility,Precision_Gap,0.0277069376684244,0.0255792199223269,0.0214298661601722,0.02490534125030783,0.003192333163750225,0.0249053 ± 0.00319233,3,classification
Bank,CopulaGAN,Utility,Precision_TRTR,0.8680007748575592,0.8680007748575592,0.8680007748575592,0.8680007748575592,0.0,0.868001 ± 0,3,classification
Bank,CopulaGAN,Utility,Precision_TSTR,0.8402938371891348,0.8424215549352323,0.8465709086973869,0.8430954336072514,0.0031923331637502125,0.843095 ± 0.00319233,3,classification
Bank,CopulaGAN,Utility,ROC_AUC_Gap,0.0814167722292862,0.1122858769403275,0.1013191592418991,0.0983406028038376,0.015648618317805132,0.0983406 ± 0.0156486,3,classification
Bank,CopulaGAN,Utility,ROC_AUC_TRTR,0.8238983547957669,0.8238983547957669,0.8238983547957669,0.8238983547957669,0.0,0.823898 ± 0,3,classification
Bank,CopulaGAN,Utility,ROC_AUC_TSTR,0.7424815825664807,0.7116124778554394,0.7225791955538677,0.7255577519919293,0.01564861831780514,0.725558 ± 0.0156486,3,classification
Bank,CopulaGAN,Utility,Recall_Gap,0.0178499999999998,0.0208999999999999,0.0226666666666665,0.02047222222222207,0.0024366605867077442,0.0204722 ± 0.00243666,3,classification
Bank,CopulaGAN,Utility,Recall_TRTR,0.8798166666666666,0.8798166666666666,0.8798166666666666,0.8798166666666666,0.0,0.879817 ± 0,3,classification
Bank,CopulaGAN,Utility,Recall_TSTR,0.8619666666666668,0.8589166666666667,0.8571500000000001,0.8593444444444446,0.0024366605867077416,0.859344 ± 0.00243666,3,classification
Bank,ForestDiffusion,Compute,evaluation_time_seconds,27.12375484127552,28.14207095000893,27.64077976020053,27.635535183828324,0.5091783120994852,27.6355 ± 0.509178,3,classification
Bank,ForestDiffusion,Compute,generation_time_seconds,0.0,0.0,0.0,0.0,0.0,0 ± 0,3,classification
Bank,ForestDiffusion,Compute,total_time_seconds,46.96447448525578,45.17305083712563,45.11006159521639,45.749195639199264,1.0529334814713647,45.7492 ± 1.05293,3,classification
Bank,ForestDiffusion,Compute,training_time_seconds,19.827636181842536,17.018071519210935,17.455115472897887,18.100274391317118,1.5118154387652485,18.1003 ± 1.51182,3,classification
Bank,ForestDiffusion,Fidelity,KS_Complement,0.7013178571428572,0.708325,0.7096357142857144,0.7064261904761905,0.004472224845423928,0.706426 ± 0.00447222,3,classification
Bank,ForestDiffusion,Fidelity,MMD,0.0230473792653805,0.028613571247997,0.0339491851843933,0.02853671189925693,0.005451309346714071,0.0285367 ± 0.00545131,3,classification
Bank,ForestDiffusion,Fidelity,Quality_Score,0.8620049519258862,0.8681149630348348,0.8715287620423223,0.8672162256676811,0.004825094447243643,0.867216 ± 0.00482509,3,classification
Bank,ForestDiffusion,Fidelity,Wasserstein_Distance,134.6275011910573,137.74788288957402,134.74723126450232,135.70753844837787,1.7680039314610643,135.708 ± 1.768,3,classification
Bank,ForestDiffusion,Privacy,MIA_AUC,0.6838271604938271,0.5149382716049382,0.4592592592592592,0.5526748971193415,0.11694325651843031,0.552675 ± 0.116943,3,classification
Bank,ForestDiffusion,Privacy,Mahalanobis_Distance,3.579496048261664,3.844094638093188,3.6335098275736826,3.6857001713095117,0.13980692908313166,3.6857 ± 0.139807,3,classification
Bank,ForestDiffusion,Privacy,Mean_Distance,3.579496048261664,3.844094638093188,3.6335098275736826,3.6857001713095117,0.13980692908313166,3.6857 ± 0.139807,3,classification
Bank,ForestDiffusion,Privacy,Median_Distance,3.286445905042064,3.470906712231904,3.2999891004204,3.3524472392314557,0.10281215683430553,3.35245 ± 0.102812,3,classification
Bank,ForestDiffusion,Privacy,NNDR,0.8244118222431606,0.8468192005126784,0.8319476221871016,0.834392881647647,0.01140206650569778,0.834393 ± 0.0114021,3,classification
Bank,ForestDiffusion,Utility,Accuracy_Gap,0.026783333333333,0.0401999999999997,0.05405,0.04034444444444423,0.013633907214218912,0.0403444 ± 0.0136339,3,classification
Bank,ForestDiffusion,Utility,Accuracy_TRTR,0.8798166666666666,0.8798166666666666,0.8798166666666666,0.8798166666666666,0.0,0.879817 ± 0,3,classification
Bank,ForestDiffusion,Utility,Accuracy_TSTR,0.8530333333333335,0.8396166666666668,0.8257666666666665,0.8394722222222223,0.013633907214218909,0.839472 ± 0.0136339,3,classification
Bank,ForestDiffusion,Utility,F1_Gap,0.0094135631252934,0.0178328632548917,0.0294072465310627,0.0188845576370826,0.01003824635270935,0.0188846 ± 0.0100382,3,classification
Bank,ForestDiffusion,Utility,F1_TRTR,0.869294797537779,0.869294797537779,0.869294797537779,0.869294797537779,0.0,0.869295 ± 0,3,classification
Bank,ForestDiffusion,Utility,F1_TSTR,0.8598812344124857,0.8514619342828873,0.8398875510067163,0.8504102399006964,0.010038246352709373,0.85041 ± 0.0100382,3,classification
Bank,ForestDiffusion,Utility,Precision_Gap,-0.001307550313725,-0.0013288497358802,0.0061147194350543,0.0011594397951497002,0.004291411265374811,0.00115944 ± 0.00429141,3,classification
Bank,ForestDiffusion,Utility,Precision_TRTR,0.8680007748575592,0.8680007748575592,0.8680007748575592,0.8680007748575592,0.0,0.868001 ± 0,3,classification
Bank,ForestDiffusion,Utility,Precision_TSTR,0.8693083251712843,0.8693296245934394,0.8618860554225048,0.8668413350624095,0.004291411265374882,0.866841 ± 0.00429141,3,classification
Bank,ForestDiffusion,Utility,ROC_AUC_Gap,0.0281302167002029,0.03382072990359,0.0472066597628323,0.036385868788875064,0.009793499022618857,0.0363859 ± 0.0097935,3,classification
Bank,ForestDiffusion,Utility,ROC_AUC_TRTR,0.8238983547957669,0.8238983547957669,0.8238983547957669,0.8238983547957669,0.0,0.823898 ± 0,3,classification
Bank,ForestDiffusion,Utility,ROC_AUC_TSTR,0.7957681380955639,0.7900776248921768,0.7766916950329346,0.7875124860068917,0.009793499022618826,0.787512 ± 0.0097935,3,classification
Bank,ForestDiffusion,Utility,Recall_Gap,0.026783333333333,0.0401999999999997,0.05405,0.04034444444444423,0.013633907214218912,0.0403444 ± 0.0136339,3,classification
Bank,ForestDiffusion,Utility,Recall_TRTR,0.8798166666666666,0.8798166666666666,0.8798166666666666,0.8798166666666666,0.0,0.879817 ± 0,3,classification
Bank,ForestDiffusion,Utility,Recall_TSTR,0.8530333333333335,0.8396166666666668,0.8257666666666665,0.8394722222222223,0.013633907214218909,0.839472 ± 0.0136339,3,classification
Bank,GaussianCopula,Compute,evaluation_time_seconds,23.02744935872033,23.24092971207574,23.04663523705676,23.105004769284278,0.11810468676785102,23.105 ± 0.118105,3,classification
Bank,GaussianCopula,Compute,generation_time_seconds,0.0,0.0,0.0,0.0,0.0,0 ± 0,3,classification
Bank,GaussianCopula,Compute,total_time_seconds,25.74912252696231,25.91568402387201,25.777089402079586,25.81396531763797,0.08919393434758782,25.814 ± 0.0891939,3,classification
Bank,GaussianCopula,Compute,training_time_seconds,2.709399170707912,2.661808410193771,2.7175100799649954,2.6962392202888927,0.030092477882336537,2.69624 ± 0.0300925,3,classification
Bank,GaussianCopula,Fidelity,KS_Complement,0.7950964285714285,0.7950964285714285,0.7950964285714285,0.7950964285714285,0.0,0.795096 ± 0,3,classification
Bank,GaussianCopula,Fidelity,MMD,0.024547092498605,0.024547092498605,0.024547092498605,0.024547092498605,0.0,0.0245471 ± 0,3,classification
Bank,GaussianCopula,Fidelity,Quality_Score,0.8505668537520013,0.8505668537520013,0.8505668537520013,0.8505668537520013,0.0,0.850567 ± 0,3,classification
Bank,GaussianCopula,Fidelity,Wasserstein_Distance,126.46727142857148,126.46727142857148,126.46727142857148,126.46727142857146,1.7404671430534633e-14,126.467 ± 1.74047e-14,3,classification
Bank,GaussianCopula,Privacy,MIA_AUC,0.5633333333333334,0.5633333333333334,0.5633333333333334,0.5633333333333334,0.0,0.563333 ± 0,3,classification
Bank,GaussianCopula,Privacy,Mahalanobis_Distance,4.148359233536417,4.148359233536417,4.148359233536417,4.148359233536417,0.0,4.14836 ± 0,3,classification
Bank,GaussianCopula,Privacy,Mean_Distance,4.148359233536417,4.148359233536417,4.148359233536417,4.148359233536417,0.0,4.14836 ± 0,3,classification
Bank,GaussianCopula,Privacy,Median_Distance,3.810501157942953,3.810501157942953,3.810501157942953,3.810501157942953,0.0,3.8105 ± 0,3,classification
Bank,GaussianCopula,Privacy,NNDR,0.8920959804188563,0.8920959804188563,0.8920959804188563,0.8920959804188563,0.0,0.892096 ± 0,3,classification
Bank,GaussianCopula,Utility,Accuracy_Gap,0.0264666666666668,0.0264666666666668,0.0264666666666668,0.0264666666666668,0.0,0.0264667 ± 0,3,classification
Bank,GaussianCopula,Utility,Accuracy_TRTR,0.8798166666666666,0.8798166666666666,0.8798166666666666,0.8798166666666666,0.0,0.879817 ± 0,3,classification
Bank,GaussianCopula,Utility,Accuracy_TSTR,0.8533499999999997,0.8533499999999997,0.8533499999999997,0.8533499999999997,0.0,0.85335 ± 0,3,classification
Bank,GaussianCopula,Utility,F1_Gap,0.049019065355339,0.049019065355339,0.049019065355339,0.049019065355339,0.0,0.0490191 ± 0,3,classification
Bank,GaussianCopula,Utility,F1_TRTR,0.869294797537779,0.869294797537779,0.869294797537779,0.869294797537779,0.0,0.869295 ± 0,3,classification
Bank,GaussianCopula,Utility,F1_TSTR,0.82027573218244,0.82027573218244,0.82027573218244,0.82027573218244,0.0,0.820276 ± 0,3,classification
Bank,GaussianCopula,Utility,Precision_Gap,0.0420720938964594,0.0420720938964594,0.0420720938964594,0.042072093896459405,8.498374721940739e-18,0.0420721 ± 8.49837e-18,3,classification
Bank,GaussianCopula,Utility,Precision_TRTR,0.8680007748575592,0.8680007748575592,0.8680007748575592,0.8680007748575592,0.0,0.868001 ± 0,3,classification
Bank,GaussianCopula,Utility,Precision_TSTR,0.8259286809610997,0.8259286809610997,0.8259286809610997,0.8259286809610997,0.0,0.825929 ± 0,3,classification
Bank,GaussianCopula,Utility,ROC_AUC_Gap,0.113212940836968,0.113212940836968,0.113212940836968,0.11321294083696802,1.6996749443881478e-17,0.113213 ± 1.69967e-17,3,classification
Bank,GaussianCopula,Utility,ROC_AUC_TRTR,0.8238983547957669,0.8238983547957669,0.8238983547957669,0.8238983547957669,0.0,0.823898 ± 0,3,classification
Bank,GaussianCopula,Utility,ROC_AUC_TSTR,0.7106854139587988,0.7106854139587988,0.7106854139587988,0.7106854139587989,1.3597399555105182e-16,0.710685 ± 1.35974e-16,3,classification
Bank,GaussianCopula,Utility,Recall_Gap,0.0264666666666668,0.0264666666666668,0.0264666666666668,0.0264666666666668,0.0,0.0264667 ± 0,3,classification
Bank,GaussianCopula,Utility,Recall_TRTR,0.8798166666666666,0.8798166666666666,0.8798166666666666,0.8798166666666666,0.0,0.879817 ± 0,3,classification
Bank,GaussianCopula,Utility,Recall_TSTR,0.8533499999999997,0.8533499999999997,0.8533499999999997,0.8533499999999997,0.0,0.85335 ± 0,3,classification
Bank,TVAE,Compute,evaluation_time_seconds,19.28965360391885,19.16599032189697,19.333902799990028,19.263182241935283,0.08702987894273269,19.2632 ± 0.0870299,3,classification
Bank,TVAE,Compute,generation_time_seconds,0.0,0.0,0.0,0.0,0.0,0 ± 0,3,classification
Bank,TVAE,Compute,total_time_seconds,77.3128931298852,76.70681986492127,82.162072845269,78.72726194669183,2.990029369816358,78.7273 ± 2.99003,3,classification
Bank,TVAE,Compute,training_time_seconds,58.01119071012363,57.52759439731017,62.81600107299164,59.451595393475145,2.923676714466534,59.4516 ± 2.92368,3,classification
Bank,TVAE,Fidelity,KS_Complement,0.8754321428571428,0.8608857142857144,0.8597321428571428,0.86535,0.008750422001485444,0.86535 ± 0.00875042,3,classification
Bank,TVAE,Fidelity,MMD,0.0289276482280207,0.0369172031522924,0.0222380163543375,0.0293609559115502,0.007349180085136546,0.029361 ± 0.00734918,3,classification
Bank,TVAE,Fidelity,Quality_Score,0.8764807767834712,0.8593158720590041,0.8690807804320766,0.8682924764248506,0.008609561891052608,0.868292 ± 0.00860956,3,classification
Bank,TVAE,Fidelity,Wasserstein_Distance,142.00211428571444,149.0685357142858,145.38249285714292,145.48438095238103,3.5343123573768227,145.484 ± 3.53431,3,classification
Bank,TVAE,Privacy,MIA_AUC,0.7856790123456789,0.9238271604938272,0.9196296296296296,0.8763786008230451,0.07857618168892956,0.876379 ± 0.0785762,3,classification
Bank,TVAE,Privacy,Mahalanobis_Distance,3.3630030891578,3.772471499411313,3.933698490566489,3.6897243597118674,0.2942084756487919,3.68972 ± 0.294208,3,classification
Bank,TVAE,Privacy,Mean_Distance,3.3630030891578,3.772471499411313,3.933698490566489,3.6897243597118674,0.2942084756487919,3.68972 ± 0.294208,3,classification
Bank,TVAE,Privacy,Median_Distance,3.0380728002957222,3.546903111476393,3.686473690174068,3.423816533982061,0.34127504694631394,3.42382 ± 0.341275,3,classification
Bank,TVAE,Privacy,NNDR,0.8229074336739639,0.8242500565201815,0.8316164466794255,0.8262579789578569,0.004688874200606704,0.826258 ± 0.00468887,3,classification
Bank,TVAE,Utility,Accuracy_Gap,0.0900999999999997,0.0676333333333333,0.0967833333333332,0.08483888888888873,0.015270562942884258,0.0848389 ± 0.0152706,3,classification
Bank,TVAE,Utility,Accuracy_TRTR,0.8798166666666666,0.8798166666666666,0.8798166666666666,0.8798166666666666,0.0,0.879817 ± 0,3,classification
Bank,TVAE,Utility,Accuracy_TSTR,0.7897166666666668,0.8121833333333333,0.7830333333333334,0.7949777777777779,0.015270562942884262,0.794978 ± 0.0152706,3,classification
Bank,TVAE,Utility,F1_Gap,0.051329732009131,0.0425318694336125,0.0550169411132859,0.049626180852009795,0.006414500652454751,0.0496262 ± 0.0064145,3,classification
Bank,TVAE,Utility,F1_TRTR,0.869294797537779,0.869294797537779,0.869294797537779,0.869294797537779,0.0,0.869295 ± 0,3,classification
Bank,TVAE,Utility,F1_TSTR,0.817965065528648,0.8267629281041665,0.8142778564244931,0.8196686166857692,0.006414500652454747,0.819669 ± 0.0064145,3,classification
Bank,TVAE,Utility,Precision_Gap,-0.0025864909994559,0.0151461063372555,-0.0084285722716814,0.0013770143553727334,0.012276945829561325,0.00137701 ± 0.0122769,3,classification
Bank,TVAE,Utility,Precision_TRTR,0.8680007748575592,0.8680007748575592,0.8680007748575592,0.8680007748575592,0.0,0.868001 ± 0,3,classification
Bank,TVAE,Utility,Precision_TSTR,0.8705872658570152,0.8528546685203037,0.8764293471292407,0.8666237605021866,0.012276945829561393,0.866624 ± 0.0122769,3,classification
Bank,TVAE,Utility,ROC_AUC_Gap,0.0311741158098598,0.0755010587714478,0.0201779113462714,0.04228436197585966,0.029287212869421132,0.0422844 ± 0.0292872,3,classification
Bank,TVAE,Utility,ROC_AUC_TRTR,0.8238983547957669,0.8238983547957669,0.8238983547957669,0.8238983547957669,0.0,0.823898 ± 0,3,classification
Bank,TVAE,Utility,ROC_AUC_TSTR,0.792724238985907,0.748397296024319,0.8037204434494954,0.7816139928199072,0.029287212869421136,0.781614 ± 0.0292872,3,classification
Bank,TVAE,Utility,Recall_Gap,0.0900999999999997,0.0676333333333333,0.0967833333333332,0.08483888888888873,0.015270562942884258,0.0848389 ± 0.0152706,3,classification
Bank,TVAE,Utility,Recall_TRTR,0.8798166666666666,0.8798166666666666,0.8798166666666666,0.8798166666666666,0.0,0.879817 ± 0,3,classification
Bank,TVAE,Utility,Recall_TSTR,0.7897166666666668,0.8121833333333333,0.7830333333333334,0.7949777777777779,0.015270562942884262,0.794978 ± 0.0152706,3,classification
Bank,TabDDPM,Compute,evaluation_time_seconds,19.93409146321937,19.786899891216308,20.596677449066192,20.10588960116729,0.4313593321711144,20.1059 ± 0.431359,3,classification
Bank,TabDDPM,Compute,generation_time_seconds,0.0,0.0,0.0,0.0,0.0,0 ± 0,3,classification
Bank,TabDDPM,Compute,total_time_seconds,71.31157030398026,71.36159805674106,72.18837831309065,71.62051555793732,0.49241930864794536,71.6205 ± 0.492419,3,classification
Bank,TabDDPM,Compute,training_time_seconds,51.36365053290501,51.561236828099936,51.57917294418439,51.501353435063116,0.11959094034299383,51.5014 ± 0.119591,3,classification
Bank,TabDDPM,Fidelity,KS_Complement,0.3154821428571428,0.4071857142857142,0.2492785714285714,0.32398214285714283,0.07929598944036531,0.323982 ± 0.079296,3,classification
Bank,TabDDPM,Fidelity,MMD,0.4859101357371646,0.4116117167313005,0.4504394390638163,0.4493204305107605,0.037161847394863126,0.44932 ± 0.0371618,3,classification
Bank,TabDDPM,Fidelity,Quality_Score,0.4750399857741591,0.475427152731262,0.3916195187167117,0.4473622190740443,0.04827498272302842,0.447362 ± 0.048275,3,classification
Bank,TabDDPM,Fidelity,Wasserstein_Distance,12519.374140574357,6609.185096924831,1699.09963544812,6942.552957649103,5417.834963294297,6942.55 ± 5417.83,3,classification
Bank,TabDDPM,Privacy,MIA_AUC,0.9958024691358024,0.9995061728395064,0.9996296296296298,0.9983127572016461,0.0021748494257982976,0.998313 ± 0.00217485,3,classification
Bank,TabDDPM,Privacy,Mahalanobis_Distance,43.961840581607454,43.48288117682267,43.00473156515544,43.48315110786185,0.47855456532198154,43.4832 ± 0.478555,3,classification
Bank,TabDDPM,Privacy,Mean_Distance,43.961840581607454,43.48288117682267,43.00473156515544,43.48315110786185,0.47855456532198154,43.4832 ± 0.478555,3,classification
Bank,TabDDPM,Privacy,Median_Distance,34.814971647006715,28.310029413735087,31.46850386908248,31.531168309941425,3.252923836898328,31.5312 ± 3.25292,3,classification
Bank,TabDDPM,Privacy,NNDR,0.9183298966058318,0.9518003089150224,0.9615396813210656,0.9438899622806399,0.02266498536710931,0.94389 ± 0.022665,3,classification
Bank,TabDDPM,Utility,Accuracy_Gap,0.0644833333333333,0.0513166666666665,0.0792499999999998,0.06501666666666654,0.01397430181122158,0.0650167 ± 0.0139743,3,classification
Bank,TabDDPM,Utility,Accuracy_TRTR,0.8798166666666666,0.8798166666666666,0.8798166666666666,0.8798166666666666,0.0,0.879817 ± 0,3,classification
Bank,TabDDPM,Utility,Accuracy_TSTR,0.8153333333333332,0.8285,0.8005666666666668,0.8148,0.013974301811221551,0.8148 ± 0.0139743,3,classification
Bank,TabDDPM,Utility,F1_Gap,0.0783470137719136,0.06613466362337,0.0868426053051454,0.07710809423347634,0.01040941417136401,0.0771081 ± 0.0104094,3,classification
Bank,TabDDPM,Utility,F1_TRTR,0.869294797537779,0.869294797537779,0.869294797537779,0.869294797537779,0.0,0.869295 ± 0,3,classification
Bank,TabDDPM,Utility,F1_TSTR,0.7909477837658654,0.803160133914409,0.7824521922326336,0.7921867033043027,0.010409414171363998,0.792187 ± 0.0104094,3,classification
Bank,TabDDPM,Utility,Precision_Gap,0.0900717983455759,0.0785104725093522,0.0859691275313464,0.08485046612875817,0.0058612811119297045,0.0848505 ± 0.00586128,3,classification
Bank,TabDDPM,Utility,Precision_TRTR,0.8680007748575592,0.8680007748575592,0.8680007748575592,0.8680007748575592,0.0,0.868001 ± 0,3,classification
Bank,TabDDPM,Utility,Precision_TSTR,0.7779289765119832,0.7894903023482069,0.7820316473262128,0.7831503087288011,0.005861281111929707,0.78315 ± 0.00586128,3,classification
Bank,TabDDPM,Utility,ROC_AUC_Gap,0.2558777738199987,0.2764863492003585,0.315545304645463,0.2826364758886068,0.030305471493000398,0.282636 ± 0.0303055,3,classification
Bank,TabDDPM,Utility,ROC_AUC_TRTR,0.8238983547957669,0.8238983547957669,0.8238983547957669,0.8238983547957669,0.0,0.823898 ± 0,3,classification
Bank,TabDDPM,Utility,ROC_AUC_TSTR,0.5680205809757681,0.5474120055954084,0.5083530501503039,0.54126187890716,0.0303054714930004,0.541262 ± 0.0303055,3,classification
Bank,TabDDPM,Utility,Recall_Gap,0.0644833333333333,0.0513166666666665,0.0792499999999998,0.06501666666666654,0.01397430181122158,0.0650167 ± 0.0139743,3,classification
Bank,TabDDPM,Utility,Recall_TRTR,0.8798166666666666,0.8798166666666666,0.8798166666666666,0.8798166666666666,0.0,0.879817 ± 0,3,classification
Bank,TabDDPM,Utility,Recall_TSTR,0.8153333333333332,0.8285,0.8005666666666668,0.8148,0.013974301811221551,0.8148 ± 0.0139743,3,classification
Bank,WGAN_GP,Compute,evaluation_time_seconds,27.74853626685217,28.751020186115056,29.22364617930725,28.574400877424825,0.7532483644904041,28.5744 ± 0.753248,3,classification
Bank,WGAN_GP,Compute,generation_time_seconds,0.0,0.0,0.0,0.0,0.0,0 ± 0,3,classification
Bank,WGAN_GP,Compute,total_time_seconds,222.0787396808155,231.93166745407507,227.42674022726715,227.1457157873859,4.932471741239419,227.146 ± 4.93247,3,classification
Bank,WGAN_GP,Compute,training_time_seconds,194.31781987287104,203.16704781213767,198.19099838426337,198.5586220230907,4.4360533287081605,198.559 ± 4.43605,3,classification
Bank,WGAN_GP,Fidelity,KS_Complement,0.7565999999999999,0.7298428571428571,0.7605142857142858,0.7489857142857143,0.016693326296971008,0.748986 ± 0.0166933,3,classification
Bank,WGAN_GP,Fidelity,MMD,0.0080290853544783,0.0104126110015949,0.012592467115659,0.010344721157244066,0.002282448257418698,0.0103447 ± 0.00228245,3,classification
Bank,WGAN_GP,Fidelity,Quality_Score,0.7274401304843925,0.7300121107828345,0.7655117232549968,0.7409879881740746,0.021277075865901676,0.740988 ± 0.0212771,3,classification
Bank,WGAN_GP,Fidelity,Wasserstein_Distance,31.320354539864905,45.38938821524091,62.09152373952235,46.26708883154273,15.404349459077434,46.2671 ± 15.4043,3,classification
Bank,WGAN_GP,Privacy,MIA_AUC,0.6117283950617283,0.5493827160493827,0.4913580246913581,0.5508230452674897,0.06019810982885943,0.550823 ± 0.0601981,3,classification
Bank,WGAN_GP,Privacy,Mahalanobis_Distance,3.871250212606483,3.7363295766205016,3.7054792298997743,3.7710196730422525,0.08816210506334214,3.77102 ± 0.0881621,3,classification
Bank,WGAN_GP,Privacy,Mean_Distance,3.871250212606483,3.7363295766205016,3.7054792298997743,3.7710196730422525,0.08816210506334214,3.77102 ± 0.0881621,3,classification
Bank,WGAN_GP,Privacy,Median_Distance,3.5255162781311213,3.4373852386652484,3.4303381830372857,3.464413233277885,0.053033968510836034,3.46441 ± 0.053034,3,classification
Bank,WGAN_GP,Privacy,NNDR,0.8649826111948481,0.8627645396225615,0.8727642034200478,0.8668371180791524,0.005251448928975574,0.866837 ± 0.00525145,3,classification
Bank,WGAN_GP,Utility,Accuracy_Gap,0.0052833333333334,0.0050333333333334,0.0071166666666667,0.005811111111111167,0.0011375330683023846,0.00581111 ± 0.00113753,3,classification
Bank,WGAN_GP,Utility,Accuracy_TRTR,0.8798166666666666,0.8798166666666666,0.8798166666666666,0.8798166666666666,0.0,0.879817 ± 0,3,classification
Bank,WGAN_GP,Utility,Accuracy_TSTR,0.8745333333333332,0.8747833333333331,0.8726999999999998,0.8740055555555554,0.001137533068302406,0.874006 ± 0.00113753,3,classification
Bank,WGAN_GP,Utility,F1_Gap,0.0286444883281037,0.0233597914614266,0.0324514877188939,0.02815192250280807,0.004565818768709299,0.0281519 ± 0.00456582,3,classification
Bank,WGAN_GP,Utility,F1_TRTR,0.869294797537779,0.869294797537779,0.869294797537779,0.869294797537779,0.0,0.869295 ± 0,3,classification
Bank,WGAN_GP,Utility,F1_TSTR,0.8406503092096753,0.8459350060763524,0.8368433098188851,0.8411428750349709,0.004565818768709303,0.841143 ± 0.00456582,3,classification
Bank,WGAN_GP,Utility,Precision_Gap,0.0283030717086018,0.026240501293421,0.0302474017252791,0.02826365824243397,0.0020037409597282486,0.0282637 ± 0.00200374,3,classification
Bank,WGAN_GP,Utility,Precision_TRTR,0.8680007748575592,0.8680007748575592,0.8680007748575592,0.8680007748575592,0.0,0.868001 ± 0,3,classification
Bank,WGAN_GP,Utility,Precision_TSTR,0.8396977031489574,0.8417602735641382,0.83775337313228,0.8397371166151252,0.0020037409597282673,0.839737 ± 0.00200374,3,classification
Bank,WGAN_GP,Utility,ROC_AUC_Gap,0.0672425235324045,0.0653303264696006,0.0845851448036064,0.07238599826853716,0.010607945443855647,0.072386 ± 0.0106079,3,classification
Bank,WGAN_GP,Utility,ROC_AUC_TRTR,0.8238983547957669,0.8238983547957669,0.8238983547957669,0.8238983547957669,0.0,0.823898 ± 0,3,classification
Bank,WGAN_GP,Utility,ROC_AUC_TSTR,0.7566558312633623,0.7585680283261662,0.7393132099921604,0.7515123565272296,0.010607945443855635,0.751512 ± 0.0106079,3,classification
Bank,WGAN_GP,Utility,Recall_Gap,0.0052833333333334,0.0050333333333334,0.0071166666666667,0.005811111111111167,0.0011375330683023846,0.00581111 ± 0.00113753,3,classification
Bank,WGAN_GP,Utility,Recall_TRTR,0.8798166666666666,0.8798166666666666,0.8798166666666666,0.8798166666666666,0.0,0.879817 ± 0,3,classification
Bank,WGAN_GP,Utility,Recall_TSTR,0.8745333333333332,0.8747833333333331,0.8726999999999998,0.8740055555555554,0.001137533068302406,0.874006 ± 0.00113753,3,classification
Cancer,CTABGAN,Compute,evaluation_time_seconds,7.194641651818529,7.029785206075758,6.867869935929775,7.030765597941354,0.1633880639838102,7.03077 ± 0.163388,3,classification
Cancer,CTABGAN,Compute,generation_time_seconds,0.0,0.0,0.0,0.0,0.0,0 ± 0,3,classification
Cancer,CTABGAN,Compute,total_time_seconds,49.1010600537993,48.32366614486091,48.33155463892035,48.585426945860185,0.44656878931116994,48.5854 ± 0.446569,3,classification
Cancer,CTABGAN,Compute,training_time_seconds,41.89573233295232,41.28318815305829,41.446701601846144,41.54187402928559,0.31716862437676474,41.5419 ± 0.317169,3,classification
Cancer,CTABGAN,Fidelity,KS_Complement,0.8395684981684983,0.846676923076923,0.8268172161172163,0.8376875457875458,0.010062578025829867,0.837688 ± 0.0100626,3,classification
Cancer,CTABGAN,Fidelity,MMD,0.0628332847072221,0.0554043797660034,0.0649389222125092,0.06105886222857824,0.0050088228423046345,0.0610589 ± 0.00500882,3,classification
Cancer,CTABGAN,Fidelity,Quality_Score,0.82765944737971,0.8225323778714396,0.8100461856330177,0.8200793369613891,0.009059238633525436,0.820079 ± 0.00905924,3,classification
Cancer,CTABGAN,Fidelity,Wasserstein_Distance,5.984714765014141,5.479449111511328,7.841806950762587,6.435323609096019,1.2439734273454452,6.43532 ± 1.24397,3,classification
Cancer,CTABGAN,Privacy,MIA_AUC,0.8644444444444445,0.7903703703703704,0.9030864197530863,0.8526337448559671,0.0572786733059405,0.852634 ± 0.0572787,3,classification
Cancer,CTABGAN,Privacy,Mahalanobis_Distance,78.99667591083345,80.82701098837282,77.7707737026771,79.19815353396113,1.5380479547416792,79.1982 ± 1.53805,3,classification
Cancer,CTABGAN,Privacy,Mean_Distance,78.99667591083345,80.82701098837282,77.7707737026771,79.19815353396113,1.5380479547416792,79.1982 ± 1.53805,3,classification
Cancer,CTABGAN,Privacy,Median_Distance,70.0606031569054,70.32954424481878,67.54612834739831,69.31209191637416,1.5352696253116123,69.3121 ± 1.53527,3,classification
Cancer,CTABGAN,Privacy,NNDR,0.9665800852448042,0.9642862335002472,0.96770209692126,0.9661894718887704,0.0017411102271789624,0.966189 ± 0.00174111,3,classification
Cancer,CTABGAN,Utility,Accuracy_Gap,0.0739766081871347,0.135672514619883,0.0690058479532164,0.09288499025341136,0.03713833996538252,0.092885 ± 0.0371383,3,classification
Cancer,CTABGAN,Utility,Accuracy_TRTR,0.958187134502924,0.958187134502924,0.958187134502924,0.958187134502924,0.0,0.958187 ± 0,3,classification
Cancer,CTABGAN,Utility,Accuracy_TSTR,0.8842105263157892,0.8225146198830409,0.8891812865497075,0.8653021442495126,0.03713833996538255,0.865302 ± 0.0371383,3,classification
Cancer,CTABGAN,Utility,F1_Gap,0.0768077345497619,0.1380328964203665,0.0697124407301317,0.0948510239000867,0.03756449632784915,0.094851 ± 0.0375645,3,classification
Cancer,CTABGAN,Utility,F1_TRTR,0.9579899186677384,0.9579899186677384,0.9579899186677384,0.9579899186677384,0.0,0.95799 ± 0,3,classification
Cancer,CTABGAN,Utility,F1_TSTR,0.8811821841179766,0.819957022247372,0.8882774779376068,0.8631388947676518,0.037564496327849146,0.863139 ± 0.0375645,3,classification
Cancer,CTABGAN,Utility,Precision_Gap,0.0712335482365167,0.1339692493173898,0.0665475532734417,0.09058345027578274,0.037646185810218884,0.0905835 ± 0.0376462,3,classification
Cancer,CTABGAN,Utility,Precision_TRTR,0.9585588829451,0.9585588829451,0.9585588829451,0.9585588829451,0.0,0.958559 ± 0,3,classification
Cancer,CTABGAN,Utility,Precision_TSTR,0.8873253347085832,0.8245896336277101,0.8920113296716582,0.8679754326693172,0.037646185810218884,0.867975 ± 0.0376462,3,classification
Cancer,CTABGAN,Utility,ROC_AUC_Gap,0.0481481481481483,0.1089836860670195,0.051526675485009,0.0695528365667256,0.03418987468502333,0.0695528 ± 0.0341899,3,classification
Cancer,CTABGAN,Utility,ROC_AUC_TRTR,0.9709325396825398,0.9709325396825398,0.9709325396825398,0.9709325396825398,0.0,0.970933 ± 0,3,classification
Cancer,CTABGAN,Utility,ROC_AUC_TSTR,0.9227843915343914,0.8619488536155202,0.9194058641975308,0.9013797031158141,0.03418987468502335,0.90138 ± 0.0341899,3,classification
Cancer,CTABGAN,Utility,Recall_Gap,0.0739766081871347,0.135672514619883,0.0690058479532164,0.09288499025341136,0.03713833996538252,0.092885 ± 0.0371383,3,classification
Cancer,CTABGAN,Utility,Recall_TRTR,0.958187134502924,0.958187134502924,0.958187134502924,0.958187134502924,0.0,0.958187 ± 0,3,classification
Cancer,CTABGAN,Utility,Recall_TSTR,0.8842105263157892,0.8225146198830409,0.8891812865497075,0.8653021442495126,0.03713833996538255,0.865302 ± 0.0371383,3,classification
Cancer,CTGAN,Compute,evaluation_time_seconds,6.491197895957157,5.222942436113954,5.178388346219435,5.630842892763515,0.7454222396547011,5.63084 ± 0.745422,3,classification
Cancer,CTGAN,Compute,generation_time_seconds,0.0,0.0,0.0,0.0,0.0,0 ± 0,3,classification
Cancer,CTGAN,Compute,total_time_seconds,78.4635386171285,81.83954001800157,77.06332916091196,79.12213593201402,2.4552719513784953,79.1221 ± 2.45527,3,classification
Cancer,CTGAN,Compute,training_time_seconds,71.96204185509123,76.60656310198829,71.86530623910949,73.47797039872967,2.709872445708865,73.478 ± 2.70987,3,classification
Cancer,CTGAN,Fidelity,KS_Complement,0.6981571428571429,0.7087820512820514,0.7218120879120877,0.7095837606837607,0.011847833551401128,0.709584 ± 0.0118478,3,classification
Cancer,CTGAN,Fidelity,MMD,0.2225401600036953,0.1971944192537396,0.2153142910933406,0.21168295678359184,0.013057242633606084,0.211683 ± 0.0130572,3,classification
Cancer,CTGAN,Fidelity,Quality_Score,0.6722121099996817,,,0.6722121099996817,0.0,0.672212 ± 0,1,classification
Cancer,CTGAN,Fidelity,Wasserstein_Distance,23.458555318099386,23.614010534310435,20.70595432454513,22.592840058984986,1.635938541689839,22.5928 ± 1.63594,3,classification
Cancer,CTGAN,Privacy,MIA_AUC,1.0,0.991111111111111,0.9974074074074074,0.9961728395061727,0.004571236686808333,0.996173 ± 0.00457124,3,classification
Cancer,CTGAN,Privacy,Mahalanobis_Distance,133.50330829978603,114.5245502877272,129.20127005420258,125.74304288057192,9.950769583725668,125.743 ± 9.95077,3,classification
Cancer,CTGAN,Privacy,Mean_Distance,133.50330829978603,114.5245502877272,129.20127005420258,125.74304288057192,9.950769583725668,125.743 ± 9.95077,3,classification
Cancer,CTGAN,Privacy,Median_Distance,119.64834591710988,102.09025171792766,110.22118803778346,110.65326189094033,8.787017914957012,110.653 ± 8.78702,3,classification
Cancer,CTGAN,Privacy,NNDR,0.9815696177020452,0.981481546157858,0.9778312905796892,0.9802941514798641,0.002133354637520851,0.980294 ± 0.00213335,3,classification
Cancer,CTGAN,Utility,Accuracy_Gap,0.4421052631578946,0.4769005847953216,0.4327485380116959,0.45058479532163737,0.023265374660272065,0.450585 ± 0.0232654,3,classification
Cancer,CTGAN,Utility,Accuracy_TRTR,0.958187134502924,0.958187134502924,0.958187134502924,0.958187134502924,0.0,0.958187 ± 0,3,classification
Cancer,CTGAN,Utility,Accuracy_TSTR,0.5160818713450293,0.4812865497076023,0.525438596491228,0.5076023391812865,0.023265374660272054,0.507602 ± 0.0232654,3,classification
Cancer,CTGAN,Utility,F1_Gap,0.4463021115780721,0.5042892137648449,0.4309840473851477,0.4605251242426882,0.038666942230180905,0.460525 ± 0.0386669,3,classification
Cancer,CTGAN,Utility,F1_TRTR,0.9579899186677384,0.9579899186677384,0.9579899186677384,0.9579899186677384,0.0,0.95799 ± 0,3,classification
Cancer,CTGAN,Utility,F1_TSTR,0.5116878070896664,0.4537007049028936,0.5270058712825908,0.49746479442505026,0.038666942230180884,0.497465 ± 0.0386669,3,classification
Cancer,CTGAN,Utility,Precision_Gap,0.3675771121283342,0.5139754830681492,0.3700655106817739,0.41720603529275246,0.08381403551259552,0.417206 ± 0.083814,3,classification
Cancer,CTGAN,Utility,Precision_TRTR,0.9585588829451,0.9585588829451,0.9585588829451,0.9585588829451,0.0,0.958559 ± 0,3,classification
Cancer,CTGAN,Utility,Precision_TSTR,0.5909817708167657,0.4445833998769507,0.588493372263326,0.5413528476523476,0.0838140355125955,0.541353 ± 0.083814,3,classification
Cancer,CTGAN,Utility,Recall_Gap,0.4421052631578946,0.4769005847953216,0.4327485380116959,0.45058479532163737,0.023265374660272065,0.450585 ± 0.0232654,3,classification
Cancer,CTGAN,Utility,Recall_TRTR,0.958187134502924,0.958187134502924,0.958187134502924,0.958187134502924,0.0,0.958187 ± 0,3,classification
Cancer,CTGAN,Utility,Recall_TSTR,0.5160818713450293,0.4812865497076023,0.525438596491228,0.5076023391812865,0.023265374660272054,0.507602 ± 0.0232654,3,classification
Cancer,CopulaGAN,Compute,evaluation_time_seconds,6.844208926195279,7.012478957884014,6.787713655969128,6.88146718001614,0.1169230231586458,6.88147 ± 0.116923,3,classification
Cancer,CopulaGAN,Compute,generation_time_seconds,0.0,0.0,0.0,0.0,0.0,0 ± 0,3,classification
Cancer,CopulaGAN,Compute,total_time_seconds,80.71898122597486,76.61866615293548,76.3459458060097,77.89453106164001,2.4498434939838902,77.8945 ± 2.44984,3,classification
Cancer,CopulaGAN,Compute,training_time_seconds,73.830597324064,69.59509833087213,69.54114146204665,70.98894570566092,2.4610903632745713,70.9889 ± 2.46109,3,classification
Cancer,CopulaGAN,Fidelity,KS_Complement,0.6973714285714284,0.6704912087912088,0.6716725274725273,0.6798450549450549,0.015189773132773927,0.679845 ± 0.0151898,3,classification
Cancer,CopulaGAN,Fidelity,MMD,0.268642812482075,0.2646409755683581,0.2578231857459137,0.26370232459878223,0.005470546582333293,0.263702 ± 0.00547055,3,classification
Cancer,CopulaGAN,Fidelity,Quality_Score,0.670829269714067,0.656727473538518,0.6592414056312632,0.6622660496279494,0.007521736323761902,0.662266 ± 0.00752174,3,classification
Cancer,CopulaGAN,Fidelity,Wasserstein_Distance,33.40136545244344,43.11187027961803,36.75500236204747,37.75607936470298,4.932047482899932,37.7561 ± 4.93205,3,classification
Cancer,CopulaGAN,Privacy,MIA_AUC,0.9998765432098766,0.9977777777777778,1.0,0.9992181069958849,0.0012488881403698662,0.999218 ± 0.00124889,3,classification
Cancer,CopulaGAN,Privacy,Mahalanobis_Distance,130.62796331489355,131.0070055832447,151.20313284348288,137.61270058054038,11.771185372787249,137.613 ± 11.7712,3,classification
Cancer,CopulaGAN,Privacy,Mean_Distance,130.62796331489355,131.0070055832447,151.20313284348288,137.61270058054038,11.771185372787249,137.613 ± 11.7712,3,classification
Cancer,CopulaGAN,Privacy,Median_Distance,116.4259912431834,116.48863285942568,138.28650858032944,123.73371089431284,12.603131410908121,123.734 ± 12.6031,3,classification
Cancer,CopulaGAN,Privacy,NNDR,0.97853305831354,0.977944304460262,0.979480809337024,0.9786527240369421,0.000775210760436346,0.978653 ± 0.000775211,3,classification
Cancer,CopulaGAN,Utility,Accuracy_Gap,0.3599415204678361,0.3187134502923978,0.3350877192982456,0.3379142300194931,0.020758861113768082,0.337914 ± 0.0207589,3,classification
Cancer,CopulaGAN,Utility,Accuracy_TRTR,0.958187134502924,0.958187134502924,0.958187134502924,0.958187134502924,0.0,0.958187 ± 0,3,classification
Cancer,CopulaGAN,Utility,Accuracy_TSTR,0.5982456140350878,0.6394736842105261,0.6230994152046783,0.6202729044834306,0.020758861113768054,0.620273 ± 0.0207589,3,classification
Cancer,CopulaGAN,Utility,F1_Gap,0.368592147162586,0.3141614896143794,0.3522213056266984,0.34499164746788785,0.027926243716305203,0.344992 ± 0.0279262,3,classification
Cancer,CopulaGAN,Utility,F1_TRTR,0.9579899186677384,0.9579899186677384,0.9579899186677384,0.9579899186677384,0.0,0.95799 ± 0,3,classification
Cancer,CopulaGAN,Utility,F1_TSTR,0.5893977715051525,0.6438284290533591,0.6057686130410401,0.6129982711998506,0.027926243716305223,0.612998 ± 0.0279262,3,classification
Cancer,CopulaGAN,Utility,Precision_Gap,0.2287414164531204,0.3038619440346471,0.2704805061370421,0.2676946222082699,0.037637670995694886,0.267695 ± 0.0376377,3,classification
Cancer,CopulaGAN,Utility,Precision_TRTR,0.9585588829451,0.9585588829451,0.9585588829451,0.9585588829451,0.0,0.958559 ± 0,3,classification
Cancer,CopulaGAN,Utility,Precision_TSTR,0.7298174664919795,0.6546969389104528,0.6880783768080578,0.6908642607368302,0.037637670995694913,0.690864 ± 0.0376377,3,classification
Cancer,CopulaGAN,Utility,ROC_AUC_Gap,0.2385251322751324,0.3037312610229279,0.2302028218694887,0.2574864050558497,0.04026481392213095,0.257486 ± 0.0402648,3,classification
Cancer,CopulaGAN,Utility,ROC_AUC_TRTR,0.9709325396825398,0.9709325396825398,0.9709325396825398,0.9709325396825398,0.0,0.970933 ± 0,3,classification
Cancer,CopulaGAN,Utility,ROC_AUC_TSTR,0.7324074074074074,0.6672012786596119,0.7407297178130511,0.7134461346266902,0.04026481392213095,0.713446 ± 0.0402648,3,classification
Cancer,CopulaGAN,Utility,Recall_Gap,0.3599415204678361,0.3187134502923978,0.3350877192982456,0.3379142300194931,0.020758861113768082,0.337914 ± 0.0207589,3,classification
Cancer,CopulaGAN,Utility,Recall_TRTR,0.958187134502924,0.958187134502924,0.958187134502924,0.958187134502924,0.0,0.958187 ± 0,3,classification
Cancer,CopulaGAN,Utility,Recall_TSTR,0.5982456140350878,0.6394736842105261,0.6230994152046783,0.6202729044834306,0.020758861113768054,0.620273 ± 0.0207589,3,classification
Cancer,ForestDiffusion,Compute,evaluation_time_seconds,5.938732716022059,6.055045092012733,5.947204952128232,5.980327586721008,0.06484577005421317,5.98033 ± 0.0648458,3,classification
Cancer,ForestDiffusion,Compute,generation_time_seconds,0.0,0.0,0.0,0.0,0.0,0 ± 0,3,classification
Cancer,ForestDiffusion,Compute,total_time_seconds,12.95623264508322,11.572434779023752,11.117736105108634,11.882134509738535,0.9575765370341105,11.8821 ± 0.957577,3,classification
Cancer,ForestDiffusion,Compute,training_time_seconds,7.005515724187717,5.505992245161906,5.159768447978422,5.890425472442682,0.981089920234961,5.89043 ± 0.98109,3,classification
Cancer,ForestDiffusion,Fidelity,KS_Complement,0.9220315018315018,0.9207567765567763,0.9167886446886448,0.9198589743589745,0.002734305093599693,0.919859 ± 0.00273431,3,classification
Cancer,ForestDiffusion,Fidelity,MMD,0.010400103568748,0.0134722527259912,0.0161069669908813,0.013326441095206832,0.002856224484082922,0.0133264 ± 0.00285622,3,classification
Cancer,ForestDiffusion,Fidelity,Quality_Score,0.939384223677773,0.9399777327547574,0.9362108265394866,0.9385242609906723,0.0020253511982037567,0.938524 ± 0.00202535,3,classification
Cancer,ForestDiffusion,Fidelity,Wasserstein_Distance,3.239384574421269,3.1762658523507623,2.6315681887210487,3.015739538497693,0.33419562049922236,3.01574 ± 0.334196,3,classification
Cancer,ForestDiffusion,Privacy,MIA_AUC,0.4787654320987655,0.4639506172839506,0.4401234567901234,0.4609465020576131,0.019495360862478564,0.460947 ± 0.0194954,3,classification
Cancer,ForestDiffusion,Privacy,Mahalanobis_Distance,13.167079719307084,13.564773513823088,12.382537270257886,13.03813016779602,0.6015742880359566,13.0381 ± 0.601574,3,classification
Cancer,ForestDiffusion,Privacy,Mean_Distance,13.167079719307084,13.564773513823088,12.382537270257886,13.03813016779602,0.6015742880359566,13.0381 ± 0.601574,3,classification
Cancer,ForestDiffusion,Privacy,Median_Distance,10.548357593443882,10.601054169989784,10.216418171844484,10.455276645092717,0.2085287989146148,10.4553 ± 0.208529,3,classification
Cancer,ForestDiffusion,Privacy,NNDR,0.905741290237772,0.9087869117993702,0.913647198295792,0.9093918001109781,0.00398751338024168,0.909392 ± 0.00398751,3,classification
Cancer,ForestDiffusion,Utility,Accuracy_Gap,-0.0011695906432749,-0.007017543859649,-0.0143274853801168,-0.0075048732943469,0.006592470398863781,-0.00750487 ± 0.00659247,3,classification
Cancer,ForestDiffusion,Utility,Accuracy_TRTR,0.958187134502924,0.958187134502924,0.958187134502924,0.958187134502924,0.0,0.958187 ± 0,3,classification
Cancer,ForestDiffusion,Utility,Accuracy_TSTR,0.9593567251461989,0.965204678362573,0.9725146198830408,0.9656920077972709,0.006592470398863793,0.965692 ± 0.00659247,3,classification
Cancer,ForestDiffusion,Utility,F1_Gap,-0.0010740723981229,-0.0070325018920751,-0.0144366752772077,-0.007514416522468567,0.006694323730540061,-0.00751442 ± 0.00669432,3,classification
Cancer,ForestDiffusion,Utility,F1_TRTR,0.9579899186677384,0.9579899186677384,0.9579899186677384,0.9579899186677384,0.0,0.95799 ± 0,3,classification
Cancer,ForestDiffusion,Utility,F1_TSTR,0.9590639910658616,0.9650224205598136,0.9724265939449462,0.9655043351902072,0.006694323730539986,0.965504 ± 0.00669432,3,classification
Cancer,ForestDiffusion,Utility,Precision_Gap,-0.0014318463547485,-0.0070833108627127,-0.0140951898503288,-0.0075367823559299996,0.006343839091444117,-0.00753678 ± 0.00634384,3,classification
Cancer,ForestDiffusion,Utility,Precision_TRTR,0.9585588829451,0.9585588829451,0.9585588829451,0.9585588829451,0.0,0.958559 ± 0,3,classification
Cancer,ForestDiffusion,Utility,Precision_TSTR,0.9599907292998484,0.9656421938078128,0.9726540727954288,0.96609566530103,0.006343839091444163,0.966096 ± 0.00634384,3,classification
Cancer,ForestDiffusion,Utility,ROC_AUC_Gap,-0.0029210758377425,-0.0079475308641975,-0.0114748677248678,-0.0074478248089359335,0.0042987345252191896,-0.00744782 ± 0.00429873,3,classification
Cancer,ForestDiffusion,Utility,ROC_AUC_TRTR,0.9709325396825398,0.9709325396825398,0.9709325396825398,0.9709325396825398,0.0,0.970933 ± 0,3,classification
Cancer,ForestDiffusion,Utility,ROC_AUC_TSTR,0.9738536155202824,0.9788800705467372,0.9824074074074076,0.9783803644914757,0.004298734525219151,0.97838 ± 0.00429873,3,classification
Cancer,ForestDiffusion,Utility,Recall_Gap,-0.0011695906432749,-0.007017543859649,-0.0143274853801168,-0.0075048732943469,0.006592470398863781,-0.00750487 ± 0.00659247,3,classification
Cancer,ForestDiffusion,Utility,Recall_TRTR,0.958187134502924,0.958187134502924,0.958187134502924,0.958187134502924,0.0,0.958187 ± 0,3,classification
Cancer,ForestDiffusion,Utility,Recall_TSTR,0.9593567251461989,0.965204678362573,0.9725146198830408,0.9656920077972709,0.006592470398863793,0.965692 ± 0.00659247,3,classification
Cancer,GaussianCopula,Compute,evaluation_time_seconds,6.976419203914702,6.971766497008503,7.010579077992588,6.986254926305264,0.021193399606238214,6.98625 ± 0.0211934,3,classification
Cancer,GaussianCopula,Compute,generation_time_seconds,0.0,0.0,0.0,0.0,0.0,0 ± 0,3,classification
Cancer,GaussianCopula,Compute,total_time_seconds,8.500604314962402,8.502441610908136,8.560824028914794,8.521289984928444,0.03424980860580191,8.52129 ± 0.0342498,3,classification
Cancer,GaussianCopula,Compute,training_time_seconds,1.5138546379748732,1.5202188021503389,1.5386163198854774,1.5242299200035632,0.012858927738533536,1.52423 ± 0.0128589,3,classification
Cancer,GaussianCopula,Fidelity,KS_Complement,0.9201659340659342,0.9201659340659342,0.9201659340659342,0.9201659340659342,0.0,0.920166 ± 0,3,classification
Cancer,GaussianCopula,Fidelity,MMD,0.0173158059268259,0.0173158059268259,0.0173158059268259,0.0173158059268259,0.0,0.0173158 ± 0,3,classification
Cancer,GaussianCopula,Fidelity,Quality_Score,0.931154552368642,0.931154552368642,0.931154552368642,0.9311545523686421,1.3597399555105182e-16,0.931155 ± 1.35974e-16,3,classification
Cancer,GaussianCopula,Fidelity,Wasserstein_Distance,3.709511765923111,3.709511765923111,3.709511765923111,3.709511765923111,0.0,3.70951 ± 0,3,classification
Cancer,GaussianCopula,Privacy,MIA_AUC,0.7532098765432098,0.7532098765432098,0.7532098765432098,0.7532098765432099,1.3597399555105182e-16,0.75321 ± 1.35974e-16,3,classification
Cancer,GaussianCopula,Privacy,Mahalanobis_Distance,8.619195541629859,8.619195541629859,8.619195541629859,8.619195541629859,0.0,8.6192 ± 0,3,classification
Cancer,GaussianCopula,Privacy,Mean_Distance,8.619195541629859,8.619195541629859,8.619195541629859,8.619195541629859,0.0,8.6192 ± 0,3,classification
Cancer,GaussianCopula,Privacy,Median_Distance,7.851049455002814,7.851049455002814,7.851049455002814,7.851049455002813,1.0877919644084146e-15,7.85105 ± 1.08779e-15,3,classification
Cancer,GaussianCopula,Privacy,NNDR,0.9227251695953392,0.9227251695953392,0.9227251695953392,0.9227251695953392,0.0,0.922725 ± 0,3,classification
Cancer,GaussianCopula,Utility,Accuracy_Gap,0.1608187134502925,0.1608187134502925,0.1608187134502925,0.1608187134502925,0.0,0.160819 ± 0,3,classification
Cancer,GaussianCopula,Utility,Accuracy_TRTR,0.958187134502924,0.958187134502924,0.958187134502924,0.958187134502924,0.0,0.958187 ± 0,3,classification
Cancer,GaussianCopula,Utility,Accuracy_TSTR,0.7973684210526314,0.7973684210526314,0.7973684210526314,0.7973684210526314,0.0,0.797368 ± 0,3,classification
Cancer,GaussianCopula,Utility,F1_Gap,0.1662103280932607,0.1662103280932607,0.1662103280932607,0.1662103280932607,0.0,0.16621 ± 0,3,classification
Cancer,GaussianCopula,Utility,F1_TRTR,0.9579899186677384,0.9579899186677384,0.9579899186677384,0.9579899186677384,0.0,0.95799 ± 0,3,classification
Cancer,GaussianCopula,Utility,F1_TSTR,0.7917795905744778,0.7917795905744778,0.7917795905744778,0.7917795905744778,0.0,0.79178 ± 0,3,classification
Cancer,GaussianCopula,Utility,Precision_Gap,0.1504049315774424,0.1504049315774424,0.1504049315774424,0.1504049315774424,0.0,0.150405 ± 0,3,classification
Cancer,GaussianCopula,Utility,Precision_TRTR,0.9585588829451,0.9585588829451,0.9585588829451,0.9585588829451,0.0,0.958559 ± 0,3,classification
Cancer,GaussianCopula,Utility,Precision_TSTR,0.8081539513676576,0.8081539513676576,0.8081539513676576,0.8081539513676576,0.0,0.808154 ± 0,3,classification
Cancer,GaussianCopula,Utility,ROC_AUC_Gap,0.0933917548500882,0.0933917548500882,0.0933917548500882,0.0933917548500882,0.0,0.0933918 ± 0,3,classification
Cancer,GaussianCopula,Utility,ROC_AUC_TRTR,0.9709325396825398,0.9709325396825398,0.9709325396825398,0.9709325396825398,0.0,0.970933 ± 0,3,classification
Cancer,GaussianCopula,Utility,ROC_AUC_TSTR,0.8775407848324516,0.8775407848324516,0.8775407848324516,0.8775407848324516,0.0,0.877541 ± 0,3,classification
Cancer,GaussianCopula,Utility,Recall_Gap,0.1608187134502925,0.1608187134502925,0.1608187134502925,0.1608187134502925,0.0,0.160819 ± 0,3,classification
Cancer,GaussianCopula,Utility,Recall_TRTR,0.958187134502924,0.958187134502924,0.958187134502924,0.958187134502924,0.0,0.958187 ± 0,3,classification
Cancer,GaussianCopula,Utility,Recall_TSTR,0.7973684210526314,0.7973684210526314,0.7973684210526314,0.7973684210526314,0.0,0.797368 ± 0,3,classification
Cancer,TVAE,Compute,evaluation_time_seconds,6.379982613027096,6.194203899009153,6.306256684940308,6.2934810656588525,0.09354595117672732,6.29348 ± 0.093546,3,classification
Cancer,TVAE,Compute,generation_time_seconds,0.0,0.0,0.0,0.0,0.0,0 ± 0,3,classification
Cancer,TVAE,Compute,total_time_seconds,18.968550226883963,18.71685807988979,18.90002715494484,18.861811820572864,0.13012510538134306,18.8618 ± 0.130125,3,classification
Cancer,TVAE,Compute,training_time_seconds,12.577952857129276,12.512129039037973,12.582783251069486,12.557621715745578,0.039471773483356946,12.5576 ± 0.0394718,3,classification
Cancer,TVAE,Fidelity,KS_Complement,0.8521739926739927,0.8690578754578753,0.8532776556776558,0.8581698412698412,0.00944544781184363,0.85817 ± 0.00944545,3,classification
Cancer,TVAE,Fidelity,MMD,0.0366128893592974,0.0232539722053743,0.0340983000939884,0.0313217205528867,0.007099099403614069,0.0313217 ± 0.0070991,3,classification
Cancer,TVAE,Fidelity,Quality_Score,0.8403516811907786,0.8664644771488004,0.844786637905687,0.8505342654150887,0.013973043500842698,0.850534 ± 0.013973,3,classification
Cancer,TVAE,Fidelity,Wasserstein_Distance,10.558340179198533,8.330919436962121,9.562440206568423,9.483899940909692,1.1157854725410075,9.4839 ± 1.11579,3,classification
Cancer,TVAE,Privacy,MIA_AUC,0.7682716049382716,0.7209876543209877,0.7430864197530864,0.7441152263374485,0.02365875797110781,0.744115 ± 0.0236588,3,classification
Cancer,TVAE,Privacy,Mahalanobis_Distance,44.38181328341296,45.80583068698727,43.85530040578976,44.68098145873,1.0090928065886717,44.681 ± 1.00909,3,classification
Cancer,TVAE,Privacy,Mean_Distance,44.38181328341296,45.80583068698727,43.85530040578976,44.68098145873,1.0090928065886717,44.681 ± 1.00909,3,classification
Cancer,TVAE,Privacy,Median_Distance,33.981997253812324,34.13316762787183,33.07224471406404,33.72913653191606,0.5738843662002164,33.7291 ± 0.573884,3,classification
Cancer,TVAE,Privacy,NNDR,0.9507224999726478,0.9516581269821618,0.9491744879534072,0.9505183716360722,0.0012543392641678262,0.950518 ± 0.00125434,3,classification
Cancer,TVAE,Utility,Accuracy_Gap,-0.0052631578947365,0.0008771929824559,0.0052631578947367,0.0002923976608186999,0.005287468222229309,0.000292398 ± 0.00528747,3,classification
Cancer,TVAE,Utility,Accuracy_TRTR,0.958187134502924,0.958187134502924,0.958187134502924,0.958187134502924,0.0,0.958187 ± 0,3,classification
Cancer,TVAE,Utility,Accuracy_TSTR,0.9634502923976604,0.957309941520468,0.9529239766081872,0.9578947368421051,0.005287468222229345,0.957895 ± 0.00528747,3,classification
Cancer,TVAE,Utility,F1_Gap,-0.0055822284115599,0.0001917301597911,0.0044768522852987,-0.00030454865549003315,0.005047870403779297,-0.000304549 ± 0.00504787,3,classification
Cancer,TVAE,Utility,F1_TRTR,0.9579899186677384,0.9579899186677384,0.9579899186677384,0.9579899186677384,0.0,0.95799 ± 0,3,classification
Cancer,TVAE,Utility,F1_TSTR,0.9635721470792984,0.9577981885079474,0.9535130663824398,0.9582944673232285,0.005047870403779281,0.958294 ± 0.00504787,3,classification
Cancer,TVAE,Utility,Precision_Gap,-0.006012717594323,-0.004960581554807,-0.0001095804765767,-0.0036942932085689,0.003148709511782937,-0.00369429 ± 0.00314871,3,classification
Cancer,TVAE,Utility,Precision_TRTR,0.9585588829451,0.9585588829451,0.9585588829451,0.9585588829451,0.0,0.958559 ± 0,3,classification
Cancer,TVAE,Utility,Precision_TSTR,0.964571600539423,0.963519464499907,0.9586684634216768,0.962253176153669,0.0031487095117829064,0.962253 ± 0.00314871,3,classification
Cancer,TVAE,Utility,ROC_AUC_Gap,-0.0099757495590826,-0.0028824955908288,0.0030423280423281,-0.0032719723691944334,0.006517772259733558,-0.00327197 ± 0.00651777,3,classification
Cancer,TVAE,Utility,ROC_AUC_TRTR,0.9709325396825398,0.9709325396825398,0.9709325396825398,0.9709325396825398,0.0,0.970933 ± 0,3,classification
Cancer,TVAE,Utility,ROC_AUC_TSTR,0.9809082892416224,0.9738150352733688,0.9678902116402116,0.9742045120517343,0.0065177722597336155,0.974205 ± 0.00651777,3,classification
Cancer,TVAE,Utility,Recall_Gap,-0.0052631578947365,0.0008771929824559,0.0052631578947367,0.0002923976608186999,0.005287468222229309,0.000292398 ± 0.00528747,3,classification
Cancer,TVAE,Utility,Recall_TRTR,0.958187134502924,0.958187134502924,0.958187134502924,0.958187134502924,0.0,0.958187 ± 0,3,classification
Cancer,TVAE,Utility,Recall_TSTR,0.9634502923976604,0.957309941520468,0.9529239766081872,0.9578947368421051,0.005287468222229345,0.957895 ± 0.00528747,3,classification
Cancer,TabDDPM,Compute,evaluation_time_seconds,5.334988909075037,5.294896457111463,5.400435198098421,5.343440188094974,0.053274520646202715,5.34344 ± 0.0532745,3,classification
Cancer,TabDDPM,Compute,generation_time_seconds,0.0,0.0,0.0,0.0,0.0,0 ± 0,3,classification
Cancer,TabDDPM,Compute,total_time_seconds,25.78092254209332,25.32059743092396,25.41358225815929,25.505034077058856,0.2434078437074296,25.505 ± 0.243408,3,classification
Cancer,TabDDPM,Compute,training_time_seconds,20.43498746212572,20.013614744879305,20.00249613611959,20.150366114374872,0.24655200173963215,20.1504 ± 0.246552,3,classification
Cancer,TabDDPM,Fidelity,KS_Complement,0.3734575091575091,0.3868868131868132,0.3425406593406593,0.36762832722832717,0.022740489478226135,0.367628 ± 0.0227405,3,classification
Cancer,TabDDPM,Fidelity,MMD,0.3821379789475543,0.4341899311894044,0.3734439961810518,0.39659063543933687,0.032850823654238075,0.396591 ± 0.0328508,3,classification
Cancer,TabDDPM,Fidelity,Quality_Score,0.6019209877986296,0.6054989324988613,0.578322562603808,0.595247494300433,0.014766191342761501,0.595247 ± 0.0147662,3,classification
Cancer,TabDDPM,Fidelity,Wasserstein_Distance,100.8271601840026,92.26149115312096,86.149298966989,93.07931676803753,7.3730272974395135,93.0793 ± 7.37303,3,classification
Cancer,TabDDPM,Privacy,MIA_AUC,1.0,0.9934567901234568,0.9990123456790124,0.9974897119341564,0.003527351557876518,0.99749 ± 0.00352735,3,classification
Cancer,TabDDPM,Privacy,Mahalanobis_Distance,51.54657606181053,52.709572012413325,59.51031543722657,54.58882117048348,4.3016240256987235,54.5888 ± 4.30162,3,classification
Cancer,TabDDPM,Privacy,Mean_Distance,51.54657606181053,52.709572012413325,59.51031543722657,54.58882117048348,4.3016240256987235,54.5888 ± 4.30162,3,classification
Cancer,TabDDPM,Privacy,Median_Distance,42.96938771738928,40.6280766653493,57.05685585866587,46.884773413801476,8.886724948452034,46.8848 ± 8.88672,3,classification
Cancer,TabDDPM,Privacy,NNDR,0.9261180863151296,0.9619258678318486,0.9464635219842292,0.9448358253770692,0.01795929707619404,0.944836 ± 0.0179593,3,classification
Cancer,TabDDPM,Utility,Accuracy_Gap,0.3266081871345029,0.3646198830409355,0.4064327485380116,0.36588693957115,0.03992736185880181,0.365887 ± 0.0399274,3,classification
Cancer,TabDDPM,Utility,Accuracy_TRTR,0.958187134502924,0.958187134502924,0.958187134502924,0.958187134502924,0.0,0.958187 ± 0,3,classification
Cancer,TabDDPM,Utility,Accuracy_TSTR,0.631578947368421,0.5935672514619884,0.5517543859649123,0.592300194931774,0.03992736185880181,0.5923 ± 0.0399274,3,classification
Cancer,TabDDPM,Utility,F1_Gap,0.4690255723179933,0.4696111440670335,0.5031113160414398,0.4805826774754889,0.019512570058676442,0.480583 ± 0.0195126,3,classification
Cancer,TabDDPM,Utility,F1_TRTR,0.9579899186677384,0.9579899186677384,0.9579899186677384,0.9579899186677384,0.0,0.95799 ± 0,3,classification
Cancer,TabDDPM,Utility,F1_TSTR,0.4889643463497452,0.488378774600705,0.4548786026262987,0.47740724119224964,0.019512570058676473,0.477407 ± 0.0195126,3,classification
Cancer,TabDDPM,Utility,Precision_Gap,0.5596669161860972,0.463354342913768,0.547053221531372,0.5233581602104124,0.05234615449904104,0.523358 ± 0.0523462,3,classification
Cancer,TabDDPM,Utility,Precision_TRTR,0.9585588829451,0.9585588829451,0.9585588829451,0.9585588829451,0.0,0.958559 ± 0,3,classification
Cancer,TabDDPM,Utility,Precision_TSTR,0.3988919667590027,0.4952045400313319,0.4115056614137279,0.4352007227346875,0.05234615449904102,0.435201 ± 0.0523462,3,classification
Cancer,TabDDPM,Utility,ROC_AUC_Gap,0.6198082010582011,0.3603946208112875,0.6843750000000002,0.5548592739564963,0.171477677478914,0.554859 ± 0.171478,3,classification
Cancer,TabDDPM,Utility,ROC_AUC_TRTR,0.9709325396825398,0.9709325396825398,0.9709325396825398,0.9709325396825398,0.0,0.970933 ± 0,3,classification
Cancer,TabDDPM,Utility,ROC_AUC_TSTR,0.3511243386243386,0.6105379188712523,0.2865575396825396,0.4160732657260435,0.17147767747891401,0.416073 ± 0.171478,3,classification
Cancer,TabDDPM,Utility,Recall_Gap,0.3266081871345029,0.3646198830409355,0.4064327485380116,0.36588693957115,0.03992736185880181,0.365887 ± 0.0399274,3,classification
Cancer,TabDDPM,Utility,Recall_TRTR,0.958187134502924,0.958187134502924,0.958187134502924,0.958187134502924,0.0,0.958187 ± 0,3,classification
Cancer,TabDDPM,Utility,Recall_TSTR,0.631578947368421,0.5935672514619884,0.5517543859649123,0.592300194931774,0.03992736185880181,0.5923 ± 0.0399274,3,classification
Cancer,WGAN_GP,Compute,evaluation_time_seconds,6.515060761012137,6.570728325983509,6.463077067863196,6.5162887182862805,0.053836133340182606,6.51629 ± 0.0538361,3,classification
Cancer,WGAN_GP,Compute,generation_time_seconds,0.0,0.0,0.0,0.0,0.0,0 ± 0,3,classification
Cancer,WGAN_GP,Compute,total_time_seconds,19.31177953793668,19.58395521203056,19.130002876976505,19.34191254231458,0.22847139665587507,19.3419 ± 0.228471,3,classification
Cancer,WGAN_GP,Compute,training_time_seconds,12.78622391098179,13.002638138830662,12.656360862078143,12.815074303963533,0.17493212106467404,12.8151 ± 0.174932,3,classification
Cancer,WGAN_GP,Fidelity,KS_Complement,0.8610923076923077,0.8721967032967034,0.8366336996336996,0.8566409035409036,0.01819458866182632,0.856641 ± 0.0181946,3,classification
Cancer,WGAN_GP,Fidelity,MMD,0.0277064381526815,0.0242732306293128,0.0322525160850238,0.0280773949556727,0.004002556159280513,0.0280774 ± 0.00400256,3,classification
Cancer,WGAN_GP,Fidelity,Quality_Score,0.8765201100650197,0.8804574161097671,0.8623379685731584,0.8731051649159817,0.009530214191516524,0.873105 ± 0.00953021,3,classification
Cancer,WGAN_GP,Fidelity,Wasserstein_Distance,12.395274328527844,9.648387456650177,12.200928431616186,11.41486340559807,1.5328961284347076,11.4149 ± 1.5329,3,classification
Cancer,WGAN_GP,Privacy,MIA_AUC,0.8009876543209877,0.9055555555555556,0.9166666666666669,0.87440329218107,0.06382206600645994,0.874403 ± 0.0638221,3,classification
Cancer,WGAN_GP,Privacy,Mahalanobis_Distance,24.795478659992146,23.976983033285155,25.800589997069583,24.857683896782294,0.9133935122409476,24.8577 ± 0.913394,3,classification
Cancer,WGAN_GP,Privacy,Mean_Distance,24.795478659992146,23.976983033285155,25.800589997069583,24.857683896782294,0.9133935122409476,24.8577 ± 0.913394,3,classification
Cancer,WGAN_GP,Privacy,Median_Distance,22.60358181601866,21.970909347763403,23.392954742286506,22.65581530202286,0.712460194548583,22.6558 ± 0.71246,3,classification
Cancer,WGAN_GP,Privacy,NNDR,0.9265473038895928,0.9289248669426978,0.9270558527761698,0.9275093412028202,0.0012519745735045352,0.927509 ± 0.00125197,3,classification
Cancer,WGAN_GP,Utility,Accuracy_Gap,0.0751461988304093,0.0666666666666667,0.0903508771929826,0.07738791423001953,0.01200018429080781,0.0773879 ± 0.0120002,3,classification
Cancer,WGAN_GP,Utility,Accuracy_TRTR,0.958187134502924,0.958187134502924,0.958187134502924,0.958187134502924,0.0,0.958187 ± 0,3,classification
Cancer,WGAN_GP,Utility,Accuracy_TSTR,0.8830409356725146,0.8915204678362572,0.8678362573099413,0.8807992202729044,0.012000184290807793,0.880799 ± 0.0120002,3,classification
Cancer,WGAN_GP,Utility,F1_Gap,0.0743134870945512,0.0681184463567846,0.0954685254035266,0.07930015295162081,0.014340740331074499,0.0793002 ± 0.0143407,3,classification
Cancer,WGAN_GP,Utility,F1_TRTR,0.9579899186677384,0.9579899186677384,0.9579899186677384,0.9579899186677384,0.0,0.95799 ± 0,3,classification
Cancer,WGAN_GP,Utility,F1_TSTR,0.8836764315731873,0.8898714723109539,0.8625213932642118,0.8786897657161177,0.014340740331074521,0.87869 ± 0.0143407,3,classification
Cancer,WGAN_GP,Utility,Precision_Gap,0.0719617683852222,0.0651632056654183,0.0791831176839445,0.07210269724486167,0.007011018396739038,0.0721027 ± 0.00701102,3,classification
Cancer,WGAN_GP,Utility,Precision_TRTR,0.9585588829451,0.9585588829451,0.9585588829451,0.9585588829451,0.0,0.958559 ± 0,3,classification
Cancer,WGAN_GP,Utility,Precision_TSTR,0.8865971145598777,0.8933956772796816,0.8793757652611554,0.8864561857002382,0.007011018396739073,0.886456 ± 0.00701102,3,classification
Cancer,WGAN_GP,Utility,ROC_AUC_Gap,0.0630235890652558,0.0369543650793652,0.0481261022927691,0.04936801881246337,0.013078909636817997,0.049368 ± 0.0130789,3,classification
Cancer,WGAN_GP,Utility,ROC_AUC_TRTR,0.9709325396825398,0.9709325396825398,0.9709325396825398,0.9709325396825398,0.0,0.970933 ± 0,3,classification
Cancer,WGAN_GP,Utility,ROC_AUC_TSTR,0.907908950617284,0.9339781746031746,0.9228064373897706,0.9215645208700765,0.013078909636817945,0.921565 ± 0.0130789,3,classification
Cancer,WGAN_GP,Utility,Recall_Gap,0.0751461988304093,0.0666666666666667,0.0903508771929826,0.07738791423001953,0.01200018429080781,0.0773879 ± 0.0120002,3,classification
Cancer,WGAN_GP,Utility,Recall_TRTR,0.958187134502924,0.958187134502924,0.958187134502924,0.958187134502924,0.0,0.958187 ± 0,3,classification
Cancer,WGAN_GP,Utility,Recall_TSTR,0.8830409356725146,0.8915204678362572,0.8678362573099413,0.8807992202729044,0.012000184290807793,0.880799 ± 0.0120002,3,classification
