Dataset,Generator,metric_category,metric_name,seed_42,seed_123,seed_2024,seed_68,seed_91,seed_2025,seed_55,seed_155,seed_255,seed_355,mean,sd,n_seeds
Adult,CTABGAN,Compute,evaluation_time_seconds,29.31416466785595,29.2826290470548,28.89556631306186,128.9310016238596,76.75862962100655,65.85331829707138,85.85652529699973,31.68280088900065,121.6135777829986,31.73865257200669,62.992686611091585,39.292433269408875,10
Adult,CTABGAN,Compute,generation_time_seconds,0.0,0.0,0.0,0.0,0.0,0.0,0.0,0.0,0.0,0.0,0.0,0.0,10
Adult,CTABGAN,Compute,total_time_seconds,652.4220287129283,649.1772371968254,643.9836334860884,2930.53747934592,2895.351435344201,2937.133484207094,2983.595511375,12893.394873377,13142.8325182,2396.911479401999,4212.533968064706,4749.572424287495,10
Adult,CTABGAN,Compute,training_time_seconds,623.0922574209981,619.8811222841032,615.0751315141097,2801.502888330026,2818.267591841985,2871.125497506,2897.610046562,12861.56950070601,13020.940302554,2364.947967364002,4149.401230608323,4737.133448594205,10
Adult,CTABGAN,Fidelity,KS_Complement,0.57255,0.5660499999999999,0.5557416666666667,0.9495416666666666,0.9538375,0.9521833333333332,0.949925,0.9641416666666666,0.948075,0.943075,0.8355120833333333,0.1869409487295956,10
Adult,CTABGAN,Fidelity,MMD,0.0107644948536015,0.0203157439446324,0.0115948897150075,0.0110862408768147,0.0129958352943525,0.0155174663331676,0.0229552623543725,0.0090091833895064,0.0181254390461257,0.0196852330578776,0.01520497888654584,0.004805888390719937,10
Adult,CTABGAN,Fidelity,Quality_Score,0.8516233333333334,0.7746139583333334,0.8331525,0.91374375,0.9263168055555556,0.9305604166666668,0.9371872222222222,0.9259118055555556,0.9325072222222224,0.9289997222222224,0.8954616736111112,0.055868898175021775,10
Adult,CTABGAN,Fidelity,Wasserstein_Distance,1106.45330475553,1129.255270652159,1411.248076605992,3791.584333333333,2417.559575,3413.1459,1549.377841666666,2430.814391666665,3621.822799999999,2039.798799999999,2291.1060293680343,1025.1010773881492,10
Adult,CTABGAN,Privacy,MIA_AUC,0.5339506172839505,0.6732098765432101,0.4937037037037037,0.8354320987654321,0.8135802469135802,0.845679012345679,0.7629629629629631,0.8300000000000001,0.8350617283950618,0.8630864197530865,0.7486666666666667,0.13553667467160352,10
Adult,CTABGAN,Privacy,Mahalanobis_Distance,3.880844107606742,3.914505839767935,3.73828927430239,4.977884382363154,4.849608015843194,4.883410940738682,4.769329969352488,4.924883640566653,4.91770454252354,4.96787184593996,4.582433255900474,0.5145070272943685,10
Adult,CTABGAN,Privacy,Mean_Distance,3.880844107606742,3.914505839767935,3.73828927430239,4.977884382363154,4.849608015843194,4.883410940738682,4.769329969352488,4.924883640566653,4.91770454252354,4.96787184593996,4.582433255900474,0.5145070272943685,10
Adult,CTABGAN,Privacy,Median_Distance,3.633841066628912,3.691575417560814,3.550310397462487,4.892428172166426,4.775032993923181,4.797530055638067,4.635286270612436,4.790253234232305,4.838155718135964,4.87093108907275,4.447534441543334,0.5725984850649591,10
Adult,CTABGAN,Privacy,NNDR,0.8473105426765587,0.8573446334092896,0.8497525428329902,0.914016444639336,0.8954465445881804,0.9082730650559422,0.9121101602431996,0.909370667971141,0.9096559406126002,0.9103111055754044,0.8913591647604642,0.028074277661601907,10
Adult,CTABGAN,Utility,Accuracy_Gap,0.0456000000000001,0.0535500000000002,0.0649000000000001,0.111116666666667,0.0817833333333335,0.093616666666667,0.0886500000000003,0.095266666666667,0.0731666666666667,0.1022999999999999,0.08099500000000018,0.021369217577547034,10
Adult,CTABGAN,Utility,Accuracy_TRTR,0.8237000000000002,0.8237000000000002,0.8237000000000002,0.8237000000000002,0.8237000000000002,0.8237000000000002,0.8237000000000002,0.8237000000000002,0.8237000000000002,0.8237000000000002,0.8237000000000002,0.0,10
Adult,CTABGAN,Utility,Accuracy_TSTR,0.7781,0.77015,0.7588,0.7125833333333332,0.7419166666666667,0.7300833333333332,0.7350499999999999,0.7284333333333332,0.7505333333333335,0.7214000000000003,0.742705,0.021369217577547013,10
Adult,CTABGAN,Utility,F1_Gap,0.046066113959523,0.0438025264865373,0.072075208628337,0.09684952843532,0.0869646389369361,0.0825439877886758,0.0944100216168117,0.0886747679430796,0.0864331224317311,0.1008590030855481,0.07986789193124996,0.020062850072053554,10
Adult,CTABGAN,Utility,F1_TRTR,0.8179017788152698,0.8179017788152698,0.8179017788152698,0.8179017788152698,0.8179017788152698,0.8179017788152698,0.8179017788152698,0.8179017788152698,0.8179017788152698,0.8179017788152698,0.8179017788152698,0.0,10
Adult,CTABGAN,Utility,F1_TSTR,0.7718356648557467,0.7740992523287324,0.7458265701869328,0.7210522503799498,0.7309371398783336,0.7353577910265939,0.723491757198458,0.7292270108721902,0.7314686563835386,0.7170427757297217,0.7380338868840198,0.02006285007205353,10
Adult,CTABGAN,Utility,Precision_Gap,0.035517058882533,0.0342013132314309,0.0480904065707767,0.0822356149296792,0.0889430594329822,0.0726714939104998,0.096303224102315,0.0872288991911731,0.0804128821313606,0.1002835965101602,0.07258875488929106,0.024525584189261828,10
Adult,CTABGAN,Utility,Precision_TRTR,0.81998538946126,0.81998538946126,0.81998538946126,0.81998538946126,0.81998538946126,0.81998538946126,0.81998538946126,0.81998538946126,0.81998538946126,0.81998538946126,0.81998538946126,0.0,10
Adult,CTABGAN,Utility,Precision_TSTR,0.7844683305787269,0.785784076229829,0.7718949828904832,0.7377497745315807,0.7310423300282778,0.7473138955507601,0.7236821653589449,0.7327564902700868,0.7395725073298993,0.7197017929510998,0.7473966345719689,0.024525584189261807,10
Adult,CTABGAN,Utility,ROC_AUC_Gap,0.0419985303148749,0.0540522262130596,0.0640940115570276,0.1097636339946461,0.1155841064442001,0.0950842540505176,0.1290875560585103,0.1083267502738006,0.1009775729512334,0.1230388632855707,0.0942007505143441,0.030254142967606264,10
Adult,CTABGAN,Utility,ROC_AUC_TRTR,0.8297875243504865,0.8297875243504865,0.8297875243504865,0.8297875243504865,0.8297875243504865,0.8297875243504865,0.8297875243504865,0.8297875243504865,0.8297875243504865,0.8297875243504865,0.8297875243504865,0.0,10
Adult,CTABGAN,Utility,ROC_AUC_TSTR,0.7877889940356115,0.7757352981374269,0.7656935127934589,0.7200238903558405,0.7142034179062864,0.7347032702999688,0.7006999682919762,0.721460774076686,0.7288099513992531,0.7067486610649159,0.7355867738361423,0.030254142967606236,10
Adult,CTABGAN,Utility,Recall_Gap,0.0456000000000001,0.0535500000000002,0.0649000000000001,0.111116666666667,0.0817833333333335,0.093616666666667,0.0886500000000003,0.095266666666667,0.0731666666666667,0.1022999999999999,0.08099500000000018,0.021369217577547034,10
Adult,CTABGAN,Utility,Recall_TRTR,0.8237000000000002,0.8237000000000002,0.8237000000000002,0.8237000000000002,0.8237000000000002,0.8237000000000002,0.8237000000000002,0.8237000000000002,0.8237000000000002,0.8237000000000002,0.8237000000000002,0.0,10
Adult,CTABGAN,Utility,Recall_TSTR,0.7781,0.77015,0.7588,0.7125833333333332,0.7419166666666667,0.7300833333333332,0.7350499999999999,0.7284333333333332,0.7505333333333335,0.7214000000000003,0.742705,0.021369217577547013,10
Adult,CTGAN,Compute,evaluation_time_seconds,22.3622117601335,23.53636956121773,23.96656916290522,82.14290155097842,79.46327403699979,74.1878652528394,93.45683929300004,103.339133383,96.209331302,51.22092914899986,64.9885424452074,32.062444300945046,10
Adult,CTGAN,Compute,generation_time_seconds,0.0,0.0,0.0,0.0,0.0,0.0,0.0,0.0,0.0,0.0,0.0,0.0,10
Adult,CTGAN,Compute,total_time_seconds,681.8125435677357,675.8279928970151,677.94778385479,512.1709484371822,477.3816712400876,494.9384818889666,827.0814656089999,946.966019922,943.4445229179998,875.764072467,711.3335502801777,180.8332362652558,10
Adult,CTGAN,Compute,training_time_seconds,659.4353320850059,652.2774233217351,653.9656772413291,428.6434383229353,397.7651414847933,420.6399045190774,733.5253739719999,843.394803304,847.108561182,824.240219409,646.0995874841876,175.99699751428037,10
Adult,CTGAN,Fidelity,KS_Complement,0.7565791666666666,0.7845333333333334,0.7589041666666668,0.808325,0.82825,0.8128041666666667,0.7975708333333333,0.842625,0.7719874999999999,0.8035041666666666,0.7965083333333334,0.028563034242781705,10
Adult,CTGAN,Fidelity,MMD,0.0076491164816627,0.020382356063501,0.010955427069716,0.0070631660226081,0.0189014116648729,0.0141390929576704,0.0055639232009361,0.008648344676652,0.0101574997160391,0.0178018410075576,0.012126217886121591,0.005337667815083889,10
Adult,CTGAN,Fidelity,Quality_Score,0.8218833333333333,0.8355758333333333,0.8527131250000002,0.8562608333333334,0.8745135416666667,0.8482387499999999,0.850280625,0.8345579166666668,0.865198125,0.8367147916666667,0.8475936875000001,0.015766671564251884,10
Adult,CTGAN,Fidelity,Wasserstein_Distance,2384.298374999998,4739.756724999997,3379.189399999998,1874.255266666665,5745.867025,2708.854383333332,3165.171549999999,2344.280249999999,1842.898549999998,1856.360649999999,3004.0932174999984,1314.2533352791781,10
Adult,CTGAN,Privacy,MIA_AUC,0.6348148148148148,0.581604938271605,0.6374074074074074,0.6330864197530863,0.5387654320987654,0.6308641975308642,0.5744444444444444,0.6641975308641975,0.6450617283950617,0.6662962962962963,0.6206543209876543,0.04174113854811493,10
Adult,CTGAN,Privacy,Mahalanobis_Distance,4.010773724726963,3.894644446052669,3.88612264352469,4.149786203708573,4.016414229205983,3.911858958652571,4.006727963381839,4.098036254134838,3.914443599702774,3.868149915423814,3.9756957938514716,0.09609709546254129,10
Adult,CTGAN,Privacy,Mean_Distance,4.010773724726963,3.894644446052669,3.88612264352469,4.149786203708573,4.016414229205983,3.911858958652571,4.006727963381839,4.098036254134838,3.914443599702774,3.868149915423814,3.9756957938514716,0.09609709546254129,10
Adult,CTGAN,Privacy,Median_Distance,3.884827247174535,3.747754237857838,3.861120428677681,3.946423891690857,3.802280384170415,3.840981067069107,3.846468596519049,3.978546301621361,3.777763434690874,3.722230785326336,3.8408396374798053,0.08211608339739682,10
Adult,CTGAN,Privacy,NNDR,0.8740941014509749,0.870007724262842,0.8687290736151813,0.8744110849046065,0.8606067982704956,0.8701785139189822,0.8649028776689456,0.8662255459147143,0.8721916006367492,0.8653521647115756,0.8686699485355067,0.004410102457285498,10
Adult,CTGAN,Utility,Accuracy_Gap,0.0261500000000001,0.0311000000000001,0.0309166666666669,0.0246000000000002,0.0287500000000001,0.0277666666666667,0.0360666666666668,0.0327000000000001,0.0450500000000002,0.0430833333333334,0.03261833333333346,0.006878282381417514,10
Adult,CTGAN,Utility,Accuracy_TRTR,0.8237000000000002,0.8237000000000002,0.8237000000000002,0.8237000000000002,0.8237000000000002,0.8237000000000002,0.8237000000000002,0.8237000000000002,0.8237000000000002,0.8237000000000002,0.8237000000000002,0.0,10
Adult,CTGAN,Utility,Accuracy_TSTR,0.7975500000000001,0.7926000000000001,0.7927833333333333,0.7990999999999999,0.79495,0.7959333333333335,0.7876333333333334,0.791,0.77865,0.7806166666666667,0.7910816666666667,0.006878282381417518,10
Adult,CTGAN,Utility,F1_Gap,0.0387428587445353,0.0366392206890325,0.0438459629418512,0.0458142863005527,0.0340956207086416,0.0321428190282624,0.044725134239156,0.0622513501285957,0.0718447212433625,0.0473965734945364,0.04574985475185263,0.0125330954563591,10
Adult,CTGAN,Utility,F1_TRTR,0.8179017788152698,0.8179017788152698,0.8179017788152698,0.8179017788152698,0.8179017788152698,0.8179017788152698,0.8179017788152698,0.8179017788152698,0.8179017788152698,0.8179017788152698,0.8179017788152698,0.0,10
Adult,CTGAN,Utility,F1_TSTR,0.7791589200707345,0.7812625581262372,0.7740558158734185,0.7720874925147171,0.7838061581066281,0.7857589597870074,0.7731766445761138,0.7556504286866741,0.7460570575719073,0.7705052053207334,0.7721519240634173,0.012533095456359082,10
Adult,CTGAN,Utility,Precision_Gap,0.032016145041146,0.0367081652846814,0.0430695116454622,0.0337753035890155,0.0360452348804344,0.0370217895147839,0.045838850371048,0.040738858646647,0.0516683380270601,0.0479418745061908,0.04048240715064693,0.0064875193850603904,10
Adult,CTGAN,Utility,Precision_TRTR,0.81998538946126,0.81998538946126,0.81998538946126,0.81998538946126,0.81998538946126,0.81998538946126,0.81998538946126,0.81998538946126,0.81998538946126,0.81998538946126,0.81998538946126,0.0,10
Adult,CTGAN,Utility,Precision_TSTR,0.787969244420114,0.7832772241765785,0.7769158778157977,0.7862100858722444,0.7839401545808256,0.782963599946476,0.7741465390902119,0.7792465308146129,0.7683170514341998,0.7720435149550692,0.779502982310613,0.006487519385060389,10
Adult,CTGAN,Utility,ROC_AUC_Gap,0.0393006148440928,0.0471602412361026,0.0548489586465411,0.0484362158478158,0.0459910761958388,0.0464940993918984,0.0615296251346222,0.0493186191702337,0.0684600378673984,0.0602682289246423,0.05218077172591862,0.00887512195980423,10
Adult,CTGAN,Utility,ROC_AUC_TRTR,0.8297875243504865,0.8297875243504865,0.8297875243504865,0.8297875243504865,0.8297875243504865,0.8297875243504865,0.8297875243504865,0.8297875243504865,0.8297875243504865,0.8297875243504865,0.8297875243504865,0.0,10
Adult,CTGAN,Utility,ROC_AUC_TSTR,0.7904869095063937,0.7826272831143839,0.7749385657039454,0.7813513085026706,0.7837964481546477,0.7832934249585881,0.7682578992158643,0.7804689051802528,0.7613274864830881,0.7695192954258442,0.7776067526245679,0.008875121959804218,10
Adult,CTGAN,Utility,Recall_Gap,0.0261500000000001,0.0311000000000001,0.0309166666666669,0.0246000000000002,0.0287500000000001,0.0277666666666667,0.0360666666666668,0.0327000000000001,0.0450500000000002,0.0430833333333334,0.03261833333333346,0.006878282381417514,10
Adult,CTGAN,Utility,Recall_TRTR,0.8237000000000002,0.8237000000000002,0.8237000000000002,0.8237000000000002,0.8237000000000002,0.8237000000000002,0.8237000000000002,0.8237000000000002,0.8237000000000002,0.8237000000000002,0.8237000000000002,0.0,10
Adult,CTGAN,Utility,Recall_TSTR,0.7975500000000001,0.7926000000000001,0.7927833333333333,0.7990999999999999,0.79495,0.7959333333333335,0.7876333333333334,0.791,0.77865,0.7806166666666667,0.7910816666666667,0.006878282381417518,10
Adult,CopulaGAN,Compute,evaluation_time_seconds,18.95854189433157,19.78731098724529,18.34837455721572,64.8049355270341,68.01306563592516,66.95732940314338,93.61834270300004,48.87408614600008,45.68096810600014,92.24990317099991,53.72928581308954,28.436814737617727,10
Adult,CopulaGAN,Compute,generation_time_seconds,0.0,0.0,0.0,0.0,0.0,0.0,0.0,0.0,0.0,0.0,0.0,0.0,10
Adult,CopulaGAN,Compute,total_time_seconds,668.6239154399373,668.5785039700568,670.200949144084,497.6552595391404,499.069188997848,432.3882137138862,801.6293930390001,815.815482122,834.9414728779999,627.749604864,651.6651983707952,141.26450963095456,10
Adult,CopulaGAN,Compute,training_time_seconds,649.6499507999979,648.7774490485899,651.8400677791797,432.6504619028419,430.9670436568558,365.1720335558057,707.711599246,766.6145623829999,788.98915749,535.2592361539998,597.7631562016271,148.50153994480286,10
Adult,CopulaGAN,Fidelity,KS_Complement,0.9455916666666668,0.9348416666666668,0.9374125,0.9408916666666668,0.9294333333333332,0.9174458333333334,0.9408041666666668,0.932025,0.940675,0.9342625,0.9353383333333334,0.007930396670912828,10
Adult,CopulaGAN,Fidelity,MMD,0.0070696958480994,0.0098508913035538,0.0098684807986182,0.0224409883508293,0.0109205025718526,0.0281506092127963,0.0077059629339405,0.0183865410041137,0.0109336973990966,0.0159828338441893,0.01413102032670897,0.0069546612855440155,10
Adult,CopulaGAN,Fidelity,Quality_Score,0.9025222916666666,0.8992766666666666,0.8874614583333333,0.8866533333333333,0.8875854166666667,0.8849843749999999,0.8738910416666668,0.893294375,0.9089310416666668,0.8896220833333334,0.8914222083333334,0.010000818026533924,10
Adult,CopulaGAN,Fidelity,Wasserstein_Distance,2829.149508333332,2915.329558333331,1231.092566666666,2348.807491666666,3078.376633333333,2624.916683333332,1591.773816666666,2711.230491666666,5385.076716666664,3516.373091666666,2823.212655833332,1127.7045432537786,10
Adult,CopulaGAN,Privacy,MIA_AUC,0.5925925925925927,0.6212345679012345,0.6141975308641975,0.6033333333333333,0.6677777777777778,0.5907407407407407,0.6864197530864198,0.6093827160493827,0.6146913580246913,0.6274074074074074,0.6227777777777778,0.031150455775468065,10
Adult,CopulaGAN,Privacy,Mahalanobis_Distance,3.916836208254596,3.911163079314645,3.887794010848937,4.014213933325403,3.906144257422777,4.085923589690975,4.125336455889189,4.157053543544754,3.906008022667283,4.021578322496978,3.9932051423455532,0.10165609558728664,10
Adult,CopulaGAN,Privacy,Mean_Distance,3.916836208254596,3.911163079314645,3.887794010848937,4.014213933325403,3.906144257422777,4.085923589690975,4.125336455889189,4.157053543544754,3.906008022667283,4.021578322496978,3.9932051423455532,0.10165609558728664,10
Adult,CopulaGAN,Privacy,Median_Distance,3.759413267521602,3.678956535398918,3.706343044174786,3.910365588290325,3.832781498148088,3.989409020700784,4.034736879742987,3.972684422672384,3.78994738482963,3.961758639088077,3.863639628056758,0.12688122079646783,10
Adult,CopulaGAN,Privacy,NNDR,0.8575487630563318,0.8661627705516632,0.8550074365758799,0.8704761928985884,0.8629367279282166,0.8730954042437032,0.8696274457882807,0.8650739759698854,0.8658677179895575,0.8663846639676035,0.8652181098969709,0.005578917435945751,10
Adult,CopulaGAN,Utility,Accuracy_Gap,0.0478833333333335,0.040266666666667,0.0384166666666668,0.0422166666666666,0.0533333333333335,0.0309333333333333,0.0642500000000004,0.0315333333333334,0.0283333333333335,0.0458666666666668,0.04230333333333348,0.0110897511354816,10
Adult,CopulaGAN,Utility,Accuracy_TRTR,0.8237000000000002,0.8237000000000002,0.8237000000000002,0.8237000000000002,0.8237000000000002,0.8237000000000002,0.8237000000000002,0.8237000000000002,0.8237000000000002,0.8237000000000002,0.8237000000000002,0.0,10
Adult,CopulaGAN,Utility,Accuracy_TSTR,0.7758166666666667,0.7834333333333332,0.7852833333333333,0.7814833333333335,0.7703666666666666,0.7927666666666668,0.7594499999999997,0.7921666666666668,0.7953666666666667,0.7778333333333334,0.7813966666666666,0.011089751135481603,10
Adult,CopulaGAN,Utility,F1_Gap,0.0470498864771308,0.0382650821116606,0.0489619024693815,0.0324571562066803,0.0418938697387339,0.0439826299184654,0.0468186607247838,0.0311102357690463,0.0350530319704008,0.0470807658910312,0.04126732212773146,0.006611772649619681,10
Adult,CopulaGAN,Utility,F1_TRTR,0.8179017788152698,0.8179017788152698,0.8179017788152698,0.8179017788152698,0.8179017788152698,0.8179017788152698,0.8179017788152698,0.8179017788152698,0.8179017788152698,0.8179017788152698,0.8179017788152698,0.0,10
Adult,CopulaGAN,Utility,F1_TSTR,0.770851892338139,0.7796366967036091,0.7689398763458882,0.7854446226085895,0.7760079090765358,0.7739191488968044,0.771083118090486,0.7867915430462235,0.7828487468448689,0.7708210129242385,0.7766344566875383,0.006611772649619677,10
Adult,CopulaGAN,Utility,Precision_Gap,0.0425037593183144,0.0364711114707345,0.0472426970641971,0.0248501703458755,0.0338137967306223,0.0386224795334697,0.0237473384410581,0.0333299659498637,0.0376001987752775,0.0466742320635905,0.03648557496930033,0.008002037840358451,10
Adult,CopulaGAN,Utility,Precision_TRTR,0.81998538946126,0.81998538946126,0.81998538946126,0.81998538946126,0.81998538946126,0.81998538946126,0.81998538946126,0.81998538946126,0.81998538946126,0.81998538946126,0.81998538946126,0.0,10
Adult,CopulaGAN,Utility,Precision_TSTR,0.7774816301429456,0.7835142779905254,0.7727426923970628,0.7951352191153844,0.7861715927306376,0.7813629099277902,0.7962380510202018,0.7866554235113963,0.7823851906859824,0.7733111573976694,0.7834998144919597,0.008002037840358453,10
Adult,CopulaGAN,Utility,ROC_AUC_Gap,0.049058394699293,0.0449878088115505,0.0554803401141124,0.0292182149840455,0.043761742447021,0.0448323210455627,0.0333208277980964,0.0430153054995197,0.047161220722469,0.050852677050133,0.04416888531718032,0.007812338136586174,10
Adult,CopulaGAN,Utility,ROC_AUC_TRTR,0.8297875243504865,0.8297875243504865,0.8297875243504865,0.8297875243504865,0.8297875243504865,0.8297875243504865,0.8297875243504865,0.8297875243504865,0.8297875243504865,0.8297875243504865,0.8297875243504865,0.0,10
Adult,CopulaGAN,Utility,ROC_AUC_TSTR,0.7807291296511935,0.784799715538936,0.7743071842363741,0.800569309366441,0.7860257819034655,0.7849552033049237,0.7964666965523901,0.7867722188509668,0.7826263036280174,0.7789348473003535,0.7856186390333061,0.007812338136586181,10
Adult,CopulaGAN,Utility,Recall_Gap,0.0478833333333335,0.040266666666667,0.0384166666666668,0.0422166666666666,0.0533333333333335,0.0309333333333333,0.0642500000000004,0.0315333333333334,0.0283333333333335,0.0458666666666668,0.04230333333333348,0.0110897511354816,10
Adult,CopulaGAN,Utility,Recall_TRTR,0.8237000000000002,0.8237000000000002,0.8237000000000002,0.8237000000000002,0.8237000000000002,0.8237000000000002,0.8237000000000002,0.8237000000000002,0.8237000000000002,0.8237000000000002,0.8237000000000002,0.0,10
Adult,CopulaGAN,Utility,Recall_TSTR,0.7758166666666667,0.7834333333333332,0.7852833333333333,0.7814833333333335,0.7703666666666666,0.7927666666666668,0.7594499999999997,0.7921666666666668,0.7953666666666667,0.7778333333333334,0.7813966666666666,0.011089751135481603,10
Adult,ForestDiffusion,Compute,evaluation_time_seconds,25.3681301237084,26.19516775291413,27.69267889577896,75.29969703499228,57.67112933006138,83.24171702214517,151.7688678210002,144.1650822360002,139.7486464440003,135.2551811130002,86.64062977736012,52.277912675121236,10
Adult,ForestDiffusion,Compute,generation_time_seconds,0.0,0.0,0.0,0.0,0.0,0.0,0.0,0.0,0.0,0.0,0.0,0.0,10
Adult,ForestDiffusion,Compute,total_time_seconds,188.3562136790715,179.7953728190623,188.3276220359839,401.3784872568212,383.4765886350069,455.4648697660305,729.3673493899998,1226.119419831,1199.988802895,1204.398672242,615.6673398549976,441.50136294849045,10
Adult,ForestDiffusion,Compute,training_time_seconds,162.974297944922,153.5862343898043,160.619596993085,325.9364558358211,325.6498884200118,372.1624110119883,577.3396149609998,1081.813067981,1060.029262507,1069.076124892,528.9186954936632,394.32245267882024,10
Adult,ForestDiffusion,Fidelity,KS_Complement,0.688875,0.6904458333333333,0.6884625,0.6870666666666666,0.6928541666666667,0.6940624999999999,0.6923208333333334,0.6948791666666666,0.6949291666666667,0.6900708333333334,0.6913966666666667,0.002810108242280593,10
Adult,ForestDiffusion,Fidelity,MMD,0.0228920313880409,0.0211380311637811,0.0144896106373102,0.0229321713501689,0.0356906322276689,0.0189671614059411,0.0262608949653035,0.0215856874128569,0.020031774950052,0.0190290596639877,0.022301705516511124,0.005632861299490805,10
Adult,ForestDiffusion,Fidelity,Quality_Score,0.7766668750000001,0.7744566666666666,0.7771741666666667,0.7747691666666665,0.775624375,0.7778879166666667,0.7777714583333333,0.7786529166666667,0.7765829166666668,0.776510625,0.7766097083333333,0.0013533768572811437,10
Adult,ForestDiffusion,Fidelity,Wasserstein_Distance,4559.779314835862,4445.246824529747,4452.54607420224,4608.51117999008,4467.448435682461,4459.308477516617,4441.866970744185,4395.183347590278,4174.977239675479,4509.216391570119,4451.408425633706,115.37029158599987,10
Adult,ForestDiffusion,Privacy,MIA_AUC,0.9748148148148148,0.9845679012345678,0.9780246913580248,0.957283950617284,0.9708641975308642,0.9679012345679012,0.9744444444444444,0.9822222222222222,0.9680246913580248,0.962716049382716,0.9720864197530865,0.008493223014211418,10
Adult,ForestDiffusion,Privacy,Mahalanobis_Distance,3.76977846597004,3.994268145287562,4.000906462804443,3.67447434052107,3.790438635237613,3.860732324140856,3.806772934815973,3.9048960478658,3.862515431715516,3.604928424845701,3.826971121320457,0.1266180277471885,10
Adult,ForestDiffusion,Privacy,Mean_Distance,3.76977846597004,3.994268145287562,4.000906462804443,3.67447434052107,3.790438635237613,3.860732324140856,3.806772934815973,3.9048960478658,3.862515431715516,3.604928424845701,3.826971121320457,0.1266180277471885,10
Adult,ForestDiffusion,Privacy,Median_Distance,3.518448865678186,3.754260392691573,3.715995812041888,3.395946539243507,3.5377575022866,3.610984269378618,3.591568571225233,3.622558287357116,3.55722977781888,3.394184125705452,3.5698934143427055,0.11796414170472767,10
Adult,ForestDiffusion,Privacy,NNDR,0.925411070314434,0.924278967430891,0.9387482527160764,0.9196878254979548,0.9280989646687484,0.9362345682511628,0.9379867366456838,0.934320132620761,0.9327129576867048,0.9181917992270978,0.9295671275059514,0.007501974566149382,10
Adult,ForestDiffusion,Utility,Accuracy_Gap,0.0273166666666668,0.0086333333333336,0.0150833333333334,0.0255666666666666,0.0099833333333337,0.0199833333333333,0.0235833333333332,0.0170666666666669,0.0228,0.0303666666666667,0.02003833333333342,0.007264585371325905,10
Adult,ForestDiffusion,Utility,Accuracy_TRTR,0.8237000000000002,0.8237000000000002,0.8237000000000002,0.8237000000000002,0.8237000000000002,0.8237000000000002,0.8237000000000002,0.8237000000000002,0.8237000000000002,0.8237000000000002,0.8237000000000002,0.0,10
Adult,ForestDiffusion,Utility,Accuracy_TSTR,0.7963833333333333,0.8150666666666666,0.8086166666666668,0.7981333333333336,0.8137166666666664,0.8037166666666669,0.8001166666666669,0.8066333333333333,0.8009000000000002,0.7933333333333334,0.8036616666666667,0.007264585371325915,10
Adult,ForestDiffusion,Utility,F1_Gap,0.0483830237842035,0.0150971075210962,0.0264404700013501,0.0437049109470663,0.0167469137233197,0.0369893322522953,0.0378215962145392,0.035872935656355,0.0457355025614796,0.0505769094892607,0.03573687021509656,0.012572407414063055,10
Adult,ForestDiffusion,Utility,F1_TRTR,0.8179017788152698,0.8179017788152698,0.8179017788152698,0.8179017788152698,0.8179017788152698,0.8179017788152698,0.8179017788152698,0.8179017788152698,0.8179017788152698,0.8179017788152698,0.8179017788152698,0.0,10
Adult,ForestDiffusion,Utility,F1_TSTR,0.7695187550310663,0.8028046712941735,0.7914613088139196,0.7741968678682035,0.8011548650919501,0.7809124465629744,0.7800801826007305,0.7820288431589147,0.7721662762537902,0.7673248693260091,0.7821649086001732,0.012572407414063054,10
Adult,ForestDiffusion,Utility,Precision_Gap,0.0385978818761514,0.016117500073347,0.0202827315822992,0.0322743270742716,0.0187895451535613,0.0286433525953809,0.0299060366249288,0.026941265785264,0.0334116554718539,0.0449795042744656,0.028994380051152367,0.009000228063907273,10
Adult,ForestDiffusion,Utility,Precision_TRTR,0.81998538946126,0.81998538946126,0.81998538946126,0.81998538946126,0.81998538946126,0.81998538946126,0.81998538946126,0.81998538946126,0.81998538946126,0.81998538946126,0.81998538946126,0.0,10
Adult,ForestDiffusion,Utility,Precision_TSTR,0.7813875075851086,0.803867889387913,0.7997026578789608,0.7877110623869883,0.8011958443076986,0.791342036865879,0.7900793528363311,0.793044123675996,0.786573733989406,0.7750058851867944,0.7909910094101076,0.009000228063907281,10
Adult,ForestDiffusion,Utility,ROC_AUC_Gap,0.0500615254110652,0.0196910472212653,0.0182925001412282,0.030613094684897,0.0244582301455832,0.0344300847187368,0.0279478895030039,0.0417222240445223,0.0546612161667184,0.0568755387175013,0.03587533507545216,0.014233816723697492,10
Adult,ForestDiffusion,Utility,ROC_AUC_TRTR,0.8297875243504865,0.8297875243504865,0.8297875243504865,0.8297875243504865,0.8297875243504865,0.8297875243504865,0.8297875243504865,0.8297875243504865,0.8297875243504865,0.8297875243504865,0.8297875243504865,0.0,10
Adult,ForestDiffusion,Utility,ROC_AUC_TSTR,0.7797259989394213,0.8100964771292212,0.8114950242092582,0.7991744296655895,0.8053292942049033,0.7953574396317497,0.8018396348474826,0.7880653003059642,0.775126308183768,0.7729119856329851,0.7939121892750343,0.014233816723697494,10
Adult,ForestDiffusion,Utility,Recall_Gap,0.0273166666666668,0.0086333333333336,0.0150833333333334,0.0255666666666666,0.0099833333333337,0.0199833333333333,0.0235833333333332,0.0170666666666669,0.0228,0.0303666666666667,0.02003833333333342,0.007264585371325905,10
Adult,ForestDiffusion,Utility,Recall_TRTR,0.8237000000000002,0.8237000000000002,0.8237000000000002,0.8237000000000002,0.8237000000000002,0.8237000000000002,0.8237000000000002,0.8237000000000002,0.8237000000000002,0.8237000000000002,0.8237000000000002,0.0,10
Adult,ForestDiffusion,Utility,Recall_TSTR,0.7963833333333333,0.8150666666666666,0.8086166666666668,0.7981333333333336,0.8137166666666664,0.8037166666666669,0.8001166666666669,0.8066333333333333,0.8009000000000002,0.7933333333333334,0.8036616666666667,0.007264585371325915,10
Adult,GaussianCopula,Compute,evaluation_time_seconds,26.73019925504923,26.23782821884379,25.69628915097564,102.4858896818478,95.41157948016188,99.84358950797468,95.52874623099342,112.5213886870042,110.791919299998,116.6157221070025,81.1863151619851,38.5679753509212,10
Adult,GaussianCopula,Compute,generation_time_seconds,0.0,0.0,0.0,0.0,0.0,0.0,0.0,0.0,0.0,0.0,0.0,0.0,10
Adult,GaussianCopula,Compute,total_time_seconds,29.05453452281654,28.57066395506263,28.05557583086193,111.4112785100006,109.0622641330119,105.2908753000665,110.8456243800028,123.3565423739929,120.3818406799983,126.9916046380094,89.30208043238235,42.44527393932794,10
Adult,GaussianCopula,Compute,training_time_seconds,2.310515312012285,2.319296116009355,2.344012072775513,8.852930722991005,13.58799031213857,5.390972307883203,15.1485442550038,10.61052764600026,9.40003178200277,10.24631840900111,8.021113893581788,4.717686592751482,10
Adult,GaussianCopula,Fidelity,KS_Complement,0.6734874999999999,0.6734874999999999,0.6734874999999999,0.6742541666666666,0.6742541666666666,0.6742541666666666,0.6742541666666666,0.6742541666666666,0.6742541666666666,0.6742541666666666,0.6740241666666666,0.00037033518351374295,10
Adult,GaussianCopula,Fidelity,MMD,0.180721131511976,0.180721131511976,0.180721131511976,0.1806337624426694,0.1806337624426694,0.1806337624426694,0.1806337624426694,0.1806337624426694,0.1806337624426694,0.1806337624426694,0.1806599731634614,4.220326997619204e-05,10
Adult,GaussianCopula,Fidelity,Quality_Score,0.8082037499999999,0.8082037499999999,0.8082037499999999,0.8082495833333334,0.8082495833333334,0.8082495833333334,0.8082495833333334,0.8082495833333334,0.8082495833333334,0.8082495833333334,0.8082358333333334,2.2139603362325277e-05,10
Adult,GaussianCopula,Fidelity,Wasserstein_Distance,6123.518841666665,6123.518841666665,6123.518841666665,6123.500858333333,6123.500858333333,6123.500858333333,6123.500858333333,6123.500858333333,6123.500858333333,6123.500858333333,6123.506253333332,0.008686775282339894,10
Adult,GaussianCopula,Privacy,MIA_AUC,0.8920987654320988,0.8920987654320988,0.8920987654320988,0.8916049382716049,0.8916049382716049,0.8916049382716049,0.8916049382716049,0.8916049382716049,0.8916049382716049,0.8916049382716049,0.891753086419753,0.00023854118100724103,10
Adult,GaussianCopula,Privacy,Mahalanobis_Distance,6.035120695544071,6.035120695544071,6.035120695544071,6.039497322706735,6.039497322706735,6.039497322706735,6.039497322706735,6.039497322706735,6.039497322706735,6.039497322706735,6.038184334557936,0.0021141117697255447,10
Adult,GaussianCopula,Privacy,Mean_Distance,6.035120695544071,6.035120695544071,6.035120695544071,6.039497322706735,6.039497322706735,6.039497322706735,6.039497322706735,6.039497322706735,6.039497322706735,6.039497322706735,6.038184334557936,0.0021141117697255447,10
Adult,GaussianCopula,Privacy,Median_Distance,5.152309420905769,5.152309420905769,5.152309420905769,5.192210618129293,5.192210618129293,5.192210618129293,5.192210618129293,5.192210618129293,5.192210618129293,5.192210618129293,5.180240258962236,0.019274109386336544,10
Adult,GaussianCopula,Privacy,NNDR,0.9317307246967576,0.9317307246967576,0.9317307246967576,0.931299229740882,0.931299229740882,0.931299229740882,0.931299229740882,0.931299229740882,0.931299229740882,0.931299229740882,0.9314286782276445,0.00020843186565577945,10
Adult,GaussianCopula,Utility,Accuracy_Gap,0.0920333333333334,0.0920333333333334,0.0920333333333334,0.0870666666666669,0.0870666666666669,0.0870666666666669,0.0870666666666669,0.0870666666666669,0.0870666666666669,0.0870666666666669,0.08855666666666684,0.002399127927980168,10
Adult,GaussianCopula,Utility,Accuracy_TRTR,0.8237000000000002,0.8237000000000002,0.8237000000000002,0.8237000000000002,0.8237000000000002,0.8237000000000002,0.8237000000000002,0.8237000000000002,0.8237000000000002,0.8237000000000002,0.8237000000000002,0.0,10
Adult,GaussianCopula,Utility,Accuracy_TSTR,0.7316666666666668,0.7316666666666668,0.7316666666666668,0.7366333333333333,0.7366333333333333,0.7366333333333333,0.7366333333333333,0.7366333333333333,0.7366333333333333,0.7366333333333333,0.7351433333333335,0.002399127927980148,10
Adult,GaussianCopula,Utility,F1_Gap,0.1483243740242071,0.1483243740242071,0.1483243740242071,0.1445290789935741,0.1445290789935741,0.1445290789935741,0.1445290789935741,0.1445290789935741,0.1445290789935741,0.1445290789935741,0.145667667502764,0.001833301671728113,10
Adult,GaussianCopula,Utility,F1_TRTR,0.8179017788152698,0.8179017788152698,0.8179017788152698,0.8179017788152698,0.8179017788152698,0.8179017788152698,0.8179017788152698,0.8179017788152698,0.8179017788152698,0.8179017788152698,0.8179017788152698,0.0,10
Adult,GaussianCopula,Utility,F1_TSTR,0.6695774047910626,0.6695774047910626,0.6695774047910626,0.6733726998216957,0.6733726998216957,0.6733726998216957,0.6733726998216957,0.6733726998216957,0.6733726998216957,0.6733726998216957,0.6722341113125057,0.0018333016717281265,10
Adult,GaussianCopula,Utility,Precision_Gap,0.0811642330303308,0.0811642330303308,0.0811642330303308,0.0733622511800643,0.0733622511800643,0.0733622511800643,0.0733622511800643,0.0733622511800643,0.0733622511800643,0.0733622511800643,0.07570284573514426,0.0037687152786381314,10
Adult,GaussianCopula,Utility,Precision_TRTR,0.81998538946126,0.81998538946126,0.81998538946126,0.81998538946126,0.81998538946126,0.81998538946126,0.81998538946126,0.81998538946126,0.81998538946126,0.81998538946126,0.81998538946126,0.0,10
Adult,GaussianCopula,Utility,Precision_TSTR,0.7388211564309292,0.7388211564309292,0.7388211564309292,0.7466231382811956,0.7466231382811956,0.7466231382811956,0.7466231382811956,0.7466231382811956,0.7466231382811956,0.7466231382811956,0.7442825437261157,0.0037687152786381245,10
Adult,GaussianCopula,Utility,ROC_AUC_Gap,0.1231873351957238,0.1231873351957238,0.1231873351957238,0.1161176759476416,0.1161176759476416,0.1161176759476416,0.1161176759476416,0.1161176759476416,0.1161176759476416,0.1161176759476416,0.11823857372206628,0.0034149698543713834,10
Adult,GaussianCopula,Utility,ROC_AUC_TRTR,0.8297875243504865,0.8297875243504865,0.8297875243504865,0.8297875243504865,0.8297875243504865,0.8297875243504865,0.8297875243504865,0.8297875243504865,0.8297875243504865,0.8297875243504865,0.8297875243504865,0.0,10
Adult,GaussianCopula,Utility,ROC_AUC_TSTR,0.7066001891547626,0.7066001891547626,0.7066001891547626,0.713669848402845,0.713669848402845,0.713669848402845,0.713669848402845,0.713669848402845,0.713669848402845,0.713669848402845,0.7115489506284203,0.0034149698543714507,10
Adult,GaussianCopula,Utility,Recall_Gap,0.0920333333333334,0.0920333333333334,0.0920333333333334,0.0870666666666669,0.0870666666666669,0.0870666666666669,0.0870666666666669,0.0870666666666669,0.0870666666666669,0.0870666666666669,0.08855666666666684,0.002399127927980168,10
Adult,GaussianCopula,Utility,Recall_TRTR,0.8237000000000002,0.8237000000000002,0.8237000000000002,0.8237000000000002,0.8237000000000002,0.8237000000000002,0.8237000000000002,0.8237000000000002,0.8237000000000002,0.8237000000000002,0.8237000000000002,0.0,10
Adult,GaussianCopula,Utility,Recall_TSTR,0.7316666666666668,0.7316666666666668,0.7316666666666668,0.7366333333333333,0.7366333333333333,0.7366333333333333,0.7366333333333333,0.7366333333333333,0.7366333333333333,0.7366333333333333,0.7351433333333335,0.002399127927980148,10
Adult,TVAE,Compute,evaluation_time_seconds,19.716460196767,20.54520790791139,20.56654512137174,56.68006284884177,68.28923842008226,73.8214212229941,86.28611839399991,96.74032145699994,74.47878618999994,93.71638242800007,61.084054418696816,30.515380270349723,10
Adult,TVAE,Compute,generation_time_seconds,0.0,0.0,0.0,0.0,0.0,0.0,0.0,0.0,0.0,0.0,0.0,0.0,10
Adult,TVAE,Compute,total_time_seconds,96.29930744785815,97.8368848450482,97.53246399760246,235.6776070760097,222.7060992498882,222.6815864420496,618.3847442709999,645.709491129,278.6764895430001,316.8891564349999,283.23938304364566,199.51650038890259,10
Adult,TVAE,Compute,training_time_seconds,76.56847836403176,77.27843861468136,76.95028849085793,178.8199074368458,154.2397799061146,148.792052129982,531.6411094570001,548.367540698,204.066980717,223.0236183069999,221.97481941215133,175.6465741190284,10
Adult,TVAE,Fidelity,KS_Complement,0.8041833333333334,0.7781708333333334,0.8063375,0.7681083333333333,0.8030208333333334,0.8425249999999999,0.8038,0.7822166666666668,0.8037124999999999,0.8313,0.8023374999999999,0.02270163161387519,10
Adult,TVAE,Fidelity,MMD,0.0260198848592583,0.0350632782136512,0.0247514857027966,0.0216664985012831,0.0284173948474933,0.0371971948740956,0.0298506532207258,0.0360614911535744,0.0273914908605295,0.0234299789238759,0.02898493511572837,0.005469170307051993,10
Adult,TVAE,Fidelity,Quality_Score,0.8366237500000001,0.8344787499999999,0.8424352083333333,0.8343687500000001,0.837465625,0.8466966666666667,0.8364635416666667,0.8371904166666666,0.8349885416666667,0.8598033333333335,0.8400514583333333,0.007947420441647224,10
Adult,TVAE,Fidelity,Wasserstein_Distance,6539.174283333333,7927.78595833333,6595.77758333333,6197.064458333331,8619.39453333333,8667.127691666667,8901.551624999998,7674.892766666668,6882.318058333331,5705.202383333333,7371.028934166665,1138.6203056239046,10
Adult,TVAE,Privacy,MIA_AUC,0.9998765432098766,0.9998765432098766,1.0,0.9991358024691358,0.9997530864197532,0.998641975308642,1.0,1.0,1.0,1.0,0.9997283950617284,0.0004648566665495721,10
Adult,TVAE,Privacy,Mahalanobis_Distance,5.907767882097438,6.161162661901477,6.093356896816175,5.786012990490153,5.27169904387944,6.303781600205207,6.206946926382736,6.046782973553941,6.318489236642229,5.86386995518904,5.995987016715783,0.3120742576264738,10
Adult,TVAE,Privacy,Mean_Distance,5.907767882097438,6.161162661901477,6.093356896816175,5.786012990490153,5.27169904387944,6.303781600205207,6.206946926382736,6.046782973553941,6.318489236642229,5.86386995518904,5.995987016715783,0.3120742576264738,10
Adult,TVAE,Privacy,Median_Distance,5.85975622905528,6.101836347128684,6.064765438684303,5.732990099017865,5.221228584499725,6.247695638935388,6.141135364295053,5.990123912380507,6.265126494940717,5.811132771940557,5.943579088087808,0.3104677969719279,10
Adult,TVAE,Privacy,NNDR,0.9336923684539664,0.9288220452758474,0.9354996441141278,0.932552545213587,0.9193463999778752,0.9373445608823,0.935540389380444,0.9288552718754672,0.9400456537366472,0.92673349405916,0.9318432372969422,0.006044656062842224,10
Adult,TVAE,Utility,Accuracy_Gap,0.2151000000000003,0.2080666666666668,0.2118666666666667,0.0411000000000002,0.2070666666666668,0.2191166666666668,0.1849500000000003,0.2135500000000004,0.2096500000000002,0.2198833333333335,0.19303500000000018,0.05427497459496366,10
Adult,TVAE,Utility,Accuracy_TRTR,0.8237000000000002,0.8237000000000002,0.8237000000000002,0.8237000000000002,0.8237000000000002,0.8237000000000002,0.8237000000000002,0.8237000000000002,0.8237000000000002,0.8237000000000002,0.8237000000000002,0.0,10
Adult,TVAE,Utility,Accuracy_TSTR,0.6085999999999999,0.6156333333333334,0.6118333333333335,0.7826,0.6166333333333334,0.6045833333333334,0.6387499999999999,0.6101499999999999,0.61405,0.6038166666666667,0.630665,0.054274974594963644,10
Adult,TVAE,Utility,F1_Gap,0.2632615734658666,0.2568704742662536,0.2512437988955854,0.0535948735917358,0.2455795534430122,0.2613460807937618,0.2073661117121643,0.2584424476199664,0.2560976217865898,0.2597937076952619,0.23135962432701973,0.06454563619094478,10
Adult,TVAE,Utility,F1_TRTR,0.8179017788152698,0.8179017788152698,0.8179017788152698,0.8179017788152698,0.8179017788152698,0.8179017788152698,0.8179017788152698,0.8179017788152698,0.8179017788152698,0.8179017788152698,0.8179017788152698,0.0,10
Adult,TVAE,Utility,F1_TSTR,0.5546402053494032,0.5610313045490162,0.5666579799196844,0.764306905223534,0.5723222253722576,0.5565556980215081,0.6105356671031055,0.5594593311953034,0.56180415702868,0.5581080711200079,0.58654215448825,0.06454563619094476,10
Adult,TVAE,Utility,Precision_Gap,0.0854460041752189,0.0930684901773342,0.0744053598324234,0.0424881870861941,0.0673510278143313,0.0810656223550755,0.0247456265405843,0.0771616782916654,0.10060290341026,0.0854642725565725,0.07317991722396597,0.02321473914308205,10
Adult,TVAE,Utility,Precision_TRTR,0.81998538946126,0.81998538946126,0.81998538946126,0.81998538946126,0.81998538946126,0.81998538946126,0.81998538946126,0.81998538946126,0.81998538946126,0.81998538946126,0.81998538946126,0.0,10
Adult,TVAE,Utility,Precision_TSTR,0.734539385286041,0.7269168992839258,0.7455800296288365,0.7774972023750658,0.7526343616469287,0.7389197671061845,0.7952397629206757,0.7428237111695946,0.719382486051,0.7345211169046875,0.746805472237294,0.023214739143082044,10
Adult,TVAE,Utility,ROC_AUC_Gap,0.06759672313975,0.1411025964133486,0.0532602545388942,0.0547009878689471,0.0493346554121403,0.0570502745295274,0.0401460938083704,0.0457333346089433,0.1445508667770979,0.0572043955703525,0.07106801826673717,0.03852944765187438,10
Adult,TVAE,Utility,ROC_AUC_TRTR,0.8297875243504865,0.8297875243504865,0.8297875243504865,0.8297875243504865,0.8297875243504865,0.8297875243504865,0.8297875243504865,0.8297875243504865,0.8297875243504865,0.8297875243504865,0.8297875243504865,0.0,10
Adult,TVAE,Utility,ROC_AUC_TSTR,0.7621908012107365,0.6886849279371379,0.7765272698115923,0.7750865364815394,0.7804528689383462,0.772737249820959,0.7896414305421161,0.7840541897415432,0.6852366575733886,0.772583128780134,0.7587195060837494,0.03852944765187438,10
Adult,TVAE,Utility,Recall_Gap,0.2151000000000003,0.2080666666666668,0.2118666666666667,0.0411000000000002,0.2070666666666668,0.2191166666666668,0.1849500000000003,0.2135500000000004,0.2096500000000002,0.2198833333333335,0.19303500000000018,0.05427497459496366,10
Adult,TVAE,Utility,Recall_TRTR,0.8237000000000002,0.8237000000000002,0.8237000000000002,0.8237000000000002,0.8237000000000002,0.8237000000000002,0.8237000000000002,0.8237000000000002,0.8237000000000002,0.8237000000000002,0.8237000000000002,0.0,10
Adult,TVAE,Utility,Recall_TSTR,0.6085999999999999,0.6156333333333334,0.6118333333333335,0.7826,0.6166333333333334,0.6045833333333334,0.6387499999999999,0.6101499999999999,0.61405,0.6038166666666667,0.630665,0.054274974594963644,10
Adult,TabDDPM,Compute,evaluation_time_seconds,20.76300665503368,21.31481147836893,21.05464721377939,51.10817264812067,61.14763647690415,49.21736889402382,93.57151080299992,95.60881357099991,80.87426323799991,97.85289916499984,59.251313014323024,31.635911764404128,10
Adult,TabDDPM,Compute,generation_time_seconds,0.0,0.0,0.0,0.0,0.0,0.0,0.0,0.0,0.0,0.0,0.0,0.0,10
Adult,TabDDPM,Compute,total_time_seconds,71.70415057009086,72.26295636687428,73.2440051608719,77.95788532216102,90.46234086784534,76.38514416688122,167.312074708,171.770596267,118.7475700690002,162.628995028,108.2475718526725,43.07091955082671,10
Adult,TabDDPM,Compute,training_time_seconds,50.92869615089148,50.93252308433875,52.1743246759288,26.78870651382022,29.22191477799788,27.03011408890598,73.57149577600012,75.94689915699996,37.64371644199991,64.61245109900005,48.885084176588315,18.520848551888278,10
Adult,TabDDPM,Fidelity,KS_Complement,0.4591958333333332,0.4587,0.4837125,0.4749583333333333,0.4927166666666667,0.4855416666666666,0.4848541666666668,0.4709958333333333,0.4698416666666667,0.4813749999999999,0.4761891666666666,0.011463099715722323,10
Adult,TabDDPM,Fidelity,MMD,0.4128929707683009,0.4210474674124654,0.424969921166035,0.4925680487662193,0.4410418535689875,0.4363975115301988,0.4106849722422903,0.4087783557780399,0.4728200121229558,0.4150129400693129,0.4336214053424806,0.028335606791467897,10
Adult,TabDDPM,Fidelity,Quality_Score,0.2862306249999999,0.27694375,0.3027085416666667,0.290255,0.2724927083333334,0.2860441666666667,0.2774347916666667,0.2953622916666667,0.26388125,0.3124508333333333,0.28638039583333336,0.014568810273922506,10
Adult,TabDDPM,Fidelity,Wasserstein_Distance,94047.96188469858,98634.92394868477,76684.1547358028,84135.45109876456,92304.16826339798,89082.18955237723,84520.11430819212,85988.4041757949,83611.5586514819,88556.24591158476,87756.51725307797,6213.70038225878,10
Adult,TabDDPM,Privacy,MIA_AUC,1.0,1.0,1.0,1.0,1.0,1.0,1.0,1.0,1.0,1.0,1.0,0.0,10
Adult,TabDDPM,Privacy,Mahalanobis_Distance,15.32288074919844,15.14193932528166,14.80313302826053,15.29098729507953,15.3761880286764,16.03077483849047,15.55514169226885,15.04725450099104,15.74267413367938,15.26468805434474,15.357566164627105,0.3504516865981358,10
Adult,TabDDPM,Privacy,Mean_Distance,15.32288074919844,15.14193932528166,14.80313302826053,15.29098729507953,15.3761880286764,16.03077483849047,15.55514169226885,15.04725450099104,15.74267413367938,15.26468805434474,15.357566164627105,0.3504516865981358,10
Adult,TabDDPM,Privacy,Median_Distance,15.13902142103861,15.21711034738573,15.27335427318184,15.62519941281079,15.16628983002348,16.80842946699472,15.176304120956,15.14112759552104,16.3134261105366,14.80402228917589,15.46642848676247,0.6208480210510301,10
Adult,TabDDPM,Privacy,NNDR,0.9589734409309054,0.9449177774055368,0.9475174965825716,0.9659378757715822,0.9437347658933672,0.9633996381208008,0.9584011908972052,0.9552945339228012,0.9442351175134586,0.9448594028007608,0.952727123983899,0.008623182265853978,10
Adult,TabDDPM,Utility,Accuracy_Gap,0.1559000000000001,0.1116500000000002,0.1616666666666667,0.2585500000000003,0.1121833333333335,0.3197500000000002,0.1323000000000002,0.1491000000000005,0.1822000000000001,0.1293833333333334,0.17126833333333352,0.0674310147941794,10
Adult,TabDDPM,Utility,Accuracy_TRTR,0.8237000000000002,0.8237000000000002,0.8237000000000002,0.8237000000000002,0.8237000000000002,0.8237000000000002,0.8237000000000002,0.8237000000000002,0.8237000000000002,0.8237000000000002,0.8237000000000002,0.0,10
Adult,TabDDPM,Utility,Accuracy_TSTR,0.6678000000000001,0.71205,0.6620333333333335,0.5651499999999999,0.7115166666666667,0.50395,0.6914,0.6745999999999998,0.6415000000000001,0.6943166666666668,0.6524316666666666,0.0674310147941794,10
Adult,TabDDPM,Utility,F1_Gap,0.2054491435620555,0.1706091657055183,0.2121465566336431,0.3384492476818114,0.171648305643297,0.3793423059642249,0.1924224197802029,0.2057116373630574,0.2302440261580462,0.1847493833020684,0.22907721917939253,0.07146032839467024,10
Adult,TabDDPM,Utility,F1_TRTR,0.8179017788152698,0.8179017788152698,0.8179017788152698,0.8179017788152698,0.8179017788152698,0.8179017788152698,0.8179017788152698,0.8179017788152698,0.8179017788152698,0.8179017788152698,0.8179017788152698,0.0,10
Adult,TabDDPM,Utility,F1_TSTR,0.6124526352532143,0.6472926131097515,0.6057552221816267,0.4794525311334584,0.6462534731719728,0.4385594728510449,0.6254793590350669,0.6121901414522124,0.5876577526572236,0.6331523955132015,0.5888245596358773,0.07146032839467024,10
Adult,TabDDPM,Utility,Precision_Gap,0.232456941158879,0.208531066309471,0.2174567847548238,0.2189701632714716,0.2199156852094193,0.1862852538763896,0.217559234547156,0.2172582697880669,0.2589067864763313,0.2045028233500955,0.21818430087421037,0.018753781399724088,10
Adult,TabDDPM,Utility,Precision_TRTR,0.81998538946126,0.81998538946126,0.81998538946126,0.81998538946126,0.81998538946126,0.81998538946126,0.81998538946126,0.81998538946126,0.81998538946126,0.81998538946126,0.81998538946126,0.0,10
Adult,TabDDPM,Utility,Precision_TSTR,0.5875284483023809,0.6114543231517889,0.6025286047064361,0.6010152261897884,0.6000697042518407,0.6337001355848704,0.602426154914104,0.602727119673193,0.5610786029849287,0.6154825661111645,0.6018010885870495,0.018753781399724074,10
Adult,TabDDPM,Utility,ROC_AUC_Gap,0.4203537950313161,0.3245549715083359,0.357900992606928,0.4013364749789068,0.3854756978043103,0.2882875525961399,0.4239770289946186,0.3525704000131204,0.3182132528605556,0.2987469635922638,0.3571417129986495,0.04940575175830423,10
Adult,TabDDPM,Utility,ROC_AUC_TRTR,0.8297875243504865,0.8297875243504865,0.8297875243504865,0.8297875243504865,0.8297875243504865,0.8297875243504865,0.8297875243504865,0.8297875243504865,0.8297875243504865,0.8297875243504865,0.8297875243504865,0.0,10
Adult,TabDDPM,Utility,ROC_AUC_TSTR,0.4094337293191704,0.5052325528421506,0.4718865317435585,0.4284510493715797,0.4443118265461762,0.5414999717543466,0.4058104953558679,0.4772171243373661,0.511574271489931,0.5310405607582227,0.472645811351837,0.04940575175830425,10
Adult,TabDDPM,Utility,Recall_Gap,0.1559000000000001,0.1116500000000002,0.1616666666666667,0.2585500000000003,0.1121833333333335,0.3197500000000002,0.1323000000000002,0.1491000000000005,0.1822000000000001,0.1293833333333334,0.17126833333333352,0.0674310147941794,10
Adult,TabDDPM,Utility,Recall_TRTR,0.8237000000000002,0.8237000000000002,0.8237000000000002,0.8237000000000002,0.8237000000000002,0.8237000000000002,0.8237000000000002,0.8237000000000002,0.8237000000000002,0.8237000000000002,0.8237000000000002,0.0,10
Adult,TabDDPM,Utility,Recall_TSTR,0.6678000000000001,0.71205,0.6620333333333335,0.5651499999999999,0.7115166666666667,0.50395,0.6914,0.6745999999999998,0.6415000000000001,0.6943166666666668,0.6524316666666666,0.0674310147941794,10
Adult,WGAN-GP,Compute,evaluation_time_seconds,28.78243308980018,28.76520193973556,27.79973473679274,76.45218949881382,79.97039298294112,130.4934597830288,147.1302212139999,144.808184403,147.0854579740001,163.806937501,97.50942131231122,55.47784259065925,10
Adult,WGAN-GP,Compute,generation_time_seconds,0.0,0.0,0.0,0.0,0.0,0.0,0.0,0.0,0.0,0.0,0.0,0.0,10
Adult,WGAN-GP,Compute,total_time_seconds,303.2849325458519,314.3040608717129,300.3642549538054,525.120461609913,511.0046323640272,591.2608135950286,838.9386867190001,866.2062720040003,817.052367471,1012.714582555,608.0251064689339,262.00203211945217,10
Adult,WGAN-GP,Compute,training_time_seconds,274.4898052159697,285.5224034120329,272.5519531480968,448.5053180910181,430.9709345039446,460.7215263291728,691.62413263,721.258741509,669.719088629,848.7463927649999,510.41102962332343,208.85071039230402,10
Adult,WGAN-GP,Fidelity,KS_Complement,0.7095625000000001,0.7282458333333334,0.7348,0.71805,0.6913166666666667,0.7166875,0.7249666666666666,0.7092083333333332,0.6914791666666668,0.6730458333333335,0.70973625,0.01926221935106914,10
Adult,WGAN-GP,Fidelity,MMD,0.0066519258588214,0.0061191243667587,0.0056050127626158,0.0087883968932136,0.0070329539281182,0.0096772169421294,0.0056159517491686,0.0069634840115969,0.0097729621387102,0.0058825688788971,0.007210959753002991,0.001620009635877264,10
Adult,WGAN-GP,Fidelity,Quality_Score,0.7158520833333333,0.7216383333333333,0.7145283333333334,0.7189939583333333,0.7173666666666667,0.7187337500000002,0.7166391666666667,0.7153499999999999,0.7226775,0.70932,0.7171099791666666,0.0038006628224748888,10
Adult,WGAN-GP,Fidelity,Wasserstein_Distance,3401.724411948673,2225.380367518177,1588.822639332257,1305.494064684084,2292.201896356724,1177.399721217051,2065.73657359972,2245.228377255321,4283.183008900521,1188.042396764374,2177.3213457576903,1002.8468133385392,10
Adult,WGAN-GP,Privacy,MIA_AUC,0.5814814814814815,0.5499999999999999,0.6058024691358024,0.5328395061728395,0.56,0.5297530864197532,0.544320987654321,0.5558024691358026,0.5571604938271605,0.4739506172839506,0.549111111111111,0.03464457497038302,10
Adult,WGAN-GP,Privacy,Mahalanobis_Distance,3.512806181804062,3.427104000877675,3.530409125599688,3.462444464916932,3.414315311538626,3.404864776250554,3.454894016227877,3.345116613929226,3.495468945406664,3.413270211731336,3.446069364828264,0.05645686685083809,10
Adult,WGAN-GP,Privacy,Mean_Distance,3.512806181804062,3.427104000877675,3.530409125599688,3.462444464916932,3.414315311538626,3.404864776250554,3.454894016227877,3.345116613929226,3.495468945406664,3.413270211731336,3.446069364828264,0.05645686685083809,10
Adult,WGAN-GP,Privacy,Median_Distance,3.326327319332186,3.256363768737935,3.276417762985531,3.237063732101007,3.250368701096995,3.226618975533435,3.243311897879577,3.130593715218155,3.347066358874825,3.162835245123152,3.2456967476882803,0.06533281885142411,10
Adult,WGAN-GP,Privacy,NNDR,0.8971603775950459,0.883561291973814,0.887906072177122,0.8908472138730964,0.8886903130475754,0.8869811362808945,0.8795892291229522,0.882387126923061,0.8847752836467057,0.8808618604973283,0.8862759905137596,0.005240015545340903,10
Adult,WGAN-GP,Utility,Accuracy_Gap,0.0241500000000002,0.0304,0.0207166666666669,0.0184166666666667,0.0297833333333337,0.0237000000000002,0.0233500000000004,0.0135833333333333,0.0216833333333335,0.0379666666666668,0.024375000000000167,0.0068672430987826725,10
Adult,WGAN-GP,Utility,Accuracy_TRTR,0.8237000000000002,0.8237000000000002,0.8237000000000002,0.8237000000000002,0.8237000000000002,0.8237000000000002,0.8237000000000002,0.8237000000000002,0.8237000000000002,0.8237000000000002,0.8237000000000002,0.0,10
Adult,WGAN-GP,Utility,Accuracy_TSTR,0.79955,0.7933000000000001,0.8029833333333333,0.8052833333333335,0.7939166666666665,0.7999999999999999,0.8003499999999998,0.8101166666666668,0.8020166666666667,0.7857333333333334,0.799325,0.006867243098782662,10
Adult,WGAN-GP,Utility,F1_Gap,0.0256326566870408,0.032941325859535,0.0448877440569709,0.0218241713911914,0.0427213314008038,0.022185039520908,0.0331409184165757,0.016632292724542,0.0286995753089065,0.0349309489223754,0.030359600428884952,0.009143262638809255,10
Adult,WGAN-GP,Utility,F1_TRTR,0.8179017788152698,0.8179017788152698,0.8179017788152698,0.8179017788152698,0.8179017788152698,0.8179017788152698,0.8179017788152698,0.8179017788152698,0.8179017788152698,0.8179017788152698,0.8179017788152698,0.0,10
Adult,WGAN-GP,Utility,F1_TSTR,0.792269122128229,0.7849604529557348,0.7730140347582989,0.7960776074240784,0.775180447414466,0.7957167392943618,0.7847608603986941,0.8012694860907278,0.7892022035063633,0.7829708298928943,0.7875421783863849,0.009143262638809256,10
Adult,WGAN-GP,Utility,Precision_Gap,0.026484910015848,0.0357502245036295,0.029229148875503,0.0228559656176793,0.0378773145577696,0.0249131429951142,0.0338006741786074,0.0198569112523565,0.0324901294133488,0.0338591759978705,0.02971175974077268,0.005986754917156016,10
Adult,WGAN-GP,Utility,Precision_TRTR,0.81998538946126,0.81998538946126,0.81998538946126,0.81998538946126,0.81998538946126,0.81998538946126,0.81998538946126,0.81998538946126,0.81998538946126,0.81998538946126,0.81998538946126,0.0,10
Adult,WGAN-GP,Utility,Precision_TSTR,0.7935004794454119,0.7842351649576305,0.7907562405857569,0.7971294238435807,0.7821080749034903,0.7950722464661457,0.7861847152826525,0.8001284782089034,0.7874952600479111,0.7861262134633894,0.7902736297204872,0.005986754917156012,10
Adult,WGAN-GP,Utility,ROC_AUC_Gap,0.044334878643917,0.0552595912216153,0.0556763740599206,0.0426363126119575,0.0529618073209086,0.0503058958701209,0.0567946969241394,0.0432433891503887,0.0597053659452179,0.0592760775716755,0.05201943893198614,0.006551895339130322,10
Adult,WGAN-GP,Utility,ROC_AUC_TRTR,0.8297875243504865,0.8297875243504865,0.8297875243504865,0.8297875243504865,0.8297875243504865,0.8297875243504865,0.8297875243504865,0.8297875243504865,0.8297875243504865,0.8297875243504865,0.8297875243504865,0.0,10
Adult,WGAN-GP,Utility,ROC_AUC_TSTR,0.7854526457065695,0.7745279331288711,0.7741111502905659,0.787151211738529,0.7768257170295779,0.7794816284803656,0.7729928274263471,0.7865441352000978,0.7700821584052686,0.770511446778811,0.7777680854185004,0.006551895339130318,10
Adult,WGAN-GP,Utility,Recall_Gap,0.0241500000000002,0.0304,0.0207166666666669,0.0184166666666667,0.0297833333333337,0.0237000000000002,0.0233500000000004,0.0135833333333333,0.0216833333333335,0.0379666666666668,0.024375000000000167,0.0068672430987826725,10
Adult,WGAN-GP,Utility,Recall_TRTR,0.8237000000000002,0.8237000000000002,0.8237000000000002,0.8237000000000002,0.8237000000000002,0.8237000000000002,0.8237000000000002,0.8237000000000002,0.8237000000000002,0.8237000000000002,0.8237000000000002,0.0,10
Adult,WGAN-GP,Utility,Recall_TSTR,0.79955,0.7933000000000001,0.8029833333333333,0.8052833333333335,0.7939166666666665,0.7999999999999999,0.8003499999999998,0.8101166666666668,0.8020166666666667,0.7857333333333334,0.799325,0.006867243098782662,10
Alzheimer's,CTABGAN,Compute,evaluation_time_seconds,4.462186658056453,4.37289644498378,4.383989457972348,26.95758440997452,42.84790347586386,39.72107357415371,41.70412977000001,32.50000321200002,41.19618262899996,344.418915624,58.256486525600465,101.85910088637745,10
Alzheimer's,CTABGAN,Compute,generation_time_seconds,0.0,0.0,0.0,0.0,0.0,0.0,0.0,0.0,0.0,0.0,0.0,0.0,10
Alzheimer's,CTABGAN,Compute,total_time_seconds,43.41830628691241,43.14922354603186,43.22345015103929,210.6538977529854,220.22157307202,218.2294275108725,232.058416101,546.978318057,201.1174884660001,513.722793964,227.2772894907862,178.56154846221196,10
Alzheimer's,CTABGAN,Compute,training_time_seconds,38.9442191820126,38.76553659909405,38.82927244296297,183.5950246208813,177.2231511950959,178.2224052769598,190.2323292520001,514.4142605669999,159.818265426,169.226226186,168.92706907480067,137.8532847551134,10
Alzheimer's,CTABGAN,Fidelity,KS_Complement,0.7484600550964188,0.7554615855524947,0.7488463422099785,0.7807918579736761,0.755850321395776,0.7424744413835324,0.8017584940312212,0.7175873890419345,0.7707337006427916,0.7649210284664829,0.7586885215794307,0.022851376077513495,10
Alzheimer's,CTABGAN,Fidelity,MMD,0.0556449258840487,0.0377761136944302,0.0508780853814165,0.0395935451284526,0.0734142936305102,0.0631267030356553,0.0385984135110858,0.0556614493707254,0.0473848758524197,0.0696337891791418,0.05317121946678861,0.01275713223867284,10
Alzheimer's,CTABGAN,Fidelity,Quality_Score,0.3496446644410895,0.3487251543861472,0.3484370841350492,0.3287262290219828,0.33166216783465,0.3229383688431376,0.3398735520948751,0.2740940104376068,0.3310777309249503,0.3390019844453466,0.33141809465648353,0.02215043579073561,10
Alzheimer's,CTABGAN,Fidelity,Wasserstein_Distance,33.96841091490299,30.86314151309494,27.16974095648663,35.09764681144664,27.17498493365945,35.64097548329232,33.09970604465983,30.46442921447048,31.53102421048269,26.75051476892538,31.176057485142138,3.31975453630684,10
Alzheimer's,CTABGAN,Privacy,MIA_AUC,0.7348314606741574,0.6561797752808989,0.7173533083645443,1.0,1.0,1.0,1.0,1.0,1.0,1.0,0.91083645443196,0.14488097600901506,10
Alzheimer's,CTABGAN,Privacy,Mahalanobis_Distance,7.069100136041245,7.776142805656382,8.292960181348466,13.93533091278218,14.89923122653267,14.1251598163507,14.26795657440545,14.61123619003226,14.42006320496168,14.19971339756983,12.359689444568087,3.2305503559543793,10
Alzheimer's,CTABGAN,Privacy,Mean_Distance,7.069100136041245,7.776142805656382,8.292960181348466,13.93533091278218,14.89923122653267,14.1251598163507,14.26795657440545,14.61123619003226,14.42006320496168,14.19971339756983,12.359689444568087,3.2305503559543793,10
Alzheimer's,CTABGAN,Privacy,Median_Distance,6.192640597267521,6.596797152250179,7.312175014838167,13.76724621204343,14.05576902738144,13.7061785517329,14.04859996398627,14.24991701154208,14.04106368074289,14.07387076563064,11.804425797741553,3.5355243936528087,10
Alzheimer's,CTABGAN,Privacy,NNDR,0.9108211937678632,0.911042685537558,0.9083827556666624,0.9791386769502848,0.9774828120835884,0.9768142755799928,0.977377339112566,0.9800598344924496,0.9763909229113096,0.979883373019668,0.9577393869121943,0.032916809463135153,10
Alzheimer's,CTABGAN,Utility,Accuracy_Gap,0.0885964912280703,0.1271929824561403,0.0964912280701755,0.0394736842105263,0.0723684210526315,-0.0074561403508773,0.093421052631579,0.5298245614035089,0.0890350877192982,0.119736842105263,0.12486842105263156,0.14756294162160968,10
Alzheimer's,CTABGAN,Utility,Accuracy_TRTR,0.9258771929824562,0.9258771929824562,0.9258771929824562,0.9258771929824562,0.9258771929824562,0.9258771929824562,0.9258771929824562,0.9258771929824562,0.9258771929824562,0.9258771929824562,0.9258771929824562,0.0,10
Alzheimer's,CTABGAN,Utility,Accuracy_TSTR,0.8372807017543858,0.7986842105263159,0.8293859649122807,0.8864035087719299,0.8535087719298247,0.9333333333333336,0.8324561403508771,0.3960526315789473,0.8368421052631579,0.8061403508771932,0.8010087719298247,0.14756294162160968,10
Alzheimer's,CTABGAN,Utility,F1_Gap,0.0890041332814906,0.1311194892974585,0.0990147756844748,0.0419995781180664,0.078188115485495,-0.0075076095815108,0.1019933814968365,0.5530511948040191,0.0903681040013123,0.1267691927723126,0.1304000355359955,0.1539534907792028,10
Alzheimer's,CTABGAN,Utility,F1_TRTR,0.9258098934736716,0.9258098934736716,0.9258098934736716,0.9258098934736716,0.9258098934736716,0.9258098934736716,0.9258098934736716,0.9258098934736716,0.9258098934736716,0.9258098934736716,0.9258098934736715,0.0,10
Alzheimer's,CTABGAN,Utility,F1_TSTR,0.8368057601921811,0.7946904041762132,0.8267951177891969,0.8838103153556053,0.8476217779881766,0.9333175030551826,0.8238165119768353,0.3727586986696526,0.8354417894723594,0.7990407007013591,0.7954098579376763,0.1539534907792028,10
Alzheimer's,CTABGAN,Utility,Precision_Gap,0.0868176699413462,0.1168770554625041,0.0886543025931358,0.0293149516836366,0.0597162810513345,-0.006900164398694,0.0789693122662678,0.5538660233968271,0.0777406527172223,0.0857183937947647,0.11707744785083452,0.15735799258720626,10
Alzheimer's,CTABGAN,Utility,Precision_TRTR,0.9271394000040216,0.9271394000040216,0.9271394000040216,0.9271394000040216,0.9271394000040216,0.9271394000040216,0.9271394000040216,0.9271394000040216,0.9271394000040216,0.9271394000040216,0.9271394000040216,0.0,10
Alzheimer's,CTABGAN,Utility,Precision_TSTR,0.8403217300626754,0.8102623445415175,0.8384850974108857,0.897824448320385,0.8674231189526871,0.9340395644027156,0.8481700877377538,0.3732733766071946,0.8493987472867993,0.8414210062092569,0.8100619521531872,0.1573579925872062,10
Alzheimer's,CTABGAN,Utility,ROC_AUC_Gap,0.0534419034419036,0.0912219912219912,0.0576114576114576,0.0426079926079925,0.0609147609147608,-0.0126472626472624,0.0697620697620698,0.5565488565488566,0.0344074844074845,0.0336567336567338,0.09875259875259881,0.16316039836821483,10
Alzheimer's,CTABGAN,Utility,ROC_AUC_TRTR,0.9350427350427352,0.9350427350427352,0.9350427350427352,0.9350427350427352,0.9350427350427352,0.9350427350427352,0.9350427350427352,0.9350427350427352,0.9350427350427352,0.9350427350427352,0.935042735042735,0.0,10
Alzheimer's,CTABGAN,Utility,ROC_AUC_TSTR,0.8816008316008315,0.8438207438207439,0.8774312774312775,0.8924347424347426,0.8741279741279743,0.9476899976899976,0.8652806652806653,0.3784938784938786,0.9006352506352506,0.9013860013860012,0.8362901362901363,0.1631603983682148,10
Alzheimer's,CTABGAN,Utility,Recall_Gap,0.0885964912280703,0.1271929824561403,0.0964912280701755,0.0394736842105263,0.0723684210526315,-0.0074561403508773,0.093421052631579,0.5298245614035089,0.0890350877192982,0.119736842105263,0.12486842105263156,0.14756294162160968,10
Alzheimer's,CTABGAN,Utility,Recall_TRTR,0.9258771929824562,0.9258771929824562,0.9258771929824562,0.9258771929824562,0.9258771929824562,0.9258771929824562,0.9258771929824562,0.9258771929824562,0.9258771929824562,0.9258771929824562,0.9258771929824562,0.0,10
Alzheimer's,CTABGAN,Utility,Recall_TSTR,0.8372807017543858,0.7986842105263159,0.8293859649122807,0.8864035087719299,0.8535087719298247,0.9333333333333336,0.8324561403508771,0.3960526315789473,0.8368421052631579,0.8061403508771932,0.8010087719298247,0.14756294162160968,10
Alzheimer's,CTGAN,Compute,evaluation_time_seconds,4.161934476112947,4.074735725997016,4.076240465044975,17.35514260805212,17.75820976798423,24.67756704986095,7.564352051999947,11.70261376999997,14.64523318700003,11.59106650500001,11.76070956070522,6.95973806888737,10
Alzheimer's,CTGAN,Compute,generation_time_seconds,0.0,0.0,0.0,0.0,0.0,0.0,0.0,0.0,0.0,0.0,0.0,0.0,10
Alzheimer's,CTGAN,Compute,total_time_seconds,37.02561031584628,36.97426841501147,36.83156414609402,34.31121092895046,32.9805090369191,44.45067934505641,30.212607854,34.99336351099998,40.13629063399998,25.91050819900005,35.38266123858777,5.117277796398579,10
Alzheimer's,CTGAN,Compute,training_time_seconds,32.73505255091004,32.88913309411146,32.74515941017307,16.58463570591994,15.16304965200834,19.67667872295715,22.55111993699995,23.22952694499998,25.39280669999999,14.248826146,23.521598886407993,7.310537122824245,10
Alzheimer's,CTGAN,Fidelity,KS_Complement,0.8281821242730334,0.8219366391184573,0.8538028772574225,0.8584049586776861,0.7941744719926539,0.7728662381389654,0.8393758800122435,0.8291594735231098,0.8271285583103765,0.8354628099173552,0.8260494031221304,0.025733905928202728,10
Alzheimer's,CTGAN,Fidelity,MMD,0.0705756794630848,0.0728329086845382,0.0692324705041902,0.0684899537530512,0.0848761780618124,0.1158533249663699,0.0519442977390097,0.0740418489394267,0.0691789343432278,0.0514125515279968,0.07284381479827078,0.018082200254155474,10
Alzheimer's,CTGAN,Fidelity,Quality_Score,0.7149051663345414,0.7066577463120469,0.7083796590482117,0.7363339510676482,0.6911791058725192,0.6659047238360871,0.7348579656768484,0.7201466056107718,0.7000424919696916,0.7259974867927235,0.710440490252109,0.021354043416474178,10
Alzheimer's,CTGAN,Fidelity,Wasserstein_Distance,44.14661379330957,14.7251726376994,36.2135100988714,17.18307295212718,46.38850457938637,21.77165188843558,18.38886176753991,18.42961566600241,26.351361665323,13.52020729139212,25.711857234008693,12.212579692670749,10
Alzheimer's,CTGAN,Privacy,MIA_AUC,0.8042446941323346,0.8774032459425718,0.9031210986267164,0.8132334581772784,0.8901373283395756,0.9504369538077404,0.7,0.8559300873907616,0.9363295880149812,0.7446941323345818,0.8475530586766542,0.08146854654556847,10
Alzheimer's,CTGAN,Privacy,Mahalanobis_Distance,11.61305428067052,11.09952343581159,14.78378069444223,12.12779251185309,12.67447776314477,13.1344628674153,11.64836302662729,11.39207322957357,13.34501861683599,11.14344315280375,12.296198957917811,1.1844795935748846,10
Alzheimer's,CTGAN,Privacy,Mean_Distance,11.61305428067052,11.09952343581159,14.78378069444223,12.12779251185309,12.67447776314477,13.1344628674153,11.64836302662729,11.39207322957357,13.34501861683599,11.14344315280375,12.296198957917811,1.1844795935748846,10
Alzheimer's,CTGAN,Privacy,Median_Distance,10.29413081060531,9.93705240998108,12.59008331433634,11.2622246328145,11.88892106048644,11.11872180266719,10.18715448765217,9.846060466468288,12.49011994188554,9.8881289512739,10.950259787817076,1.0777434848157814,10
Alzheimer's,CTGAN,Privacy,NNDR,0.9296419126844536,0.9374583417802144,0.9435383467133824,0.9338063962117092,0.9328518180049749,0.9444538400473224,0.9314137288363736,0.9275961351591162,0.939547969993736,0.9315726722589432,0.9351881161690226,0.005800628903968753,10
Alzheimer's,CTGAN,Utility,Accuracy_Gap,0.4171052631578947,0.4662280701754386,0.5390350877192983,0.3364035087719299,0.4105263157894737,0.4828947368421053,0.4280701754385965,0.4342105263157896,0.4052631578947369,0.4,0.43197368421052634,0.05456819200857,10
Alzheimer's,CTGAN,Utility,Accuracy_TRTR,0.9258771929824562,0.9258771929824562,0.9258771929824562,0.9258771929824562,0.9258771929824562,0.9258771929824562,0.9258771929824562,0.9258771929824562,0.9258771929824562,0.9258771929824562,0.9258771929824562,0.0,10
Alzheimer's,CTGAN,Utility,Accuracy_TSTR,0.5087719298245614,0.4596491228070175,0.3868421052631579,0.5894736842105263,0.5153508771929824,0.4429824561403509,0.4978070175438596,0.4916666666666666,0.5206140350877193,0.5258771929824562,0.4939035087719298,0.05456819200856999,10
Alzheimer's,CTGAN,Utility,F1_Gap,0.4242577414120581,0.4832646302183385,0.5410778167427122,0.3506079746197137,0.4851293468655124,0.4981641841718697,0.445822438727935,0.4354249641465941,0.4229176957712008,0.4048842088904124,0.44915510015663473,0.054251096764506866,10
Alzheimer's,CTGAN,Utility,F1_TRTR,0.9258098934736716,0.9258098934736716,0.9258098934736716,0.9258098934736716,0.9258098934736716,0.9258098934736716,0.9258098934736716,0.9258098934736716,0.9258098934736716,0.9258098934736716,0.9258098934736715,0.0,10
Alzheimer's,CTGAN,Utility,F1_TSTR,0.5015521520616136,0.4425452632553332,0.3847320767309596,0.575201918853958,0.4406805466081593,0.427645709301802,0.4799874547457367,0.4903849293270776,0.502892197702471,0.5209256845832593,0.47665479331703703,0.05425109676450686,10
Alzheimer's,CTGAN,Utility,Precision_Gap,0.4197942035403336,0.4621738380913881,0.5409847918150752,0.3206781792356457,0.4832992238678628,0.494666581644893,0.4329723558511089,0.4346411566670071,0.395985803522475,0.3998960993051653,0.43850922335409537,0.06128285015456245,10
Alzheimer's,CTGAN,Utility,Precision_TRTR,0.9271394000040216,0.9271394000040216,0.9271394000040216,0.9271394000040216,0.9271394000040216,0.9271394000040216,0.9271394000040216,0.9271394000040216,0.9271394000040216,0.9271394000040216,0.9271394000040216,0.0,10
Alzheimer's,CTGAN,Utility,Precision_TSTR,0.507345196463688,0.4649655619126335,0.3861546081889465,0.6064612207683759,0.4438401761361588,0.4324728183591286,0.4941670441529127,0.4924982433370145,0.5311535964815466,0.5272433006988563,0.4886301766499262,0.06128285015456244,10
Alzheimer's,CTGAN,Utility,ROC_AUC_Gap,0.4265419265419266,0.4780203280203282,0.5680526680526682,0.3163201663201665,0.4642065142065143,0.5092746592746594,0.446962346962347,0.4144490644490645,0.4054285054285055,0.3997920997920998,0.44290482790482805,0.06842237588304438,10
Alzheimer's,CTGAN,Utility,ROC_AUC_TRTR,0.9350427350427352,0.9350427350427352,0.9350427350427352,0.9350427350427352,0.9350427350427352,0.9350427350427352,0.9350427350427352,0.9350427350427352,0.9350427350427352,0.9350427350427352,0.935042735042735,0.0,10
Alzheimer's,CTGAN,Utility,ROC_AUC_TSTR,0.5085008085008086,0.457022407022407,0.366990066990067,0.6187225687225687,0.4708362208362208,0.4257680757680757,0.4880803880803881,0.5205936705936707,0.5296142296142297,0.5352506352506353,0.49213790713790717,0.0684223758830444,10
Alzheimer's,CTGAN,Utility,Recall_Gap,0.4171052631578947,0.4662280701754386,0.5390350877192983,0.3364035087719299,0.4105263157894737,0.4828947368421053,0.4280701754385965,0.4342105263157896,0.4052631578947369,0.4,0.43197368421052634,0.05456819200857,10
Alzheimer's,CTGAN,Utility,Recall_TRTR,0.9258771929824562,0.9258771929824562,0.9258771929824562,0.9258771929824562,0.9258771929824562,0.9258771929824562,0.9258771929824562,0.9258771929824562,0.9258771929824562,0.9258771929824562,0.9258771929824562,0.0,10
Alzheimer's,CTGAN,Utility,Recall_TSTR,0.5087719298245614,0.4596491228070175,0.3868421052631579,0.5894736842105263,0.5153508771929824,0.4429824561403509,0.4978070175438596,0.4916666666666666,0.5206140350877193,0.5258771929824562,0.4939035087719298,0.05456819200856999,10
Alzheimer's,CopulaGAN,Compute,evaluation_time_seconds,4.123214832972735,4.050322403199971,4.185955327004194,15.10550923994742,19.959107066039,19.64535229210742,13.29351380100002,12.21764271499995,11.57275885600001,13.173743973,11.732712050627072,5.965732933884362,10
Alzheimer's,CopulaGAN,Compute,generation_time_seconds,0.0,0.0,0.0,0.0,0.0,0.0,0.0,0.0,0.0,0.0,0.0,0.0,10
Alzheimer's,CopulaGAN,Compute,total_time_seconds,37.35698362300172,36.99619964603335,37.3053615251556,34.46652861987241,50.12851940584369,52.50850657001138,38.59408382399999,34.884510041,33.57584571699999,34.83538515099997,39.06519241229181,6.66906262338305,10
Alzheimer's,CopulaGAN,Compute,training_time_seconds,33.22373915300705,32.93583711795509,33.10934106097557,19.31245711701922,29.99180047702976,32.80239095701836,25.17840603900004,22.517218851,21.93083753900004,21.527870823,27.25298991350051,5.69038335201532,10
Alzheimer's,CopulaGAN,Fidelity,KS_Complement,0.8018965411692686,0.7843942454851546,0.8254612794612793,0.8095469850015303,0.7938448117539028,0.793912764003673,0.8455047444138354,0.7859859198041018,0.8263997551270278,0.8286360575451485,0.8095583103764922,0.02090170912495243,10
Alzheimer's,CopulaGAN,Fidelity,MMD,0.0850799339786176,0.1226635990367519,0.0677304571782714,0.1057592589541725,0.1062586647584739,0.0981549774931926,0.0591489601946263,0.104794592329863,0.0800889690853656,0.076027820150468,0.09057072331598029,0.02007517007369196,10
Alzheimer's,CopulaGAN,Fidelity,Quality_Score,0.6896469432799082,0.6749048577360341,0.7103220887205689,0.6948195748084243,0.6787145983099886,0.6758983381780426,0.7201484513955738,0.6847644050381312,0.7041928470720964,0.7130005987562,0.6946412703294969,0.01647156419193184,10
Alzheimer's,CopulaGAN,Fidelity,Wasserstein_Distance,51.30485516318484,61.15327720287897,33.22658062510612,29.77265253193957,13.42673110897731,22.6562779292974,19.42566859853278,47.50403027283512,27.71038076397024,57.55466542160854,36.37351196183309,16.799413001775413,10
Alzheimer's,CopulaGAN,Privacy,MIA_AUC,0.8144818976279651,0.8942571785268415,0.8199750312109864,0.7762796504369538,0.923096129837703,0.8967540574282147,0.7631710362047441,0.9008739076154806,0.8436953807740324,0.8168539325842696,0.844943820224719,0.05587246600800042,10
Alzheimer's,CopulaGAN,Privacy,Mahalanobis_Distance,12.73714926275953,12.746408678356,10.91530530932649,11.76806095337491,11.15634728397824,12.35594496542319,10.9666713863171,11.55262600977563,12.39431614710671,12.34545298578759,11.893828298220539,0.7148682990868556,10
Alzheimer's,CopulaGAN,Privacy,Mean_Distance,12.73714926275953,12.746408678356,10.91530530932649,11.76806095337491,11.15634728397824,12.35594496542319,10.9666713863171,11.55262600977563,12.39431614710671,12.34545298578759,11.893828298220539,0.7148682990868556,10
Alzheimer's,CopulaGAN,Privacy,Median_Distance,11.52870640446495,11.74436788570418,9.772375120644949,10.77383058557674,9.946577863974536,10.54574632036918,9.772846774263694,10.45622382626357,11.03781405022289,11.31466635313124,10.689315518461594,0.7183830589135856,10
Alzheimer's,CopulaGAN,Privacy,NNDR,0.9425083316979064,0.946533478490554,0.9254061104304953,0.9423183389951528,0.9357365945266104,0.9421741865529956,0.9329101222890293,0.9387205542909568,0.9324190288559496,0.9326278204137952,0.9371354566543445,0.006428283923239826,10
Alzheimer's,CopulaGAN,Utility,Accuracy_Gap,0.4714912280701755,0.3206140350877194,0.5241228070175439,0.468859649122807,0.4074561403508772,0.3714912280701753,0.4894736842105264,0.531140350877193,0.5429824561403509,0.3390350877192984,0.44666666666666666,0.08166044264111566,10
Alzheimer's,CopulaGAN,Utility,Accuracy_TRTR,0.9258771929824562,0.9258771929824562,0.9258771929824562,0.9258771929824562,0.9258771929824562,0.9258771929824562,0.9258771929824562,0.9258771929824562,0.9258771929824562,0.9258771929824562,0.9258771929824562,0.0,10
Alzheimer's,CopulaGAN,Utility,Accuracy_TSTR,0.4543859649122806,0.6052631578947367,0.4017543859649122,0.4570175438596492,0.518421052631579,0.5543859649122809,0.4364035087719298,0.3947368421052631,0.3828947368421053,0.5868421052631578,0.4792105263157894,0.08166044264111567,10
Alzheimer's,CopulaGAN,Utility,F1_Gap,0.5070811991681516,0.3221045876753309,0.5801395908022564,0.4769234082586778,0.4615492101280537,0.3858359487366028,0.518539056109468,0.5419142544655184,0.5552999668302334,0.3524794983869856,0.4701866720561279,0.08894207782867694,10
Alzheimer's,CopulaGAN,Utility,F1_TRTR,0.9258098934736716,0.9258098934736716,0.9258098934736716,0.9258098934736716,0.9258098934736716,0.9258098934736716,0.9258098934736716,0.9258098934736716,0.9258098934736716,0.9258098934736716,0.9258098934736715,0.0,10
Alzheimer's,CopulaGAN,Utility,F1_TSTR,0.41872869430552,0.6037053057983408,0.3456703026714152,0.4488864852149939,0.464260683345618,0.539973944737069,0.4072708373642036,0.3838956390081533,0.3705099266434383,0.5733303950866862,0.4556232214175438,0.08894207782867697,10
Alzheimer's,CopulaGAN,Utility,Precision_Gap,0.5052620356933676,0.3206122820339637,0.5830431536605452,0.4766213565999922,0.3234473223119395,0.3558693413424887,0.5145400912815783,0.545549318844264,0.5619388495381623,0.3218805281320477,0.4508764279438349,0.10817307747021607,10
Alzheimer's,CopulaGAN,Utility,Precision_TRTR,0.9271394000040216,0.9271394000040216,0.9271394000040216,0.9271394000040216,0.9271394000040216,0.9271394000040216,0.9271394000040216,0.9271394000040216,0.9271394000040216,0.9271394000040216,0.9271394000040216,0.0,10
Alzheimer's,CopulaGAN,Utility,Precision_TSTR,0.421877364310654,0.6065271179700579,0.3440962463434764,0.4505180434040295,0.6036920776920821,0.5712700586615329,0.4125993087224434,0.3815900811597576,0.3652005504658593,0.6052588718719739,0.47626297206018664,0.10817307747021605,10
Alzheimer's,CopulaGAN,Utility,ROC_AUC_Gap,0.5312081312081314,0.3109494109494111,0.5835296835296837,0.4576345576345578,0.3406560406560408,0.3877223377223378,0.52975282975283,0.5899168399168402,0.6027489027489028,0.2607877107877106,0.4594906444906447,0.12641331184500354,10
Alzheimer's,CopulaGAN,Utility,ROC_AUC_TRTR,0.9350427350427352,0.9350427350427352,0.9350427350427352,0.9350427350427352,0.9350427350427352,0.9350427350427352,0.9350427350427352,0.9350427350427352,0.9350427350427352,0.9350427350427352,0.935042735042735,0.0,10
Alzheimer's,CopulaGAN,Utility,ROC_AUC_TSTR,0.4038346038346037,0.6240933240933241,0.3515130515130514,0.4774081774081774,0.5943866943866943,0.5473203973203974,0.4052899052899052,0.345125895125895,0.3322938322938323,0.6742550242550246,0.4755520905520905,0.12641331184500357,10
Alzheimer's,CopulaGAN,Utility,Recall_Gap,0.4714912280701755,0.3206140350877194,0.5241228070175439,0.468859649122807,0.4074561403508772,0.3714912280701753,0.4894736842105264,0.531140350877193,0.5429824561403509,0.3390350877192984,0.44666666666666666,0.08166044264111566,10
Alzheimer's,CopulaGAN,Utility,Recall_TRTR,0.9258771929824562,0.9258771929824562,0.9258771929824562,0.9258771929824562,0.9258771929824562,0.9258771929824562,0.9258771929824562,0.9258771929824562,0.9258771929824562,0.9258771929824562,0.9258771929824562,0.0,10
Alzheimer's,CopulaGAN,Utility,Recall_TSTR,0.4543859649122806,0.6052631578947367,0.4017543859649122,0.4570175438596492,0.518421052631579,0.5543859649122809,0.4364035087719298,0.3947368421052631,0.3828947368421053,0.5868421052631578,0.4792105263157894,0.08166044264111567,10
Alzheimer's,ForestDiffusion,Compute,evaluation_time_seconds,3.823541722958908,3.689114676089957,3.728653565049171,36.07580362912267,32.3684990699403,23.64020829997025,29.07045421999999,30.012029708,20.97404465800003,27.61007688400002,21.09924264331313,12.677339421168263,10
Alzheimer's,ForestDiffusion,Compute,generation_time_seconds,0.0,0.0,0.0,0.0,0.0,0.0,0.0,0.0,0.0,0.0,0.0,0.0,10
Alzheimer's,ForestDiffusion,Compute,total_time_seconds,6.379699721001089,4.841795132961124,4.866431330097839,113.0288334360812,106.1130712379236,71.78938738885336,84.74476063399999,48.11837402399993,81.26130785100003,50.86525150799997,57.20089122639181,41.15735344987667,10
Alzheimer's,ForestDiffusion,Compute,training_time_seconds,2.545939770061523,1.141161185922101,1.126864531775936,76.90483610006049,73.48002731404267,48.09300696896389,55.58533470400005,18.01189103199999,60.21244213000006,23.16131375799995,36.02628174948266,30.245058290263337,10
Alzheimer's,ForestDiffusion,Fidelity,KS_Complement,0.8308674625038261,0.8276345270890725,0.8329479644934191,0.8324778083868994,0.8336397306397306,0.829736149372513,0.8379889807162535,0.8224401591674319,0.8282592592592593,0.828564432200796,0.8304556473829201,0.004196362615188244,10
Alzheimer's,ForestDiffusion,Fidelity,MMD,0.0117370578873855,0.0157471883644724,0.013816616660474,0.0152028180695218,0.0117584375558997,0.0106742885669284,0.0123418354316149,0.0178186077593369,0.0131024378092424,0.0149802585373854,0.01371795466422614,0.002212119084548976,10
Alzheimer's,ForestDiffusion,Fidelity,Quality_Score,0.4207721161469035,0.4220811273194855,0.4214304203226523,0.4227551627969491,0.426911805369109,0.4188770072388961,0.4327077932211452,0.4173095990151745,0.4184663345234906,0.4228181883090497,0.42241295542628554,0.004526409995920604,10
Alzheimer's,ForestDiffusion,Fidelity,Wasserstein_Distance,9.379389549641392,9.258779680075868,9.62953744349869,7.522457421535469,9.243685984820168,8.00718250300878,8.918951629217373,10.32324627111976,9.745172670888786,9.173058059760844,9.120146121356715,0.8187966975877466,10
Alzheimer's,ForestDiffusion,Privacy,MIA_AUC,0.4621722846441947,0.5063670411985018,0.3675405742821473,0.4121098626716604,0.4619225967540574,0.5016229712858926,0.620474406991261,0.4886392009987516,0.4413233458177279,0.4563046192259675,0.47184769038701624,0.0668863337751387,10
Alzheimer's,ForestDiffusion,Privacy,Mahalanobis_Distance,2.976645785704398,2.905180703712408,2.91018265334623,2.980422141125347,2.902205556883418,2.920802499932217,3.064917292646578,2.907172263511776,2.863864950589915,2.992580177994879,2.9423974025447164,0.05968530468675367,10
Alzheimer's,ForestDiffusion,Privacy,Mean_Distance,2.976645785704398,2.905180703712408,2.91018265334623,2.980422141125347,2.902205556883418,2.920802499932217,3.064917292646578,2.907172263511776,2.863864950589915,2.992580177994879,2.9423974025447164,0.05968530468675367,10
Alzheimer's,ForestDiffusion,Privacy,Median_Distance,2.73864341100138,2.732080851016331,2.678744717646751,2.704154051469202,2.719399576905118,2.707547478715139,2.840877910651497,2.680508237186815,2.696222873229335,2.735575815337578,2.7233754923159146,0.04650821772892489,10
Alzheimer's,ForestDiffusion,Privacy,NNDR,0.8339722197304631,0.8279997863512556,0.827942629628128,0.8248420457475198,0.8201666929343088,0.8260145863874171,0.8254325120357928,0.8221489396528208,0.8221380857907625,0.8333090987606834,0.8263966597019152,0.004577898719069789,10
Alzheimer's,ForestDiffusion,Utility,Accuracy_Gap,-0.0013157894736842,-0.0127192982456139,0.0118421052631579,0.0,-0.0197368421052629,-0.0096491228070176,-0.0021929824561405,-0.0166666666666668,0.0092105263157895,0.0043859649122806,-0.00368421052631579,0.010735813249383795,10
Alzheimer's,ForestDiffusion,Utility,Accuracy_TRTR,0.9258771929824562,0.9258771929824562,0.9258771929824562,0.9258771929824562,0.9258771929824562,0.9258771929824562,0.9258771929824562,0.9258771929824562,0.9258771929824562,0.9258771929824562,0.9258771929824562,0.0,10
Alzheimer's,ForestDiffusion,Utility,Accuracy_TSTR,0.9271929824561403,0.93859649122807,0.9140350877192982,0.9258771929824562,0.9456140350877192,0.935526315789474,0.9280701754385968,0.942543859649123,0.9166666666666666,0.9214912280701756,0.929561403508772,0.010735813249383847,10
Alzheimer's,ForestDiffusion,Utility,F1_Gap,-0.0012949087876238,-0.0127815788941164,0.0117960843134669,4.930415766335461e-05,-0.0197997347675353,-0.0096938583458695,-0.0021058560557365,-0.0167290216899778,0.0096570202158785,0.0044034324446029,-0.0036499117409247647,0.010821380412711743,10
Alzheimer's,ForestDiffusion,Utility,F1_TRTR,0.9258098934736716,0.9258098934736716,0.9258098934736716,0.9258098934736716,0.9258098934736716,0.9258098934736716,0.9258098934736716,0.9258098934736716,0.9258098934736716,0.9258098934736716,0.9258098934736715,0.0,10
Alzheimer's,ForestDiffusion,Utility,F1_TSTR,0.9271048022612955,0.9385914723677882,0.9140138091602048,0.9257605893160084,0.9456096282412072,0.9355037518195412,0.9279157495294084,0.9425389151636496,0.9161528732577932,0.9214064610290688,0.9294598052145965,0.010821380412711802,10
Alzheimer's,ForestDiffusion,Utility,Precision_Gap,-0.0015326916192869,-0.0125007892720031,0.0121070071807701,-0.0004600443745226,-0.0198830106163723,-0.010415790088877,-0.0032704424198178,-0.0163455542929134,0.0062346927293345,0.0023528804924589,-0.00437137422812296,0.010222112123849119,10
Alzheimer's,ForestDiffusion,Utility,Precision_TRTR,0.9271394000040216,0.9271394000040216,0.9271394000040216,0.9271394000040216,0.9271394000040216,0.9271394000040216,0.9271394000040216,0.9271394000040216,0.9271394000040216,0.9271394000040216,0.9271394000040216,0.0,10
Alzheimer's,ForestDiffusion,Utility,Precision_TSTR,0.9286720916233084,0.9396401892760248,0.9150323928232514,0.9275994443785442,0.947022410620394,0.9375551900928988,0.9304098424238396,0.943484954296935,0.9209047072746872,0.9247865195115628,0.9315107742321445,0.010222112123849155,10
Alzheimer's,ForestDiffusion,Utility,ROC_AUC_Gap,0.0027027027027028,-0.0194617694617691,0.0012127512127512,-0.0018364518364517,-0.019173019173019,-0.0133056133056132,-0.0166782166782164,-0.0188727188727186,0.0057403557403556,-0.0018711018711017,-0.00815430815430801,0.010227523452154236,10
Alzheimer's,ForestDiffusion,Utility,ROC_AUC_TRTR,0.9350427350427352,0.9350427350427352,0.9350427350427352,0.9350427350427352,0.9350427350427352,0.9350427350427352,0.9350427350427352,0.9350427350427352,0.9350427350427352,0.9350427350427352,0.935042735042735,0.0,10
Alzheimer's,ForestDiffusion,Utility,ROC_AUC_TSTR,0.9323400323400324,0.9545045045045044,0.933829983829984,0.9368791868791868,0.9542157542157542,0.9483483483483484,0.9517209517209516,0.9539154539154538,0.9293023793023796,0.9369138369138368,0.9431970431970432,0.010227523452154283,10
Alzheimer's,ForestDiffusion,Utility,Recall_Gap,-0.0013157894736842,-0.0127192982456139,0.0118421052631579,0.0,-0.0197368421052629,-0.0096491228070176,-0.0021929824561405,-0.0166666666666668,0.0092105263157895,0.0043859649122806,-0.00368421052631579,0.010735813249383795,10
Alzheimer's,ForestDiffusion,Utility,Recall_TRTR,0.9258771929824562,0.9258771929824562,0.9258771929824562,0.9258771929824562,0.9258771929824562,0.9258771929824562,0.9258771929824562,0.9258771929824562,0.9258771929824562,0.9258771929824562,0.9258771929824562,0.0,10
Alzheimer's,ForestDiffusion,Utility,Recall_TSTR,0.9271929824561403,0.93859649122807,0.9140350877192982,0.9258771929824562,0.9456140350877192,0.935526315789474,0.9280701754385968,0.942543859649123,0.9166666666666666,0.9214912280701756,0.929561403508772,0.010735813249383847,10
Alzheimer's,GaussianCopula,Compute,evaluation_time_seconds,4.010792660992593,4.021398341050372,4.008904603077099,33.74796607415192,36.87192899896763,35.84887887514196,16.77636620400881,18.68143508399953,20.30892225100251,17.76065061200643,19.203724370439886,12.920445096239806,10
Alzheimer's,GaussianCopula,Compute,generation_time_seconds,0.0,0.0,0.0,0.0,0.0,0.0,0.0,0.0,0.0,0.0,0.0,0.0,10
Alzheimer's,GaussianCopula,Compute,total_time_seconds,4.476167932152748,4.479076204122976,4.475019600009546,35.83954311511479,40.57558691501617,40.28088513202965,21.21793162700487,23.239566535005,24.19040245100041,22.15290564700263,22.092708515845878,14.137625109323107,10
Alzheimer's,GaussianCopula,Compute,training_time_seconds,0.454890307970345,0.4473611500579864,0.4559504950884729,1.986729067983106,3.608016680926085,4.302693830104545,4.282206913994742,4.428500281006563,3.77861164600472,4.275809648999711,2.8020770022136277,1.766541148228607,10
Alzheimer's,GaussianCopula,Fidelity,KS_Complement,0.8702384450566268,0.8702384450566268,0.8702384450566268,0.8702384450566268,0.8702384450566268,0.8702384450566268,0.8702384450566268,0.8702384450566268,0.8702384450566268,0.8702384450566268,0.870238445056627,0.0,10
Alzheimer's,GaussianCopula,Fidelity,MMD,0.0535862416169077,0.0535862416169077,0.0535862416169077,0.0535862416699088,0.0535862416699088,0.0535862416699088,0.0535862416699088,0.0535862416699088,0.0535862416699088,0.0535862416699088,0.05358624165400847,2.5601965295657416e-11,10
Alzheimer's,GaussianCopula,Fidelity,Quality_Score,0.7942522552481575,0.7942522552481575,0.7942522552481575,0.7942522552061084,0.7942522552061084,0.7942522552061084,0.7942522552061084,0.7942522552061084,0.7942522552061084,0.7942522552061084,0.7942522552187231,2.031161163100913e-11,10
Alzheimer's,GaussianCopula,Fidelity,Wasserstein_Distance,42.22296188445829,42.22296188445829,42.22296188445829,42.22296198136731,42.22296198136731,42.22296198136731,42.22296198136731,42.22296198136731,42.22296198136731,42.22296198136731,42.2229619522946,4.6811503710916407e-08,10
Alzheimer's,GaussianCopula,Privacy,MIA_AUC,0.9403245942571784,0.9403245942571784,0.9403245942571784,0.9403245942571784,0.9403245942571784,0.9403245942571784,0.9403245942571784,0.9403245942571784,0.9403245942571784,0.9403245942571784,0.9403245942571784,0.0,10
Alzheimer's,GaussianCopula,Privacy,Mahalanobis_Distance,4.444467059076343,4.444467059076343,4.444467059076343,4.444467035031164,4.444467035031164,4.444467035031164,4.444467035031164,4.444467035031164,4.444467035031164,4.444467035031164,4.444467042244719,1.1614925014758814e-08,10
Alzheimer's,GaussianCopula,Privacy,Mean_Distance,4.444467059076343,4.444467059076343,4.444467059076343,4.444467035031164,4.444467035031164,4.444467035031164,4.444467035031164,4.444467035031164,4.444467035031164,4.444467035031164,4.444467042244719,1.1614925014758814e-08,10
Alzheimer's,GaussianCopula,Privacy,Median_Distance,4.253740755734556,4.253740755734556,4.253740755734556,4.253740757046158,4.253740757046158,4.253740757046158,4.253740757046158,4.253740757046158,4.253740757046158,4.253740757046158,4.253740756652678,6.335637130531493e-10,10
Alzheimer's,GaussianCopula,Privacy,NNDR,0.8954736124791409,0.8954736124791409,0.8954736124791409,0.895473612801383,0.895473612801383,0.895473612801383,0.895473612801383,0.895473612801383,0.895473612801383,0.895473612801383,0.8954736127047106,1.556577330529365e-10,10
Alzheimer's,GaussianCopula,Utility,Accuracy_Gap,0.131578947368421,0.131578947368421,0.131578947368421,0.131578947368421,0.131578947368421,0.131578947368421,0.131578947368421,0.131578947368421,0.131578947368421,0.131578947368421,0.131578947368421,0.0,10
Alzheimer's,GaussianCopula,Utility,Accuracy_TRTR,0.9258771929824562,0.9258771929824562,0.9258771929824562,0.9258771929824562,0.9258771929824562,0.9258771929824562,0.9258771929824562,0.9258771929824562,0.9258771929824562,0.9258771929824562,0.9258771929824562,0.0,10
Alzheimer's,GaussianCopula,Utility,Accuracy_TSTR,0.7942982456140352,0.7942982456140352,0.7942982456140352,0.7942982456140352,0.7942982456140352,0.7942982456140352,0.7942982456140352,0.7942982456140352,0.7942982456140352,0.7942982456140352,0.7942982456140352,0.0,10
Alzheimer's,GaussianCopula,Utility,F1_Gap,0.1326829561905622,0.1326829561905622,0.1326829561905622,0.1326829561905623,0.1326829561905623,0.1326829561905623,0.1326829561905623,0.1326829561905623,0.1326829561905623,0.1326829561905623,0.13268295619056225,0.0,10
Alzheimer's,GaussianCopula,Utility,F1_TRTR,0.9258098934736716,0.9258098934736716,0.9258098934736716,0.9258098934736716,0.9258098934736716,0.9258098934736716,0.9258098934736716,0.9258098934736716,0.9258098934736716,0.9258098934736716,0.9258098934736715,0.0,10
Alzheimer's,GaussianCopula,Utility,F1_TSTR,0.7931269372831095,0.7931269372831095,0.7931269372831095,0.7931269372831095,0.7931269372831095,0.7931269372831095,0.7931269372831095,0.7931269372831095,0.7931269372831095,0.7931269372831095,0.7931269372831096,0.0,10
Alzheimer's,GaussianCopula,Utility,Precision_Gap,0.1281705378561312,0.1281705378561312,0.1281705378561312,0.1281705378561312,0.1281705378561312,0.1281705378561312,0.1281705378561312,0.1281705378561312,0.1281705378561312,0.1281705378561312,0.12817053785613117,0.0,10
Alzheimer's,GaussianCopula,Utility,Precision_TRTR,0.9271394000040216,0.9271394000040216,0.9271394000040216,0.9271394000040216,0.9271394000040216,0.9271394000040216,0.9271394000040216,0.9271394000040216,0.9271394000040216,0.9271394000040216,0.9271394000040216,0.0,10
Alzheimer's,GaussianCopula,Utility,Precision_TSTR,0.7989688621478904,0.7989688621478904,0.7989688621478904,0.7989688621478904,0.7989688621478904,0.7989688621478904,0.7989688621478904,0.7989688621478904,0.7989688621478904,0.7989688621478904,0.7989688621478904,0.0,10
Alzheimer's,GaussianCopula,Utility,ROC_AUC_Gap,0.0907253407253407,0.0907253407253407,0.0907253407253407,0.0907253407253407,0.0907253407253407,0.0907253407253407,0.0907253407253407,0.0907253407253407,0.0907253407253407,0.0907253407253407,0.09072534072534069,0.0,10
Alzheimer's,GaussianCopula,Utility,ROC_AUC_TRTR,0.9350427350427352,0.9350427350427352,0.9350427350427352,0.9350427350427352,0.9350427350427352,0.9350427350427352,0.9350427350427352,0.9350427350427352,0.9350427350427352,0.9350427350427352,0.935042735042735,0.0,10
Alzheimer's,GaussianCopula,Utility,ROC_AUC_TSTR,0.8443173943173944,0.8443173943173944,0.8443173943173944,0.8443173943173944,0.8443173943173944,0.8443173943173944,0.8443173943173944,0.8443173943173944,0.8443173943173944,0.8443173943173944,0.8443173943173944,0.0,10
Alzheimer's,GaussianCopula,Utility,Recall_Gap,0.131578947368421,0.131578947368421,0.131578947368421,0.131578947368421,0.131578947368421,0.131578947368421,0.131578947368421,0.131578947368421,0.131578947368421,0.131578947368421,0.131578947368421,0.0,10
Alzheimer's,GaussianCopula,Utility,Recall_TRTR,0.9258771929824562,0.9258771929824562,0.9258771929824562,0.9258771929824562,0.9258771929824562,0.9258771929824562,0.9258771929824562,0.9258771929824562,0.9258771929824562,0.9258771929824562,0.9258771929824562,0.0,10
Alzheimer's,GaussianCopula,Utility,Recall_TSTR,0.7942982456140352,0.7942982456140352,0.7942982456140352,0.7942982456140352,0.7942982456140352,0.7942982456140352,0.7942982456140352,0.7942982456140352,0.7942982456140352,0.7942982456140352,0.7942982456140352,0.0,10
Alzheimer's,TVAE,Compute,evaluation_time_seconds,3.608078077202663,3.641380964079872,3.689304483123124,29.31345537793823,33.12025891197845,33.42923482204787,11.68181227699995,10.47651750900002,12.02987772500001,10.96511228899999,15.195503243637017,12.091197083419717,10
Alzheimer's,TVAE,Compute,generation_time_seconds,0.0,0.0,0.0,0.0,0.0,0.0,0.0,0.0,0.0,0.0,0.0,0.0,10
Alzheimer's,TVAE,Compute,total_time_seconds,8.049164606956765,8.066062066005543,8.502229867037386,42.78576922114007,47.68749277177267,48.71806211699732,23.93358948700001,20.97634029000005,21.07260875599997,20.42739624499995,25.021871542790972,15.963581023209231,10
Alzheimer's,TVAE,Compute,training_time_seconds,4.430929583963007,4.413788818987086,4.801659080898389,13.24943996802904,14.50256188795902,15.12397565506399,12.12490847100003,10.43068091900005,8.955048962999967,9.36604599499998,9.739903934290057,4.107555936233667,10
Alzheimer's,TVAE,Fidelity,KS_Complement,0.8297251300887664,0.8291802877257421,0.8257826752372207,0.8312130394857667,0.8355347413529232,0.8286280991735537,0.8339194980104069,0.8221677379859198,0.837341291704928,0.8233327211509031,0.829682522191613,0.005017373049070801,10
Alzheimer's,TVAE,Fidelity,MMD,0.0551730536617764,0.0572210336265839,0.0569493258384473,0.0504036304007382,0.0404223160291994,0.0627192259599906,0.0553522303977099,0.066496804660442,0.0552990680839415,0.0529346308935692,0.055297131955239845,0.006974219533885519,10
Alzheimer's,TVAE,Fidelity,Quality_Score,0.741718507117864,0.7450075646352277,0.7237414236269654,0.728057627495487,0.7424884125364967,0.7295917653526307,0.7590336218222347,0.716391147352642,0.7397404739221398,0.7406944805356005,0.7366465024397287,0.01228034094513782,10
Alzheimer's,TVAE,Fidelity,Wasserstein_Distance,19.20907768498602,22.16619846495492,16.93017910090106,16.52825576765802,16.73435225803422,18.25897910184309,20.33986290209775,21.10801189333554,17.40951637369609,19.783803101929,18.84682366494357,1.980257510619026,10
Alzheimer's,TVAE,Privacy,MIA_AUC,0.8181023720349563,0.8274656679151061,0.7800249687890137,0.8189762796504368,0.8234706616729089,0.8269662921348314,0.8448189762796504,0.8722846441947565,0.8805243445692883,0.8518102372034956,0.8344444444444445,0.029168659659682922,10
Alzheimer's,TVAE,Privacy,Mahalanobis_Distance,5.890887110186368,5.567999816682139,5.939320785149254,5.789950585956372,5.826516160130959,5.850242547985121,5.694094025586539,5.917414359547731,5.537802796985865,5.780770667260982,5.779499885547133,0.13933973069667147,10
Alzheimer's,TVAE,Privacy,Mean_Distance,5.890887110186368,5.567999816682139,5.939320785149254,5.789950585956372,5.826516160130959,5.850242547985121,5.694094025586539,5.917414359547731,5.537802796985865,5.780770667260982,5.779499885547133,0.13933973069667147,10
Alzheimer's,TVAE,Privacy,Median_Distance,5.056494255390577,4.909048364282695,5.134955185631958,5.142459934333759,5.17498235477284,4.953796582667849,5.104076076302909,5.204870801199039,4.976029861039217,4.965813062580324,5.062252647820117,0.10462546094122167,10
Alzheimer's,TVAE,Privacy,NNDR,0.8598239573541933,0.876939634593074,0.8654997937978013,0.8692874759170504,0.8663638727947398,0.8537576325922478,0.8608364527184983,0.8704132636106146,0.8545852744027941,0.8647921339857663,0.864229949176678,0.007191414579756054,10
Alzheimer's,TVAE,Utility,Accuracy_Gap,0.0359649122807019,0.0333333333333334,0.0627192982456138,0.0425438596491229,0.0605263157894737,0.0241228070175441,0.0350877192982459,0.0285087719298247,0.0618421052631578,0.0302631578947369,0.04149122807017551,0.01476709509580266,10
Alzheimer's,TVAE,Utility,Accuracy_TRTR,0.9258771929824562,0.9258771929824562,0.9258771929824562,0.9258771929824562,0.9258771929824562,0.9258771929824562,0.9258771929824562,0.9258771929824562,0.9258771929824562,0.9258771929824562,0.9258771929824562,0.0,10
Alzheimer's,TVAE,Utility,Accuracy_TSTR,0.8899122807017542,0.8925438596491228,0.8631578947368423,0.8833333333333332,0.8653508771929824,0.901754385964912,0.8907894736842102,0.8973684210526315,0.8640350877192984,0.8956140350877192,0.8843859649122807,0.014767095095802645,10
Alzheimer's,TVAE,Utility,F1_Gap,0.036724195736887,0.0345733586903329,0.0654711766984015,0.0434404775125945,0.061362902513861,0.0249740552322379,0.0355365607879661,0.0291482986562421,0.0650142627309852,0.0311005811043965,0.04273458696639047,0.01545877933556324,10
Alzheimer's,TVAE,Utility,F1_TRTR,0.9258098934736716,0.9258098934736716,0.9258098934736716,0.9258098934736716,0.9258098934736716,0.9258098934736716,0.9258098934736716,0.9258098934736716,0.9258098934736716,0.9258098934736716,0.9258098934736715,0.0,10
Alzheimer's,TVAE,Utility,F1_TSTR,0.8890856977367847,0.8912365347833388,0.8603387167752702,0.8823694159610772,0.8644469909598107,0.9008358382414338,0.8902733326857055,0.8966615948174296,0.8607956307426865,0.8947093123692752,0.8830753065072813,0.015458779335563225,10
Alzheimer's,TVAE,Utility,Precision_Gap,0.031587977973676,0.025400072397513,0.0487864408814801,0.0373221527535218,0.0556933284994535,0.0171485302997772,0.0326013468942786,0.0243657185504229,0.0435614208793738,0.0247693661011506,0.03412363552306475,0.012180461557879142,10
Alzheimer's,TVAE,Utility,Precision_TRTR,0.9271394000040216,0.9271394000040216,0.9271394000040216,0.9271394000040216,0.9271394000040216,0.9271394000040216,0.9271394000040216,0.9271394000040216,0.9271394000040216,0.9271394000040216,0.9271394000040216,0.0,10
Alzheimer's,TVAE,Utility,Precision_TSTR,0.8955514220303455,0.9017393276065084,0.8783529591225415,0.8898172472504998,0.8714460715045681,0.9099908697042444,0.894538053109743,0.9027736814535988,0.8835779791246477,0.902370033902871,0.8930157644809567,0.01218046155787913,10
Alzheimer's,TVAE,Utility,ROC_AUC_Gap,0.0280549780549783,0.0237930237930239,0.0258258258258258,0.0213559713559715,0.0180757680757681,0.0120120120120119,0.015003465003465,0.0116193116193118,0.0430237930237931,0.0228690228690229,0.02216331716331723,0.00924534388559626,10
Alzheimer's,TVAE,Utility,ROC_AUC_TRTR,0.9350427350427352,0.9350427350427352,0.9350427350427352,0.9350427350427352,0.9350427350427352,0.9350427350427352,0.9350427350427352,0.9350427350427352,0.9350427350427352,0.9350427350427352,0.935042735042735,0.0,10
Alzheimer's,TVAE,Utility,ROC_AUC_TSTR,0.9069877569877568,0.9112497112497112,0.9092169092169092,0.9136867636867636,0.916966966966967,0.9230307230307232,0.92003927003927,0.9234234234234232,0.892018942018942,0.9121737121737122,0.9128794178794178,0.009245343885596228,10
Alzheimer's,TVAE,Utility,Recall_Gap,0.0359649122807019,0.0333333333333334,0.0627192982456138,0.0425438596491229,0.0605263157894737,0.0241228070175441,0.0350877192982459,0.0285087719298247,0.0618421052631578,0.0302631578947369,0.04149122807017551,0.01476709509580266,10
Alzheimer's,TVAE,Utility,Recall_TRTR,0.9258771929824562,0.9258771929824562,0.9258771929824562,0.9258771929824562,0.9258771929824562,0.9258771929824562,0.9258771929824562,0.9258771929824562,0.9258771929824562,0.9258771929824562,0.9258771929824562,0.0,10
Alzheimer's,TVAE,Utility,Recall_TSTR,0.8899122807017542,0.8925438596491228,0.8631578947368423,0.8833333333333332,0.8653508771929824,0.901754385964912,0.8907894736842102,0.8973684210526315,0.8640350877192984,0.8956140350877192,0.8843859649122807,0.014767095095802645,10
Alzheimer's,TabDDPM,Compute,evaluation_time_seconds,3.672167156124488,3.700495629804209,3.64894324191846,31.44371475582011,37.84363843500614,43.87210069899447,8.904711878,11.87596766799999,9.459943219000024,9.734126358999958,16.415580904166784,15.260573503304492,10
Alzheimer's,TabDDPM,Compute,generation_time_seconds,0.0,0.0,0.0,0.0,0.0,0.0,0.0,0.0,0.0,0.0,0.0,0.0,10
Alzheimer's,TabDDPM,Compute,total_time_seconds,23.59200907219201,23.65701805311255,23.60003789095208,61.06952506513335,48.79667280893773,57.96344085317105,25.74471743199996,36.71269440200001,20.28768337399998,21.33234925599999,34.27561482074987,15.890793078915962,10
Alzheimer's,TabDDPM,Compute,training_time_seconds,19.90962187689729,19.93851926201023,19.93932082084939,29.44377254601568,10.89964693388902,13.79044043715112,16.770481072,24.75910076599996,10.71447895699998,11.49710828100001,17.766249095281268,6.256356732079726,10
Alzheimer's,TabDDPM,Fidelity,KS_Complement,0.6079923477196205,0.7118573614937251,0.6409274563820019,0.6488699112335475,0.6193908784817876,0.6598689929599021,0.6080055096418733,0.5622115090296909,0.6640915212733394,0.6094208754208754,0.6332636363636364,0.04112773263404374,10
Alzheimer's,TabDDPM,Fidelity,MMD,0.1511069390794581,0.1568785168932504,0.1593857406937181,0.1782058876381043,0.2259184318127762,0.1264627015016039,0.2264596675709135,0.3079710560121361,0.1766078391278636,0.2027060961958603,0.19117028765256844,0.05226719320745245,10
Alzheimer's,TabDDPM,Fidelity,Quality_Score,0.4166279094815032,0.4789141724259753,0.413072270886954,0.4324131675649799,0.398640013899637,0.4687809797785335,0.365705748484643,0.3710586468420932,0.4366885759314738,0.4351677340029602,0.4217069219298753,0.03703259608375351,10
Alzheimer's,TabDDPM,Fidelity,Wasserstein_Distance,80.42811215079217,53.65733699018221,64.77242133667094,66.01869482490477,70.56070773870807,86.60237004453926,67.54605914066674,70.65489376077593,71.53596299728544,47.05965881456177,67.88362177990874,11.475762821568992,10
Alzheimer's,TabDDPM,Privacy,MIA_AUC,0.8611735330836454,0.8392009987515605,0.7853932584269663,0.7545568039950062,0.8565543071161049,0.7101123595505618,0.906741573033708,0.8674157303370787,0.8808988764044944,0.8046192259675407,0.8266666666666668,0.061670302979333784,10
Alzheimer's,TabDDPM,Privacy,Mahalanobis_Distance,9.63325810140809,7.107055079917257,11.35632657881529,15.52759675717195,10.01367344175813,8.00397031648132,16.67371700339802,9.546568576866632,8.021438402789707,7.729039348713919,10.361264360732033,3.2895938060096523,10
Alzheimer's,TabDDPM,Privacy,Mean_Distance,9.63325810140809,7.107055079917257,11.35632657881529,15.52759675717195,10.01367344175813,8.00397031648132,16.67371700339802,9.546568576866632,8.021438402789707,7.729039348713919,10.361264360732033,3.2895938060096523,10
Alzheimer's,TabDDPM,Privacy,Median_Distance,10.2294088711481,6.597671647072564,11.43721757681727,12.23797947791144,11.52718923127542,9.487775420786477,11.35073390430894,10.35480449257698,8.766855840205766,9.692347147916236,10.168198361001918,1.6526090598952168,10
Alzheimer's,TabDDPM,Privacy,NNDR,0.9190083052875568,0.9067259058760204,0.9092335209233078,0.9172610700539892,0.9277998715034456,0.91476445829424,0.9082749887579568,0.9221180484884152,0.8939567911313258,0.901029574168467,0.9120172534484723,0.010174576769626086,10
Alzheimer's,TabDDPM,Utility,Accuracy_Gap,0.4635964912280703,0.4346491228070175,0.3951754385964914,0.4355263157894737,0.4153508771929825,0.4649122807017545,0.411842105263158,0.4504385964912281,0.4412280701754387,0.461842105263158,0.4374561403508773,0.02394110193699373,10
Alzheimer's,TabDDPM,Utility,Accuracy_TRTR,0.9258771929824562,0.9258771929824562,0.9258771929824562,0.9258771929824562,0.9258771929824562,0.9258771929824562,0.9258771929824562,0.9258771929824562,0.9258771929824562,0.9258771929824562,0.9258771929824562,0.0,10
Alzheimer's,TabDDPM,Utility,Accuracy_TSTR,0.4622807017543859,0.4912280701754386,0.5307017543859648,0.4903508771929825,0.5105263157894737,0.4609649122807017,0.5140350877192982,0.4754385964912281,0.4846491228070175,0.4640350877192982,0.488421052631579,0.023941101936993732,10
Alzheimer's,TabDDPM,Utility,F1_Gap,0.4641474953487705,0.4971464028388908,0.3962871522247055,0.4487067312711675,0.4294513940645246,0.4663219995342787,0.4185951481442869,0.4538508432644738,0.4529968525146357,0.4630929900346246,0.4490597009240358,0.028227232641864237,10
Alzheimer's,TabDDPM,Utility,F1_TRTR,0.9258098934736716,0.9258098934736716,0.9258098934736716,0.9258098934736716,0.9258098934736716,0.9258098934736716,0.9258098934736716,0.9258098934736716,0.9258098934736716,0.9258098934736716,0.9258098934736715,0.0,10
Alzheimer's,TabDDPM,Utility,F1_TSTR,0.4616623981249012,0.4286634906347809,0.5295227412489661,0.4771031622025042,0.4963584994091471,0.459487893939393,0.5072147453293848,0.4719590502091979,0.472813040959036,0.4627169034390471,0.4767501925496359,0.02822723264186424,10
Alzheimer's,TabDDPM,Utility,Precision_Gap,0.4646122514798139,0.508278871784509,0.3936412681006184,0.4440888449804737,0.4103542386414719,0.4669394818253632,0.4159710813177649,0.4538630677291221,0.4511019723374484,0.4631261600986544,0.44719772382952405,0.0332462180748741,10
Alzheimer's,TabDDPM,Utility,Precision_TRTR,0.9271394000040216,0.9271394000040216,0.9271394000040216,0.9271394000040216,0.9271394000040216,0.9271394000040216,0.9271394000040216,0.9271394000040216,0.9271394000040216,0.9271394000040216,0.9271394000040216,0.0,10
Alzheimer's,TabDDPM,Utility,Precision_TSTR,0.4625271485242077,0.4188605282195125,0.5334981319034032,0.4830505550235479,0.5167851613625497,0.4601999181786585,0.5111683186862567,0.4732763322748995,0.4760374276665732,0.4640132399053672,0.4799416761744976,0.03324621807487411,10
Alzheimer's,TabDDPM,Utility,ROC_AUC_Gap,0.4843497343497345,0.4182259182259183,0.4203164703164704,0.4675675675675677,0.4181104181104183,0.5045738045738046,0.4504735504735506,0.484857934857935,0.4909678909678911,0.4804227304227305,0.4619866019866021,0.03292566996439709,10
Alzheimer's,TabDDPM,Utility,ROC_AUC_TRTR,0.9350427350427352,0.9350427350427352,0.9350427350427352,0.9350427350427352,0.9350427350427352,0.9350427350427352,0.9350427350427352,0.9350427350427352,0.9350427350427352,0.9350427350427352,0.935042735042735,0.0,10
Alzheimer's,TabDDPM,Utility,ROC_AUC_TSTR,0.4506930006930006,0.5168168168168168,0.5147262647262647,0.4674751674751674,0.5169323169323169,0.4304689304689305,0.4845691845691846,0.4501848001848002,0.4440748440748441,0.4546200046200047,0.4730561330561331,0.03292566996439709,10
Alzheimer's,TabDDPM,Utility,Recall_Gap,0.4635964912280703,0.4346491228070175,0.3951754385964914,0.4355263157894737,0.4153508771929825,0.4649122807017545,0.411842105263158,0.4504385964912281,0.4412280701754387,0.461842105263158,0.4374561403508773,0.02394110193699373,10
Alzheimer's,TabDDPM,Utility,Recall_TRTR,0.9258771929824562,0.9258771929824562,0.9258771929824562,0.9258771929824562,0.9258771929824562,0.9258771929824562,0.9258771929824562,0.9258771929824562,0.9258771929824562,0.9258771929824562,0.9258771929824562,0.0,10
Alzheimer's,TabDDPM,Utility,Recall_TSTR,0.4622807017543859,0.4912280701754386,0.5307017543859648,0.4903508771929825,0.5105263157894737,0.4609649122807017,0.5140350877192982,0.4754385964912281,0.4846491228070175,0.4640350877192982,0.488421052631579,0.023941101936993732,10
Alzheimer's,WGAN-GP,Compute,evaluation_time_seconds,7.795567374676466,6.952770674135536,7.674720340874046,46.22539681498893,46.23547812504694,35.62854365096428,28.586920679,12.66287076999998,12.21016531599997,35.63178517,23.960421891568615,16.21784854605515,10
Alzheimer's,WGAN-GP,Compute,generation_time_seconds,0.0,0.0,0.0,0.0,0.0,0.0,0.0,0.0,0.0,0.0,0.0,0.0,10
Alzheimer's,WGAN-GP,Compute,total_time_seconds,19.91972156101838,18.99217371502891,20.05614069616422,84.13306851289235,81.5669022060465,53.02310390304774,63.17593220099997,35.98478043400002,30.43262891099999,70.47559139199996,47.776004353219804,25.940786946772086,10
Alzheimer's,WGAN-GP,Compute,training_time_seconds,11.94190210895613,12.02736787777394,12.36902933893725,37.64572778297588,35.14912105398253,17.17421094677411,34.49310124000004,23.25553544299999,18.132374218,34.65620217699995,23.684457218739983,10.743311677511471,10
Alzheimer's,WGAN-GP,Fidelity,KS_Complement,0.8064530149984694,0.7871533516988063,0.7398711355984081,0.7923676155494338,0.792196510560147,0.7866085093357821,0.7909788797061524,0.7781331496786043,0.7563838383838384,0.7773419038873584,0.7807487909397001,0.019407461327187493,10
Alzheimer's,WGAN-GP,Fidelity,MMD,0.0237276721965419,0.058639924344832,0.0771640945489608,0.0237668108355553,0.0304351613161692,0.0344055197665287,0.0300067670206615,0.0461381122241257,0.0719330196529474,0.0488141101367243,0.044503119204304685,0.019470412644656394,10
Alzheimer's,WGAN-GP,Fidelity,Quality_Score,0.517244362937334,0.5001172102477994,0.4927794779994748,0.5173590004813937,0.5146560928754885,0.5069216411309999,0.5083846448476796,0.510633414547739,0.4948920162981011,0.5104207159910301,0.507340857735704,0.008773289461788654,10
Alzheimer's,WGAN-GP,Fidelity,Wasserstein_Distance,19.07347163801833,42.28957024754322,28.40655517910724,23.17239953764661,29.33803790299201,24.85818774989648,24.3083439618229,31.85461643492786,19.21337387498517,26.63967147224085,26.915422799918066,6.788762585157681,10
Alzheimer's,WGAN-GP,Privacy,MIA_AUC,0.8397003745318352,0.926342072409488,0.8526841448189763,0.751310861423221,0.8233458177278401,0.8629213483146068,0.8049937578027465,0.9054931335830212,0.96167290886392,0.8997503121098627,0.862821473158552,0.062330153026752246,10
Alzheimer's,WGAN-GP,Privacy,Mahalanobis_Distance,5.003241359065629,4.660612630077525,4.123319618784013,4.403310198886911,4.980749882560007,4.66494350057576,4.697752502392061,4.587572323808738,4.740845474700135,4.441975055539674,4.630432254639045,0.2638675568603587,10
Alzheimer's,WGAN-GP,Privacy,Mean_Distance,5.003241359065629,4.660612630077525,4.123319618784013,4.403310198886911,4.980749882560007,4.66494350057576,4.697752502392061,4.587572323808738,4.740845474700135,4.441975055539674,4.630432254639045,0.2638675568603587,10
Alzheimer's,WGAN-GP,Privacy,Median_Distance,4.460936939332589,4.457611788092494,3.822032480624914,4.133312240300786,4.493709618879293,4.241532062823579,4.355818913811143,4.372340869476549,4.408308818753373,4.210688157936978,4.29562918900317,0.20433827267630333,10
Alzheimer's,WGAN-GP,Privacy,NNDR,0.900601684887477,0.916864074907522,0.8962113643972534,0.9033964979177757,0.902723729009967,0.8908827986737211,0.9066277263428256,0.9091146501013482,0.9008944911715446,0.9029341149108434,0.9030251132320279,0.007040286545741358,10
Alzheimer's,WGAN-GP,Utility,Accuracy_Gap,0.1964912280701753,0.2912280701754388,0.1214912280701754,0.0508771929824563,0.0671052631578947,0.0960526315789476,0.1513157894736843,0.2118421052631581,0.1065789473684212,0.0293859649122808,0.13223684210526326,0.08139802875703189,10
Alzheimer's,WGAN-GP,Utility,Accuracy_TRTR,0.9258771929824562,0.9258771929824562,0.9258771929824562,0.9258771929824562,0.9258771929824562,0.9258771929824562,0.9258771929824562,0.9258771929824562,0.9258771929824562,0.9258771929824562,0.9258771929824562,0.0,10
Alzheimer's,WGAN-GP,Utility,Accuracy_TSTR,0.7293859649122808,0.6346491228070174,0.8043859649122808,0.8749999999999999,0.8587719298245614,0.8298245614035086,0.7745614035087719,0.7140350877192981,0.819298245614035,0.8964912280701753,0.7936403508771929,0.08139802875703189,10
Alzheimer's,WGAN-GP,Utility,F1_Gap,0.2003449632990854,0.3281631912649417,0.1265527852917182,0.0511895175523758,0.0694428622425524,0.0967969389675798,0.1650402428984297,0.2270334816271499,0.1072639770371507,0.0295345897099993,0.14013625498909826,0.0915519001525956,10
Alzheimer's,WGAN-GP,Utility,F1_TRTR,0.9258098934736716,0.9258098934736716,0.9258098934736716,0.9258098934736716,0.9258098934736716,0.9258098934736716,0.9258098934736716,0.9258098934736716,0.9258098934736716,0.9258098934736716,0.9258098934736715,0.0,10
Alzheimer's,WGAN-GP,Utility,F1_TSTR,0.7254649301745862,0.59764670220873,0.7992571081819535,0.8746203759212958,0.8563670312311192,0.8290129545060919,0.760769650575242,0.6987764118465218,0.818545916436521,0.8962753037636724,0.7856736384845734,0.0915519001525956,10
Alzheimer's,WGAN-GP,Utility,Precision_Gap,0.1742246104078889,0.1914191522075116,0.0810137815980336,0.0510494397845121,0.0449214146490359,0.0928153640939876,0.0814759661088091,0.1561561152718467,0.1060560321540911,0.0293044222522279,0.10084362985279445,0.056008659858007744,10
Alzheimer's,WGAN-GP,Utility,Precision_TRTR,0.9271394000040216,0.9271394000040216,0.9271394000040216,0.9271394000040216,0.9271394000040216,0.9271394000040216,0.9271394000040216,0.9271394000040216,0.9271394000040216,0.9271394000040216,0.9271394000040216,0.0,10
Alzheimer's,WGAN-GP,Utility,Precision_TSTR,0.7529147895961327,0.73572024779651,0.846125618405988,0.8760899602195095,0.8822179853549856,0.834324035910034,0.8456634338952125,0.7709832847321749,0.8210833678499305,0.8978349777517937,0.826295770151227,0.05600865985800772,10
Alzheimer's,WGAN-GP,Utility,ROC_AUC_Gap,0.1447447447447448,0.171852621852622,0.0236775236775238,0.0369831369831369,0.0273619773619774,0.061769461769462,0.0208593208593206,0.1187803187803189,0.0729498729498728,0.0283090783090784,0.07072880572880574,0.05539575816697731,10
Alzheimer's,WGAN-GP,Utility,ROC_AUC_TRTR,0.9350427350427352,0.9350427350427352,0.9350427350427352,0.9350427350427352,0.9350427350427352,0.9350427350427352,0.9350427350427352,0.9350427350427352,0.9350427350427352,0.9350427350427352,0.935042735042735,0.0,10
Alzheimer's,WGAN-GP,Utility,ROC_AUC_TSTR,0.7902979902979903,0.7631901131901131,0.9113652113652112,0.8980595980595982,0.9076807576807576,0.8732732732732731,0.9141834141834144,0.8162624162624162,0.8620928620928623,0.9067336567336568,0.8643139293139294,0.05539575816697729,10
Alzheimer's,WGAN-GP,Utility,Recall_Gap,0.1964912280701753,0.2912280701754388,0.1214912280701754,0.0508771929824563,0.0671052631578947,0.0960526315789476,0.1513157894736843,0.2118421052631581,0.1065789473684212,0.0293859649122808,0.13223684210526326,0.08139802875703189,10
Alzheimer's,WGAN-GP,Utility,Recall_TRTR,0.9258771929824562,0.9258771929824562,0.9258771929824562,0.9258771929824562,0.9258771929824562,0.9258771929824562,0.9258771929824562,0.9258771929824562,0.9258771929824562,0.9258771929824562,0.9258771929824562,0.0,10
Alzheimer's,WGAN-GP,Utility,Recall_TSTR,0.7293859649122808,0.6346491228070174,0.8043859649122808,0.8749999999999999,0.8587719298245614,0.8298245614035086,0.7745614035087719,0.7140350877192981,0.819298245614035,0.8964912280701753,0.7936403508771929,0.08139802875703189,10
Bank Marketing,CTABGAN,Compute,evaluation_time_seconds,28.4954857993871,29.52145894803107,29.95729293301701,144.6632023670245,62.51779831713066,107.8371273737866,607.8946432939993,1513.819782322003,68.3239299190027,172.2290973859999,276.5259818659382,467.8433709321848,10
Bank Marketing,CTABGAN,Compute,generation_time_seconds,0.0,0.0,0.0,0.0,0.0,0.0,0.0,0.0,0.0,0.0,0.0,0.0,10
Bank Marketing,CTABGAN,Compute,total_time_seconds,262.684322653804,262.6288661449216,262.4190480741672,2394.335988380946,2341.912858450087,2352.726067801937,40473.580196192,37675.217868935,4861.101036747001,44595.02313388,13548.162938725985,19006.757564879143,10
Bank Marketing,CTABGAN,Compute,training_time_seconds,234.1768197901547,233.0954104191624,232.4494218840264,2249.463198465994,2279.199881569017,2244.800163230859,39865.517099424,36161.081017823,4792.693594737997,44422.614584607,13271.509119195121,18700.41431192865,10
Bank Marketing,CTABGAN,Fidelity,KS_Complement,0.6584464285714287,0.6596464285714286,0.6329928571428571,0.8101607142857145,0.9096571428571428,0.8448607142857144,0.8855142857142858,0.91315,0.8089357142857143,0.8028214285714287,0.7926185714285714,0.10615863667984511,10
Bank Marketing,CTABGAN,Fidelity,MMD,0.2069327403910174,0.1606748062888122,0.1505074898587196,0.0912983520051949,0.0219630784624899,0.0973718969206626,0.0186087445786248,0.013611267314528,0.1397965988596946,0.1070670148452745,0.10078319895250185,0.06629443072965326,10
Bank Marketing,CTABGAN,Fidelity,Quality_Score,0.7168793676930669,0.7449591344122101,0.7274258117409463,0.7835129807692308,0.91570625,0.8308948717948719,0.887279967948718,0.9055051282051282,0.7729020833333333,0.7850426282051282,0.8070108224102635,0.07381314925715309,10
Bank Marketing,CTABGAN,Fidelity,Wasserstein_Distance,55.62714144898,75.49145222735868,103.9467076287628,117.4811000000001,66.29510714285725,73.1250714285715,90.05387142857151,66.19570000000006,73.7010857142858,70.78765000000008,79.27048870193877,18.969538467633388,10
Bank Marketing,CTABGAN,Privacy,MIA_AUC,0.8965432098765432,0.821604938271605,0.8933333333333333,0.937037037037037,0.884074074074074,0.9339506172839508,0.9279012345679012,0.8924691358024691,0.9739506172839506,0.9439506172839506,0.9104814814814816,0.04231775305244453,10
Bank Marketing,CTABGAN,Privacy,Mahalanobis_Distance,5.702224703918811,5.070872349732272,5.299488529683967,12.25290515322751,8.630560670904147,10.67019149124289,8.781590252452185,8.664277001552835,12.54403348357109,10.68535827322713,8.830150190951283,2.7645995716410097,10
Bank Marketing,CTABGAN,Privacy,Mean_Distance,5.702224703918811,5.070872349732272,5.299488529683967,12.25290515322751,8.630560670904147,10.67019149124289,8.781590252452185,8.664277001552835,12.54403348357109,10.68535827322713,8.830150190951283,2.7645995716410097,10
Bank Marketing,CTABGAN,Privacy,Median_Distance,5.178951503458633,4.807154123593502,4.936020111619484,9.72592156441711,6.277917165816213,8.778841030347433,6.798365095021561,7.072096091661733,10.40029275965356,8.575568407631131,7.255112785322036,2.025958397553586,10
Bank Marketing,CTABGAN,Privacy,NNDR,0.892407818190084,0.8774366723594307,0.8829358516402451,0.8766719803239472,0.8953866570093273,0.8827296874975789,0.8925475595739806,0.885440035410863,0.8874219648271777,0.8967106152327939,0.8869688842065429,0.007150228725574602,10
Bank Marketing,CTABGAN,Utility,Accuracy_Gap,0.0821833333333331,0.0288833333333333,0.0724999999999999,0.0312999999999997,0.0125666666666666,0.0113666666666667,0.0213333333333333,0.0074499999999999,0.0251333333333333,0.0226833333333331,0.03153999999999989,0.02543078866936055,10
Bank Marketing,CTABGAN,Utility,Accuracy_TRTR,0.8798166666666666,0.8798166666666666,0.8798166666666666,0.8798166666666666,0.8798166666666666,0.8798166666666666,0.8798166666666666,0.8798166666666666,0.8798166666666666,0.8798166666666666,0.8798166666666665,0.0,10
Bank Marketing,CTABGAN,Utility,Accuracy_TSTR,0.7976333333333334,0.8509333333333332,0.8073166666666667,0.8485166666666668,0.86725,0.8684499999999998,0.8584833333333333,0.8723666666666666,0.8546833333333332,0.8571333333333334,0.8482766666666667,0.025430788669360542,10
Bank Marketing,CTABGAN,Utility,F1_Gap,0.0518127102902209,0.0216637870316663,0.0443417265278395,0.0198420736418242,0.0185594558589679,0.0128520838311904,0.0142245158054386,0.0080589950014613,0.0194030806306823,0.0120092748124358,0.02227677034317272,0.014332729348605813,10
Bank Marketing,CTABGAN,Utility,F1_TRTR,0.869294797537779,0.869294797537779,0.869294797537779,0.869294797537779,0.869294797537779,0.869294797537779,0.869294797537779,0.869294797537779,0.869294797537779,0.869294797537779,0.8692947975377792,0.0,10
Bank Marketing,CTABGAN,Utility,F1_TSTR,0.8174820872475581,0.8476310105061127,0.8249530710099395,0.8494527238959548,0.8507353416788112,0.8564427137065886,0.8550702817323405,0.8612358025363177,0.8498917169070968,0.8572855227253432,0.8470180271946063,0.014332729348605813,10
Bank Marketing,CTABGAN,Utility,Precision_Gap,0.0127273133651415,0.0119451590933213,0.0146554066094506,0.0129720896601839,0.0155377196087469,0.0134281345926612,0.0076748222999794,0.0065914882336525,0.0163510384107551,0.0073052465478267,0.01191884184217191,0.00352686048138175,10
Bank Marketing,CTABGAN,Utility,Precision_TRTR,0.8680007748575592,0.8680007748575592,0.8680007748575592,0.8680007748575592,0.8680007748575592,0.8680007748575592,0.8680007748575592,0.8680007748575592,0.8680007748575592,0.8680007748575592,0.8680007748575592,0.0,10
Bank Marketing,CTABGAN,Utility,Precision_TSTR,0.8552734614924177,0.8560556157642378,0.8533453682481086,0.8550286851973753,0.8524630552488123,0.854572640264898,0.8603259525575798,0.8614092866239067,0.8516497364468041,0.8606955283097325,0.8560819330153873,0.003526860481381762,10
Bank Marketing,CTABGAN,Utility,ROC_AUC_Gap,0.0553155594976085,0.0421209790864137,0.0656612072903866,0.0336939368134007,0.0409230694228537,0.0413746887180492,0.0213875764002086,0.0281288406511623,0.0428234324639061,0.0289964592292395,0.04004257495732289,0.013150619015426142,10
Bank Marketing,CTABGAN,Utility,ROC_AUC_TRTR,0.8238983547957669,0.8238983547957669,0.8238983547957669,0.8238983547957669,0.8238983547957669,0.8238983547957669,0.8238983547957669,0.8238983547957669,0.8238983547957669,0.8238983547957669,0.823898354795767,0.0,10
Bank Marketing,CTABGAN,Utility,ROC_AUC_TSTR,0.7685827952981583,0.7817773757093531,0.7582371475053803,0.7902044179823662,0.7829752853729132,0.7825236660777176,0.8025107783955583,0.7957695141446045,0.7810749223318607,0.7949018955665274,0.7838557798384439,0.01315061901542614,10
Bank Marketing,CTABGAN,Utility,Recall_Gap,0.0821833333333331,0.0288833333333333,0.0724999999999999,0.0312999999999997,0.0125666666666666,0.0113666666666667,0.0213333333333333,0.0074499999999999,0.0251333333333333,0.0226833333333331,0.03153999999999989,0.02543078866936055,10
Bank Marketing,CTABGAN,Utility,Recall_TRTR,0.8798166666666666,0.8798166666666666,0.8798166666666666,0.8798166666666666,0.8798166666666666,0.8798166666666666,0.8798166666666666,0.8798166666666666,0.8798166666666666,0.8798166666666666,0.8798166666666665,0.0,10
Bank Marketing,CTABGAN,Utility,Recall_TSTR,0.7976333333333334,0.8509333333333332,0.8073166666666667,0.8485166666666668,0.86725,0.8684499999999998,0.8584833333333333,0.8723666666666666,0.8546833333333332,0.8571333333333334,0.8482766666666667,0.025430788669360542,10
Bank Marketing,CTGAN,Compute,evaluation_time_seconds,22.06042696675286,22.62207322800532,21.72954997699708,101.7440197099932,103.2002880410291,68.2964557770174,137.6917543029995,139.9936076079994,156.1812547529998,134.8290021920002,90.83484325557939,53.49572246377128,10
Bank Marketing,CTGAN,Compute,generation_time_seconds,0.0,0.0,0.0,0.0,0.0,0.0,0.0,0.0,0.0,0.0,0.0,0.0,10
Bank Marketing,CTGAN,Compute,total_time_seconds,681.3949642870575,677.2312280810438,679.1097934981808,584.3066644549835,582.4769694569986,484.228447094094,3451.15837842,3446.053950652,3417.903610496,3415.372115812,1741.9236122252357,1456.3629465170704,10
Bank Marketing,CTGAN,Compute,training_time_seconds,659.1728617199697,654.5972598991357,657.3677733209915,482.1477041139733,479.1522958120331,415.8495733488817,3312.586432079,3305.858373513,3261.487282666,3280.385787184,1650.8605343656986,1413.3048993493567,10
Bank Marketing,CTGAN,Fidelity,KS_Complement,0.9041,0.8891249999999999,0.8760928571428571,0.9127285714285714,0.9045642857142858,0.8906607142857143,0.8740249999999999,0.9124357142857143,0.8579035714285713,0.8828821428571428,0.8904517857142856,0.018133739526419255,10
Bank Marketing,CTGAN,Fidelity,MMD,0.0093635584359433,0.0123350767260219,0.0124601832323664,0.0057849764899059,0.0135719286715874,0.0132212159665916,0.0123610031650124,0.0103045482864817,0.0136219697819187,0.0141767188404814,0.011720117959631068,0.002570217147630658,10
Bank Marketing,CTGAN,Fidelity,Quality_Score,0.8912525239288356,0.8822052078328377,0.8731313318510753,0.870192750090472,0.879200952054986,0.8702320498230605,0.8777331860248196,0.88851851154768,0.8633253568316946,0.8812806930704806,0.8777072563055942,0.008664839327838847,10
Bank Marketing,CTGAN,Fidelity,Wasserstein_Distance,57.41141428571436,76.44086428571437,48.1135571428572,61.62415714285724,41.2279857142858,75.51502857142863,26.79076428571437,51.95563571428578,64.96442857142864,38.73342142857152,54.27772571428579,16.093707035332365,10
Bank Marketing,CTGAN,Privacy,MIA_AUC,0.5938271604938272,0.5101234567901234,0.6182716049382716,0.575679012345679,0.5903703703703703,0.6450617283950617,0.5734567901234568,0.6113580246913579,0.6359259259259259,0.5832098765432098,0.5937283950617284,0.03826420566554103,10
Bank Marketing,CTGAN,Privacy,Mahalanobis_Distance,4.441282780976945,4.536599345993414,4.469396867066677,4.505762794797062,4.671276534987375,4.575871578415899,4.383097098080277,4.527265335958178,4.611132486721048,4.404124597313953,4.512580942031083,0.09141999646202009,10
Bank Marketing,CTGAN,Privacy,Mean_Distance,4.441282780976945,4.536599345993414,4.469396867066677,4.505762794797062,4.671276534987375,4.575871578415899,4.383097098080277,4.527265335958178,4.611132486721048,4.404124597313953,4.512580942031083,0.09141999646202009,10
Bank Marketing,CTGAN,Privacy,Median_Distance,3.968715696485777,4.087085957807016,3.863534512537684,3.935718386268995,4.239013066514067,4.009131340867197,3.978399747178708,3.999416860805322,4.132508234874779,3.922642703458224,4.013616650679777,0.11089715807901138,10
Bank Marketing,CTGAN,Privacy,NNDR,0.8651737172307189,0.857025584350354,0.8748764036345679,0.8703821136742574,0.8715373311492323,0.869849306424042,0.8682104590469941,0.8556367618847205,0.8582047742287442,0.8798855519448354,0.8670782003568466,0.008020302767786574,10
Bank Marketing,CTGAN,Utility,Accuracy_Gap,0.0241333333333332,0.0374333333333332,0.0126500000000001,0.0346333333333332,0.0524500000000001,0.0219833333333332,0.0251666666666664,0.0282333333333333,0.0271500000000001,0.0204499999999997,0.02842833333333325,0.010962247364658005,10
Bank Marketing,CTGAN,Utility,Accuracy_TRTR,0.8798166666666666,0.8798166666666666,0.8798166666666666,0.8798166666666666,0.8798166666666666,0.8798166666666666,0.8798166666666666,0.8798166666666666,0.8798166666666666,0.8798166666666666,0.8798166666666665,0.0,10
Bank Marketing,CTGAN,Utility,Accuracy_TSTR,0.8556833333333334,0.8423833333333334,0.8671666666666664,0.8451833333333333,0.8273666666666665,0.8578333333333333,0.8546500000000001,0.8515833333333332,0.8526666666666665,0.8593666666666668,0.8513883333333332,0.010962247364657994,10
Bank Marketing,CTGAN,Utility,F1_Gap,0.0392435470272178,0.0416200053725541,0.031373814404803,0.0404739069836125,0.0342650285498652,0.0239443186522242,0.0230172905943856,0.0345581090313692,0.0296728265235053,0.0335872957870446,0.033175614292658154,0.006399518956878077,10
Bank Marketing,CTGAN,Utility,F1_TRTR,0.869294797537779,0.869294797537779,0.869294797537779,0.869294797537779,0.869294797537779,0.869294797537779,0.869294797537779,0.869294797537779,0.869294797537779,0.869294797537779,0.8692947975377792,0.0,10
Bank Marketing,CTGAN,Utility,F1_TSTR,0.8300512505105612,0.8276747921652249,0.837920983132976,0.8288208905541665,0.8350297689879138,0.8453504788855548,0.8462775069433934,0.8347366885064098,0.8396219710142737,0.8357075017507344,0.8361191832451208,0.006399518956878088,10
Bank Marketing,CTGAN,Utility,Precision_Gap,0.0368748956018436,0.0310447681745846,0.0191572314503765,0.0378977214566036,0.0169197935596732,0.0241777204546305,0.0163263916363227,0.0230100211528686,0.0250588491509825,0.0277331733973023,0.02582005660351881,0.0076299678190366715,10
Bank Marketing,CTGAN,Utility,Precision_TRTR,0.8680007748575592,0.8680007748575592,0.8680007748575592,0.8680007748575592,0.8680007748575592,0.8680007748575592,0.8680007748575592,0.8680007748575592,0.8680007748575592,0.8680007748575592,0.8680007748575592,0.0,10
Bank Marketing,CTGAN,Utility,Precision_TSTR,0.8311258792557156,0.8369560066829745,0.8488435434071827,0.8301030534009556,0.851080981297886,0.8438230544029287,0.8516743832212365,0.8449907537046906,0.8429419257065767,0.8402676014602569,0.8421807182540404,0.007629967819036677,10
Bank Marketing,CTGAN,Utility,ROC_AUC_Gap,0.1441026469679349,0.1223695643114212,0.1243189540140137,0.1286589340573712,0.0998431697250338,0.1018999698841839,0.1027303958224726,0.1069318273852631,0.1153972417686714,0.1098385147477073,0.1156091218684073,0.014199965757939312,10
Bank Marketing,CTGAN,Utility,ROC_AUC_TRTR,0.8238983547957669,0.8238983547957669,0.8238983547957669,0.8238983547957669,0.8238983547957669,0.8238983547957669,0.8238983547957669,0.8238983547957669,0.8238983547957669,0.8238983547957669,0.823898354795767,0.0,10
Bank Marketing,CTGAN,Utility,ROC_AUC_TSTR,0.6797957078278319,0.7015287904843457,0.6995794007817532,0.6952394207383957,0.7240551850707331,0.721998384911583,0.7211679589732943,0.7169665274105038,0.7085011130270955,0.7140598400480596,0.7082892329273596,0.014199965757939324,10
Bank Marketing,CTGAN,Utility,Recall_Gap,0.0241333333333332,0.0374333333333332,0.0126500000000001,0.0346333333333332,0.0524500000000001,0.0219833333333332,0.0251666666666664,0.0282333333333333,0.0271500000000001,0.0204499999999997,0.02842833333333325,0.010962247364658005,10
Bank Marketing,CTGAN,Utility,Recall_TRTR,0.8798166666666666,0.8798166666666666,0.8798166666666666,0.8798166666666666,0.8798166666666666,0.8798166666666666,0.8798166666666666,0.8798166666666666,0.8798166666666666,0.8798166666666666,0.8798166666666665,0.0,10
Bank Marketing,CTGAN,Utility,Recall_TSTR,0.8556833333333334,0.8423833333333334,0.8671666666666664,0.8451833333333333,0.8273666666666665,0.8578333333333333,0.8546500000000001,0.8515833333333332,0.8526666666666665,0.8593666666666668,0.8513883333333332,0.010962247364657994,10
Bank Marketing,CopulaGAN,Compute,evaluation_time_seconds,21.36387982591987,21.06978560704738,21.54110778775066,112.5964506471064,90.5567963749636,133.5979995459784,112.6977482049997,612.2562932999999,734.2154544340001,162.1170617979997,202.20125775257657,254.7658249640709,10
Bank Marketing,CopulaGAN,Compute,generation_time_seconds,0.0,0.0,0.0,0.0,0.0,0.0,0.0,0.0,0.0,0.0,0.0,0.0,10
Bank Marketing,CopulaGAN,Compute,total_time_seconds,679.6435752739199,451.7431473149918,150.519998030737,558.3216471888591,564.653473387938,552.7123335308861,882.9307216860002,1452.324923738001,1623.041191242,1676.067070001,859.1958081394332,534.8722140748558,10
Bank Marketing,CopulaGAN,Compute,training_time_seconds,658.2669796571136,430.6612217682414,128.9662477769889,445.5365390500519,474.0554267438129,419.0053463419899,770.0177845550002,839.8976292560001,888.6878597619998,1513.815390076,656.8910424987199,379.8996620972179,10
Bank Marketing,CopulaGAN,Fidelity,KS_Complement,0.8681035714285714,0.8721892857142858,0.8625749999999999,0.8676750000000001,0.8668178571428571,0.85235,0.8520178571428572,0.8601464285714285,0.8795321428571429,0.8669964285714286,0.8648403571428572,0.008463572746410759,10
Bank Marketing,CopulaGAN,Fidelity,MMD,0.0188154023364051,0.0167031552527561,0.0156345204291141,0.0194666217056752,0.0162344812804389,0.0161306278585449,0.0337060192694042,0.0177640307188923,0.0200965390435793,0.0180806901387234,0.01926320880335335,0.005290289988821683,10
Bank Marketing,CopulaGAN,Fidelity,Quality_Score,0.8879936094370382,0.9013966778947092,0.8770223267296193,0.8702465607674281,0.8715015578228889,0.8707260879548305,0.8745708315660317,0.8824991625240668,0.8814114598903591,0.880075509483901,0.8797443784070872,0.009551072515182174,10
Bank Marketing,CopulaGAN,Fidelity,Wasserstein_Distance,81.85200000000007,41.00459285714292,49.83379285714292,112.2333714285715,87.66007857142861,70.44306428571437,97.80131428571435,51.82870714285722,44.8892571428572,75.19312142857152,71.27393000000008,24.101658988349524,10
Bank Marketing,CopulaGAN,Privacy,MIA_AUC,0.5262962962962963,0.5174074074074073,0.6292592592592593,0.5638271604938272,0.6041975308641976,0.595432098765432,0.7350617283950617,0.5060493827160495,0.679135802469136,0.5951851851851853,0.5951851851851852,0.07270874780811462,10
Bank Marketing,CopulaGAN,Privacy,Mahalanobis_Distance,4.236154676748269,4.29371264817691,4.548948101163686,4.38971157093429,4.701034894221337,4.734105868149578,4.668785950748968,4.415288044983048,4.370145645452252,4.343721597673905,4.470160899825224,0.17950396233422788,10
Bank Marketing,CopulaGAN,Privacy,Mean_Distance,4.236154676748269,4.29371264817691,4.548948101163686,4.38971157093429,4.701034894221337,4.734105868149578,4.668785950748968,4.415288044983048,4.370145645452252,4.343721597673905,4.470160899825224,0.17950396233422788,10
Bank Marketing,CopulaGAN,Privacy,Median_Distance,3.770291714857207,3.68347506027788,4.073674863712109,3.889947949531412,4.170997842632255,4.230410240025506,4.214458972686661,3.935461795266809,3.947704269912501,3.940185536584618,3.9856608245486953,0.18476316332808113,10
Bank Marketing,CopulaGAN,Privacy,NNDR,0.8566210722459024,0.8745548271247933,0.8674639234481877,0.8571196992642816,0.8672100443368066,0.878535353168629,0.8661115603379976,0.8634962126736059,0.8746753348120123,0.8625625287458152,0.8668350556158032,0.007357062464234025,10
Bank Marketing,CopulaGAN,Utility,Accuracy_Gap,0.0178499999999998,0.0208999999999999,0.0226666666666665,0.0602666666666664,0.0306166666666666,0.0558333333333332,0.0483333333333333,0.0310333333333333,0.0331833333333333,0.0499166666666666,0.037059999999999885,0.015324536929341949,10
Bank Marketing,CopulaGAN,Utility,Accuracy_TRTR,0.8798166666666666,0.8798166666666666,0.8798166666666666,0.8798166666666666,0.8798166666666666,0.8798166666666666,0.8798166666666666,0.8798166666666666,0.8798166666666666,0.8798166666666666,0.8798166666666665,0.0,10
Bank Marketing,CopulaGAN,Utility,Accuracy_TSTR,0.8619666666666668,0.8589166666666667,0.8571500000000001,0.8195500000000001,0.8492,0.8239833333333333,0.8314833333333332,0.8487833333333332,0.8466333333333332,0.8299,0.8427566666666667,0.015324536929341966,10
Bank Marketing,CopulaGAN,Utility,F1_Gap,0.0263440345392831,0.0330312117369073,0.0310233891193559,0.0357114356831833,0.0280344572927775,0.0354493034316358,0.0377030197143812,0.0253511009356237,0.0245730306704059,0.0355807067325355,0.03128016898560891,0.0048869116534008454,10
Bank Marketing,CopulaGAN,Utility,F1_TRTR,0.869294797537779,0.869294797537779,0.869294797537779,0.869294797537779,0.869294797537779,0.869294797537779,0.869294797537779,0.869294797537779,0.869294797537779,0.869294797537779,0.8692947975377792,0.0,10
Bank Marketing,CopulaGAN,Utility,F1_TSTR,0.8429507629984959,0.8362635858008717,0.8382714084184231,0.8335833618545957,0.8412603402450015,0.8338454941061432,0.8315917778233978,0.8439436966021553,0.8447217668673731,0.8337140908052435,0.83801462855217,0.004886911653400857,10
Bank Marketing,CopulaGAN,Utility,Precision_Gap,0.0277069376684244,0.0255792199223269,0.0214298661601722,0.0116331160895696,0.0186248212778424,0.0170055092120244,0.0247765995138929,0.0180998827883542,0.0175036039105727,0.0209018838817207,0.02032614404249004,0.004782374762389396,10
Bank Marketing,CopulaGAN,Utility,Precision_TRTR,0.8680007748575592,0.8680007748575592,0.8680007748575592,0.8680007748575592,0.8680007748575592,0.8680007748575592,0.8680007748575592,0.8680007748575592,0.8680007748575592,0.8680007748575592,0.8680007748575592,0.0,10
Bank Marketing,CopulaGAN,Utility,Precision_TSTR,0.8402938371891348,0.8424215549352323,0.8465709086973869,0.8563676587679896,0.8493759535797167,0.8509952656455347,0.8432241753436662,0.8499008920692049,0.8504971709469865,0.8470988909758385,0.8476746308150691,0.004782374762389403,10
Bank Marketing,CopulaGAN,Utility,ROC_AUC_Gap,0.0814167722292862,0.1122858769403275,0.1013191592418991,0.0633631267608514,0.0935329626650375,0.093453505661852,0.1095488760824591,0.1026451594133156,0.0777783019869363,0.084479031764716,0.09198227727466805,0.01532971838449276,10
Bank Marketing,CopulaGAN,Utility,ROC_AUC_TRTR,0.8238983547957669,0.8238983547957669,0.8238983547957669,0.8238983547957669,0.8238983547957669,0.8238983547957669,0.8238983547957669,0.8238983547957669,0.8238983547957669,0.8238983547957669,0.823898354795767,0.0,10
Bank Marketing,CopulaGAN,Utility,ROC_AUC_TSTR,0.7424815825664807,0.7116124778554394,0.7225791955538677,0.7605352280349155,0.7303653921307294,0.7304448491339148,0.7143494787133078,0.7212531953824513,0.7461200528088305,0.7394193230310508,0.7319160775210987,0.01532971838449276,10
Bank Marketing,CopulaGAN,Utility,Recall_Gap,0.0178499999999998,0.0208999999999999,0.0226666666666665,0.0602666666666664,0.0306166666666666,0.0558333333333332,0.0483333333333333,0.0310333333333333,0.0331833333333333,0.0499166666666666,0.037059999999999885,0.015324536929341949,10
Bank Marketing,CopulaGAN,Utility,Recall_TRTR,0.8798166666666666,0.8798166666666666,0.8798166666666666,0.8798166666666666,0.8798166666666666,0.8798166666666666,0.8798166666666666,0.8798166666666666,0.8798166666666666,0.8798166666666666,0.8798166666666665,0.0,10
Bank Marketing,CopulaGAN,Utility,Recall_TSTR,0.8619666666666668,0.8589166666666667,0.8571500000000001,0.8195500000000001,0.8492,0.8239833333333333,0.8314833333333332,0.8487833333333332,0.8466333333333332,0.8299,0.8427566666666667,0.015324536929341966,10
Bank Marketing,ForestDiffusion,Compute,evaluation_time_seconds,27.12375484127552,28.14207095000893,27.64077976020053,110.6062100999989,99.21642977697776,107.184075320838,116.4024632439996,1270.912954092,2110.749552996,1445.379938746999,534.3358229828298,771.2807632977467,10
Bank Marketing,ForestDiffusion,Compute,generation_time_seconds,0.0,0.0,0.0,0.0,0.0,0.0,0.0,0.0,0.0,0.0,0.0,0.0,10
Bank Marketing,ForestDiffusion,Compute,total_time_seconds,46.96447448525578,45.17305083712563,45.11006159521639,256.7522031858098,266.2299863558728,252.7531157149933,1656.766210671,3599.034445558,4426.652439655001,3572.703576995,1416.8139565053275,1769.8315499017901,10
Bank Marketing,ForestDiffusion,Compute,training_time_seconds,19.82763618184254,17.01807151921093,17.45511547289789,146.0843994028401,166.9772647239733,145.4841599140782,1540.113173541999,2327.865848406,2315.583643756,2126.987081721,882.3396394639842,1052.143441281075,10
Bank Marketing,ForestDiffusion,Fidelity,KS_Complement,0.7013178571428572,0.708325,0.7096357142857144,0.7045357142857143,0.7064107142857142,0.7014571428571428,0.7079214285714286,0.708225,0.7065607142857143,0.7110357142857142,0.7065425,0.003246693089089147,10
Bank Marketing,ForestDiffusion,Fidelity,MMD,0.0230473792653805,0.028613571247997,0.0339491851843933,0.022213621316208,0.0384411182555328,0.0288558539964021,0.0279388857430082,0.0319493566480381,0.0296003415118961,0.0333580396642754,0.029796735283313152,0.004922934976418589,10
Bank Marketing,ForestDiffusion,Fidelity,Quality_Score,0.8620049519258862,0.8681149630348348,0.8715287620423223,0.8678580684341788,0.8618255255350189,0.8677619770039038,0.8674370583275941,0.8669952369843963,0.8684453840951374,0.8698486181804634,0.8671820545563736,0.0030706274172897746,10
Bank Marketing,ForestDiffusion,Fidelity,Wasserstein_Distance,134.6275011910573,137.747882889574,134.7472312645023,137.9729875740698,135.6623848043056,133.9768696380921,131.075730238315,131.0844588940935,136.9477871910929,135.9844139525409,134.98272476376434,2.439695541148984,10
Bank Marketing,ForestDiffusion,Privacy,MIA_AUC,0.6838271604938271,0.5149382716049382,0.4592592592592592,0.4761728395061728,0.5797530864197531,0.5764197530864197,0.6141975308641975,0.5408641975308641,0.5686419753086419,0.5691358024691359,0.5583209876543209,0.06551735522848959,10
Bank Marketing,ForestDiffusion,Privacy,Mahalanobis_Distance,3.579496048261664,3.844094638093188,3.633509827573683,3.670380789264807,3.581669655677127,3.62568339095582,3.62381052323502,3.660323038548542,3.561489139067045,3.634570911192232,3.641502796186913,0.07939621451363825,10
Bank Marketing,ForestDiffusion,Privacy,Mean_Distance,3.579496048261664,3.844094638093188,3.633509827573683,3.670380789264807,3.581669655677127,3.62568339095582,3.62381052323502,3.660323038548542,3.561489139067045,3.634570911192232,3.641502796186913,0.07939621451363825,10
Bank Marketing,ForestDiffusion,Privacy,Median_Distance,3.286445905042064,3.470906712231904,3.2999891004204,3.31558421395641,3.336153238160877,3.353006608702413,3.398810893923621,3.284276993560041,3.313363321896846,3.381055177835171,3.343959216572975,0.05886674359521629,10
Bank Marketing,ForestDiffusion,Privacy,NNDR,0.8244118222431606,0.8468192005126784,0.8319476221871016,0.8444768698823457,0.8407232626076955,0.8353275672018949,0.8463957995452965,0.8353942255385798,0.8400231927427584,0.842586402285504,0.8388105964747016,0.0070820060582945585,10
Bank Marketing,ForestDiffusion,Utility,Accuracy_Gap,0.026783333333333,0.0401999999999997,0.05405,0.0358166666666667,0.0225333333333331,0.0337,0.04115,0.0438833333333332,0.0290666666666665,0.0556833333333332,0.03828666666666654,0.010989641025827205,10
Bank Marketing,ForestDiffusion,Utility,Accuracy_TRTR,0.8798166666666666,0.8798166666666666,0.8798166666666666,0.8798166666666666,0.8798166666666666,0.8798166666666666,0.8798166666666666,0.8798166666666666,0.8798166666666666,0.8798166666666666,0.8798166666666665,0.0,10
Bank Marketing,ForestDiffusion,Utility,Accuracy_TSTR,0.8530333333333335,0.8396166666666668,0.8257666666666665,0.8439999999999999,0.8572833333333334,0.8461166666666665,0.8386666666666666,0.8359333333333333,0.85075,0.8241333333333334,0.84153,0.010989641025827187,10
Bank Marketing,ForestDiffusion,Utility,F1_Gap,0.0094135631252934,0.0178328632548917,0.0294072465310627,0.0164492581451364,0.0059224477286752,0.0127464460070894,0.0185450631467947,0.0203561612966678,0.0095630954560882,0.0291124522400737,0.016934859693177318,0.007950704436068603,10
Bank Marketing,ForestDiffusion,Utility,F1_TRTR,0.869294797537779,0.869294797537779,0.869294797537779,0.869294797537779,0.869294797537779,0.869294797537779,0.869294797537779,0.869294797537779,0.869294797537779,0.869294797537779,0.8692947975377792,0.0,10
Bank Marketing,ForestDiffusion,Utility,F1_TSTR,0.8598812344124857,0.8514619342828873,0.8398875510067163,0.8528455393926426,0.8633723498091038,0.8565483515306896,0.8507497343909843,0.8489386362411112,0.8597317020816908,0.8401823452977053,0.8523599378446016,0.007950704436068613,10
Bank Marketing,ForestDiffusion,Utility,Precision_Gap,-0.001307550313725,-0.0013288497358802,0.0061147194350543,0.0021872141041148,-0.0037911712086374,-0.0043401782714839,-0.0017113521010958,-0.0023031759600451,-0.0055715785931406,0.0018567353219522,-0.00101951873228867,0.0035148647903330997,10
Bank Marketing,ForestDiffusion,Utility,Precision_TRTR,0.8680007748575592,0.8680007748575592,0.8680007748575592,0.8680007748575592,0.8680007748575592,0.8680007748575592,0.8680007748575592,0.8680007748575592,0.8680007748575592,0.8680007748575592,0.8680007748575592,0.0,10
Bank Marketing,ForestDiffusion,Utility,Precision_TSTR,0.8693083251712843,0.8693296245934394,0.8618860554225048,0.8658135607534444,0.8717919460661967,0.8723409531290431,0.8697121269586551,0.8703039508176044,0.8735723534506998,0.8661440395356069,0.869020293589848,0.0035148647903331413,10
Bank Marketing,ForestDiffusion,Utility,ROC_AUC_Gap,0.0281302167002029,0.03382072990359,0.0472066597628323,0.031863005275379,0.0200893724194165,0.0287376440625057,0.0321250050127502,0.0289404343754351,0.0118707426025569,0.0428240221992096,0.030560783231387816,0.010072333633538403,10
Bank Marketing,ForestDiffusion,Utility,ROC_AUC_TRTR,0.8238983547957669,0.8238983547957669,0.8238983547957669,0.8238983547957669,0.8238983547957669,0.8238983547957669,0.8238983547957669,0.8238983547957669,0.8238983547957669,0.8238983547957669,0.823898354795767,0.0,10
Bank Marketing,ForestDiffusion,Utility,ROC_AUC_TSTR,0.7957681380955639,0.7900776248921768,0.7766916950329346,0.7920353495203879,0.8038089823763503,0.7951607107332611,0.7917733497830166,0.7949579204203318,0.81202761219321,0.7810743325965572,0.7933375715643789,0.010072333633538403,10
Bank Marketing,ForestDiffusion,Utility,Recall_Gap,0.026783333333333,0.0401999999999997,0.05405,0.0358166666666667,0.0225333333333331,0.0337,0.04115,0.0438833333333332,0.0290666666666665,0.0556833333333332,0.03828666666666654,0.010989641025827205,10
Bank Marketing,ForestDiffusion,Utility,Recall_TRTR,0.8798166666666666,0.8798166666666666,0.8798166666666666,0.8798166666666666,0.8798166666666666,0.8798166666666666,0.8798166666666666,0.8798166666666666,0.8798166666666666,0.8798166666666666,0.8798166666666665,0.0,10
Bank Marketing,ForestDiffusion,Utility,Recall_TSTR,0.8530333333333335,0.8396166666666668,0.8257666666666665,0.8439999999999999,0.8572833333333334,0.8461166666666665,0.8386666666666666,0.8359333333333333,0.85075,0.8241333333333334,0.84153,0.010989641025827187,10
Bank Marketing,GaussianCopula,Compute,evaluation_time_seconds,23.02744935872033,23.24092971207574,23.04663523705676,86.0568996919319,98.81154876411892,86.56399383000098,125.2589460900053,124.896334524994,114.5976921580004,114.2869286260102,81.97873579929146,42.87227625130758,10
Bank Marketing,GaussianCopula,Compute,generation_time_seconds,0.0,0.0,0.0,0.0,0.0,0.0,0.0,0.0,0.0,0.0,0.0,0.0,10
Bank Marketing,GaussianCopula,Compute,total_time_seconds,25.74912252696231,25.91568402387201,25.77708940207959,92.99073520116508,116.9366461280733,94.78627007594332,145.2890120679949,141.4839795699954,141.1603693830111,134.8580703879998,94.49469787670968,50.82876988357292,10
Bank Marketing,GaussianCopula,Compute,training_time_seconds,2.709399170707912,2.661808410193771,2.717510079964995,6.87275797710754,17.86842845380306,8.157470523146912,19.85057656999561,16.37758546801342,26.36435268400237,20.30158535399823,12.388147469093383,8.754129000176249,10
Bank Marketing,GaussianCopula,Fidelity,KS_Complement,0.7950964285714285,0.7950964285714285,0.7950964285714285,0.7950964285714285,0.7950964285714285,0.7950964285714285,0.7950964285714285,0.7950964285714285,0.7950964285714285,0.7950964285714285,0.7950964285714284,0.0,10
Bank Marketing,GaussianCopula,Fidelity,MMD,0.024547092498605,0.024547092498605,0.024547092498605,0.024547092498605,0.024547092498605,0.024547092498605,0.024547092498605,0.024547092498605,0.024547092498605,0.024547092498605,0.024547092498605004,0.0,10
Bank Marketing,GaussianCopula,Fidelity,Quality_Score,0.8505668537520013,0.8505668537520013,0.8505668537520013,0.8505668537520013,0.8505668537520013,0.8505668537520013,0.8505668537520013,0.8505668537520013,0.8505668537520013,0.8505668537520013,0.8505668537520013,0.0,10
Bank Marketing,GaussianCopula,Fidelity,Wasserstein_Distance,126.4672714285715,126.4672714285715,126.4672714285715,126.4672714285715,126.4672714285715,126.4672714285715,126.4672714285715,126.4672714285715,126.4672714285715,126.4672714285715,126.46727142857148,0.0,10
Bank Marketing,GaussianCopula,Privacy,MIA_AUC,0.5633333333333334,0.5633333333333334,0.5633333333333334,0.5633333333333334,0.5633333333333334,0.5633333333333334,0.5633333333333334,0.5633333333333334,0.5633333333333334,0.5633333333333334,0.5633333333333334,0.0,10
Bank Marketing,GaussianCopula,Privacy,Mahalanobis_Distance,4.148359233536417,4.148359233536417,4.148359233536417,4.148359233536418,4.148359233536418,4.148359233536418,4.148359233536418,4.148359233536418,4.148359233536418,4.148359233536418,4.148359233536418,0.0,10
Bank Marketing,GaussianCopula,Privacy,Mean_Distance,4.148359233536417,4.148359233536417,4.148359233536417,4.148359233536418,4.148359233536418,4.148359233536418,4.148359233536418,4.148359233536418,4.148359233536418,4.148359233536418,4.148359233536418,0.0,10
Bank Marketing,GaussianCopula,Privacy,Median_Distance,3.810501157942953,3.810501157942953,3.810501157942953,3.810501157942955,3.810501157942955,3.810501157942955,3.810501157942955,3.810501157942955,3.810501157942955,3.810501157942955,3.810501157942954,0.0,10
Bank Marketing,GaussianCopula,Privacy,NNDR,0.8920959804188563,0.8920959804188563,0.8920959804188563,0.8920959804188564,0.8920959804188564,0.8920959804188564,0.8920959804188564,0.8920959804188564,0.8920959804188564,0.8920959804188564,0.8920959804188564,0.0,10
Bank Marketing,GaussianCopula,Utility,Accuracy_Gap,0.0264666666666668,0.0264666666666668,0.0264666666666668,0.0264666666666668,0.0264666666666668,0.0264666666666668,0.0264666666666668,0.0264666666666668,0.0264666666666668,0.0264666666666668,0.026466666666666798,0.0,10
Bank Marketing,GaussianCopula,Utility,Accuracy_TRTR,0.8798166666666666,0.8798166666666666,0.8798166666666666,0.8798166666666666,0.8798166666666666,0.8798166666666666,0.8798166666666666,0.8798166666666666,0.8798166666666666,0.8798166666666666,0.8798166666666665,0.0,10
Bank Marketing,GaussianCopula,Utility,Accuracy_TSTR,0.8533499999999997,0.8533499999999997,0.8533499999999997,0.8533499999999997,0.8533499999999997,0.8533499999999997,0.8533499999999997,0.8533499999999997,0.8533499999999997,0.8533499999999997,0.8533499999999996,0.0,10
Bank Marketing,GaussianCopula,Utility,F1_Gap,0.049019065355339,0.049019065355339,0.049019065355339,0.049019065355339,0.049019065355339,0.049019065355339,0.049019065355339,0.049019065355339,0.049019065355339,0.049019065355339,0.049019065355339,0.0,10
Bank Marketing,GaussianCopula,Utility,F1_TRTR,0.869294797537779,0.869294797537779,0.869294797537779,0.869294797537779,0.869294797537779,0.869294797537779,0.869294797537779,0.869294797537779,0.869294797537779,0.869294797537779,0.8692947975377792,0.0,10
Bank Marketing,GaussianCopula,Utility,F1_TSTR,0.82027573218244,0.82027573218244,0.82027573218244,0.82027573218244,0.82027573218244,0.82027573218244,0.82027573218244,0.82027573218244,0.82027573218244,0.82027573218244,0.82027573218244,0.0,10
Bank Marketing,GaussianCopula,Utility,Precision_Gap,0.0420720938964594,0.0420720938964594,0.0420720938964594,0.0420720938964594,0.0420720938964594,0.0420720938964594,0.0420720938964594,0.0420720938964594,0.0420720938964594,0.0420720938964594,0.0420720938964594,0.0,10
Bank Marketing,GaussianCopula,Utility,Precision_TRTR,0.8680007748575592,0.8680007748575592,0.8680007748575592,0.8680007748575592,0.8680007748575592,0.8680007748575592,0.8680007748575592,0.8680007748575592,0.8680007748575592,0.8680007748575592,0.8680007748575592,0.0,10
Bank Marketing,GaussianCopula,Utility,Precision_TSTR,0.8259286809610997,0.8259286809610997,0.8259286809610997,0.8259286809610997,0.8259286809610997,0.8259286809610997,0.8259286809610997,0.8259286809610997,0.8259286809610997,0.8259286809610997,0.8259286809610998,0.0,10
Bank Marketing,GaussianCopula,Utility,ROC_AUC_Gap,0.113212940836968,0.113212940836968,0.113212940836968,0.1132129408369681,0.1132129408369681,0.1132129408369681,0.1132129408369681,0.1132129408369681,0.1132129408369681,0.1132129408369681,0.11321294083696809,0.0,10
Bank Marketing,GaussianCopula,Utility,ROC_AUC_TRTR,0.8238983547957669,0.8238983547957669,0.8238983547957669,0.8238983547957669,0.8238983547957669,0.8238983547957669,0.8238983547957669,0.8238983547957669,0.8238983547957669,0.8238983547957669,0.823898354795767,0.0,10
Bank Marketing,GaussianCopula,Utility,ROC_AUC_TSTR,0.7106854139587988,0.7106854139587988,0.7106854139587988,0.7106854139587988,0.7106854139587988,0.7106854139587988,0.7106854139587988,0.7106854139587988,0.7106854139587988,0.7106854139587988,0.7106854139587988,0.0,10
Bank Marketing,GaussianCopula,Utility,Recall_Gap,0.0264666666666668,0.0264666666666668,0.0264666666666668,0.0264666666666668,0.0264666666666668,0.0264666666666668,0.0264666666666668,0.0264666666666668,0.0264666666666668,0.0264666666666668,0.026466666666666798,0.0,10
Bank Marketing,GaussianCopula,Utility,Recall_TRTR,0.8798166666666666,0.8798166666666666,0.8798166666666666,0.8798166666666666,0.8798166666666666,0.8798166666666666,0.8798166666666666,0.8798166666666666,0.8798166666666666,0.8798166666666666,0.8798166666666665,0.0,10
Bank Marketing,GaussianCopula,Utility,Recall_TSTR,0.8533499999999997,0.8533499999999997,0.8533499999999997,0.8533499999999997,0.8533499999999997,0.8533499999999997,0.8533499999999997,0.8533499999999997,0.8533499999999997,0.8533499999999997,0.8533499999999996,0.0,10
Bank Marketing,TVAE,Compute,evaluation_time_seconds,19.28965360391885,19.16599032189697,19.33390279999003,108.3438500859775,81.29924428090453,112.3776550199836,126.6320359030005,80.99592613300047,116.0839089949995,118.0993529090001,80.1621520052672,44.53357977670906,10
Bank Marketing,TVAE,Compute,generation_time_seconds,0.0,0.0,0.0,0.0,0.0,0.0,0.0,0.0,0.0,0.0,0.0,0.0,10
Bank Marketing,TVAE,Compute,total_time_seconds,77.3128931298852,76.70681986492127,82.162072845269,314.9773324350826,263.6321779098362,276.5746548471507,683.7301294899999,768.3566420400002,1007.408282886,997.1835179629998,454.8044523411145,374.52968259822256,10
Bank Marketing,TVAE,Compute,training_time_seconds,58.01119071012363,57.52759439731017,62.81600107299164,206.4865575400181,182.0450389480684,164.0713175009005,556.8790835830005,687.1837070420006,891.010388707,878.8737908469993,374.4904670348413,343.11325943652895,10
Bank Marketing,TVAE,Fidelity,KS_Complement,0.8754321428571428,0.8608857142857144,0.8597321428571428,0.8724,0.841092857142857,0.8781178571428571,0.8689285714285715,0.8600428571428572,0.8843321428571428,0.849867857142857,0.8650832142857142,0.013310597755674962,10
Bank Marketing,TVAE,Fidelity,MMD,0.0289276482280207,0.0369172031522924,0.0222380163543375,0.0232220398923835,0.0494799594213978,0.0242549389195285,0.0309726650976486,0.0312393713872524,0.0269067587308659,0.0281147246768707,0.0302273325860598,0.008046731837353662,10
Bank Marketing,TVAE,Fidelity,Quality_Score,0.8764807767834712,0.8593158720590041,0.8690807804320766,0.874457167217118,0.8628222983784384,0.8611268768846322,0.8711516337035273,0.8615964192181105,0.8853539214454335,0.8674418405315869,0.8688827586653399,0.008225065402950245,10
Bank Marketing,TVAE,Fidelity,Wasserstein_Distance,142.0021142857144,149.0685357142858,145.3824928571429,156.0039285714286,162.967,150.7845571428572,146.6485214285715,150.3612857142857,147.0095928571429,141.2087214285715,149.14367500000003,6.5082859644562765,10
Bank Marketing,TVAE,Privacy,MIA_AUC,0.7856790123456789,0.9238271604938272,0.9196296296296296,0.8967901234567901,0.9333333333333332,0.9216049382716048,0.9002469135802468,0.9634567901234568,0.9195061728395062,0.8960493827160494,0.9060123456790123,0.04675226941648713,10
Bank Marketing,TVAE,Privacy,Mahalanobis_Distance,3.3630030891578,3.772471499411313,3.933698490566489,3.63129165258578,3.782686871034804,3.82265510710005,3.866628768984585,4.351930277260128,3.828668479443597,3.857326761614769,3.821036099715932,0.24667216161011565,10
Bank Marketing,TVAE,Privacy,Mean_Distance,3.3630030891578,3.772471499411313,3.933698490566489,3.63129165258578,3.782686871034804,3.82265510710005,3.866628768984585,4.351930277260128,3.828668479443597,3.857326761614769,3.821036099715932,0.24667216161011565,10
Bank Marketing,TVAE,Privacy,Median_Distance,3.038072800295722,3.546903111476393,3.686473690174068,3.43222689087703,3.442670780318928,3.573601129461911,3.559083530343988,4.13378764132127,3.552745451031928,3.599053411627581,3.556461843692882,0.2686463883382265,10
Bank Marketing,TVAE,Privacy,NNDR,0.8229074336739639,0.8242500565201815,0.8316164466794255,0.815071848601916,0.8304788557443716,0.8317715321617606,0.8405835731530414,0.8696313277688298,0.8411960260572616,0.8376231662228634,0.8345130266583615,0.014812308350818737,10
Bank Marketing,TVAE,Utility,Accuracy_Gap,0.0900999999999997,0.0676333333333333,0.0967833333333332,0.1292166666666665,0.1292499999999999,0.0773333333333333,0.1753833333333334,0.1082666666666666,0.0940166666666666,0.0530333333333331,0.10210166666666656,0.03547674464341156,10
Bank Marketing,TVAE,Utility,Accuracy_TRTR,0.8798166666666666,0.8798166666666666,0.8798166666666666,0.8798166666666666,0.8798166666666666,0.8798166666666666,0.8798166666666666,0.8798166666666666,0.8798166666666666,0.8798166666666666,0.8798166666666665,0.0,10
Bank Marketing,TVAE,Utility,Accuracy_TSTR,0.7897166666666668,0.8121833333333333,0.7830333333333334,0.7506,0.7505666666666667,0.8024833333333332,0.7044333333333331,0.77155,0.7857999999999999,0.8267833333333334,0.7777149999999999,0.035476744643411544,10
Bank Marketing,TVAE,Utility,F1_Gap,0.051329732009131,0.0425318694336125,0.0550169411132859,0.0792620070692878,0.0813347195201944,0.0441046663951076,0.1157982817797826,0.0664106797843556,0.0537041597811664,0.0246866600855051,0.061417971697142894,0.025614893713645302,10
Bank Marketing,TVAE,Utility,F1_TRTR,0.869294797537779,0.869294797537779,0.869294797537779,0.869294797537779,0.869294797537779,0.869294797537779,0.869294797537779,0.869294797537779,0.869294797537779,0.869294797537779,0.8692947975377792,0.0,10
Bank Marketing,TVAE,Utility,F1_TSTR,0.817965065528648,0.8267629281041665,0.8142778564244931,0.7900327904684912,0.7879600780175846,0.8251901311426714,0.7534965157579965,0.8028841177534234,0.8155906377566126,0.8446081374522739,0.8078768258406361,0.02561489371364529,10
Bank Marketing,TVAE,Utility,Precision_Gap,-0.0025864909994559,0.0151461063372555,-0.0084285722716814,-0.0059776606390873,0.0064883097396932,0.0055889104745159,0.0005105875046576,0.0051450312179172,-0.0058007974194264,-0.0069774181394215,0.00031080058049669034,0.007632543657214411,10
Bank Marketing,TVAE,Utility,Precision_TRTR,0.8680007748575592,0.8680007748575592,0.8680007748575592,0.8680007748575592,0.8680007748575592,0.8680007748575592,0.8680007748575592,0.8680007748575592,0.8680007748575592,0.8680007748575592,0.8680007748575592,0.0,10
Bank Marketing,TVAE,Utility,Precision_TSTR,0.8705872658570152,0.8528546685203037,0.8764293471292407,0.8739784354966466,0.8615124651178659,0.8624118643830433,0.8674901873529016,0.862855743639642,0.8738015722769856,0.8749781929969808,0.8676899742770624,0.007632543657214452,10
Bank Marketing,TVAE,Utility,ROC_AUC_Gap,0.0311741158098598,0.0755010587714478,0.0201779113462714,0.0309806433147215,0.0721940590851868,0.0632085767957245,0.0624375568603121,0.0525276448252299,0.0273606121295186,0.019455642862591,0.04550178218008634,0.021926887055731436,10
Bank Marketing,TVAE,Utility,ROC_AUC_TRTR,0.8238983547957669,0.8238983547957669,0.8238983547957669,0.8238983547957669,0.8238983547957669,0.8238983547957669,0.8238983547957669,0.8238983547957669,0.8238983547957669,0.8238983547957669,0.823898354795767,0.0,10
Bank Marketing,TVAE,Utility,ROC_AUC_TSTR,0.792724238985907,0.748397296024319,0.8037204434494954,0.7929177114810454,0.7517042957105801,0.7606897780000423,0.7614607979354547,0.7713707099705369,0.7965377426662482,0.8044427119331758,0.7783965726156806,0.02192688705573144,10
Bank Marketing,TVAE,Utility,Recall_Gap,0.0900999999999997,0.0676333333333333,0.0967833333333332,0.1292166666666665,0.1292499999999999,0.0773333333333333,0.1753833333333334,0.1082666666666666,0.0940166666666666,0.0530333333333331,0.10210166666666656,0.03547674464341156,10
Bank Marketing,TVAE,Utility,Recall_TRTR,0.8798166666666666,0.8798166666666666,0.8798166666666666,0.8798166666666666,0.8798166666666666,0.8798166666666666,0.8798166666666666,0.8798166666666666,0.8798166666666666,0.8798166666666666,0.8798166666666665,0.0,10
Bank Marketing,TVAE,Utility,Recall_TSTR,0.7897166666666668,0.8121833333333333,0.7830333333333334,0.7506,0.7505666666666667,0.8024833333333332,0.7044333333333331,0.77155,0.7857999999999999,0.8267833333333334,0.7777149999999999,0.035476744643411544,10
Bank Marketing,TabDDPM,Compute,evaluation_time_seconds,19.93409146321937,19.78689989121631,20.59667744906619,56.06371859204955,56.20407148497179,58.57639856892638,120.0225729869999,149.9893954939998,110.9960734619999,108.4199756119997,72.05898750044489,47.13883115241464,10
Bank Marketing,TabDDPM,Compute,generation_time_seconds,0.0,0.0,0.0,0.0,0.0,0.0,0.0,0.0,0.0,0.0,0.0,0.0,10
Bank Marketing,TabDDPM,Compute,total_time_seconds,71.31157030398026,71.36159805674106,72.18837831309065,87.46195731894113,81.9372193091549,79.8975455230102,616.8361035300004,655.2020739700001,685.2807302210003,205.0450207499998,262.6522197295919,272.3771262580052,10
Bank Marketing,TabDDPM,Compute,training_time_seconds,51.36365053290501,51.56123682809994,51.57917294418439,31.14789769612253,25.53296350385062,21.26111109089106,496.5807363409995,505.0174395690001,574.0001258279999,96.37613500600035,190.44204693400533,232.79680430243258,10
Bank Marketing,TabDDPM,Fidelity,KS_Complement,0.3154821428571428,0.4071857142857142,0.2492785714285714,0.4564357142857143,0.3542464285714286,0.2976428571428572,0.3331928571428571,0.3439821428571429,0.2149464285714286,0.3563,0.33286928571428576,0.07020414397763604,10
Bank Marketing,TabDDPM,Fidelity,MMD,0.4859101357371646,0.4116117167313005,0.4504394390638163,0.4283802577810794,0.484592127933452,0.4714396774678479,0.3869469662043327,0.4818153314774608,0.4996250345525505,0.4300517056435649,0.4530812392592569,0.03747683450757837,10
Bank Marketing,TabDDPM,Fidelity,Quality_Score,0.4750399857741591,0.475427152731262,0.3916195187167117,0.4138562495094253,0.4294273134723368,0.3477934329433406,0.4562061590495879,0.4125646956076649,0.3944358634093662,0.4496534042944385,0.4246023775508293,0.04073577410375624,10
Bank Marketing,TabDDPM,Fidelity,Wasserstein_Distance,12519.37414057436,6609.185096924831,1699.09963544812,3715.359583077846,1712.095742860392,14017.27143485696,5821.886877160299,12998.48094326117,13207.10974057646,7763.121559092309,8006.298475383274,4865.554532121404,10
Bank Marketing,TabDDPM,Privacy,MIA_AUC,0.9958024691358024,0.9995061728395064,0.9996296296296298,0.9998765432098764,0.9998765432098764,1.0,1.0,0.9998765432098766,1.0,0.9983950617283952,0.9992962962962963,0.0013195061112343288,10
Bank Marketing,TabDDPM,Privacy,Mahalanobis_Distance,43.96184058160745,43.48288117682267,43.00473156515544,37.49208232686068,38.89307711108393,51.75035070567667,55.88776300650895,49.44486201173952,62.06184534952465,46.21836171082897,47.219779554580896,7.660925612088803,10
Bank Marketing,TabDDPM,Privacy,Mean_Distance,43.96184058160745,43.48288117682267,43.00473156515544,37.49208232686068,38.89307711108393,51.75035070567667,55.88776300650895,49.44486201173952,62.06184534952465,46.21836171082897,47.219779554580896,7.660925612088803,10
Bank Marketing,TabDDPM,Privacy,Median_Distance,34.81497164700671,28.31002941373509,31.46850386908248,18.88796837895408,23.43950533391887,37.39138684045537,62.08777039214361,35.68479123919485,68.61348006870264,36.57153593364605,37.726994311683974,15.805799812378917,10
Bank Marketing,TabDDPM,Privacy,NNDR,0.9183298966058318,0.9518003089150224,0.9615396813210656,0.9555626026693528,0.9347886127968172,0.917279446639462,0.947950653178618,0.9092137974540416,0.9485705558546376,0.9296371143590736,0.9374672669793922,0.018214996448429565,10
Bank Marketing,TabDDPM,Utility,Accuracy_Gap,0.0644833333333333,0.0513166666666665,0.0792499999999998,0.0225666666666667,0.0093166666666667,0.0003833333333332,0.0570333333333332,0.0682166666666667,0.0504166666666665,0.0134666666666666,0.041644999999999925,0.02779830247281961,10
Bank Marketing,TabDDPM,Utility,Accuracy_TRTR,0.8798166666666666,0.8798166666666666,0.8798166666666666,0.8798166666666666,0.8798166666666666,0.8798166666666666,0.8798166666666666,0.8798166666666666,0.8798166666666666,0.8798166666666666,0.8798166666666665,0.0,10
Bank Marketing,TabDDPM,Utility,Accuracy_TSTR,0.8153333333333332,0.8285,0.8005666666666668,0.8572499999999998,0.8704999999999998,0.8794333333333333,0.8227833333333333,0.8115999999999999,0.8294,0.86635,0.8381716666666665,0.0277983024728196,10
Bank Marketing,TabDDPM,Utility,F1_Gap,0.0783470137719136,0.06613466362337,0.0868426053051454,0.0534317396162734,0.0472116811684691,0.0462152332619769,0.0729414144569515,0.0787713389893818,0.0691206355119871,0.0522703216661061,0.06512866473715749,0.014496055723083875,10
Bank Marketing,TabDDPM,Utility,F1_TRTR,0.869294797537779,0.869294797537779,0.869294797537779,0.869294797537779,0.869294797537779,0.869294797537779,0.869294797537779,0.869294797537779,0.869294797537779,0.869294797537779,0.8692947975377792,0.0,10
Bank Marketing,TabDDPM,Utility,F1_TSTR,0.7909477837658654,0.803160133914409,0.7824521922326336,0.8158630579215056,0.8220831163693099,0.8230795642758021,0.7963533830808275,0.7905234585483972,0.800174162025792,0.8170244758716729,0.8041661328006215,0.014496055723083866,10
Bank Marketing,TabDDPM,Utility,Precision_Gap,0.0900717983455759,0.0785104725093522,0.0859691275313464,0.0886447606797955,0.0865615242859321,0.0944876043331771,0.0907129731255602,0.0852836866230195,0.0907482478288348,0.0944347732723837,0.08854249685349774,0.004758578084068143,10
Bank Marketing,TabDDPM,Utility,Precision_TRTR,0.8680007748575592,0.8680007748575592,0.8680007748575592,0.8680007748575592,0.8680007748575592,0.8680007748575592,0.8680007748575592,0.8680007748575592,0.8680007748575592,0.8680007748575592,0.8680007748575592,0.0,10
Bank Marketing,TabDDPM,Utility,Precision_TSTR,0.7779289765119832,0.7894903023482069,0.7820316473262128,0.7793560141777637,0.7814392505716271,0.7735131705243821,0.777287801731999,0.7827170882345397,0.7772525270287244,0.7735660015851755,0.7794582780040614,0.004758578084068133,10
Bank Marketing,TabDDPM,Utility,ROC_AUC_Gap,0.2558777738199987,0.2764863492003585,0.315545304645463,0.3311088910853254,0.3433107110871026,0.3120267079324117,0.3222207151208918,0.2838941322909959,0.3607167092455557,0.34485271164224,0.31460400060703436,0.03341359829264465,10
Bank Marketing,TabDDPM,Utility,ROC_AUC_TRTR,0.8238983547957669,0.8238983547957669,0.8238983547957669,0.8238983547957669,0.8238983547957669,0.8238983547957669,0.8238983547957669,0.8238983547957669,0.8238983547957669,0.8238983547957669,0.823898354795767,0.0,10
Bank Marketing,TabDDPM,Utility,ROC_AUC_TSTR,0.5680205809757681,0.5474120055954084,0.5083530501503039,0.4927894637104415,0.4805876437086643,0.5118716468633552,0.5016776396748751,0.540004222504771,0.4631816455502112,0.4790456431535269,0.5092943541887325,0.03341359829264463,10
Bank Marketing,TabDDPM,Utility,Recall_Gap,0.0644833333333333,0.0513166666666665,0.0792499999999998,0.0225666666666667,0.0093166666666667,0.0003833333333332,0.0570333333333332,0.0682166666666667,0.0504166666666665,0.0134666666666666,0.041644999999999925,0.02779830247281961,10
Bank Marketing,TabDDPM,Utility,Recall_TRTR,0.8798166666666666,0.8798166666666666,0.8798166666666666,0.8798166666666666,0.8798166666666666,0.8798166666666666,0.8798166666666666,0.8798166666666666,0.8798166666666666,0.8798166666666666,0.8798166666666665,0.0,10
Bank Marketing,TabDDPM,Utility,Recall_TSTR,0.8153333333333332,0.8285,0.8005666666666668,0.8572499999999998,0.8704999999999998,0.8794333333333333,0.8227833333333333,0.8115999999999999,0.8294,0.86635,0.8381716666666665,0.0277983024728196,10
Bank Marketing,WGAN-GP,Compute,evaluation_time_seconds,27.74853626685217,28.75102018611506,29.22364617930725,127.3352275800426,87.03899457398802,154.6794432669412,119.0393170890002,5710.250707288,107.5166883330003,4523.473277598001,1091.5056858361247,2140.374411930848,10
Bank Marketing,WGAN-GP,Compute,generation_time_seconds,0.0,0.0,0.0,0.0,0.0,0.0,0.0,0.0,0.0,0.0,0.0,0.0,10
Bank Marketing,WGAN-GP,Compute,total_time_seconds,222.0787396808155,231.9316674540751,227.4267402272671,631.6025245070923,567.8788589660544,734.3427568830084,2482.943453124999,8818.629353356,2494.504266998999,8851.179055448,2526.251741664631,3433.4171036624653,10
Bank Marketing,WGAN-GP,Compute,training_time_seconds,194.317819872871,203.1670478121377,198.1909983842634,504.2069152561016,480.6983936110046,579.5881808719132,2363.714538253001,3108.141177139999,2386.795499325,4327.431251533,1434.6251822059291,1491.799130365244,10
Bank Marketing,WGAN-GP,Fidelity,KS_Complement,0.7565999999999999,0.7298428571428571,0.7605142857142858,0.785457142857143,0.7443535714285715,0.7610857142857143,0.7486464285714286,0.7431857142857143,0.739225,0.7327464285714285,0.7501657142857143,0.016445814036396285,10
Bank Marketing,WGAN-GP,Fidelity,MMD,0.0080290853544783,0.0104126110015949,0.012592467115659,0.0114726759574251,0.007721222019004,0.0095731342387664,0.0083195394140682,0.017442770032836,0.0071407436518173,0.0136295553422972,0.01063338041279464,0.003229646368353319,10
Bank Marketing,WGAN-GP,Fidelity,Quality_Score,0.7274401304843925,0.7300121107828345,0.7655117232549968,0.7428705361544463,0.7309622994899128,0.7448293421823565,0.7269063076209749,0.7571330648500507,0.7300185692141414,0.777091144202149,0.7432775228236256,0.017809316857500066,10
Bank Marketing,WGAN-GP,Fidelity,Wasserstein_Distance,31.3203545398649,45.38938821524091,62.09152373952235,30.52877491784987,38.08386520549033,40.51779532517572,48.13327052038975,50.21002774589839,35.2142515591332,54.8252454282238,43.63144971967893,10.367002868605004,10
Bank Marketing,WGAN-GP,Privacy,MIA_AUC,0.6117283950617283,0.5493827160493827,0.4913580246913581,0.5291358024691358,0.5923456790123457,0.5374074074074074,0.5514814814814815,0.5483950617283951,0.5529629629629629,0.6432098765432099,0.5607407407407408,0.04369680569898838,10
Bank Marketing,WGAN-GP,Privacy,Mahalanobis_Distance,3.871250212606483,3.736329576620502,3.705479229899774,3.764293120668134,3.974356522175716,3.827114104212932,3.892748888242699,3.822511154268408,3.697690408668031,3.836465293103603,3.812823851046628,0.08802563462106577,10
Bank Marketing,WGAN-GP,Privacy,Mean_Distance,3.871250212606483,3.736329576620502,3.705479229899774,3.764293120668134,3.974356522175716,3.827114104212932,3.892748888242699,3.822511154268408,3.697690408668031,3.836465293103603,3.812823851046628,0.08802563462106577,10
Bank Marketing,WGAN-GP,Privacy,Median_Distance,3.525516278131121,3.437385238665248,3.430338183037286,3.533665925905907,3.644924015272548,3.508358509341419,3.570519026912829,3.495602972675884,3.432411985620824,3.47825610369722,3.505697823926029,0.0677735106584149,10
Bank Marketing,WGAN-GP,Privacy,NNDR,0.8649826111948481,0.8627645396225615,0.8727642034200478,0.867135220249391,0.8735974088952762,0.8661155123112739,0.8769058908743523,0.868485154030752,0.8672358737271705,0.8686780932268202,0.8688664507552494,0.00431958120361367,10
Bank Marketing,WGAN-GP,Utility,Accuracy_Gap,0.0052833333333334,0.0050333333333334,0.0071166666666667,0.0058666666666666,0.00245,0.0076499999999998,0.0030499999999999,0.0062666666666666,0.0173999999999998,0.0055499999999999,0.006566666666666611,0.004133370668887477,10
Bank Marketing,WGAN-GP,Utility,Accuracy_TRTR,0.8798166666666666,0.8798166666666666,0.8798166666666666,0.8798166666666666,0.8798166666666666,0.8798166666666666,0.8798166666666666,0.8798166666666666,0.8798166666666666,0.8798166666666666,0.8798166666666665,0.0,10
Bank Marketing,WGAN-GP,Utility,Accuracy_TSTR,0.8745333333333332,0.8747833333333331,0.8726999999999998,0.8739499999999999,0.8773666666666665,0.8721666666666668,0.8767666666666666,0.8735499999999999,0.8624166666666667,0.8742666666666666,0.87325,0.004133370668887473,10
Bank Marketing,WGAN-GP,Utility,F1_Gap,0.0286444883281037,0.0233597914614266,0.0324514877188939,0.0308520483154861,0.0251605025051823,0.0260457950821375,0.0215619850744053,0.0285833692666888,0.0304339697214567,0.0317217865925106,0.02788152240662915,0.0036998855298097924,10
Bank Marketing,WGAN-GP,Utility,F1_TRTR,0.869294797537779,0.869294797537779,0.869294797537779,0.869294797537779,0.869294797537779,0.869294797537779,0.869294797537779,0.869294797537779,0.869294797537779,0.869294797537779,0.8692947975377792,0.0,10
Bank Marketing,WGAN-GP,Utility,F1_TSTR,0.8406503092096753,0.8459350060763524,0.8368433098188851,0.8384427492222929,0.8441342950325967,0.8432490024556415,0.8477328124633737,0.8407114282710902,0.8388608278163223,0.8375730109452684,0.8414132751311498,0.0036998855298098036,10
Bank Marketing,WGAN-GP,Utility,Precision_Gap,0.0283030717086018,0.026240501293421,0.0302474017252791,0.030196142021984,0.0242599162293213,0.0247179785010051,0.0173422600950635,0.0316957705165553,0.0338773988588121,0.0318192671305177,0.027869970808056095,0.004876577996808787,10
Bank Marketing,WGAN-GP,Utility,Precision_TRTR,0.8680007748575592,0.8680007748575592,0.8680007748575592,0.8680007748575592,0.8680007748575592,0.8680007748575592,0.8680007748575592,0.8680007748575592,0.8680007748575592,0.8680007748575592,0.8680007748575592,0.0,10
Bank Marketing,WGAN-GP,Utility,Precision_TSTR,0.8396977031489574,0.8417602735641382,0.83775337313228,0.8378046328355752,0.8437408586282379,0.8432827963565541,0.8506585147624957,0.8363050043410039,0.8341233759987471,0.8361815077270415,0.840130804049503,0.00487657799680879,10
Bank Marketing,WGAN-GP,Utility,ROC_AUC_Gap,0.0672425235324045,0.0653303264696006,0.0845851448036064,0.0826821082958461,0.0759467807136111,0.054330229753011,0.0488098748424425,0.0610574189880615,0.0753583428280718,0.0982187634901953,0.07135615137168508,0.014979570874532638,10
Bank Marketing,WGAN-GP,Utility,ROC_AUC_TRTR,0.8238983547957669,0.8238983547957669,0.8238983547957669,0.8238983547957669,0.8238983547957669,0.8238983547957669,0.8238983547957669,0.8238983547957669,0.8238983547957669,0.8238983547957669,0.823898354795767,0.0,10
Bank Marketing,WGAN-GP,Utility,ROC_AUC_TSTR,0.7566558312633623,0.7585680283261662,0.7393132099921604,0.7412162464999208,0.7479515740821557,0.7695681250427558,0.7750884799533243,0.7628409358077054,0.748540011967695,0.7256795913055716,0.7525422034240817,0.014979570874532624,10
Bank Marketing,WGAN-GP,Utility,Recall_Gap,0.0052833333333334,0.0050333333333334,0.0071166666666667,0.0058666666666666,0.00245,0.0076499999999998,0.0030499999999999,0.0062666666666666,0.0173999999999998,0.0055499999999999,0.006566666666666611,0.004133370668887477,10
Bank Marketing,WGAN-GP,Utility,Recall_TRTR,0.8798166666666666,0.8798166666666666,0.8798166666666666,0.8798166666666666,0.8798166666666666,0.8798166666666666,0.8798166666666666,0.8798166666666666,0.8798166666666666,0.8798166666666666,0.8798166666666665,0.0,10
Bank Marketing,WGAN-GP,Utility,Recall_TSTR,0.8745333333333332,0.8747833333333331,0.8726999999999998,0.8739499999999999,0.8773666666666665,0.8721666666666668,0.8767666666666666,0.8735499999999999,0.8624166666666667,0.8742666666666666,0.87325,0.004133370668887473,10
CDC Diabetes,CTABGAN,Compute,evaluation_time_seconds,23.19530551997013,15.91074230195954,17.00598073215224,49.71929629798979,48.01765479403548,18.95408984879032,31.59336596100184,34.24001611999847,28.28536954599986,769.4537053449967,103.63755264668944,234.24571655229855,10
CDC Diabetes,CTABGAN,Compute,generation_time_seconds,0.0,0.0,0.0,0.0,0.0,0.0,0.0,0.0,0.0,0.0,0.0,0.0,10
CDC Diabetes,CTABGAN,Compute,total_time_seconds,1203.778830509167,2309.193110476946,1140.926956081996,1159.070919384947,1174.502189354971,1104.012381340843,1353.077102659998,1344.789702314003,977.6693262560002,2180.801200515998,1394.782171889487,462.0906413184661,10
CDC Diabetes,CTABGAN,Compute,training_time_seconds,1176.845796372043,2293.264198716963,1123.905473742168,1109.142126107821,1126.42848282191,1084.890930822119,1321.347955140998,1310.348766016003,949.2577427959986,1411.126523790001,1290.6557996326023,377.2170972864126,10
CDC Diabetes,CTABGAN,Fidelity,KS_Complement,0.3805681818181817,0.3820227272727272,0.3498977272727273,0.957034090909091,0.942659090909091,0.9435113636363636,0.9407954545454548,0.941818181818182,0.9521590909090908,0.9651477272727272,0.7755613636363636,0.27952666101522333,10
CDC Diabetes,CTABGAN,Fidelity,MMD,0.1605145274033971,0.081353880056083,0.2223786991547748,0.0237982021809988,0.061608248017059,0.0846108776894711,0.0904103552449399,0.0861624921423157,0.0329278118298361,0.0169975671580077,0.08607626608768833,0.06345296950633313,10
CDC Diabetes,CTABGAN,Fidelity,Quality_Score,0.05347736932951,0.0555285056931463,0.05316486932951,3.4027776584110036e-10,3.4027778681197966e-10,3.4027777385937775e-10,3.402777781769117e-10,3.402777800272834e-10,3.402777880455609e-10,3.4027775288849836e-10,0.016217074673411068,0.026118984572980973,10
CDC Diabetes,CTABGAN,Fidelity,Wasserstein_Distance,0.4859271229612763,0.5102770186401856,1.297434106239391,0.2114545454545455,0.3972272727272728,0.4713863636363639,0.5381818181818182,0.5001590909090909,0.2558409090909092,0.1585000000000001,0.48263882478408543,0.31719674125135744,10
CDC Diabetes,CTABGAN,Privacy,MIA_AUC,0.9537037037037036,0.7907407407407407,0.95,0.9590123456790124,0.9191358024691358,0.8616049382716049,0.8474074074074074,0.8859259259259259,0.9449382716049384,0.964074074074074,0.9076543209876542,0.05882894171645558,10
CDC Diabetes,CTABGAN,Privacy,Mahalanobis_Distance,6.11941773389808,5.977290639477169,6.248062627059391,6.174628177664175,6.958591708485232,7.055778081808806,6.889536760636938,6.868377901766312,6.162871878080592,5.989966438749388,6.444452194762609,0.43931487249219936,10
CDC Diabetes,CTABGAN,Privacy,Mean_Distance,6.11941773389808,5.977290639477169,6.248062627059391,6.174628177664175,6.958591708485232,7.055778081808806,6.889536760636938,6.868377901766312,6.162871878080592,5.989966438749388,6.444452194762609,0.43931487249219936,10
CDC Diabetes,CTABGAN,Privacy,Median_Distance,6.211003454420759,5.996485317672958,6.061560629649479,6.05091189110084,6.978344685426205,7.003965461869365,6.847404836275579,6.84938313636251,6.119496608008804,5.903690935462198,6.402224695624869,0.4547619647303588,10
CDC Diabetes,CTABGAN,Privacy,NNDR,0.9017682561833432,0.8840160314590944,0.9081060534869744,0.9227580230626972,0.9357555239139952,0.9313978198232256,0.92962530512287,0.9271190136706102,0.9194535589753908,0.916016169286642,0.9176015754984844,0.01583397864771765,10
CDC Diabetes,CTABGAN,Utility,Accuracy_Gap,0.4189666666666668,0.2616666666666667,0.2419333333333334,0.0114666666666668,0.0287000000000002,-3.333333333344068e-05,0.045,0.0035666666666667,0.0092333333333332,0.0029333333333333,0.10234333333333337,0.1493985820168384,10
CDC Diabetes,CTABGAN,Utility,Accuracy_TRTR,0.8309000000000001,0.8309000000000001,0.8309000000000001,0.8309000000000001,0.8309000000000001,0.8309000000000001,0.8309000000000001,0.8309000000000001,0.8309000000000001,0.8309000000000001,0.8309000000000001,0.0,10
CDC Diabetes,CTABGAN,Utility,Accuracy_TSTR,0.4119333333333333,0.5692333333333334,0.5889666666666666,0.8194333333333332,0.8021999999999998,0.8309333333333335,0.7859,0.8273333333333334,0.8216666666666669,0.8279666666666667,0.7285566666666667,0.14939858201683837,10
CDC Diabetes,CTABGAN,Utility,F1_Gap,0.4355685512394051,0.2128392332109985,0.2073707782106062,0.0028978426942462,0.0319602331772949,0.0137186855359126,0.0431911203882149,0.0148927056284192,0.0059738589972464,-9.600498109862964e-05,0.09683170041012454,0.14437619753600955,10
CDC Diabetes,CTABGAN,Utility,F1_TRTR,0.8033546059916947,0.8033546059916947,0.8033546059916947,0.8033546059916947,0.8033546059916947,0.8033546059916947,0.8033546059916947,0.8033546059916947,0.8033546059916947,0.8033546059916947,0.8033546059916947,0.0,10
CDC Diabetes,CTABGAN,Utility,F1_TSTR,0.3677860547522896,0.5905153727806962,0.5959838277810885,0.8004567632974485,0.7713943728143998,0.7896359204557821,0.7601634856034798,0.7884619003632755,0.7973807469944483,0.8034506109727934,0.70652290558157,0.14437619753600958,10
CDC Diabetes,CTABGAN,Utility,Precision_Gap,0.1083794140886277,0.0010010996870193,0.0313589903966079,0.0082427143168336,0.0493292602652173,0.0399704735762626,0.0414753191900421,0.0404458715086327,0.0020022609318368,0.0010155918932157,0.03232209958542957,0.03290284144542075,10
CDC Diabetes,CTABGAN,Utility,Precision_TRTR,0.79977359057349,0.79977359057349,0.79977359057349,0.79977359057349,0.79977359057349,0.79977359057349,0.79977359057349,0.79977359057349,0.79977359057349,0.79977359057349,0.79977359057349,0.0,10
CDC Diabetes,CTABGAN,Utility,Precision_TSTR,0.6913941764848622,0.7987724908864706,0.768414600176882,0.7915308762566563,0.7504443303082726,0.7598031169972274,0.7582982713834479,0.7593277190648572,0.7977713296416531,0.7987579986802742,0.7674514909880603,0.03290284144542074,10
CDC Diabetes,CTABGAN,Utility,ROC_AUC_Gap,0.3110836499770224,0.0446801058094309,0.1375842048040175,0.0353155788694978,0.2555329981954113,0.1294705605433942,0.1648388199558382,0.1733391618189358,0.0307924778909848,0.031554664469776,0.1314192222334309,0.09857752013255541,10
CDC Diabetes,CTABGAN,Utility,ROC_AUC_TRTR,0.7153842597262854,0.7153842597262854,0.7153842597262854,0.7153842597262854,0.7153842597262854,0.7153842597262854,0.7153842597262854,0.7153842597262854,0.7153842597262854,0.7153842597262854,0.7153842597262854,0.0,10
CDC Diabetes,CTABGAN,Utility,ROC_AUC_TSTR,0.404300609749263,0.6707041539168545,0.5778000549222679,0.6800686808567875,0.4598512615308741,0.5859136991828912,0.5505454397704472,0.5420450979073496,0.6845917818353006,0.6838295952565093,0.5839650374928544,0.09857752013255537,10
CDC Diabetes,CTABGAN,Utility,Recall_Gap,0.4189666666666668,0.2616666666666667,0.2419333333333334,0.0114666666666668,0.0287000000000002,-3.333333333344068e-05,0.045,0.0035666666666667,0.0092333333333332,0.0029333333333333,0.10234333333333337,0.1493985820168384,10
CDC Diabetes,CTABGAN,Utility,Recall_TRTR,0.8309000000000001,0.8309000000000001,0.8309000000000001,0.8309000000000001,0.8309000000000001,0.8309000000000001,0.8309000000000001,0.8309000000000001,0.8309000000000001,0.8309000000000001,0.8309000000000001,0.0,10
CDC Diabetes,CTABGAN,Utility,Recall_TSTR,0.4119333333333333,0.5692333333333334,0.5889666666666666,0.8194333333333332,0.8021999999999998,0.8309333333333335,0.7859,0.8273333333333334,0.8216666666666669,0.8279666666666667,0.7285566666666667,0.14939858201683837,10
CDC Diabetes,CTGAN,Compute,evaluation_time_seconds,24.82709574489854,16.94022368406877,17.82582030189224,45.74874047888443,28.69942686008289,29.34970841789618,506.4885544489953,32.61481295900012,33.77314992700121,33.25954136600194,76.95270741887217,151.15229194493128,10
CDC Diabetes,CTGAN,Compute,generation_time_seconds,0.0,0.0,0.0,0.0,0.0,0.0,0.0,0.0,0.0,0.0,0.0,0.0,10
CDC Diabetes,CTGAN,Compute,total_time_seconds,175.4607018751558,147.2322672291193,132.737003703136,308.1934689760674,265.326789121842,244.3517922321334,4273.535079453002,7364.730230060006,2626.618044427996,1594.026489088006,1713.2211866166465,2424.0989189951906,10
CDC Diabetes,CTGAN,Compute,training_time_seconds,150.5696441859473,130.2425026940182,114.8709234809503,258.1107067749836,236.4270621088799,214.8570990399458,3760.780692988999,7331.735327577,2592.661805449003,1560.587180082002,1635.084294438173,2369.754969547669,10
CDC Diabetes,CTGAN,Fidelity,KS_Complement,0.9021931818181816,0.9150340909090908,0.9249318181818182,0.9179886363636364,0.9343977272727272,0.9105795454545454,0.9070227272727271,0.9020340909090911,0.9077045454545452,0.9305795454545456,0.9152465909090909,0.011520467087020512,10
CDC Diabetes,CTGAN,Fidelity,MMD,0.0404071638295877,0.0313208428450945,0.0323800022870213,0.0393414643663497,0.0254000027175163,0.0353601462015805,0.0321819513208036,0.0419185758715414,0.0286896868694607,0.0333472566216785,0.034034709293063424,0.005268542002201531,10
CDC Diabetes,CTGAN,Fidelity,Quality_Score,0.8584842171717171,0.8552575757575757,0.8836287878787878,0.8834974747474746,0.8867664141414142,0.8522752525252526,0.85746148989899,0.8473169191919192,0.8749583333333333,0.8956994949494949,0.8695345959595959,0.01721684194133062,10
CDC Diabetes,CTGAN,Fidelity,Wasserstein_Distance,0.2634545454545456,0.233,0.1924772727272727,0.2606136363636363,0.2437045454545454,0.2790909090909091,0.4027272727272728,0.276,0.3845909090909091,0.3248409090909092,0.28605,0.06624778510426826,10
CDC Diabetes,CTGAN,Privacy,MIA_AUC,0.7055555555555556,0.7087654320987654,0.6990123456790124,0.6530864197530863,0.6890123456790124,0.7506172839506173,0.7350617283950618,0.6976543209876543,0.6951851851851854,0.6674074074074076,0.7001358024691359,0.028504378943603116,10
CDC Diabetes,CTGAN,Privacy,Mahalanobis_Distance,5.561185890815174,5.396550682810017,5.444847583578761,5.4501609794603,5.145545556955508,5.261808199835145,5.31322223693827,5.622627562778095,5.440586132625815,5.39909840058175,5.403563322637884,0.13863571058691182,10
CDC Diabetes,CTGAN,Privacy,Mean_Distance,5.561185890815174,5.396550682810017,5.444847583578761,5.4501609794603,5.145545556955508,5.261808199835145,5.31322223693827,5.622627562778095,5.440586132625815,5.39909840058175,5.403563322637884,0.13863571058691182,10
CDC Diabetes,CTGAN,Privacy,Median_Distance,5.531694750520852,5.34761238417269,5.410217580738557,5.375343506444446,4.877439861140543,5.105107132250683,5.290191085880695,5.588735501565189,5.29521809827027,5.239154932984459,5.306071483396837,0.20470439955740183,10
CDC Diabetes,CTGAN,Privacy,NNDR,0.8780106096785392,0.8728081616280197,0.8713687484789615,0.8836161032294942,0.8713247926253429,0.8754682713073807,0.8749269127248611,0.8858315180485488,0.8792453459248831,0.8798163492137471,0.8772416812859778,0.004981226228966241,10
CDC Diabetes,CTGAN,Utility,Accuracy_Gap,0.0509666666666667,0.0201333333333334,0.0186,0.0380666666666666,-0.0003999999999999,0.0011666666666666,0.021,0.0061666666666667,0.0039,0.0233666666666667,0.018296666666666676,0.01664018970986349,10
CDC Diabetes,CTGAN,Utility,Accuracy_TRTR,0.8309000000000001,0.8309000000000001,0.8309000000000001,0.8309000000000001,0.8309000000000001,0.8309000000000001,0.8309000000000001,0.8309000000000001,0.8309000000000001,0.8309000000000001,0.8309000000000001,0.0,10
CDC Diabetes,CTGAN,Utility,Accuracy_TSTR,0.7799333333333334,0.8107666666666666,0.8123,0.7928333333333334,0.8313,0.8297333333333334,0.8099000000000001,0.8247333333333333,0.8270000000000001,0.8075333333333333,0.8126033333333333,0.0166401897098635,10
CDC Diabetes,CTGAN,Utility,F1_Gap,0.0118004622441688,-0.0003434903217719,0.006761337306728,0.0100691870971337,0.0032599262020868,-0.0032501461801406,0.0038456722232658,-0.0016322013540981,-0.0080524066334451,0.0068710549844479,0.00293293955683753,0.006246316742628108,10
CDC Diabetes,CTGAN,Utility,F1_TRTR,0.8033546059916947,0.8033546059916947,0.8033546059916947,0.8033546059916947,0.8033546059916947,0.8033546059916947,0.8033546059916947,0.8033546059916947,0.8033546059916947,0.8033546059916947,0.8033546059916947,0.0,10
CDC Diabetes,CTGAN,Utility,F1_TSTR,0.7915541437475259,0.8036980963134667,0.7965932686849667,0.793285418894561,0.8000946797896079,0.8066047521718354,0.7995089337684289,0.8049868073457929,0.8114070126251399,0.7964835510072468,0.8004216664348572,0.006246316742628163,10
CDC Diabetes,CTGAN,Utility,Precision_Gap,-0.0116414841488126,-0.0002689158890228,0.0098917306517083,0.0026258172791178,0.0128660358506222,0.0027408727442377,0.0022830856709311,0.003185677442168,-0.0038876258746783,0.0071518723933791,0.00249470661196505,0.006934401410860188,10
CDC Diabetes,CTGAN,Utility,Precision_TRTR,0.79977359057349,0.79977359057349,0.79977359057349,0.79977359057349,0.79977359057349,0.79977359057349,0.79977359057349,0.79977359057349,0.79977359057349,0.79977359057349,0.79977359057349,0.0,10
CDC Diabetes,CTGAN,Utility,Precision_TSTR,0.8114150747223026,0.8000425064625128,0.7898818599217816,0.7971477732943721,0.7869075547228677,0.7970327178292522,0.7974905049025588,0.7965879131313219,0.8036612164481683,0.7926217181801108,0.7972788839615249,0.006934401410860223,10
CDC Diabetes,CTGAN,Utility,ROC_AUC_Gap,0.0167556351368014,0.0510344160866201,0.0463424851765917,0.0517638174338973,0.0713286145017205,0.0259835569454253,0.0370340013674522,0.0617449589203849,0.0385929811582995,0.0480690339285113,0.04486495006557042,0.016092331241557244,10
CDC Diabetes,CTGAN,Utility,ROC_AUC_TRTR,0.7153842597262854,0.7153842597262854,0.7153842597262854,0.7153842597262854,0.7153842597262854,0.7153842597262854,0.7153842597262854,0.7153842597262854,0.7153842597262854,0.7153842597262854,0.7153842597262854,0.0,10
CDC Diabetes,CTGAN,Utility,ROC_AUC_TSTR,0.6986286245894839,0.6643498436396652,0.6690417745496936,0.663620442292388,0.6440556452245648,0.6894007027808601,0.6783502583588331,0.6536393008059005,0.6767912785679858,0.667315225797774,0.6705193096607149,0.016092331241557244,10
CDC Diabetes,CTGAN,Utility,Recall_Gap,0.0509666666666667,0.0201333333333334,0.0186,0.0380666666666666,-0.0003999999999999,0.0011666666666666,0.021,0.0061666666666667,0.0039,0.0233666666666667,0.018296666666666676,0.01664018970986349,10
CDC Diabetes,CTGAN,Utility,Recall_TRTR,0.8309000000000001,0.8309000000000001,0.8309000000000001,0.8309000000000001,0.8309000000000001,0.8309000000000001,0.8309000000000001,0.8309000000000001,0.8309000000000001,0.8309000000000001,0.8309000000000001,0.0,10
CDC Diabetes,CTGAN,Utility,Recall_TSTR,0.7799333333333334,0.8107666666666666,0.8123,0.7928333333333334,0.8313,0.8297333333333334,0.8099000000000001,0.8247333333333333,0.8270000000000001,0.8075333333333333,0.8126033333333333,0.0166401897098635,10
CDC Diabetes,CopulaGAN,Compute,evaluation_time_seconds,15.5301337451674,17.23690827703103,17.45591468596831,32.52986309095286,33.01546829007566,33.63004918512888,27.03426013799617,25.56498616200406,41.78599862400006,1428.350481508998,167.21340637073223,443.1997985749101,10
CDC Diabetes,CopulaGAN,Compute,generation_time_seconds,0.0,0.0,0.0,0.0,0.0,0.0,0.0,0.0,0.0,0.0,0.0,0.0,10
CDC Diabetes,CopulaGAN,Compute,total_time_seconds,122.8918697228655,138.2012427959125,131.223886650987,235.1574626080692,254.7314604721032,240.9362165909261,2827.380646124999,1600.271183921999,2701.078842705996,2547.534568294999,1079.9407379888858,1197.573825554876,10
CDC Diabetes,CopulaGAN,Compute,training_time_seconds,107.319696763996,120.9018521357793,113.5962524740025,202.3844754109159,221.5661776950583,207.1235853270628,2800.192125538,1574.596729961995,2658.854134948,1119.009233099001,912.5544263353811,1079.4315415843223,10
CDC Diabetes,CopulaGAN,Fidelity,KS_Complement,0.8849318181818183,0.9156477272727273,0.8989772727272726,0.9239090909090908,0.9133409090909091,0.9247272727272726,0.9271590909090908,0.9377954545454544,0.8928636363636364,0.9086363636363636,0.9127988636363634,0.01662504103746042,10
CDC Diabetes,CopulaGAN,Fidelity,MMD,0.055192720649701,0.0336437356742488,0.0430971322820403,0.0321030524478411,0.0310428812184833,0.0195214142791561,0.0246882665448605,0.021564364088581,0.0543761876236316,0.0401231920737175,0.035535294688226124,0.012580642893180205,10
CDC Diabetes,CopulaGAN,Fidelity,Quality_Score,0.8294936868686869,0.8645454545454545,0.843520202020202,0.8653257575757575,0.855556186868687,0.8573011363636365,0.8797872474747475,0.8717676767676767,0.8451988636363637,0.8598068181818181,0.8572303030303031,0.014722194870107206,10
CDC Diabetes,CopulaGAN,Fidelity,Wasserstein_Distance,0.5430454545454547,0.3302954545454546,0.570090909090909,0.3020000000000001,0.4755227272727272,0.2762727272727273,0.2289090909090911,0.3403863636363638,0.6874318181818183,0.5378863636363637,0.429184090909091,0.1530454674642169,10
CDC Diabetes,CopulaGAN,Privacy,MIA_AUC,0.6704938271604938,0.6479012345679014,0.7485185185185186,0.6291358024691358,0.74,0.7135802469135802,0.6395061728395062,0.6233333333333333,0.7501234567901235,0.6811111111111111,0.6843703703703704,0.0502313299258743,10
CDC Diabetes,CopulaGAN,Privacy,Mahalanobis_Distance,5.572770450283528,5.464621910360743,5.486546558849581,5.439271429432875,5.434346043973616,5.076380271276238,5.256217034481207,5.217430318263278,5.874127320817717,5.614710831675657,5.443642216941445,0.22480208772655344,10
CDC Diabetes,CopulaGAN,Privacy,Mean_Distance,5.572770450283528,5.464621910360743,5.486546558849581,5.439271429432875,5.434346043973616,5.076380271276238,5.256217034481207,5.217430318263278,5.874127320817717,5.614710831675657,5.443642216941445,0.22480208772655344,10
CDC Diabetes,CopulaGAN,Privacy,Median_Distance,5.580278749397468,5.427244004215636,5.375103957472178,5.154565504529217,5.317827352606043,4.782646577238525,5.24338098415174,5.09623538878088,5.730997744854708,5.527007050315507,5.323528731356189,0.2720278507246379,10
CDC Diabetes,CopulaGAN,Privacy,NNDR,0.8910257411056693,0.8661140782609098,0.8872458831273727,0.8788600107032106,0.8920550778822567,0.8750651984853104,0.871987991575907,0.8680408125406452,0.8903060271904462,0.8759600027660939,0.8796660823637822,0.00981212721302073,10
CDC Diabetes,CopulaGAN,Utility,Accuracy_Gap,0.0136666666666669,0.01,-0.0077999999999999,0.0100333333333333,0.0116666666666667,0.0442000000000001,0.059633333333333,-0.0111999999999998,0.0252333333333333,-0.0028333333333332,0.015260000000000043,0.0224491623204271,10
CDC Diabetes,CopulaGAN,Utility,Accuracy_TRTR,0.8309000000000001,0.8309000000000001,0.8309000000000001,0.8309000000000001,0.8309000000000001,0.8309000000000001,0.8309000000000001,0.8309000000000001,0.8309000000000001,0.8309000000000001,0.8309000000000001,0.0,10
CDC Diabetes,CopulaGAN,Utility,Accuracy_TSTR,0.8172333333333331,0.8209000000000001,0.8387,0.8208666666666667,0.8192333333333334,0.7867,0.771266666666667,0.8421,0.8056666666666668,0.8337333333333333,0.8156399999999999,0.02244916232042714,10
CDC Diabetes,CopulaGAN,Utility,F1_Gap,-0.0066650640811257,-0.0022546566202216,-0.0017677095200209,-0.0077620286971876,0.0001920676836236,0.0136586539798583,0.0183293225011258,0.001001440177634,0.0006299895182971,-0.002040692869036,0.0013321322072946996,0.008321716292273322,10
CDC Diabetes,CopulaGAN,Utility,F1_TRTR,0.8033546059916947,0.8033546059916947,0.8033546059916947,0.8033546059916947,0.8033546059916947,0.8033546059916947,0.8033546059916947,0.8033546059916947,0.8033546059916947,0.8033546059916947,0.8033546059916947,0.0,10
CDC Diabetes,CopulaGAN,Utility,F1_TSTR,0.8100196700728205,0.8056092626119163,0.8051223155117156,0.8111166346888824,0.803162538308071,0.7896959520118364,0.7850252834905689,0.8023531658140607,0.8027246164733975,0.8053952988607308,0.8020224737844,0.008321716292273355,10
CDC Diabetes,CopulaGAN,Utility,Precision_Gap,-0.0086904216439787,0.0013574913420153,0.0076331842409368,-0.0063512900935678,0.0023337271295502,0.0024714798569002,-0.0027478600245901,0.0088824769117882,-0.0034308329621047,0.0059175467551392,0.00073755015120886,0.0059191065069129365,10
CDC Diabetes,CopulaGAN,Utility,Precision_TRTR,0.79977359057349,0.79977359057349,0.79977359057349,0.79977359057349,0.79977359057349,0.79977359057349,0.79977359057349,0.79977359057349,0.79977359057349,0.79977359057349,0.79977359057349,0.0,10
CDC Diabetes,CopulaGAN,Utility,Precision_TSTR,0.8084640122174687,0.7984160992314746,0.7921404063325531,0.8061248806670578,0.7974398634439397,0.7973021107165897,0.8025214505980801,0.7908911136617017,0.8032044235355947,0.7938560438183507,0.7990360404222812,0.005919106506912967,10
CDC Diabetes,CopulaGAN,Utility,ROC_AUC_Gap,0.0132938509476895,0.0495864016947443,0.0332559938128386,0.0285168465651165,0.0241066724951524,0.0547532981382471,0.0422286391606981,0.0595323761166594,0.0372974040821816,0.0418001894257822,0.038437167243910976,0.014241256131204088,10
CDC Diabetes,CopulaGAN,Utility,ROC_AUC_TRTR,0.7153842597262854,0.7153842597262854,0.7153842597262854,0.7153842597262854,0.7153842597262854,0.7153842597262854,0.7153842597262854,0.7153842597262854,0.7153842597262854,0.7153842597262854,0.7153842597262854,0.0,10
CDC Diabetes,CopulaGAN,Utility,ROC_AUC_TSTR,0.7020904087785959,0.665797858031541,0.6821282659134468,0.6868674131611688,0.691277587231133,0.6606309615880382,0.6731556205655872,0.655851883609626,0.6780868556441038,0.6735840703005032,0.6769470924823744,0.01424125613120409,10
CDC Diabetes,CopulaGAN,Utility,Recall_Gap,0.0136666666666669,0.01,-0.0077999999999999,0.0100333333333333,0.0116666666666667,0.0442000000000001,0.059633333333333,-0.0111999999999998,0.0252333333333333,-0.0028333333333332,0.015260000000000043,0.0224491623204271,10
CDC Diabetes,CopulaGAN,Utility,Recall_TRTR,0.8309000000000001,0.8309000000000001,0.8309000000000001,0.8309000000000001,0.8309000000000001,0.8309000000000001,0.8309000000000001,0.8309000000000001,0.8309000000000001,0.8309000000000001,0.8309000000000001,0.0,10
CDC Diabetes,CopulaGAN,Utility,Recall_TSTR,0.8172333333333331,0.8209000000000001,0.8387,0.8208666666666667,0.8192333333333334,0.7867,0.771266666666667,0.8421,0.8056666666666668,0.8337333333333333,0.8156399999999999,0.02244916232042714,10
CDC Diabetes,ForestDiffusion,Compute,evaluation_time_seconds,16.66340265190229,20.88209620094858,18.86341586499475,33.06864819582552,32.50296202301979,49.27121654408984,58.66297808300442,27.38305378599762,55.99465012300061,50.58734460599953,36.387976807878296,15.958273884919647,10
CDC Diabetes,ForestDiffusion,Compute,generation_time_seconds,0.0,0.0,0.0,0.0,0.0,0.0,0.0,0.0,0.0,0.0,0.0,0.0,10
CDC Diabetes,ForestDiffusion,Compute,total_time_seconds,43.81091516604647,46.51740407501347,55.02548424713314,116.4632349959575,105.5923728239723,184.3457850331906,167.3693116909999,96.06962575299984,159.0158464179985,160.6890285839982,113.48990087873099,53.07977083066156,10
CDC Diabetes,ForestDiffusion,Compute,training_time_seconds,27.0794603950344,25.5797959798947,36.1204288660083,83.28752428200096,73.04445083998144,134.9372566619422,108.4518681570044,68.54857299400464,102.9575033670044,109.9989060650041,77.00057676078795,38.06793407186225,10
CDC Diabetes,ForestDiffusion,Fidelity,KS_Complement,0.8778977272727274,0.8810795454545454,0.8796022727272728,0.8803181818181817,0.8795681818181822,0.8821590909090908,0.8782954545454543,0.8810454545454547,0.8810454545454545,0.8826818181818182,0.8803693181818183,0.001549629036001654,10
CDC Diabetes,ForestDiffusion,Fidelity,MMD,0.0091012204019035,0.00845540731157,0.0068140268049754,0.0087592158361008,0.0140105433943943,0.0100301978663791,0.0085592842581669,0.0082190067789548,0.0078160586291265,0.0086211346152168,0.00903860958967881,0.0019334673879306738,10
CDC Diabetes,ForestDiffusion,Fidelity,Quality_Score,0.5729621373598426,0.5767752685593376,0.5774836019324436,0.5735448393459538,0.5744507736911793,0.5802620110744892,0.5766407988453224,0.5785587282575699,0.5820410514330749,0.5780151674999212,0.5770734377999134,0.0028793056390756955,10
CDC Diabetes,ForestDiffusion,Fidelity,Wasserstein_Distance,0.2180553749724666,0.2424093204999687,0.2411681503679748,0.2658236717561738,0.2419827523354148,0.2118416509395296,0.2376524742811365,0.2203412099547413,0.210598931336813,0.2256884402391095,0.23155619766833285,0.017322645506089862,10
CDC Diabetes,ForestDiffusion,Privacy,MIA_AUC,0.4609876543209876,0.5030864197530864,0.5324691358024691,0.5337037037037037,0.5106172839506173,0.5069135802469136,0.5265432098765432,0.4541975308641975,0.4666666666666667,0.518395061728395,0.501358024691358,0.03002897323449349,10
CDC Diabetes,ForestDiffusion,Privacy,Mahalanobis_Distance,4.298564632320128,4.242226544040149,4.18713475755697,4.193647740157471,4.193006167521995,4.189290070875606,4.227865357043567,4.225723260832289,4.304663806010498,4.140572146910814,4.220269448326948,0.0512980296745267,10
CDC Diabetes,ForestDiffusion,Privacy,Mean_Distance,4.298564632320128,4.242226544040149,4.18713475755697,4.193647740157471,4.193006167521995,4.189290070875606,4.227865357043567,4.225723260832289,4.304663806010498,4.140572146910814,4.220269448326948,0.0512980296745267,10
CDC Diabetes,ForestDiffusion,Privacy,Median_Distance,3.940167378328497,3.951275930915533,3.84207219405784,3.928720127546939,3.871241028846955,3.976336224123938,3.940133921835443,3.907858964863573,4.055293331342249,3.834618900778234,3.92477180026392,0.0658315985916511,10
CDC Diabetes,ForestDiffusion,Privacy,NNDR,0.8426950656508917,0.8429339618062933,0.850304492638714,0.8425201656302072,0.8442692806994598,0.837505247630168,0.8556444090999242,0.8387310695626133,0.857716444774682,0.832877361613499,0.8445197499106453,0.007884841872564446,10
CDC Diabetes,ForestDiffusion,Utility,Accuracy_Gap,0.0247333333333335,0.0358000000000001,0.0359000000000002,0.0628666666666667,0.0223666666666666,0.0327666666666668,0.0229666666666668,0.0455000000000001,0.0267666666666669,0.0269333333333334,0.03366000000000011,0.01255188540261954,10
CDC Diabetes,ForestDiffusion,Utility,Accuracy_TRTR,0.8309000000000001,0.8309000000000001,0.8309000000000001,0.8309000000000001,0.8309000000000001,0.8309000000000001,0.8309000000000001,0.8309000000000001,0.8309000000000001,0.8309000000000001,0.8309000000000001,0.0,10
CDC Diabetes,ForestDiffusion,Utility,Accuracy_TSTR,0.8061666666666666,0.7950999999999999,0.7949999999999998,0.7680333333333333,0.8085333333333334,0.7981333333333333,0.8079333333333333,0.7854,0.8041333333333331,0.8039666666666666,0.79724,0.01255188540261954,10
CDC Diabetes,ForestDiffusion,Utility,F1_Gap,0.0009939389257689,0.0033674849376202,0.0018647063055653,0.024262158863512,-0.0082826654218379,-0.0008299703195554,-0.005643305083692,0.0091756632889785,-0.0036486201378341,-0.0022140579018976,0.00190453334566279,0.009260012278940136,10
CDC Diabetes,ForestDiffusion,Utility,F1_TRTR,0.8033546059916947,0.8033546059916947,0.8033546059916947,0.8033546059916947,0.8033546059916947,0.8033546059916947,0.8033546059916947,0.8033546059916947,0.8033546059916947,0.8033546059916947,0.8033546059916947,0.0,10
CDC Diabetes,ForestDiffusion,Utility,F1_TSTR,0.8023606670659258,0.7999871210540744,0.8014898996861294,0.7790924471281827,0.8116372714135327,0.8041845763112502,0.8089979110753868,0.7941789427027162,0.8070032261295289,0.8055686638935924,0.801450072646032,0.009260012278940173,10
CDC Diabetes,ForestDiffusion,Utility,Precision_Gap,-0.005790887951669,-0.0119372636887905,-0.0174513574056072,-0.002480492613813,-0.0192868856028802,-0.015890593396924,-0.0162349134277559,-0.0129808820231037,-0.0142213201769347,-0.0100234550732185,-0.012629805136069669,0.005279960172915268,10
CDC Diabetes,ForestDiffusion,Utility,Precision_TRTR,0.79977359057349,0.79977359057349,0.79977359057349,0.79977359057349,0.79977359057349,0.79977359057349,0.79977359057349,0.79977359057349,0.79977359057349,0.79977359057349,0.79977359057349,0.0,10
CDC Diabetes,ForestDiffusion,Utility,Precision_TSTR,0.805564478525159,0.8117108542622805,0.8172249479790972,0.802254083187303,0.8190604761763702,0.815664183970414,0.8160085040012459,0.8127544725965937,0.8139949107504247,0.8097970456467085,0.8124033957095597,0.005279960172915278,10
CDC Diabetes,ForestDiffusion,Utility,ROC_AUC_Gap,0.0065951556317741,-0.0037172007577032,-0.0073737348263223,0.0267952015871415,-0.0171849255186789,-0.0143193001333829,-0.0141291738121656,-0.0093739141643408,-0.0045078292253717,0.002021195512066,-0.0035194525706983802,0.012987500764971733,10
CDC Diabetes,ForestDiffusion,Utility,ROC_AUC_TRTR,0.7153842597262854,0.7153842597262854,0.7153842597262854,0.7153842597262854,0.7153842597262854,0.7153842597262854,0.7153842597262854,0.7153842597262854,0.7153842597262854,0.7153842597262854,0.7153842597262854,0.0,10
CDC Diabetes,ForestDiffusion,Utility,ROC_AUC_TSTR,0.7087891040945112,0.7191014604839886,0.7227579945526077,0.6885890581391438,0.7325691852449643,0.7297035598596683,0.729513433538451,0.7247581738906262,0.7198920889516571,0.7133630642142194,0.7189037122969838,0.012987500764971753,10
CDC Diabetes,ForestDiffusion,Utility,Recall_Gap,0.0247333333333335,0.0358000000000001,0.0359000000000002,0.0628666666666667,0.0223666666666666,0.0327666666666668,0.0229666666666668,0.0455000000000001,0.0267666666666669,0.0269333333333334,0.03366000000000011,0.01255188540261954,10
CDC Diabetes,ForestDiffusion,Utility,Recall_TRTR,0.8309000000000001,0.8309000000000001,0.8309000000000001,0.8309000000000001,0.8309000000000001,0.8309000000000001,0.8309000000000001,0.8309000000000001,0.8309000000000001,0.8309000000000001,0.8309000000000001,0.0,10
CDC Diabetes,ForestDiffusion,Utility,Recall_TSTR,0.8061666666666666,0.7950999999999999,0.7949999999999998,0.7680333333333333,0.8085333333333334,0.7981333333333333,0.8079333333333333,0.7854,0.8041333333333331,0.8039666666666666,0.79724,0.01255188540261954,10
CDC Diabetes,GaussianCopula,Compute,evaluation_time_seconds,14.71523954090662,14.94365113787353,14.28070961404592,20.83448847196996,27.6020179821644,30.90344615001231,35.53192095000122,21.13002206200326,17.95358089100046,30.23976128100185,22.813483808097953,7.7170732429723765,10
CDC Diabetes,GaussianCopula,Compute,generation_time_seconds,0.0,0.0,0.0,0.0,0.0,0.0,0.0,0.0,0.0,0.0,0.0,0.0,10
CDC Diabetes,GaussianCopula,Compute,total_time_seconds,18.20752203487791,19.11900895601138,18.02872083289549,25.99781617801636,31.9584695729427,45.27198154013604,54.74672467600612,28.35074284599978,29.18331007499364,44.6077444840048,31.54720411958842,12.732686427486469,10
CDC Diabetes,GaussianCopula,Compute,training_time_seconds,3.451315375044942,4.110122710000724,3.709434436168522,5.106970747932792,4.299558763857931,14.18426417093724,18.89188634700258,7.129323716988438,11.06551103100355,14.13365033199079,8.608203763092751,5.550273350878414,10
CDC Diabetes,GaussianCopula,Fidelity,KS_Complement,0.9530795454545457,0.9530795454545457,0.9530795454545457,0.9530795454545457,0.9530795454545457,0.9530795454545457,0.9530795454545457,0.9530795454545457,0.9530795454545457,0.9530795454545457,0.9530795454545457,0.0,10
CDC Diabetes,GaussianCopula,Fidelity,MMD,0.0681287365546554,0.0681287365546554,0.0681287365546554,0.0681287365546554,0.0681287365546554,0.0681287365546554,0.0681287365546554,0.0681287365546554,0.0681287365546554,0.0681287365546554,0.06812873655465541,0.0,10
CDC Diabetes,GaussianCopula,Fidelity,Quality_Score,0.9111395202020204,0.9111395202020204,0.9111395202020204,0.9111395202020204,0.9111395202020204,0.9111395202020204,0.9111395202020204,0.9111395202020204,0.9111395202020204,0.9111395202020204,0.9111395202020203,0.0,10
CDC Diabetes,GaussianCopula,Fidelity,Wasserstein_Distance,0.7336818181818184,0.7336818181818184,0.7336818181818184,0.7336818181818184,0.7336818181818184,0.7336818181818184,0.7336818181818184,0.7336818181818184,0.7336818181818184,0.7336818181818184,0.7336818181818183,0.0,10
CDC Diabetes,GaussianCopula,Privacy,MIA_AUC,0.8493827160493826,0.8493827160493826,0.8493827160493826,0.8493827160493826,0.8493827160493826,0.8493827160493826,0.8493827160493826,0.8493827160493826,0.8493827160493826,0.8493827160493826,0.8493827160493825,0.0,10
CDC Diabetes,GaussianCopula,Privacy,Mahalanobis_Distance,5.872811690820016,5.872811690820016,5.872811690820016,5.872811690820016,5.872811690820016,5.872811690820016,5.872811690820016,5.872811690820016,5.872811690820016,5.872811690820016,5.872811690820016,0.0,10
CDC Diabetes,GaussianCopula,Privacy,Mean_Distance,5.872811690820016,5.872811690820016,5.872811690820016,5.872811690820016,5.872811690820016,5.872811690820016,5.872811690820016,5.872811690820016,5.872811690820016,5.872811690820016,5.872811690820016,0.0,10
CDC Diabetes,GaussianCopula,Privacy,Median_Distance,5.995473117786184,5.995473117786184,5.995473117786184,5.995473117786184,5.995473117786184,5.995473117786184,5.995473117786184,5.995473117786184,5.995473117786184,5.995473117786184,5.995473117786184,0.0,10
CDC Diabetes,GaussianCopula,Privacy,NNDR,0.8942671116291279,0.8942671116291279,0.8942671116291279,0.8942671116291279,0.8942671116291279,0.8942671116291279,0.8942671116291279,0.8942671116291279,0.8942671116291279,0.8942671116291279,0.894267111629128,0.0,10
CDC Diabetes,GaussianCopula,Utility,Accuracy_Gap,0.0197333333333333,0.0197333333333333,0.0197333333333333,0.0197333333333333,0.0197333333333333,0.0197333333333333,0.0197333333333333,0.0197333333333333,0.0197333333333333,0.0197333333333333,0.0197333333333333,0.0,10
CDC Diabetes,GaussianCopula,Utility,Accuracy_TRTR,0.8309000000000001,0.8309000000000001,0.8309000000000001,0.8309000000000001,0.8309000000000001,0.8309000000000001,0.8309000000000001,0.8309000000000001,0.8309000000000001,0.8309000000000001,0.8309000000000001,0.0,10
CDC Diabetes,GaussianCopula,Utility,Accuracy_TSTR,0.8111666666666667,0.8111666666666667,0.8111666666666667,0.8111666666666667,0.8111666666666667,0.8111666666666667,0.8111666666666667,0.8111666666666667,0.8111666666666667,0.8111666666666667,0.8111666666666666,0.0,10
CDC Diabetes,GaussianCopula,Utility,F1_Gap,0.0197923324797088,0.0197923324797088,0.0197923324797088,0.0197923324797088,0.0197923324797088,0.0197923324797088,0.0197923324797088,0.0197923324797088,0.0197923324797088,0.0197923324797088,0.0197923324797088,0.0,10
CDC Diabetes,GaussianCopula,Utility,F1_TRTR,0.8033546059916947,0.8033546059916947,0.8033546059916947,0.8033546059916947,0.8033546059916947,0.8033546059916947,0.8033546059916947,0.8033546059916947,0.8033546059916947,0.8033546059916947,0.8033546059916947,0.0,10
CDC Diabetes,GaussianCopula,Utility,F1_TSTR,0.7835622735119859,0.7835622735119859,0.7835622735119859,0.7835622735119859,0.7835622735119859,0.7835622735119859,0.7835622735119859,0.7835622735119859,0.7835622735119859,0.7835622735119859,0.783562273511986,0.0,10
CDC Diabetes,GaussianCopula,Utility,Precision_Gap,0.0240255785783081,0.0240255785783081,0.0240255785783081,0.0240255785783081,0.0240255785783081,0.0240255785783081,0.0240255785783081,0.0240255785783081,0.0240255785783081,0.0240255785783081,0.024025578578308105,0.0,10
CDC Diabetes,GaussianCopula,Utility,Precision_TRTR,0.79977359057349,0.79977359057349,0.79977359057349,0.79977359057349,0.79977359057349,0.79977359057349,0.79977359057349,0.79977359057349,0.79977359057349,0.79977359057349,0.79977359057349,0.0,10
CDC Diabetes,GaussianCopula,Utility,Precision_TSTR,0.7757480119951818,0.7757480119951818,0.7757480119951818,0.7757480119951818,0.7757480119951818,0.7757480119951818,0.7757480119951818,0.7757480119951818,0.7757480119951818,0.7757480119951818,0.7757480119951818,0.0,10
CDC Diabetes,GaussianCopula,Utility,ROC_AUC_Gap,0.0627025959178184,0.0627025959178184,0.0627025959178184,0.0627025959178184,0.0627025959178184,0.0627025959178184,0.0627025959178184,0.0627025959178184,0.0627025959178184,0.0627025959178184,0.06270259591781842,0.0,10
CDC Diabetes,GaussianCopula,Utility,ROC_AUC_TRTR,0.7153842597262854,0.7153842597262854,0.7153842597262854,0.7153842597262854,0.7153842597262854,0.7153842597262854,0.7153842597262854,0.7153842597262854,0.7153842597262854,0.7153842597262854,0.7153842597262854,0.0,10
CDC Diabetes,GaussianCopula,Utility,ROC_AUC_TSTR,0.6526816638084669,0.6526816638084669,0.6526816638084669,0.6526816638084669,0.6526816638084669,0.6526816638084669,0.6526816638084669,0.6526816638084669,0.6526816638084669,0.6526816638084669,0.6526816638084669,0.0,10
CDC Diabetes,GaussianCopula,Utility,Recall_Gap,0.0197333333333333,0.0197333333333333,0.0197333333333333,0.0197333333333333,0.0197333333333333,0.0197333333333333,0.0197333333333333,0.0197333333333333,0.0197333333333333,0.0197333333333333,0.0197333333333333,0.0,10
CDC Diabetes,GaussianCopula,Utility,Recall_TRTR,0.8309000000000001,0.8309000000000001,0.8309000000000001,0.8309000000000001,0.8309000000000001,0.8309000000000001,0.8309000000000001,0.8309000000000001,0.8309000000000001,0.8309000000000001,0.8309000000000001,0.0,10
CDC Diabetes,GaussianCopula,Utility,Recall_TSTR,0.8111666666666667,0.8111666666666667,0.8111666666666667,0.8111666666666667,0.8111666666666667,0.8111666666666667,0.8111666666666667,0.8111666666666667,0.8111666666666667,0.8111666666666667,0.8111666666666666,0.0,10
CDC Diabetes,TVAE,Compute,evaluation_time_seconds,21.98913520714268,24.54238623194396,22.96212512999773,42.77344564092346,45.37605198589154,39.65235217101872,33.51061956400372,24.72381388099893,27.53922678899835,45.27621439300128,32.83453709939204,9.634876987558682,10
CDC Diabetes,TVAE,Compute,generation_time_seconds,0.0,0.0,0.0,0.0,0.0,0.0,0.0,0.0,0.0,0.0,0.0,0.0,10
CDC Diabetes,TVAE,Compute,total_time_seconds,96.00300842593424,69.85266554914415,73.35462032095529,133.2828628309071,131.5260544510093,100.9229640890844,1100.143053526001,1520.696942981995,1512.263743416996,1547.733435415998,628.5779351008025,692.7303375016675,10
CDC Diabetes,TVAE,Compute,training_time_seconds,73.948455699021,45.25273866904899,50.33782755909488,90.26313196495175,86.04381051915698,61.12000578199513,1065.894703584003,1495.923285710996,1484.592559797005,1502.232706063995,595.5609225349268,692.5833082577717,10
CDC Diabetes,TVAE,Fidelity,KS_Complement,0.9410568181818182,0.9237159090909092,0.9320568181818182,0.9377840909090912,0.9368863636363638,0.9366931818181816,0.9352727272727276,0.9440568181818182,0.938,0.9379545454545454,0.9363477272727273,0.00546219791481468,10
CDC Diabetes,TVAE,Fidelity,MMD,0.0299151391953144,0.0409211158994061,0.0251609140358806,0.0291316515068644,0.0286880790140318,0.0341732633169382,0.0228656173496419,0.0266834496263727,0.0236833023361062,0.0271556738227551,0.02883782061033114,0.005364173260608611,10
CDC Diabetes,TVAE,Fidelity,Quality_Score,0.9019065656565656,0.8893459595959596,0.8802171717171717,0.8840473484848486,0.8829854797979799,0.8868061868686867,0.8748661616161617,0.8821616161616161,0.880447601010101,0.8910101010101009,0.8853794191919192,0.007468304029827345,10
CDC Diabetes,TVAE,Fidelity,Wasserstein_Distance,0.2096590909090908,0.2641590909090908,0.2471590909090909,0.22975,0.2542500000000001,0.2496363636363635,0.2619090909090909,0.2284545454545454,0.2421363636363636,0.2511363636363635,0.24382499999999996,0.016839278503102524,10
CDC Diabetes,TVAE,Privacy,MIA_AUC,0.6955555555555556,0.7534567901234568,0.6765432098765433,0.6774074074074075,0.6885185185185185,0.698641975308642,0.7177777777777777,0.6556790123456789,0.6850617283950617,0.7046296296296297,0.6953271604938273,0.026621475991433535,10
CDC Diabetes,TVAE,Privacy,Mahalanobis_Distance,3.601958454066686,3.563358232940347,3.543478083183643,3.608575705881539,3.683416058434051,3.689693016679878,3.570882035783093,3.662190157651421,3.55990460358475,3.541214400646004,3.6024670748851415,0.05709231799114508,10
CDC Diabetes,TVAE,Privacy,Mean_Distance,3.601958454066686,3.563358232940347,3.543478083183643,3.608575705881539,3.683416058434051,3.689693016679878,3.570882035783093,3.662190157651421,3.55990460358475,3.541214400646004,3.6024670748851415,0.05709231799114508,10
CDC Diabetes,TVAE,Privacy,Median_Distance,3.20174339814158,3.166856608489422,3.161912528180345,3.179244864829643,3.167176143323704,3.173968976634916,3.170402214117903,3.224651102460019,3.151266286634396,3.145727621324953,3.174294974413688,0.02341571886843857,10
CDC Diabetes,TVAE,Privacy,NNDR,0.7817270146460665,0.7962965145113705,0.8018104152215232,0.8030973565382442,0.7874218693836698,0.8012056066195332,0.7857067436451418,0.7816176710707244,0.7524728354238043,0.7816393480491418,0.787299537510922,0.01507494797805563,10
CDC Diabetes,TVAE,Utility,Accuracy_Gap,-0.0050333333333332,-0.0147666666666664,-0.0104999999999997,-0.0042666666666664,0.0007666666666665,-0.0066,-0.0126666666666666,-0.0037999999999998,-0.0090666666666666,-0.0059666666666666,-0.00718999999999988,0.004615434385613186,10
CDC Diabetes,TVAE,Utility,Accuracy_TRTR,0.8309000000000001,0.8309000000000001,0.8309000000000001,0.8309000000000001,0.8309000000000001,0.8309000000000001,0.8309000000000001,0.8309000000000001,0.8309000000000001,0.8309000000000001,0.8309000000000001,0.0,10
CDC Diabetes,TVAE,Utility,Accuracy_TSTR,0.8359333333333333,0.8456666666666666,0.8413999999999998,0.8351666666666665,0.8301333333333335,0.8375000000000001,0.8435666666666667,0.8346999999999999,0.8399666666666668,0.8368666666666668,0.83809,0.004615434385613217,10
CDC Diabetes,TVAE,Utility,F1_Gap,-0.0150711743865759,-0.0123095784301928,-0.0172366281438801,-0.0093703207770413,-0.0076857592736481,-0.0138970615970099,-0.0101805170956701,-0.0167794058721473,-0.0129473663101962,-0.0109632758415437,-0.012644108772790541,0.003163221478920406,10
CDC Diabetes,TVAE,Utility,F1_TRTR,0.8033546059916947,0.8033546059916947,0.8033546059916947,0.8033546059916947,0.8033546059916947,0.8033546059916947,0.8033546059916947,0.8033546059916947,0.8033546059916947,0.8033546059916947,0.8033546059916947,0.0,10
CDC Diabetes,TVAE,Utility,F1_TSTR,0.8184257803782706,0.8156641844218876,0.8205912341355749,0.8127249267687361,0.8110403652653428,0.8172516675887047,0.8135351230873649,0.820134011863842,0.8163019723018909,0.8143178818332385,0.8159987147644854,0.003163221478920405,10
CDC Diabetes,TVAE,Utility,Precision_Gap,-0.0080926115762375,-0.0046587443284141,-0.0116393272792233,-0.0061593805552908,-0.0033682991444285,-0.0079354710798543,-0.0017899961144657,-0.0121868945926085,-0.0083142928379092,-0.005837140093644,-0.006998215760207591,0.0033349533907957338,10
CDC Diabetes,TVAE,Utility,Precision_TRTR,0.79977359057349,0.79977359057349,0.79977359057349,0.79977359057349,0.79977359057349,0.79977359057349,0.79977359057349,0.79977359057349,0.79977359057349,0.79977359057349,0.79977359057349,0.0,10
CDC Diabetes,TVAE,Utility,Precision_TSTR,0.8078662021497275,0.8044323349019041,0.8114129178527133,0.8059329711287808,0.8031418897179186,0.8077090616533443,0.8015635866879557,0.8119604851660985,0.8080878834113993,0.805610730667134,0.8067718063336976,0.003334953390795737,10
CDC Diabetes,TVAE,Utility,ROC_AUC_Gap,0.0108706860800073,0.0268204209959984,0.0058848089489669,0.0210283634284944,0.0160150251633659,0.0115541320600332,0.0267587735521254,0.0076489065985184,0.0070980026228185,0.014873006265622,0.014855212571595038,0.0077721806395779185,10
CDC Diabetes,TVAE,Utility,ROC_AUC_TRTR,0.7153842597262854,0.7153842597262854,0.7153842597262854,0.7153842597262854,0.7153842597262854,0.7153842597262854,0.7153842597262854,0.7153842597262854,0.7153842597262854,0.7153842597262854,0.7153842597262854,0.0,10
CDC Diabetes,TVAE,Utility,ROC_AUC_TSTR,0.7045135736462781,0.6885638387302869,0.7094994507773185,0.6943558962977909,0.6993692345629194,0.7038301276662522,0.68862548617416,0.7077353531277669,0.7082862571034668,0.7005112534606633,0.7005290471546903,0.00777218063957792,10
CDC Diabetes,TVAE,Utility,Recall_Gap,-0.0050333333333332,-0.0147666666666664,-0.0104999999999997,-0.0042666666666664,0.0007666666666665,-0.0066,-0.0126666666666666,-0.0037999999999998,-0.0090666666666666,-0.0059666666666666,-0.00718999999999988,0.004615434385613186,10
CDC Diabetes,TVAE,Utility,Recall_TRTR,0.8309000000000001,0.8309000000000001,0.8309000000000001,0.8309000000000001,0.8309000000000001,0.8309000000000001,0.8309000000000001,0.8309000000000001,0.8309000000000001,0.8309000000000001,0.8309000000000001,0.0,10
CDC Diabetes,TVAE,Utility,Recall_TSTR,0.8359333333333333,0.8456666666666666,0.8413999999999998,0.8351666666666665,0.8301333333333335,0.8375000000000001,0.8435666666666667,0.8346999999999999,0.8399666666666668,0.8368666666666668,0.83809,0.004615434385613217,10
CDC Diabetes,TabDDPM,Compute,evaluation_time_seconds,16.3730004131794,17.77571821096353,17.93658826383762,25.20413710200228,45.33840318699367,31.54047711612657,38.17694612999912,36.81819339899812,28.70590236099815,34.69094065199897,29.256030683509742,9.847667447572109,10
CDC Diabetes,TabDDPM,Compute,generation_time_seconds,0.0,0.0,0.0,0.0,0.0,0.0,0.0,0.0,0.0,0.0,0.0,0.0,10
CDC Diabetes,TabDDPM,Compute,total_time_seconds,22.92257009306923,23.85848584701307,23.88154759188183,48.66532227094285,59.9959873619955,54.72341347788461,63.39098785599344,94.17190341700189,47.74077484699956,55.95344515200122,49.53044379147832,22.089639793894097,10
CDC Diabetes,TabDDPM,Compute,training_time_seconds,6.532755281077698,6.066497482126579,5.928676279028878,23.33708441094495,14.55614616395906,22.97317979903892,24.99537645099917,57.17986751499848,18.84658981300163,21.09083005999855,20.15070032551739,15.028536902191725,10
CDC Diabetes,TabDDPM,Fidelity,KS_Complement,0.8073522727272727,0.7043181818181817,0.7464318181818183,0.814215909090909,0.7807613636363636,0.7767727272727274,0.7501250000000002,0.7978977272727273,0.7370454545454546,0.7405,0.7655420454545455,0.03545308856839004,10
CDC Diabetes,TabDDPM,Fidelity,MMD,0.1538484567170892,0.1694095756616825,0.1315723150917226,0.1584359439419474,0.1578953734846821,0.1855809131238528,0.1495729645975189,0.1784365017650818,0.1781202639206517,0.1461837177902668,0.16090560260944958,0.01685043300109549,10
CDC Diabetes,TabDDPM,Fidelity,Quality_Score,0.5882885101123738,0.5057222222335859,0.5661906565770203,0.6059242424356059,0.5568162878901516,0.5582500000113636,0.5369614899103535,0.5778529040517677,0.523518939405303,0.5537272727386364,0.5573252525366162,0.0299166379540227,10
CDC Diabetes,TabDDPM,Fidelity,Wasserstein_Distance,2.247865074825509,2.191467718385407,2.02052974411591,2.029818550624515,2.080346434511647,2.363786645672463,2.59549042834989,2.310115961902494,2.567027020887208,2.642885191153046,2.3049332770428093,0.2342749118705599,10
CDC Diabetes,TabDDPM,Privacy,MIA_AUC,0.8287654320987655,0.9070370370370372,0.7887654320987654,0.807530864197531,0.9014814814814814,0.8620987654320987,0.8565432098765432,0.9104938271604938,0.922962962962963,0.8625925925925927,0.8648271604938271,0.04599539894832217,10
CDC Diabetes,TabDDPM,Privacy,Mahalanobis_Distance,10.31607181746884,9.445185257260542,8.695376795186018,9.341593448642335,9.706138270907612,10.40959497966129,9.769230206992884,10.73569854428578,10.48002638198781,10.8459388668564,9.97448545692495,0.6937354178139836,10
CDC Diabetes,TabDDPM,Privacy,Mean_Distance,10.31607181746884,9.445185257260542,8.695376795186018,9.341593448642335,9.706138270907612,10.40959497966129,9.769230206992884,10.73569854428578,10.48002638198781,10.8459388668564,9.97448545692495,0.6937354178139836,10
CDC Diabetes,TabDDPM,Privacy,Median_Distance,8.985430655845878,9.079220608398211,8.555821076005806,8.84207758989881,10.03629062105196,12.03644409990769,9.564724071546522,11.40316815603157,11.52333154547584,12.84937392785364,10.287588235201593,1.5356066897898815,10
CDC Diabetes,TabDDPM,Privacy,NNDR,0.9268062522735708,0.9280928041030508,0.9156886080245106,0.9194425122867206,0.9228541362804816,0.9011467315879776,0.8998088059246538,0.927718875412567,0.924488411701518,0.9179482523502837,0.9183995389945334,0.01032965189714227,10
CDC Diabetes,TabDDPM,Utility,Accuracy_Gap,0.0046666666666668,0.0047999999999999,0.0220333333333332,0.0113333333333334,0.0182666666666668,0.0378,0.0328333333333332,0.0194333333333335,0.0068666666666669,0.0274666666666667,0.018550000000000042,0.011725884104181234,10
CDC Diabetes,TabDDPM,Utility,Accuracy_TRTR,0.8309000000000001,0.8309000000000001,0.8309000000000001,0.8309000000000001,0.8309000000000001,0.8309000000000001,0.8309000000000001,0.8309000000000001,0.8309000000000001,0.8309000000000001,0.8309000000000001,0.0,10
CDC Diabetes,TabDDPM,Utility,Accuracy_TSTR,0.8262333333333333,0.8261000000000002,0.8088666666666668,0.8195666666666667,0.8126333333333332,0.7931,0.7980666666666668,0.8114666666666666,0.8240333333333332,0.8034333333333333,0.81235,0.01172588410418125,10
CDC Diabetes,TabDDPM,Utility,F1_Gap,0.0172289521456618,0.0185617338475953,0.0276760621184095,0.0214776126540955,0.0280529351773777,0.0374687936763901,0.0350813263491985,0.0246145784731621,0.0188512919774094,0.0278105033875467,0.025682378980684657,0.006904354708278262,10
CDC Diabetes,TabDDPM,Utility,F1_TRTR,0.8033546059916947,0.8033546059916947,0.8033546059916947,0.8033546059916947,0.8033546059916947,0.8033546059916947,0.8033546059916947,0.8033546059916947,0.8033546059916947,0.8033546059916947,0.8033546059916947,0.0,10
CDC Diabetes,TabDDPM,Utility,F1_TSTR,0.7861256538460328,0.7847928721440994,0.7756785438732852,0.7818769933375992,0.775301670814317,0.7658858123153046,0.7682732796424961,0.7787400275185326,0.7845033140142853,0.775544102604148,0.7776722270110101,0.006904354708278264,10
CDC Diabetes,TabDDPM,Utility,Precision_Gap,0.0477553093827003,0.0504698990055142,0.0492845122761658,0.0492002801738902,0.0555215236973503,0.0052653910422946,0.0513422483679413,0.0402787076349394,0.048724406635615,0.0278668200521209,0.0425709098268532,0.015180321761421,10
CDC Diabetes,TabDDPM,Utility,Precision_TRTR,0.79977359057349,0.79977359057349,0.79977359057349,0.79977359057349,0.79977359057349,0.79977359057349,0.79977359057349,0.79977359057349,0.79977359057349,0.79977359057349,0.79977359057349,0.0,10
CDC Diabetes,TabDDPM,Utility,Precision_TSTR,0.7520182811907896,0.7493036915679757,0.7504890782973241,0.7505733103995997,0.7442520668761397,0.7945081995311953,0.7484313422055486,0.7594948829385505,0.7510491839378749,0.771906770521369,0.7572026807466368,0.015180321761421001,10
CDC Diabetes,TabDDPM,Utility,ROC_AUC_Gap,0.1672757153905647,0.2824869419505252,0.258662866942399,0.2366576717441743,0.2189675174013921,0.2616635562729077,0.2346691213557954,0.2569716253628792,0.2005974197742584,0.1203788235425983,0.22383312597374944,0.04936223919585638,10
CDC Diabetes,TabDDPM,Utility,ROC_AUC_TRTR,0.7153842597262854,0.7153842597262854,0.7153842597262854,0.7153842597262854,0.7153842597262854,0.7153842597262854,0.7153842597262854,0.7153842597262854,0.7153842597262854,0.7153842597262854,0.7153842597262854,0.0,10
CDC Diabetes,TabDDPM,Utility,ROC_AUC_TSTR,0.5481085443357206,0.4328973177757602,0.4567213927838864,0.478726587982111,0.4964167423248932,0.4537207034533777,0.48071513837049,0.4584126343634062,0.514786839952027,0.5950054361836871,0.4915511337525359,0.04936223919585637,10
CDC Diabetes,TabDDPM,Utility,Recall_Gap,0.0046666666666668,0.0047999999999999,0.0220333333333332,0.0113333333333334,0.0182666666666668,0.0378,0.0328333333333332,0.0194333333333335,0.0068666666666669,0.0274666666666667,0.018550000000000042,0.011725884104181234,10
CDC Diabetes,TabDDPM,Utility,Recall_TRTR,0.8309000000000001,0.8309000000000001,0.8309000000000001,0.8309000000000001,0.8309000000000001,0.8309000000000001,0.8309000000000001,0.8309000000000001,0.8309000000000001,0.8309000000000001,0.8309000000000001,0.0,10
CDC Diabetes,TabDDPM,Utility,Recall_TSTR,0.8262333333333333,0.8261000000000002,0.8088666666666668,0.8195666666666667,0.8126333333333332,0.7931,0.7980666666666668,0.8114666666666666,0.8240333333333332,0.8034333333333333,0.81235,0.01172588410418125,10
CDC Diabetes,WGAN-GP,Compute,evaluation_time_seconds,20.52678356110118,19.40857652411796,20.7161181748379,42.61256818287075,45.3348581418395,60.03623364400119,44.39270911800122,78.16048778800177,51.56635166499473,43.55551323899999,42.63102000387662,18.75140316012962,10
CDC Diabetes,WGAN-GP,Compute,generation_time_seconds,0.0,0.0,0.0,0.0,0.0,0.0,0.0,0.0,0.0,0.0,0.0,0.0,10
CDC Diabetes,WGAN-GP,Compute,total_time_seconds,218.4868148779497,203.8931241098326,187.3302592961118,309.7187133161351,302.3750751530752,325.6139156050049,517.2253894290043,485.606390146997,472.8949399940029,506.6576383159991,352.98022602441125,131.44460877554144,10
CDC Diabetes,WGAN-GP,Compute,training_time_seconds,197.8944028848782,184.4424938978627,166.5583005398512,266.8821457650047,256.8417310148943,265.4407253051177,472.6904716520003,407.0668859819998,421.1940483940052,462.768800676,310.1780006111614,118.86997060301178,10
CDC Diabetes,WGAN-GP,Fidelity,KS_Complement,0.6226818181818182,0.6247159090909091,0.6145681818181818,0.6212159090909091,0.6056818181818181,0.6161931818181817,0.6321136363636363,0.6336136363636364,0.6312840909090908,0.6300454545454545,0.6232113636363636,0.009049872975482032,10
CDC Diabetes,WGAN-GP,Fidelity,MMD,0.0116616338700988,0.0095633228587107,0.0116866459464368,0.0084678943962378,0.0101143271732847,0.0098176692274301,0.009076376697863,0.010198058359149,0.0106982745698552,0.0116529364919837,0.01029371395910498,0.0011274142504203743,10
CDC Diabetes,WGAN-GP,Fidelity,Quality_Score,0.0910910056761009,0.0887216874942827,0.0879035056761009,0.0916932784033736,0.0865625965908736,0.0900853238465555,0.0892387329488282,0.09106827839201,0.0865569147556463,0.08799441476701,0.08909157385507817,0.0018635525383831535,10
CDC Diabetes,WGAN-GP,Fidelity,Wasserstein_Distance,0.3318176070008534,0.3348791369805921,0.3171551356876733,0.3106075302434715,0.3493944494273019,0.3113470860651775,0.3185237579580736,0.3353270253865792,0.3058448315300773,0.3357674107866824,0.32506639710664825,0.014242565737046787,10
CDC Diabetes,WGAN-GP,Privacy,MIA_AUC,0.4625925925925926,0.5275308641975309,0.5264197530864198,0.5588888888888889,0.5309876543209876,0.5820987654320988,0.5393827160493827,0.5628395061728395,0.5564197530864197,0.508888888888889,0.5356049382716049,0.033513671598568,10
CDC Diabetes,WGAN-GP,Privacy,Mahalanobis_Distance,4.16417421341536,4.273617926480434,4.233565311143709,4.252821022111586,4.246922829394443,4.128200575046058,4.201055086546472,4.271128629808124,4.284097520613518,4.281644275976843,4.233722739053654,0.05312776066676636,10
CDC Diabetes,WGAN-GP,Privacy,Mean_Distance,4.16417421341536,4.273617926480434,4.233565311143709,4.252821022111586,4.246922829394443,4.128200575046058,4.201055086546472,4.271128629808124,4.284097520613518,4.281644275976843,4.233722739053654,0.05312776066676636,10
CDC Diabetes,WGAN-GP,Privacy,Median_Distance,4.09176986216713,4.021129608889968,4.003471943940367,4.097763438642757,4.164870072851424,3.927216745514861,3.904219982543253,4.113612678146226,4.165195210815993,4.20801871869924,4.069726826221121,0.10270889272121467,10
CDC Diabetes,WGAN-GP,Privacy,NNDR,0.9215158921734184,0.927122984140038,0.925336981644204,0.91970763370206,0.932759999729061,0.9222054902264658,0.9299305517898052,0.9300520133686624,0.9233512389077724,0.9262908254519652,0.9258273611133451,0.004218585949668009,10
CDC Diabetes,WGAN-GP,Utility,Accuracy_Gap,0.0190666666666667,-0.0085999999999998,-0.0114999999999998,-0.0139333333333332,-0.0158666666666667,-0.0234999999999999,-0.0213999999999998,-0.0174999999999998,-0.0139999999999997,-0.014533333333333,-0.0121766666666665,0.01181619572796087,10
CDC Diabetes,WGAN-GP,Utility,Accuracy_TRTR,0.8309000000000001,0.8309000000000001,0.8309000000000001,0.8309000000000001,0.8309000000000001,0.8309000000000001,0.8309000000000001,0.8309000000000001,0.8309000000000001,0.8309000000000001,0.8309000000000001,0.0,10
CDC Diabetes,WGAN-GP,Utility,Accuracy_TSTR,0.8118333333333333,0.8394999999999999,0.8423999999999999,0.8448333333333333,0.8467666666666668,0.8544,0.8523,0.8483999999999999,0.8448999999999999,0.8454333333333331,0.8430766666666667,0.011816195727960912,10
CDC Diabetes,WGAN-GP,Utility,F1_Gap,0.0048961573323236,-5.70356899818325e-05,-0.0034894588208813,-0.0099519657393425,-0.0051537120151191,-0.0068555199345499,-0.0066978954482757,-0.0078003565630374,-0.0048720516001771,-0.0043543912398354,-0.004433622971887663,0.004224101547898962,10
CDC Diabetes,WGAN-GP,Utility,F1_TRTR,0.8033546059916947,0.8033546059916947,0.8033546059916947,0.8033546059916947,0.8033546059916947,0.8033546059916947,0.8033546059916947,0.8033546059916947,0.8033546059916947,0.8033546059916947,0.8033546059916947,0.0,10
CDC Diabetes,WGAN-GP,Utility,F1_TSTR,0.7984584486593711,0.8034116416816766,0.8068440648125761,0.8133065717310373,0.8085083180068139,0.8102101259262446,0.8100525014399704,0.8111549625547322,0.8082266575918718,0.8077089972315302,0.8077882289635825,0.00422410154789898,10
CDC Diabetes,WGAN-GP,Utility,Precision_Gap,-0.0023061114823323,0.0080840733628175,0.0192679359981149,0.0007755213126425,0.0023852088615299,0.0205687374704487,-0.0133139341262241,-0.005712847780796,0.0060617521718011,0.0175713547508286,0.00533816905388308,0.011263124177090125,10
CDC Diabetes,WGAN-GP,Utility,Precision_TRTR,0.79977359057349,0.79977359057349,0.79977359057349,0.79977359057349,0.79977359057349,0.79977359057349,0.79977359057349,0.79977359057349,0.79977359057349,0.79977359057349,0.79977359057349,0.0,10
CDC Diabetes,WGAN-GP,Utility,Precision_TSTR,0.8020797020558224,0.7916895172106724,0.780505654575375,0.7989980692608474,0.79738838171196,0.7792048531030412,0.8130875246997141,0.805486438354286,0.7937118384016888,0.7822022358226614,0.7944354215196069,0.011263124177090163,10
CDC Diabetes,WGAN-GP,Utility,ROC_AUC_Gap,-0.0036507896477125,0.0382826423215306,0.0209081509129426,0.006100014571214,0.0211771579407515,0.0265474909490343,0.0401502796552227,0.0159100844009549,0.0127245928466546,0.0295921741372161,0.02077417980878088,0.013717845322859358,10
CDC Diabetes,WGAN-GP,Utility,ROC_AUC_TRTR,0.7153842597262854,0.7153842597262854,0.7153842597262854,0.7153842597262854,0.7153842597262854,0.7153842597262854,0.7153842597262854,0.7153842597262854,0.7153842597262854,0.7153842597262854,0.7153842597262854,0.0,10
CDC Diabetes,WGAN-GP,Utility,ROC_AUC_TSTR,0.719035049373998,0.6771016174047547,0.6944761088133428,0.7092842451550714,0.6942071017855338,0.6888367687772511,0.6752339800710626,0.6994741753253304,0.7026596668796308,0.6857920855890692,0.6946100799175046,0.013717845322859398,10
CDC Diabetes,WGAN-GP,Utility,Recall_Gap,0.0190666666666667,-0.0085999999999998,-0.0114999999999998,-0.0139333333333332,-0.0158666666666667,-0.0234999999999999,-0.0213999999999998,-0.0174999999999998,-0.0139999999999997,-0.014533333333333,-0.0121766666666665,0.01181619572796087,10
CDC Diabetes,WGAN-GP,Utility,Recall_TRTR,0.8309000000000001,0.8309000000000001,0.8309000000000001,0.8309000000000001,0.8309000000000001,0.8309000000000001,0.8309000000000001,0.8309000000000001,0.8309000000000001,0.8309000000000001,0.8309000000000001,0.0,10
CDC Diabetes,WGAN-GP,Utility,Recall_TSTR,0.8118333333333333,0.8394999999999999,0.8423999999999999,0.8448333333333333,0.8467666666666668,0.8544,0.8523,0.8483999999999999,0.8448999999999999,0.8454333333333331,0.8430766666666667,0.011816195727960912,10
Cancer,CTABGAN,Compute,evaluation_time_seconds,7.194641651818529,7.029785206075758,6.867869935929775,40.26270252815448,41.664278059965,43.93764335801825,24.11490175300003,26.06732034599997,18.98928320900001,19.39891193000005,23.552733797796186,14.477928853267436,10
Cancer,CTABGAN,Compute,generation_time_seconds,0.0,0.0,0.0,0.0,0.0,0.0,0.0,0.0,0.0,0.0,0.0,0.0,10
Cancer,CTABGAN,Compute,total_time_seconds,49.1010600537993,48.32366614486091,48.33155463892035,168.1537964390591,181.3026969560888,173.3631310819183,139.469288133,151.154858261,118.675972955,121.586205022,119.94622296856467,53.311322180083714,10
Cancer,CTABGAN,Compute,training_time_seconds,41.89573233295232,41.28318815305829,41.44670160184614,127.5915195387788,139.3037543389946,129.3688921032008,115.269546872,124.968134748,99.57335330900004,102.052389084,96.2753212081831,39.64158362217364,10
Cancer,CTABGAN,Fidelity,KS_Complement,0.8395684981684983,0.846676923076923,0.8268172161172163,0.7544710622710622,0.8650816849816849,0.8592014652014652,0.8716032967032967,0.8279282051282052,0.8410648351648352,0.8506553113553114,0.8383068498168498,0.03293434245328656,10
Cancer,CTABGAN,Fidelity,MMD,0.0628332847072221,0.0554043797660034,0.0649389222125092,0.095982067693487,0.0359597596365562,0.0472484632327822,0.0341073741860148,0.0636605413998518,0.0611074383059768,0.0570933971461467,0.05783356282865502,0.017433531282514986,10
Cancer,CTABGAN,Fidelity,Quality_Score,0.82765944737971,0.8225323778714396,0.8100461856330177,0.6897608861885769,0.8360343490609998,0.8318711119272715,0.8451444913558129,0.8213729588872041,0.8285142778395669,0.814879549487852,0.8127815635631451,0.04439243311794293,10
Cancer,CTABGAN,Fidelity,Wasserstein_Distance,5.984714765014141,5.479449111511328,7.841806950762587,14.20946815054091,5.261519016176782,4.389712028552139,9.52083967226267,7.893139240284309,7.182522198169439,9.85670910349135,7.761988023676565,2.894516705431516,10
Cancer,CTABGAN,Privacy,MIA_AUC,0.8644444444444445,0.7903703703703704,0.9030864197530863,0.8055555555555556,0.8593827160493828,0.9083950617283948,0.7912345679012346,0.9060493827160496,0.9475308641975309,0.7879012345679013,0.8563950617283951,0.05926428305179643,10
Cancer,CTABGAN,Privacy,Mahalanobis_Distance,78.99667591083345,80.82701098837282,77.7707737026771,82.56192896961478,75.52197301927293,77.58924220878832,70.34855899224107,75.50197572280813,70.58528224489281,80.25930877214499,76.99627305316464,4.095403205783522,10
Cancer,CTABGAN,Privacy,Mean_Distance,78.99667591083345,80.82701098837282,77.7707737026771,82.56192896961478,75.52197301927293,77.58924220878832,70.34855899224107,75.50197572280813,70.58528224489281,80.25930877214499,76.99627305316464,4.095403205783522,10
Cancer,CTABGAN,Privacy,Median_Distance,70.0606031569054,70.32954424481878,67.54612834739831,81.39095848350846,68.71423683764785,63.90782167319892,64.43405543133107,64.59112539823471,62.37490157707876,72.1549757154639,68.55043508655862,5.5444150317371,10
Cancer,CTABGAN,Privacy,NNDR,0.9665800852448042,0.9642862335002472,0.96770209692126,0.9704656938973222,0.9674021085139412,0.9641588913014963,0.9629683949509013,0.9634631715120308,0.965787032203028,0.968968515095017,0.966178222314005,0.0024862862335513322,10
Cancer,CTABGAN,Utility,Accuracy_Gap,0.0739766081871347,0.135672514619883,0.0690058479532164,0.4669590643274852,0.114035087719298,0.089473684210526,0.0599415204678363,0.0871345029239764,0.118421052631579,0.116081871345029,0.13307017543859637,0.11986516689523473,10
Cancer,CTABGAN,Utility,Accuracy_TRTR,0.958187134502924,0.958187134502924,0.958187134502924,0.9552631578947368,0.9552631578947368,0.9552631578947368,0.9552631578947368,0.9552631578947368,0.9552631578947368,0.9552631578947368,0.9561403508771932,0.0014124148875428704,10
Cancer,CTABGAN,Utility,Accuracy_TSTR,0.8842105263157892,0.8225146198830409,0.8891812865497075,0.4883040935672515,0.8412280701754387,0.8657894736842107,0.8953216374269004,0.8681286549707603,0.8368421052631577,0.8391812865497077,0.8230701754385965,0.12019977888896108,10
Cancer,CTABGAN,Utility,F1_Gap,0.0768077345497619,0.1380328964203665,0.0697124407301317,0.4731193826076921,0.1176383006264689,0.0905128397912136,0.0615802573038155,0.0911663120686864,0.1194748848021389,0.1271196179074809,0.13651646668077563,0.12103958960469452,10
Cancer,CTABGAN,Utility,F1_TRTR,0.9579899186677384,0.9579899186677384,0.9579899186677384,0.955026012919316,0.955026012919316,0.955026012919316,0.955026012919316,0.955026012919316,0.955026012919316,0.955026012919316,0.9559151846438427,0.0014317024946861974,10
Cancer,CTABGAN,Utility,F1_TSTR,0.8811821841179766,0.819957022247372,0.8882774779376068,0.4819066303116239,0.8373877122928471,0.8645131731281024,0.8934457556155004,0.8638597008506296,0.8355511281171771,0.827906395011835,0.8193987179630671,0.12138764484336258,10
Cancer,CTABGAN,Utility,Precision_Gap,0.0712335482365167,0.1339692493173898,0.0665475532734417,0.4743198734276945,0.1153788373597735,0.0902102363806213,0.0562536934200127,0.0835398803254416,0.1169477470063713,0.1019763061432398,0.13103769248905028,0.12310367077956613,10
Cancer,CTABGAN,Utility,Precision_TRTR,0.9585588829451,0.9585588829451,0.9585588829451,0.9557169942454204,0.9557169942454204,0.9557169942454204,0.9557169942454204,0.9557169942454204,0.9557169942454204,0.9557169942454204,0.9565695608553243,0.0013727626605931863,10
Cancer,CTABGAN,Utility,Precision_TSTR,0.8873253347085832,0.8245896336277101,0.8920113296716582,0.4813971208177258,0.8403381568856468,0.865506757864799,0.8994633008254076,0.8721771139199787,0.838769247239049,0.8537406881021805,0.8255318683662738,0.12342221250350137,10
Cancer,CTABGAN,Utility,ROC_AUC_Gap,0.0481481481481483,0.1089836860670195,0.051526675485009,0.5871748236331571,0.0963514109347443,0.0667493386243387,0.0394179894179895,0.0732638888888889,0.0929177689594357,0.0956128747795417,0.12601466049382726,0.16372876985804635,10
Cancer,CTABGAN,Utility,ROC_AUC_TRTR,0.9709325396825398,0.9709325396825398,0.9709325396825398,0.9709325396825398,0.9709325396825398,0.9709325396825398,0.9709325396825398,0.9709325396825398,0.9709325396825398,0.9709325396825398,0.9709325396825397,0.0,10
Cancer,CTABGAN,Utility,ROC_AUC_TSTR,0.9227843915343914,0.8619488536155202,0.9194058641975308,0.3837577160493827,0.8745811287477955,0.904183201058201,0.9315145502645502,0.8976686507936509,0.8780147707231041,0.8753196649029981,0.8449178791887126,0.16372876985804632,10
Cancer,CTABGAN,Utility,Recall_Gap,0.0739766081871347,0.135672514619883,0.0690058479532164,0.4669590643274852,0.114035087719298,0.089473684210526,0.0599415204678363,0.0871345029239764,0.118421052631579,0.116081871345029,0.13307017543859637,0.11986516689523473,10
Cancer,CTABGAN,Utility,Recall_TRTR,0.958187134502924,0.958187134502924,0.958187134502924,0.9552631578947368,0.9552631578947368,0.9552631578947368,0.9552631578947368,0.9552631578947368,0.9552631578947368,0.9552631578947368,0.9561403508771932,0.0014124148875428704,10
Cancer,CTABGAN,Utility,Recall_TSTR,0.8842105263157892,0.8225146198830409,0.8891812865497075,0.4883040935672515,0.8412280701754387,0.8657894736842107,0.8953216374269004,0.8681286549707603,0.8368421052631577,0.8391812865497077,0.8230701754385965,0.12019977888896108,10
Cancer,CTGAN,Compute,evaluation_time_seconds,6.491197895957157,5.222942436113954,5.178388346219435,51.389138384955,51.14820525003597,48.07816303707659,51.94004957199991,50.60959934900006,46.58859214799986,55.59440819899987,37.224068461835785,21.931067252671294,10
Cancer,CTGAN,Compute,generation_time_seconds,0.0,0.0,0.0,0.0,0.0,0.0,0.0,0.0,0.0,0.0,0.0,0.0,10
Cancer,CTGAN,Compute,total_time_seconds,78.4635386171285,81.83954001800157,77.06332916091196,83.48103628796525,88.70241850591265,85.70355582493357,96.22136682099996,97.52870879499984,91.83451674899992,99.03012975899992,87.98681405388531,7.954362316706946,10
Cancer,CTGAN,Compute,training_time_seconds,71.96204185509123,76.60656310198829,71.86530623910949,32.06195912300609,37.51965138595551,37.57253995188512,44.12107145000004,46.78657558099985,45.181954873,43.34351412399997,50.702117768503555,16.356401538516028,10
Cancer,CTGAN,Fidelity,KS_Complement,0.6981571428571429,0.7087820512820514,0.7218120879120877,0.6966527472527472,0.7344978021978023,0.7177897435897437,0.7159912087912088,0.7033142857142857,0.683276923076923,0.6818505494505495,0.7062124542124542,0.016878277929139058,10
Cancer,CTGAN,Fidelity,MMD,0.2225401600036953,0.1971944192537396,0.2153142910933406,0.204068786310453,0.2130623551294459,0.1656569986079261,0.2202031755346762,0.2123140956202577,0.2243234853274768,0.1924105953080174,0.20670883621890285,0.017876212986832073,10
Cancer,CTGAN,Fidelity,Quality_Score,0.6722121099996817,,,0.6716694288012413,0.6907613444936717,0.6819719516306355,0.6791813038601684,0.6766888063498905,0.6635448669811548,0.6642465002686426,0.6750345390481358,0.009126701635432569,8
Cancer,CTGAN,Fidelity,Wasserstein_Distance,23.45855531809939,23.61401053431043,20.70595432454513,12.55328135841476,19.55904859233458,12.22683840520938,15.45392159787267,25.95826532585374,13.15705319554773,17.34489923480015,18.403182788698796,5.0126077699558715,10
Cancer,CTGAN,Privacy,MIA_AUC,1.0,0.991111111111111,0.9974074074074074,0.9993827160493828,0.9623456790123456,0.9755555555555556,0.9874074074074074,0.99679012345679,0.9995061728395062,0.9995061728395062,0.9909012345679014,0.012662204376348192,10
Cancer,CTGAN,Privacy,Mahalanobis_Distance,133.503308299786,114.5245502877272,129.2012700542026,137.384659359263,143.4864329327241,138.0242531376207,140.6030301852565,118.9235311002312,134.6313337774738,149.8837219932909,134.0166091127576,10.769292587411883,10
Cancer,CTGAN,Privacy,Mean_Distance,133.503308299786,114.5245502877272,129.2012700542026,137.384659359263,143.4864329327241,138.0242531376207,140.6030301852565,118.9235311002312,134.6313337774738,149.8837219932909,134.0166091127576,10.769292587411883,10
Cancer,CTGAN,Privacy,Median_Distance,119.6483459171099,102.0902517179277,110.2211880377835,119.9604178327184,126.8906517209481,120.6808432881367,124.8113803248985,108.1268948224798,119.3517808580015,135.4872859737207,118.72690404937248,9.733348128208279,10
Cancer,CTGAN,Privacy,NNDR,0.9815696177020452,0.981481546157858,0.9778312905796892,0.9762363013032834,0.9785592039084828,0.9796011730681208,0.9754449137485124,0.979176188412852,0.9776878941030152,0.9785744252963032,0.9786162554280162,0.001983835966452897,10
Cancer,CTGAN,Utility,Accuracy_Gap,0.4421052631578946,0.4769005847953216,0.4327485380116959,0.1271929824561401,0.2301169590643273,0.374269005847953,0.2134502923976607,0.1435672514619883,0.2307017543859646,0.4578947368421051,0.3128947368421051,0.13719572235855226,10
Cancer,CTGAN,Utility,Accuracy_TRTR,0.958187134502924,0.958187134502924,0.958187134502924,0.9552631578947368,0.9552631578947368,0.9552631578947368,0.9552631578947368,0.9552631578947368,0.9552631578947368,0.9552631578947368,0.9561403508771932,0.0014124148875428704,10
Cancer,CTGAN,Utility,Accuracy_TSTR,0.5160818713450293,0.4812865497076023,0.525438596491228,0.8280701754385966,0.7251461988304094,0.5809941520467837,0.741812865497076,0.8116959064327484,0.7245614035087721,0.4973684210526316,0.6432456140350877,0.13622136203932964,10
Cancer,CTGAN,Utility,F1_Gap,0.4463021115780721,0.5042892137648449,0.4309840473851477,0.1300548490415175,0.2482475125761099,0.4093994429820016,0.2147631698348199,0.1410974779574953,0.2307456233488516,0.4839861886165143,0.3239869637085374,0.14500260324536304,10
Cancer,CTGAN,Utility,F1_TRTR,0.9579899186677384,0.9579899186677384,0.9579899186677384,0.955026012919316,0.955026012919316,0.955026012919316,0.955026012919316,0.955026012919316,0.955026012919316,0.955026012919316,0.9559151846438427,0.0014317024946861974,10
Cancer,CTGAN,Utility,F1_TSTR,0.5116878070896664,0.4537007049028936,0.5270058712825908,0.8249711638777985,0.7067785003432061,0.5456265699373144,0.7402628430844961,0.8139285349618207,0.7242803895704644,0.4710398243028017,0.6319282209353052,0.1440764168559217,10
Cancer,CTGAN,Utility,Precision_Gap,0.3675771121283342,0.5139754830681492,0.3700655106817739,0.1240241017544788,0.1985567320640187,0.40932073593813,0.206284632402599,0.1045932642042069,0.2257484149397669,0.4888936683359946,0.3009039655517452,0.14780728169791305,10
Cancer,CTGAN,Utility,Precision_TRTR,0.9585588829451,0.9585588829451,0.9585588829451,0.9557169942454204,0.9557169942454204,0.9557169942454204,0.9557169942454204,0.9557169942454204,0.9557169942454204,0.9557169942454204,0.9565695608553243,0.0013727626605931863,10
Cancer,CTGAN,Utility,Precision_TSTR,0.5909817708167657,0.4445833998769507,0.588493372263326,0.8316928924909416,0.7571602621814016,0.5463962583072903,0.7494323618428214,0.8511237300412134,0.7299685793056534,0.4668233259094257,0.655665595303579,0.14706642028377628,10
Cancer,CTGAN,Utility,ROC_AUC_Gap,,,,0.1031139770723103,0.1777722663139331,0.457942019400353,0.1755346119929455,0.0787753527336859,0.2376984126984127,0.6001543209876543,0.26157013731418494,0.19438685978135242,7
Cancer,CTGAN,Utility,ROC_AUC_TRTR,,,,0.9709325396825398,0.9709325396825398,0.9709325396825398,0.9709325396825398,0.9709325396825398,0.9709325396825398,0.9709325396825398,0.9709325396825398,0.0,7
Cancer,CTGAN,Utility,ROC_AUC_TSTR,,,,0.8678185626102295,0.7931602733686067,0.5129905202821868,0.7953979276895943,0.8921571869488538,0.733234126984127,0.3707782186948854,0.7093624023683549,0.19438685978135242,7
Cancer,CTGAN,Utility,Recall_Gap,0.4421052631578946,0.4769005847953216,0.4327485380116959,0.1271929824561401,0.2301169590643273,0.374269005847953,0.2134502923976607,0.1435672514619883,0.2307017543859646,0.4578947368421051,0.3128947368421051,0.13719572235855226,10
Cancer,CTGAN,Utility,Recall_TRTR,0.958187134502924,0.958187134502924,0.958187134502924,0.9552631578947368,0.9552631578947368,0.9552631578947368,0.9552631578947368,0.9552631578947368,0.9552631578947368,0.9552631578947368,0.9561403508771932,0.0014124148875428704,10
Cancer,CTGAN,Utility,Recall_TSTR,0.5160818713450293,0.4812865497076023,0.525438596491228,0.8280701754385966,0.7251461988304094,0.5809941520467837,0.741812865497076,0.8116959064327484,0.7245614035087721,0.4973684210526316,0.6432456140350877,0.13622136203932964,10
Cancer,CopulaGAN,Compute,evaluation_time_seconds,6.844208926195279,7.012478957884014,6.787713655969128,33.84754004282877,32.51433082297444,31.74381495197304,34.83213030399997,33.35530827100001,43.51139323200005,48.62532089299998,27.907424005782467,15.448381774575887,10
Cancer,CopulaGAN,Compute,generation_time_seconds,0.0,0.0,0.0,0.0,0.0,0.0,0.0,0.0,0.0,0.0,0.0,0.0,10
Cancer,CopulaGAN,Compute,total_time_seconds,80.71898122597486,76.61866615293548,76.3459458060097,90.63594919699244,89.79741918318905,89.9717350420542,96.22529347199998,96.83134098899995,123.9089338440001,113.6482883010001,93.47025532131559,15.369988732709263,10
Cancer,CopulaGAN,Compute,training_time_seconds,73.830597324064,69.59509833087213,69.54114146204665,56.75208265311085,57.22669753199443,58.17493357509375,61.29995605699992,63.38286416099982,80.34420259099988,64.88231687300004,65.50298905591815,7.774489073196547,10
Cancer,CopulaGAN,Fidelity,KS_Complement,0.6973714285714284,0.6704912087912088,0.6716725274725273,0.6740531135531133,0.6790388278388277,0.6096706959706959,0.6971838827838829,0.7221300366300368,0.6853175824175823,0.6727864468864468,0.677971575091575,0.02897014464030057,10
Cancer,CopulaGAN,Fidelity,MMD,0.268642812482075,0.2646409755683581,0.2578231857459137,0.2662749521801903,0.2408769513117012,0.276836123680046,0.2467553350604929,0.23231736818438,0.2259017439836664,0.2335540184546722,0.2513623466651496,0.01778649976249602,10
Cancer,CopulaGAN,Fidelity,Quality_Score,0.670829269714067,0.656727473538518,0.6592414056312632,0.6585039137996964,0.6631864052616168,0.6256403944798598,0.6713848976200092,0.6834277376397611,0.6651016977682422,0.6592943289365445,0.6613337524389579,0.01493966771208127,10
Cancer,CopulaGAN,Fidelity,Wasserstein_Distance,33.40136545244344,43.11187027961803,36.75500236204747,12.77028095880667,10.78308144388488,41.85054074223157,26.37301008875535,36.4526570034526,26.69795342596849,17.46003679189351,28.565579854910204,11.7287841300689,10
Cancer,CopulaGAN,Privacy,MIA_AUC,0.9998765432098766,0.9977777777777778,1.0,0.9998765432098766,0.9887654320987654,1.0,0.9997530864197532,0.995679012345679,1.0,0.9992592592592592,0.998098765432099,0.003563985586367478,10
Cancer,CopulaGAN,Privacy,Mahalanobis_Distance,130.6279633148935,131.0070055832447,151.2031328434829,144.9891100894934,104.8852452477605,116.7380048157578,146.8294459216469,127.1220451573793,113.3581838127069,103.2458852135156,127.00060219998814,17.245185450030686,10
Cancer,CopulaGAN,Privacy,Mean_Distance,130.6279633148935,131.0070055832447,151.2031328434829,144.9891100894934,104.8852452477605,116.7380048157578,146.8294459216469,127.1220451573793,113.3581838127069,103.2458852135156,127.00060219998814,17.245185450030686,10
Cancer,CopulaGAN,Privacy,Median_Distance,116.4259912431834,116.4886328594257,138.2865085803294,125.4487743027163,91.41244768049565,106.7122752035573,129.9267675224331,112.1833940360566,98.49828475418455,92.52343055329148,112.79065067356737,15.776843246223152,10
Cancer,CopulaGAN,Privacy,NNDR,0.97853305831354,0.977944304460262,0.979480809337024,0.9804679261980996,0.974050954271007,0.9812053414183788,0.9790639359077888,0.97968072678256,0.9775357919784547,0.9808420791242284,0.9788804927791344,0.0020799816926752833,10
Cancer,CopulaGAN,Utility,Accuracy_Gap,0.3599415204678361,0.3187134502923978,0.3350877192982456,0.2804093567251461,0.4476608187134502,0.6312865497076023,0.2444444444444445,0.0663742690058479,0.6274853801169589,0.5,0.38114035087719295,0.17517899625775116,10
Cancer,CopulaGAN,Utility,Accuracy_TRTR,0.958187134502924,0.958187134502924,0.958187134502924,0.9552631578947368,0.9552631578947368,0.9552631578947368,0.9552631578947368,0.9552631578947368,0.9552631578947368,0.9552631578947368,0.9561403508771932,0.0014124148875428704,10
Cancer,CopulaGAN,Utility,Accuracy_TSTR,0.5982456140350878,0.6394736842105261,0.6230994152046783,0.6748538011695906,0.5076023391812865,0.3239766081871344,0.7108187134502922,0.8888888888888887,0.3277777777777778,0.4552631578947367,0.575,0.17542501842626324,10
Cancer,CopulaGAN,Utility,F1_Gap,0.368592147162586,0.3141614896143794,0.3522213056266984,0.3033824145810193,0.4657010378141081,0.6273324806682536,0.2412795693763686,0.0653665638499161,0.6327500769907675,0.5392830585045243,0.39100701441886204,0.17823345807172364,10
Cancer,CopulaGAN,Utility,F1_TRTR,0.9579899186677384,0.9579899186677384,0.9579899186677384,0.955026012919316,0.955026012919316,0.955026012919316,0.955026012919316,0.955026012919316,0.955026012919316,0.955026012919316,0.9559151846438427,0.0014317024946861974,10
Cancer,CopulaGAN,Utility,F1_TSTR,0.5893977715051525,0.6438284290533591,0.6057686130410401,0.6516435983382967,0.4893249751052079,0.3276935322510623,0.7137464435429474,0.8896594490693999,0.3222759359285486,0.4157429544147916,0.5649081702249805,0.17849408623813282,10
Cancer,CopulaGAN,Utility,Precision_Gap,0.2287414164531204,0.3038619440346471,0.2704805061370421,0.2726080032788536,0.323924705552073,0.5991141414079718,0.215992818977456,0.0554337384157209,0.5865058655301942,0.5677685490537139,0.3424431688840793,0.1823907061576235,10
Cancer,CopulaGAN,Utility,Precision_TRTR,0.9585588829451,0.9585588829451,0.9585588829451,0.9557169942454204,0.9557169942454204,0.9557169942454204,0.9557169942454204,0.9557169942454204,0.9557169942454204,0.9557169942454204,0.9565695608553243,0.0013727626605931863,10
Cancer,CopulaGAN,Utility,Precision_TSTR,0.7298174664919795,0.6546969389104528,0.6880783768080578,0.6831089909665667,0.6317922886933474,0.3566028528374485,0.7397241752679643,0.9002832558296994,0.369211128715226,0.3879484451917065,0.6141263919712449,0.18278367597630044,10
Cancer,CopulaGAN,Utility,ROC_AUC_Gap,0.2385251322751324,0.3037312610229279,0.2302028218694887,0.2972277336860673,0.3568231922398588,0.7003637566137567,0.2098655202821871,0.0403549382716049,0.6685240299823635,0.660113536155203,0.370573192239859,0.22691608176535336,10
Cancer,CopulaGAN,Utility,ROC_AUC_TRTR,0.9709325396825398,0.9709325396825398,0.9709325396825398,0.9709325396825398,0.9709325396825398,0.9709325396825398,0.9709325396825398,0.9709325396825398,0.9709325396825398,0.9709325396825398,0.9709325396825397,0.0,10
Cancer,CopulaGAN,Utility,ROC_AUC_TSTR,0.7324074074074074,0.6672012786596119,0.7407297178130511,0.6737048059964725,0.614109347442681,0.2705687830687831,0.7610670194003527,0.9305776014109348,0.3024085097001763,0.3108190035273368,0.6003593474426808,0.22691608176535336,10
Cancer,CopulaGAN,Utility,Recall_Gap,0.3599415204678361,0.3187134502923978,0.3350877192982456,0.2804093567251461,0.4476608187134502,0.6312865497076023,0.2444444444444445,0.0663742690058479,0.6274853801169589,0.5,0.38114035087719295,0.17517899625775116,10
Cancer,CopulaGAN,Utility,Recall_TRTR,0.958187134502924,0.958187134502924,0.958187134502924,0.9552631578947368,0.9552631578947368,0.9552631578947368,0.9552631578947368,0.9552631578947368,0.9552631578947368,0.9552631578947368,0.9561403508771932,0.0014124148875428704,10
Cancer,CopulaGAN,Utility,Recall_TSTR,0.5982456140350878,0.6394736842105261,0.6230994152046783,0.6748538011695906,0.5076023391812865,0.3239766081871344,0.7108187134502922,0.8888888888888887,0.3277777777777778,0.4552631578947367,0.575,0.17542501842626324,10
Cancer,ForestDiffusion,Compute,evaluation_time_seconds,5.938732716022059,6.055045092012733,5.947204952128232,36.58127368800342,36.26991587691009,40.0109391619917,23.99947761599998,19.66264822099998,21.10381258900003,12.92345987900001,20.849250979206822,13.29135774796914,10
Cancer,ForestDiffusion,Compute,generation_time_seconds,0.0,0.0,0.0,0.0,0.0,0.0,0.0,0.0,0.0,0.0,0.0,0.0,10
Cancer,ForestDiffusion,Compute,total_time_seconds,12.95623264508322,11.57243477902375,11.11773610510863,110.6151970140636,116.9119730149396,103.0733046259265,72.01726209599997,72.38462540999996,77.21867228100001,63.54849922400001,65.14159371951453,40.75197262194318,10
Cancer,ForestDiffusion,Compute,training_time_seconds,7.005515724187717,5.505992245161906,5.159768447978422,73.96956501202658,80.24663766101003,62.57412059395574,47.89840934799997,52.61023807999999,56.01086400600002,50.442461192,44.14235723103204,28.266259649708395,10
Cancer,ForestDiffusion,Fidelity,KS_Complement,0.9220315018315018,0.9207567765567763,0.9167886446886448,0.9098201465201466,0.9166355311355312,0.9110252747252748,0.9083388278388276,0.913475457875458,0.9150981684981684,0.9091271062271064,0.9143097435897436,0.0048018220128043,10
Cancer,ForestDiffusion,Fidelity,MMD,0.010400103568748,0.0134722527259912,0.0161069669908813,0.0118172082350499,0.0206695372163862,0.0146218075560833,0.0187109364820329,0.0117352265472116,0.0128534709030707,0.0139008469726881,0.01442883571981432,0.0032338232186543605,10
Cancer,ForestDiffusion,Fidelity,Quality_Score,0.939384223677773,0.9399777327547574,0.9362108265394866,0.932748502360383,0.9352359188767608,0.9336817330935352,0.9281491649358352,0.9332914141126946,0.9366118500844512,0.9336646030020122,0.9348955969437689,0.003439212138197315,10
Cancer,ForestDiffusion,Fidelity,Wasserstein_Distance,3.239384574421269,3.176265852350762,2.631568188721049,2.9045010555213,3.021452881411953,3.065054260516938,2.898785095795724,3.313869410124239,3.066552553233787,3.106002093925746,3.0423435966022767,0.19562529489878852,10
Cancer,ForestDiffusion,Privacy,MIA_AUC,0.4787654320987655,0.4639506172839506,0.4401234567901234,0.4766666666666667,0.4579012345679013,0.495679012345679,0.4235802469135803,0.4798765432098765,0.43,0.5330864197530865,0.46796296296296297,0.03273973571214614,10
Cancer,ForestDiffusion,Privacy,Mahalanobis_Distance,13.16707971930708,13.56477351382309,12.38253727025789,12.74321362080182,14.14879141891148,13.43243658068305,13.23580543412169,13.24738983069152,12.39046217587836,12.56953888641611,13.088202845089208,0.5673181533197337,10
Cancer,ForestDiffusion,Privacy,Mean_Distance,13.16707971930708,13.56477351382309,12.38253727025789,12.74321362080182,14.14879141891148,13.43243658068305,13.23580543412169,13.24738983069152,12.39046217587836,12.56953888641611,13.088202845089208,0.5673181533197337,10
Cancer,ForestDiffusion,Privacy,Median_Distance,10.54835759344388,10.60105416998978,10.21641817184448,10.33195769830672,11.38027147548191,10.61709098586481,10.41623037625256,10.26834299400726,10.24366058009051,10.29176710589654,10.491515115117846,0.3462222571336081,10
Cancer,ForestDiffusion,Privacy,NNDR,0.905741290237772,0.9087869117993702,0.913647198295792,0.9101987829525284,0.9107357757685952,0.9076113209957526,0.903194930882862,0.9081295592614173,0.9105187208420524,0.908298788320031,0.9086863279356173,0.002885024149131655,10
Cancer,ForestDiffusion,Utility,Accuracy_Gap,-0.0011695906432749,-0.007017543859649,-0.0143274853801168,-0.0096491228070174,-0.0190058479532162,-0.0114035087719298,-0.0026315789473685,-0.0061403508771932,-0.0064327485380116,-0.0184210526315788,-0.009619883040935619,0.006148004141695177,10
Cancer,ForestDiffusion,Utility,Accuracy_TRTR,0.958187134502924,0.958187134502924,0.958187134502924,0.9552631578947368,0.9552631578947368,0.9552631578947368,0.9552631578947368,0.9552631578947368,0.9552631578947368,0.9552631578947368,0.9561403508771932,0.0014124148875428704,10
Cancer,ForestDiffusion,Utility,Accuracy_TSTR,0.9593567251461989,0.965204678362573,0.9725146198830408,0.9649122807017542,0.974269005847953,0.9666666666666666,0.9578947368421052,0.96140350877193,0.9616959064327484,0.9736842105263156,0.9657602339181285,0.005972440432864236,10
Cancer,ForestDiffusion,Utility,F1_Gap,-0.0010740723981229,-0.0070325018920751,-0.0144366752772077,-0.0099012932168855,-0.0192599782504637,-0.0114577988874553,-0.00295754593231,-0.006372916459748,-0.0067835962706039,-0.0186350281393322,-0.00979114067242043,0.006175840653061712,10
Cancer,ForestDiffusion,Utility,F1_TRTR,0.9579899186677384,0.9579899186677384,0.9579899186677384,0.955026012919316,0.955026012919316,0.955026012919316,0.955026012919316,0.955026012919316,0.955026012919316,0.955026012919316,0.9559151846438427,0.0014317024946861974,10
Cancer,ForestDiffusion,Utility,F1_TSTR,0.9590639910658616,0.9650224205598136,0.9724265939449462,0.9649273061362016,0.9742859911697798,0.9664838118067712,0.957983558851626,0.961398929379064,0.96180960918992,0.9736610410586484,0.9657063253162631,0.005974287902466491,10
Cancer,ForestDiffusion,Utility,Precision_Gap,-0.0014318463547485,-0.0070833108627127,-0.0140951898503288,-0.0093192315294712,-0.0186803304159818,-0.0112751792169847,-0.0027036283132987,-0.0058570668549875,-0.0066169723363108,-0.0184052157011708,-0.00954679714359955,0.006023731861926493,10
Cancer,ForestDiffusion,Utility,Precision_TRTR,0.9585588829451,0.9585588829451,0.9585588829451,0.9557169942454204,0.9557169942454204,0.9557169942454204,0.9557169942454204,0.9557169942454204,0.9557169942454204,0.9557169942454204,0.9565695608553243,0.0013727626605931863,10
Cancer,ForestDiffusion,Utility,Precision_TSTR,0.9599907292998484,0.9656421938078128,0.9726540727954288,0.9650362257748916,0.9743973246614022,0.9669921734624052,0.9584206225587192,0.961574061100408,0.9623339665817312,0.9741222099465912,0.9661163579989239,0.005861882290913822,10
Cancer,ForestDiffusion,Utility,ROC_AUC_Gap,-0.0029210758377425,-0.0079475308641975,-0.0114748677248678,-0.0095182980599646,-0.0182429453262784,-0.0064153439153437,-0.0013833774250442,-0.0040013227513228,-0.0122189153439151,-0.0140321869488533,-0.00881558641975299,0.005321978018314959,10
Cancer,ForestDiffusion,Utility,ROC_AUC_TRTR,0.9709325396825398,0.9709325396825398,0.9709325396825398,0.9709325396825398,0.9709325396825398,0.9709325396825398,0.9709325396825398,0.9709325396825398,0.9709325396825398,0.9709325396825398,0.9709325396825397,0.0,10
Cancer,ForestDiffusion,Utility,ROC_AUC_TSTR,0.9738536155202824,0.9788800705467372,0.9824074074074076,0.9804508377425044,0.9891754850088182,0.9773478835978836,0.972315917107584,0.9749338624338626,0.983151455026455,0.9849647266313932,0.9797481261022929,0.00532197801831497,10
Cancer,ForestDiffusion,Utility,Recall_Gap,-0.0011695906432749,-0.007017543859649,-0.0143274853801168,-0.0096491228070174,-0.0190058479532162,-0.0114035087719298,-0.0026315789473685,-0.0061403508771932,-0.0064327485380116,-0.0184210526315788,-0.009619883040935619,0.006148004141695177,10
Cancer,ForestDiffusion,Utility,Recall_TRTR,0.958187134502924,0.958187134502924,0.958187134502924,0.9552631578947368,0.9552631578947368,0.9552631578947368,0.9552631578947368,0.9552631578947368,0.9552631578947368,0.9552631578947368,0.9561403508771932,0.0014124148875428704,10
Cancer,ForestDiffusion,Utility,Recall_TSTR,0.9593567251461989,0.965204678362573,0.9725146198830408,0.9649122807017542,0.974269005847953,0.9666666666666666,0.9578947368421052,0.96140350877193,0.9616959064327484,0.9736842105263156,0.9657602339181285,0.005972440432864236,10
Cancer,GaussianCopula,Compute,evaluation_time_seconds,6.976419203914702,6.971766497008503,7.010579077992588,78.92499033990316,75.60133765009232,75.01433942699805,83.5665714600002,77.339851189,91.43782877100011,32.2364109820046,53.508009459791424,35.671507543279844,10
Cancer,GaussianCopula,Compute,generation_time_seconds,0.0,0.0,0.0,0.0,0.0,0.0,0.0,0.0,0.0,0.0,0.0,0.0,10
Cancer,GaussianCopula,Compute,total_time_seconds,8.500604314962402,8.502441610908136,8.560824028914794,94.55397614184768,88.2390941940248,88.23014310491271,92.98247558499996,83.37925881799993,102.2079488039999,40.12706428300589,61.52838308855762,40.17469932760835,10
Cancer,GaussianCopula,Compute,training_time_seconds,1.513854637974873,1.520218802150339,1.538616319885477,15.44190047099255,12.41446806397289,13.06211224012077,9.159401057999958,5.981389644000046,10.58713476399998,7.779880201007472,7.899897620210436,5.146325863735805,10
Cancer,GaussianCopula,Fidelity,KS_Complement,0.9201659340659342,0.9201659340659342,0.9201659340659342,0.9201659340659342,0.9201659340659342,0.9201659340659342,0.9201659340659342,0.9201659340659342,0.9201659340659342,0.9201659340659342,0.9201659340659342,0.0,10
Cancer,GaussianCopula,Fidelity,MMD,0.0173158059268259,0.0173158059268259,0.0173158059268259,0.017315805772918,0.017315805772918,0.017315805772918,0.017315805772918,0.017315805772918,0.017315805772918,0.017315805772918,0.01731580581909037,7.43445789217954e-11,10
Cancer,GaussianCopula,Fidelity,Quality_Score,0.931154552368642,0.931154552368642,0.931154552368642,0.9311545522289846,0.9311545522289846,0.9311545522289846,0.9311545522289846,0.9311545522289846,0.9311545522289846,0.9311545522289846,0.931154552270882,6.746093172739543e-11,10
Cancer,GaussianCopula,Fidelity,Wasserstein_Distance,3.709511765923111,3.709511765923111,3.709511765923111,3.709512133153039,3.709512133153039,3.709512133153039,3.709512133153039,3.709512133153039,3.709512133153039,3.709512133153039,3.709512022984061,1.7738890787425869e-07,10
Cancer,GaussianCopula,Privacy,MIA_AUC,0.7532098765432098,0.7532098765432098,0.7532098765432098,0.7533333333333334,0.7533333333333334,0.7533333333333334,0.7533333333333334,0.7533333333333334,0.7533333333333334,0.7533333333333334,0.7532962962962964,5.9635295251877296e-05,10
Cancer,GaussianCopula,Privacy,Mahalanobis_Distance,8.619195541629859,8.619195541629859,8.619195541629859,8.619195854885204,8.619195854885204,8.619195854885204,8.619195854885204,8.619195854885204,8.619195854885204,8.619195854885204,8.619195760908601,1.5131670751086084e-07,10
Cancer,GaussianCopula,Privacy,Mean_Distance,8.619195541629859,8.619195541629859,8.619195541629859,8.619195854885204,8.619195854885204,8.619195854885204,8.619195854885204,8.619195854885204,8.619195854885204,8.619195854885204,8.619195760908601,1.5131670751086084e-07,10
Cancer,GaussianCopula,Privacy,Median_Distance,7.851049455002814,7.851049455002814,7.851049455002814,7.851049455002917,7.851049455002917,7.851049455002917,7.851049455002917,7.851049455002917,7.851049455002917,7.851049455002917,7.851049455002887,0.0,10
Cancer,GaussianCopula,Privacy,NNDR,0.9227251695953392,0.9227251695953392,0.9227251695953392,0.9227251748135014,0.9227251748135014,0.9227251748135014,0.9227251748135014,0.9227251748135014,0.9227251748135014,0.9227251748135014,0.9227251732480528,2.5206117756857648e-09,10
Cancer,GaussianCopula,Utility,Accuracy_Gap,0.1608187134502925,0.1608187134502925,0.1608187134502925,0.1578947368421053,0.1578947368421053,0.1578947368421053,0.1578947368421053,0.1578947368421053,0.1578947368421053,0.1578947368421053,0.15877192982456148,0.001412414887542857,10
Cancer,GaussianCopula,Utility,Accuracy_TRTR,0.958187134502924,0.958187134502924,0.958187134502924,0.9552631578947368,0.9552631578947368,0.9552631578947368,0.9552631578947368,0.9552631578947368,0.9552631578947368,0.9552631578947368,0.9561403508771932,0.0014124148875428704,10
Cancer,GaussianCopula,Utility,Accuracy_TSTR,0.7973684210526314,0.7973684210526314,0.7973684210526314,0.7973684210526314,0.7973684210526314,0.7973684210526314,0.7973684210526314,0.7973684210526314,0.7973684210526314,0.7973684210526314,0.7973684210526314,0.0,10
Cancer,GaussianCopula,Utility,F1_Gap,0.1662103280932607,0.1662103280932607,0.1662103280932607,0.1632464223448382,0.1632464223448382,0.1632464223448382,0.1632464223448382,0.1632464223448382,0.1632464223448382,0.1632464223448382,0.16413559406936495,0.0014317024946862375,10
Cancer,GaussianCopula,Utility,F1_TRTR,0.9579899186677384,0.9579899186677384,0.9579899186677384,0.955026012919316,0.955026012919316,0.955026012919316,0.955026012919316,0.955026012919316,0.955026012919316,0.955026012919316,0.9559151846438427,0.0014317024946861974,10
Cancer,GaussianCopula,Utility,F1_TSTR,0.7917795905744778,0.7917795905744778,0.7917795905744778,0.7917795905744778,0.7917795905744778,0.7917795905744778,0.7917795905744778,0.7917795905744778,0.7917795905744778,0.7917795905744778,0.7917795905744779,0.0,10
Cancer,GaussianCopula,Utility,Precision_Gap,0.1504049315774424,0.1504049315774424,0.1504049315774424,0.1475630428777628,0.1475630428777628,0.1475630428777628,0.1475630428777628,0.1475630428777628,0.1475630428777628,0.1475630428777628,0.1484156094876667,0.0013727626605931729,10
Cancer,GaussianCopula,Utility,Precision_TRTR,0.9585588829451,0.9585588829451,0.9585588829451,0.9557169942454204,0.9557169942454204,0.9557169942454204,0.9557169942454204,0.9557169942454204,0.9557169942454204,0.9557169942454204,0.9565695608553243,0.0013727626605931863,10
Cancer,GaussianCopula,Utility,Precision_TSTR,0.8081539513676576,0.8081539513676576,0.8081539513676576,0.8081539513676576,0.8081539513676576,0.8081539513676576,0.8081539513676576,0.8081539513676576,0.8081539513676576,0.8081539513676576,0.8081539513676577,0.0,10
Cancer,GaussianCopula,Utility,ROC_AUC_Gap,0.0933917548500882,0.0933917548500882,0.0933917548500882,0.0933807319223986,0.0933807319223986,0.0933807319223986,0.0933807319223986,0.0933807319223986,0.0933807319223986,0.0933807319223986,0.09338403880070548,5.324579933202372e-06,10
Cancer,GaussianCopula,Utility,ROC_AUC_TRTR,0.9709325396825398,0.9709325396825398,0.9709325396825398,0.9709325396825398,0.9709325396825398,0.9709325396825398,0.9709325396825398,0.9709325396825398,0.9709325396825398,0.9709325396825398,0.9709325396825397,0.0,10
Cancer,GaussianCopula,Utility,ROC_AUC_TSTR,0.8775407848324516,0.8775407848324516,0.8775407848324516,0.8775518077601412,0.8775518077601412,0.8775518077601412,0.8775518077601412,0.8775518077601412,0.8775518077601412,0.8775518077601412,0.8775485008818343,5.324579933209076e-06,10
Cancer,GaussianCopula,Utility,Recall_Gap,0.1608187134502925,0.1608187134502925,0.1608187134502925,0.1578947368421053,0.1578947368421053,0.1578947368421053,0.1578947368421053,0.1578947368421053,0.1578947368421053,0.1578947368421053,0.15877192982456148,0.001412414887542857,10
Cancer,GaussianCopula,Utility,Recall_TRTR,0.958187134502924,0.958187134502924,0.958187134502924,0.9552631578947368,0.9552631578947368,0.9552631578947368,0.9552631578947368,0.9552631578947368,0.9552631578947368,0.9552631578947368,0.9561403508771932,0.0014124148875428704,10
Cancer,GaussianCopula,Utility,Recall_TSTR,0.7973684210526314,0.7973684210526314,0.7973684210526314,0.7973684210526314,0.7973684210526314,0.7973684210526314,0.7973684210526314,0.7973684210526314,0.7973684210526314,0.7973684210526314,0.7973684210526314,0.0,10
Cancer,TVAE,Compute,evaluation_time_seconds,6.379982613027096,6.194203899009153,6.306256684940308,47.07695223693736,48.44816929590888,61.36296871001832,64.35151124799995,59.33953952900015,65.254038477,73.83552077099989,43.85491434648411,27.05397111030551,10
Cancer,TVAE,Compute,generation_time_seconds,0.0,0.0,0.0,0.0,0.0,0.0,0.0,0.0,0.0,0.0,0.0,0.0,10
Cancer,TVAE,Compute,total_time_seconds,18.96855022688396,18.71685807988979,18.90002715494484,61.26164106396027,62.6804519770667,76.91150662302971,101.7704804910002,93.58378251199996,108.1176998860001,116.1570070809998,67.70680050957753,38.18009850449012,10
Cancer,TVAE,Compute,training_time_seconds,12.57795285712928,12.51212903903797,12.58278325106949,14.15232152095996,14.19853356806561,15.51352393603884,37.38450400600004,34.188270999,42.83069185199997,42.12870492499997,23.80694159543011,13.431600243503077,10
Cancer,TVAE,Fidelity,KS_Complement,0.8521739926739927,0.8690578754578753,0.8532776556776558,0.8305150183150184,0.8444234432234432,0.8607186813186812,0.8436164835164836,0.8493384615384617,0.843260805860806,0.8538223443223444,0.8500204761904762,0.010570053561650092,10
Cancer,TVAE,Fidelity,MMD,0.0366128893592974,0.0232539722053743,0.0340983000939884,0.0510827621851353,0.0370279578579332,0.0260932157958351,0.0293524369642177,0.0351854854969203,0.0309459178668487,0.0306455012426806,0.0334298439068231,0.007646023033852433,10
Cancer,TVAE,Fidelity,Quality_Score,0.8403516811907786,0.8664644771488004,0.844786637905687,0.8288916725214344,0.8391500210064264,0.8543875416309844,0.8420604451453835,0.8334231626453661,0.8392440141371253,0.8604344079473167,0.8449194061279304,0.011917093655552356,10
Cancer,TVAE,Fidelity,Wasserstein_Distance,10.55834017919853,8.330919436962121,9.562440206568423,11.86265258841282,10.57603275734509,9.794790064499557,10.78158409498516,10.0937166387793,11.1413848366582,10.38599017329659,10.30878509767058,0.9574476298093686,10
Cancer,TVAE,Privacy,MIA_AUC,0.7682716049382716,0.7209876543209877,0.7430864197530864,0.7985185185185186,0.7864197530864198,0.7619753086419753,0.7117283950617284,0.7520987654320987,0.7151851851851851,0.7448148148148148,0.7503086419753087,0.02935291742082298,10
Cancer,TVAE,Privacy,Mahalanobis_Distance,44.38181328341296,45.80583068698727,43.85530040578976,39.8319331648581,43.13806660871429,45.45823837986263,41.64048169126164,43.30025687521513,42.52814380441743,42.95307987640901,43.28931447769282,1.7618974522809565,10
Cancer,TVAE,Privacy,Mean_Distance,44.38181328341296,45.80583068698727,43.85530040578976,39.8319331648581,43.13806660871429,45.45823837986263,41.64048169126164,43.30025687521513,42.52814380441743,42.95307987640901,43.28931447769282,1.7618974522809565,10
Cancer,TVAE,Privacy,Median_Distance,33.98199725381232,34.13316762787183,33.07224471406404,30.24585998565371,33.09694486226622,33.18100574356495,33.26933099718558,33.75685846210004,32.21228191393548,32.33994618224597,32.92896377427001,1.1319667580362127,10
Cancer,TVAE,Privacy,NNDR,0.9507224999726478,0.9516581269821618,0.9491744879534072,0.9531138430504518,0.9541515789025288,0.9502486461421844,0.9501182566702464,0.951912636482616,0.9532330065831056,0.9533456386259708,0.9517678721365319,0.0016670128205442522,10
Cancer,TVAE,Utility,Accuracy_Gap,-0.0052631578947365,0.0008771929824559,0.0052631578947367,0.0067251461988302,0.004093567251462,0.0073099415204676,-0.0020467836257312,-0.0090643274853804,0.0011695906432747,0.0090643274853798,0.0018128654970758801,0.005855745296068113,10
Cancer,TVAE,Utility,Accuracy_TRTR,0.958187134502924,0.958187134502924,0.958187134502924,0.9552631578947368,0.9552631578947368,0.9552631578947368,0.9552631578947368,0.9552631578947368,0.9552631578947368,0.9552631578947368,0.9561403508771932,0.0014124148875428704,10
Cancer,TVAE,Utility,Accuracy_TSTR,0.9634502923976604,0.957309941520468,0.9529239766081872,0.9485380116959063,0.9511695906432748,0.9479532163742692,0.957309941520468,0.9643274853801173,0.954093567251462,0.9461988304093568,0.9543274853801169,0.006264865817513987,10
Cancer,TVAE,Utility,F1_Gap,-0.0055822284115599,0.0001917301597911,0.0044768522852987,0.0063706345143842,0.0039035579341132,0.0072462328431621,-0.0024629456937079,-0.0093777265804062,0.000668496870766,0.0083288204375217,0.0013763424359363,0.0058161813570194966,10
Cancer,TVAE,Utility,F1_TRTR,0.9579899186677384,0.9579899186677384,0.9579899186677384,0.955026012919316,0.955026012919316,0.955026012919316,0.955026012919316,0.955026012919316,0.955026012919316,0.955026012919316,0.9559151846438427,0.0014317024946861974,10
Cancer,TVAE,Utility,F1_TSTR,0.9635721470792984,0.9577981885079474,0.9535130663824398,0.9486553784049316,0.9511224549852028,0.9477797800761538,0.957488958613024,0.9644037394997222,0.95435751604855,0.9466971924817944,0.9545388422079064,0.006260916289963689,10
Cancer,TVAE,Utility,Precision_Gap,-0.006012717594323,-0.004960581554807,-0.0001095804765767,0.0059327659659748,0.0040901945595686,0.007415712122334,-0.0032553556140498,-0.00927963487419,-0.0001670104494911,0.0057429718046178,-6.0323611094240116e-05,0.005748183594897446,10
Cancer,TVAE,Utility,Precision_TRTR,0.9585588829451,0.9585588829451,0.9585588829451,0.9557169942454204,0.9557169942454204,0.9557169942454204,0.9557169942454204,0.9557169942454204,0.9557169942454204,0.9557169942454204,0.9565695608553243,0.0013727626605931863,10
Cancer,TVAE,Utility,Precision_TSTR,0.964571600539423,0.963519464499907,0.9586684634216768,0.9497842282794456,0.9516267996858516,0.9483012821230864,0.9589723498594702,0.9649966291196104,0.9558840046949116,0.9499740224408024,0.9566298844664185,0.006466141305729592,10
Cancer,TVAE,Utility,ROC_AUC_Gap,-0.0099757495590826,-0.0028824955908288,0.0030423280423281,-0.0031415343915345,-0.0023699294532628,-5.511463844798392e-05,-0.0039296737213402,-0.0032242063492061,-0.0075451940035272,0.0071483686067019,-0.0022933201058200183,0.004874454487231722,10
Cancer,TVAE,Utility,ROC_AUC_TRTR,0.9709325396825398,0.9709325396825398,0.9709325396825398,0.9709325396825398,0.9709325396825398,0.9709325396825398,0.9709325396825398,0.9709325396825398,0.9709325396825398,0.9709325396825398,0.9709325396825397,0.0,10
Cancer,TVAE,Utility,ROC_AUC_TSTR,0.9809082892416224,0.9738150352733688,0.9678902116402116,0.9740740740740744,0.9733024691358028,0.9709876543209878,0.97486221340388,0.974156746031746,0.978477733686067,0.9637841710758378,0.9732258597883598,0.004874454487231774,10
Cancer,TVAE,Utility,Recall_Gap,-0.0052631578947365,0.0008771929824559,0.0052631578947367,0.0067251461988302,0.004093567251462,0.0073099415204676,-0.0020467836257312,-0.0090643274853804,0.0011695906432747,0.0090643274853798,0.0018128654970758801,0.005855745296068113,10
Cancer,TVAE,Utility,Recall_TRTR,0.958187134502924,0.958187134502924,0.958187134502924,0.9552631578947368,0.9552631578947368,0.9552631578947368,0.9552631578947368,0.9552631578947368,0.9552631578947368,0.9552631578947368,0.9561403508771932,0.0014124148875428704,10
Cancer,TVAE,Utility,Recall_TSTR,0.9634502923976604,0.957309941520468,0.9529239766081872,0.9485380116959063,0.9511695906432748,0.9479532163742692,0.957309941520468,0.9643274853801173,0.954093567251462,0.9461988304093568,0.9543274853801169,0.006264865817513987,10
Cancer,TabDDPM,Compute,evaluation_time_seconds,5.334988909075037,5.294896457111463,5.400435198098421,52.62792170699686,52.33755535096861,50.84253181191161,34.78239075800002,30.70461345299998,24.84558059699998,23.93033938299999,28.610125362516197,19.254733615913466,10
Cancer,TabDDPM,Compute,generation_time_seconds,0.0,0.0,0.0,0.0,0.0,0.0,0.0,0.0,0.0,0.0,0.0,0.0,10
Cancer,TabDDPM,Compute,total_time_seconds,25.78092254209332,25.32059743092396,25.41358225815929,75.93059195601381,74.54710739501752,73.10870113899,58.29942803699998,54.40126738999999,39.89654793400001,38.11788178500001,49.08166278671979,20.902364075146377,10
Cancer,TabDDPM,Compute,training_time_seconds,20.43498746212572,20.01361474487931,20.00249613611959,23.24161506001838,22.13309291703627,21.99960912298411,23.37189355999999,23.54396374800001,14.878921945,14.03646428799999,20.365665898416335,3.3932518701274876,10
Cancer,TabDDPM,Fidelity,KS_Complement,0.3734575091575091,0.3868868131868132,0.3425406593406593,0.3858736263736264,0.3511289377289378,0.3863358974358974,0.3905531135531136,0.400743956043956,0.385143956043956,0.3955465201465201,0.3798210989010989,0.01888894544176072,10
Cancer,TabDDPM,Fidelity,MMD,0.3821379789475543,0.4341899311894044,0.3734439961810518,0.3415572369355304,0.3667221474165116,0.3871219639295561,0.4167574782389939,0.4338901938762399,0.3898256129980344,0.3771324809389696,0.39027790206518465,0.02980053762394678,10
Cancer,TabDDPM,Fidelity,Quality_Score,0.6019209877986296,0.6054989324988613,0.578322562603808,0.6068152802209889,0.5763896770677722,0.6098838526163444,0.6112392246410813,0.6183638056198205,0.6097310954334664,0.6204972801911636,0.6038662698691937,0.015034506586674516,10
Cancer,TabDDPM,Fidelity,Wasserstein_Distance,100.8271601840026,92.26149115312096,86.149298966989,87.84352594379472,89.80591199074156,95.48126361088508,87.95892705383595,79.07147090135594,96.47467341682864,94.3607407671798,91.02344639887342,6.200033129165065,10
Cancer,TabDDPM,Privacy,MIA_AUC,1.0,0.9934567901234568,0.9990123456790124,1.0,1.0,0.9907407407407408,0.9967901234567902,0.98,0.9995061728395062,0.998148148148148,0.9957654320987656,0.006361200213822969,10
Cancer,TabDDPM,Privacy,Mahalanobis_Distance,51.54657606181053,52.70957201241333,59.51031543722657,60.64896626626695,57.828833817981,62.62363814784924,55.39150564674334,53.38702360561973,57.90731158589259,59.34258690457522,57.08963294863785,3.6810015917193883,10
Cancer,TabDDPM,Privacy,Mean_Distance,51.54657606181053,52.70957201241333,59.51031543722657,60.64896626626695,57.828833817981,62.62363814784924,55.39150564674334,53.38702360561973,57.90731158589259,59.34258690457522,57.08963294863785,3.6810015917193883,10
Cancer,TabDDPM,Privacy,Median_Distance,42.96938771738928,40.6280766653493,57.05685585866587,50.41478268827687,52.20107974797766,46.47017165390426,41.79092082016042,41.88243668384312,46.00299938825889,37.60941219282073,45.70261234166465,5.9874799370347755,10
Cancer,TabDDPM,Privacy,NNDR,0.9261180863151296,0.9619258678318486,0.9464635219842292,0.942441328779685,0.9417642552887836,0.9452270669217452,0.941023505611338,0.9432159560280712,0.9411882913310792,0.953216401020598,0.9442584281112507,0.00917579161018714,10
Cancer,TabDDPM,Utility,Accuracy_Gap,0.3266081871345029,0.3646198830409355,0.4064327485380116,0.4225146198830407,0.2880116959064324,0.2973684210526317,0.3307017543859649,0.3266081871345027,0.3374269005847953,0.3187134502923974,0.3419005847953215,0.043737983731837425,10
Cancer,TabDDPM,Utility,Accuracy_TRTR,0.958187134502924,0.958187134502924,0.958187134502924,0.9552631578947368,0.9552631578947368,0.9552631578947368,0.9552631578947368,0.9552631578947368,0.9552631578947368,0.9552631578947368,0.9561403508771932,0.0014124148875428704,10
Cancer,TabDDPM,Utility,Accuracy_TSTR,0.631578947368421,0.5935672514619884,0.5517543859649123,0.532748538011696,0.6672514619883043,0.657894736842105,0.6245614035087718,0.628654970760234,0.6178362573099414,0.6365497076023393,0.6142397660818714,0.04322324733158721,10
Cancer,TabDDPM,Utility,F1_Gap,0.4690255723179933,0.4696111440670335,0.5031113160414398,0.5358108850192738,0.3732129740017094,0.4033776994884148,0.4695025267846245,0.467456609899998,0.3884825249101156,0.4550286562352819,0.4534619908765885,0.05096370235177369,10
Cancer,TabDDPM,Utility,F1_TRTR,0.9579899186677384,0.9579899186677384,0.9579899186677384,0.955026012919316,0.955026012919316,0.955026012919316,0.955026012919316,0.955026012919316,0.955026012919316,0.955026012919316,0.9559151846438427,0.0014317024946861974,10
Cancer,TabDDPM,Utility,F1_TSTR,0.4889643463497452,0.488378774600705,0.4548786026262987,0.4192151279000422,0.5818130389176066,0.5516483134309011,0.4855234861346915,0.487569403019318,0.5665434880092004,0.4999973566840341,0.5024531937672542,0.0504555245421719,10
Cancer,TabDDPM,Utility,Precision_Gap,0.5596669161860972,0.463354342913768,0.547053221531372,0.4614344361755192,0.4221428874448403,0.3399598334032153,0.5585486347501911,0.5575114197596018,0.2820553091212579,0.4320029583405675,0.4623729959626431,0.09717110681795799,10
Cancer,TabDDPM,Utility,Precision_TRTR,0.9585588829451,0.9585588829451,0.9585588829451,0.9557169942454204,0.9557169942454204,0.9557169942454204,0.9557169942454204,0.9557169942454204,0.9557169942454204,0.9557169942454204,0.9565695608553243,0.0013727626605931863,10
Cancer,TabDDPM,Utility,Precision_TSTR,0.3988919667590027,0.4952045400313319,0.4115056614137279,0.4942825580699012,0.53357410680058,0.615757160842205,0.3971683594952292,0.3982055744858186,0.6736616851241625,0.5237140359048529,0.49419656489268127,0.09658450416500618,10
Cancer,TabDDPM,Utility,ROC_AUC_Gap,0.6198082010582011,0.3603946208112875,0.6843750000000002,0.4922453703703706,0.5739252645502646,0.4338073192239859,0.5838458994708995,0.5736882716049383,0.2791170634920634,0.4517636684303351,0.5052970679012346,0.12518425524110605,10
Cancer,TabDDPM,Utility,ROC_AUC_TRTR,0.9709325396825398,0.9709325396825398,0.9709325396825398,0.9709325396825398,0.9709325396825398,0.9709325396825398,0.9709325396825398,0.9709325396825398,0.9709325396825398,0.9709325396825398,0.9709325396825397,0.0,10
Cancer,TabDDPM,Utility,ROC_AUC_TSTR,0.3511243386243386,0.6105379188712523,0.2865575396825396,0.4786871693121692,0.3970072751322752,0.5371252204585539,0.3870866402116403,0.3972442680776014,0.6918154761904763,0.5191688712522047,0.4656354717813052,0.12518425524110607,10
Cancer,TabDDPM,Utility,Recall_Gap,0.3266081871345029,0.3646198830409355,0.4064327485380116,0.4225146198830407,0.2880116959064324,0.2973684210526317,0.3307017543859649,0.3266081871345027,0.3374269005847953,0.3187134502923974,0.3419005847953215,0.043737983731837425,10
Cancer,TabDDPM,Utility,Recall_TRTR,0.958187134502924,0.958187134502924,0.958187134502924,0.9552631578947368,0.9552631578947368,0.9552631578947368,0.9552631578947368,0.9552631578947368,0.9552631578947368,0.9552631578947368,0.9561403508771932,0.0014124148875428704,10
Cancer,TabDDPM,Utility,Recall_TSTR,0.631578947368421,0.5935672514619884,0.5517543859649123,0.532748538011696,0.6672514619883043,0.657894736842105,0.6245614035087718,0.628654970760234,0.6178362573099414,0.6365497076023393,0.6142397660818714,0.04322324733158721,10
Cancer,WGAN-GP,Compute,evaluation_time_seconds,6.515060761012137,6.570728325983509,6.463077067863196,60.1001101648435,60.78223297605291,58.47363989893347,80.91212462399994,36.33038850200001,38.39574854299997,36.19502356400002,39.073813442768866,26.323658159954068,10
Cancer,WGAN-GP,Compute,generation_time_seconds,0.0,0.0,0.0,0.0,0.0,0.0,0.0,0.0,0.0,0.0,0.0,0.0,10
Cancer,WGAN-GP,Compute,total_time_seconds,19.31177953793668,19.58395521203056,19.1300028769765,93.0950806629844,92.07948692399076,89.02172867697664,147.0702946609999,74.64767574199999,79.78931343699998,76.83174449899997,71.05610622298954,41.06136806232545,10
Cancer,WGAN-GP,Compute,training_time_seconds,12.78622391098179,13.00263813883066,12.65636086207814,32.83330482500605,31.13982223696075,30.34069267404266,65.90810041099985,38.16560841800001,41.294559803,40.51703218,31.86443434598999,16.51582348055091,10
Cancer,WGAN-GP,Fidelity,KS_Complement,0.8610923076923077,0.8721967032967034,0.8366336996336996,0.8797168498168497,0.8589128205128208,0.8932937728937728,0.8789813186813186,0.8642435897435895,0.8463380952380952,0.8843948717948718,0.8675804029304028,0.017574536435115994,10
Cancer,WGAN-GP,Fidelity,MMD,0.0277064381526815,0.0242732306293128,0.0322525160850238,0.0248446586762226,0.0336438104348595,0.013369346015696,0.0232430121905734,0.0347934076166324,0.0355858753893543,0.0211992999172337,0.027091159510759,0.007088630406902304,10
Cancer,WGAN-GP,Fidelity,Quality_Score,0.8765201100650197,0.8804574161097671,0.8623379685731584,0.8880815434259134,0.8715756630631812,0.9037338461654856,0.8837892192483183,0.8790075591235665,0.8680758792828707,0.8914641942309354,0.8805043399288216,0.01206581215374428,10
Cancer,WGAN-GP,Fidelity,Wasserstein_Distance,12.39527432852784,9.648387456650177,12.20092843161619,9.30797742218863,12.17132434442713,7.26521831844111,9.987073175094569,9.217648479390316,13.15088868725353,7.150883512606253,10.249560415619575,2.145088271317524,10
Cancer,WGAN-GP,Privacy,MIA_AUC,0.8009876543209877,0.9055555555555556,0.9166666666666669,0.8182716049382716,0.8082716049382715,0.7638271604938272,0.8759259259259259,0.9133333333333332,0.9714814814814816,0.8927160493827161,0.8667037037037038,0.06547461025507516,10
Cancer,WGAN-GP,Privacy,Mahalanobis_Distance,24.79547865999215,23.97698303328515,25.80058999706958,27.09587289008847,23.36250990258486,23.85981249142076,21.42940811285719,25.80069630053135,25.11435459102023,28.08668207810321,24.932238805695295,1.9145185063619954,10
Cancer,WGAN-GP,Privacy,Mean_Distance,24.79547865999215,23.97698303328515,25.80058999706958,27.09587289008847,23.36250990258486,23.85981249142076,21.42940811285719,25.80069630053135,25.11435459102023,28.08668207810321,24.932238805695295,1.9145185063619954,10
Cancer,WGAN-GP,Privacy,Median_Distance,22.60358181601866,21.9709093477634,23.39295474228651,22.95187402603031,20.74697945170874,20.70561612512309,19.35007743415566,22.74098415269536,22.67182644859621,25.17597363753674,22.231077718191468,1.6340941012132602,10
Cancer,WGAN-GP,Privacy,NNDR,0.9265473038895928,0.9289248669426978,0.9270558527761698,0.927847865411458,0.919609988615688,0.9297231223782428,0.9281452473955528,0.9236596960323856,0.9263978201727796,0.9300326319239394,0.9267944395538507,0.003131663627893622,10
Cancer,WGAN-GP,Utility,Accuracy_Gap,0.0751461988304093,0.0666666666666667,0.0903508771929826,0.0254385964912279,0.0663742690058477,0.0514619883040935,0.0652046783625731,0.0616959064327485,0.0850877192982452,0.0576023391812864,0.06450292397660809,0.018151801442578802,10
Cancer,WGAN-GP,Utility,Accuracy_TRTR,0.958187134502924,0.958187134502924,0.958187134502924,0.9552631578947368,0.9552631578947368,0.9552631578947368,0.9552631578947368,0.9552631578947368,0.9552631578947368,0.9552631578947368,0.9561403508771932,0.0014124148875428704,10
Cancer,WGAN-GP,Utility,Accuracy_TSTR,0.8830409356725146,0.8915204678362572,0.8678362573099413,0.9298245614035088,0.888888888888889,0.9038011695906432,0.8900584795321635,0.8935672514619881,0.8701754385964915,0.8976608187134503,0.8916374269005848,0.01750331029720459,10
Cancer,WGAN-GP,Utility,F1_Gap,0.0743134870945512,0.0681184463567846,0.0954685254035266,0.0250640914994241,0.0716447973392769,0.0519847894397731,0.0683058368362248,0.0615516180812433,0.0883668033830531,0.0602133264839025,0.06650317219177602,0.019443270722612968,10
Cancer,WGAN-GP,Utility,F1_TRTR,0.9579899186677384,0.9579899186677384,0.9579899186677384,0.955026012919316,0.955026012919316,0.955026012919316,0.955026012919316,0.955026012919316,0.955026012919316,0.955026012919316,0.9559151846438427,0.0014317024946861974,10
Cancer,WGAN-GP,Utility,F1_TSTR,0.8836764315731873,0.8898714723109539,0.8625213932642118,0.929961921419892,0.883381215580039,0.9030412234795429,0.8867201760830912,0.8934743948380727,0.8666592095362629,0.8948126864354135,0.8894120124520667,0.018836255427634046,10
Cancer,WGAN-GP,Utility,Precision_Gap,0.0719617683852222,0.0651632056654183,0.0791831176839445,0.024744033991267,0.0506264734777911,0.0498183200433046,0.0600197109378258,0.0613846236941825,0.0814410324022247,0.0517313697201814,0.05960736560013621,0.016669037884275865,10
Cancer,WGAN-GP,Utility,Precision_TRTR,0.9585588829451,0.9585588829451,0.9585588829451,0.9557169942454204,0.9557169942454204,0.9557169942454204,0.9557169942454204,0.9557169942454204,0.9557169942454204,0.9557169942454204,0.9565695608553243,0.0013727626605931863,10
Cancer,WGAN-GP,Utility,Precision_TSTR,0.8865971145598777,0.8933956772796816,0.8793757652611554,0.9309729602541532,0.9050905207676292,0.9058986742021156,0.8956972833075945,0.8943323705512378,0.8742759618431956,0.9039856245252388,0.8969621952551879,0.016002116738413476,10
Cancer,WGAN-GP,Utility,ROC_AUC_Gap,0.0630235890652558,0.0369543650793652,0.0481261022927691,0.0162973985890655,0.0294312169312168,0.0276124338624338,0.0456569664902999,0.0317680776014109,0.0649636243386244,0.0384534832451499,0.04022872574955913,0.015481803956609337,10
Cancer,WGAN-GP,Utility,ROC_AUC_TRTR,0.9709325396825398,0.9709325396825398,0.9709325396825398,0.9709325396825398,0.9709325396825398,0.9709325396825398,0.9709325396825398,0.9709325396825398,0.9709325396825398,0.9709325396825398,0.9709325396825397,0.0,10
Cancer,WGAN-GP,Utility,ROC_AUC_TSTR,0.907908950617284,0.9339781746031746,0.9228064373897706,0.9546351410934742,0.9415013227513228,0.943320105820106,0.92527557319224,0.9391644620811288,0.9059689153439152,0.9324790564373898,0.9307038139329806,0.015481803956609327,10
Cancer,WGAN-GP,Utility,Recall_Gap,0.0751461988304093,0.0666666666666667,0.0903508771929826,0.0254385964912279,0.0663742690058477,0.0514619883040935,0.0652046783625731,0.0616959064327485,0.0850877192982452,0.0576023391812864,0.06450292397660809,0.018151801442578802,10
Cancer,WGAN-GP,Utility,Recall_TRTR,0.958187134502924,0.958187134502924,0.958187134502924,0.9552631578947368,0.9552631578947368,0.9552631578947368,0.9552631578947368,0.9552631578947368,0.9552631578947368,0.9552631578947368,0.9561403508771932,0.0014124148875428704,10
Cancer,WGAN-GP,Utility,Recall_TSTR,0.8830409356725146,0.8915204678362572,0.8678362573099413,0.9298245614035088,0.888888888888889,0.9038011695906432,0.8900584795321635,0.8935672514619881,0.8701754385964915,0.8976608187134503,0.8916374269005848,0.01750331029720459,10
Forest Cover,CTABGAN,Compute,evaluation_time_seconds,181.4828552131075,189.0897484000307,203.4248758261092,232.8896596841514,205.9974985579029,198.1203544158489,118.4803364589998,732.9471692449952,168.0008377410004,183.4935474160002,241.3926882958146,175.2572345803617,10
Forest Cover,CTABGAN,Compute,generation_time_seconds,0.0,0.0,0.0,0.0,0.0,0.0,0.0,0.0,0.0,0.0,0.0,0.0,10
Forest Cover,CTABGAN,Compute,total_time_seconds,1316.93647017004,1329.703885853989,1345.250088612083,1930.833787455922,1881.035550567089,1683.089572925121,2463.985854393,36492.994402067,4307.397777097,3145.077647666,5589.630503680725,10899.677366898672,10
Forest Cover,CTABGAN,Compute,training_time_seconds,1135.395488915965,1140.530451328028,1141.736594393151,1697.773460668046,1674.823652208084,1484.842962834984,2345.352482678,35759.630399715,4139.140336212,2961.349015994,5348.057484494726,10728.583055592244,10
Forest Cover,CTABGAN,Fidelity,KS_Complement,0.9676,0.9634636363636364,0.9743181818181816,0.980159090909091,0.9815545454545452,0.9777227272727276,0.9661772727272728,0.9807272727272728,0.9777636363636364,0.9640590909090908,0.9733545454545455,0.0072740958308305645,10
Forest Cover,CTABGAN,Fidelity,MMD,0.070997958343134,0.066684856328368,0.0360077651557567,0.0176887670285917,0.0168706071793712,0.0192798156357649,0.0826009040077885,0.0279514416083676,0.0148580444189941,0.0676741433581405,0.04206143030642771,0.026804777477080443,10
Forest Cover,CTABGAN,Fidelity,Quality_Score,0.0842975317681538,0.0807935257279541,0.0872380905986455,0.089285584966511,0.0880744637640226,0.0894371144744753,0.0833350208123588,0.0874456293212113,0.0877264294777423,0.0820557657557118,0.08596891566667866,0.003094272549763672,10
Forest Cover,CTABGAN,Fidelity,Wasserstein_Distance,7.671686363636362,7.330286363636364,8.721986363636365,6.088050000000002,8.004222727272726,5.122359090909091,5.02473181818182,9.389077272727269,7.510613636363636,10.17543181818182,7.5038445454545455,1.709646325494638,10
Forest Cover,CTABGAN,Privacy,MIA_AUC,1.0,1.0,1.0,1.0,1.0,1.0,1.0,1.0,1.0,1.0,1.0,0.0,10
Forest Cover,CTABGAN,Privacy,Mahalanobis_Distance,1267.571762043728,1296.811385842435,736.5693763307411,645.0935458679626,579.485605674924,602.4406677715147,1272.165447477028,650.7234512280108,635.2537425820291,1308.703199051139,899.4818183869513,335.542396250892,10
Forest Cover,CTABGAN,Privacy,Mean_Distance,1267.571762043728,1296.811385842435,736.5693763307411,645.0935458679626,579.485605674924,602.4406677715147,1272.165447477028,650.7234512280108,635.2537425820291,1308.703199051139,899.4818183869513,335.542396250892,10
Forest Cover,CTABGAN,Privacy,Median_Distance,1286.692562880811,1286.730035671938,1041.501429479291,1000.641375803722,49.16243792584407,52.01828296810655,1286.790064368328,1000.989485028084,51.99678700882601,1286.894648735994,834.3417109870945,553.547387160136,10
Forest Cover,CTABGAN,Privacy,NNDR,0.9304441938461216,0.937817362922155,0.9419431303831816,0.9391024344146566,0.9383108015457312,0.9360116090315022,0.9392365393473564,0.9269509502289996,0.9459648352707714,0.9297938315512496,0.9365575688541725,0.005883326287378901,10
Forest Cover,CTABGAN,Utility,Accuracy_Gap,0.4458666666666666,0.4103333333333332,0.2867333333333333,0.2403999999999999,0.2778666666666666,0.2204333333333333,0.2884333333333332,0.2756999999999999,0.2717999999999999,0.3807999999999999,0.30983666666666654,0.07533627567180876,10
Forest Cover,CTABGAN,Utility,Accuracy_TRTR,0.7357999999999999,0.7357999999999999,0.7357999999999999,0.7357999999999999,0.7357999999999999,0.7357999999999999,0.7357999999999999,0.7357999999999999,0.7357999999999999,0.7357999999999999,0.7358,0.0,10
Forest Cover,CTABGAN,Utility,Accuracy_TSTR,0.2899333333333333,0.3254666666666667,0.4490666666666666,0.4954,0.4579333333333333,0.5153666666666666,0.4473666666666667,0.4601,0.464,0.355,0.42596333333333336,0.07533627567180877,10
Forest Cover,CTABGAN,Utility,F1_Gap,0.4554020285686191,0.407699280805164,0.2941329454704643,0.2576872699040886,0.2733117616567287,0.2274025944120071,0.3695627214191484,0.2943801522939769,0.279532282323908,0.4020346951581158,0.3261145732012221,0.07633057668801406,10
Forest Cover,CTABGAN,Utility,F1_TRTR,0.7287120113176496,0.7287120113176496,0.7287120113176496,0.7287120113176496,0.7287120113176496,0.7287120113176496,0.7287120113176496,0.7287120113176496,0.7287120113176496,0.7287120113176496,0.7287120113176496,0.0,10
Forest Cover,CTABGAN,Utility,F1_TSTR,0.2733099827490305,0.3210127305124856,0.4345790658471854,0.471024741413561,0.455400249660921,0.5013094169056426,0.3591492898985012,0.4343318590236727,0.4491797289937416,0.3266773161595338,0.40259743811642756,0.07633057668801409,10
Forest Cover,CTABGAN,Utility,Precision_Gap,0.4123678679528768,0.3756173919570098,0.2792538805467168,0.2394798861938444,0.2597196237803771,0.2281392577797737,0.3758185356446144,0.2366706816503196,0.2787838377410938,0.3400889166739106,0.3025939879920537,0.06747271077748143,10
Forest Cover,CTABGAN,Utility,Precision_TRTR,0.7296419398965577,0.7296419398965577,0.7296419398965577,0.7296419398965577,0.7296419398965577,0.7296419398965577,0.7296419398965577,0.7296419398965577,0.7296419398965577,0.7296419398965577,0.7296419398965577,0.0,10
Forest Cover,CTABGAN,Utility,Precision_TSTR,0.3172740719436809,0.3540245479395479,0.4503880593498408,0.4901620537027133,0.4699223161161806,0.501502682116784,0.3538234042519433,0.4929712582462381,0.4508581021554638,0.3895530232226471,0.42704795190450395,0.06747271077748142,10
Forest Cover,CTABGAN,Utility,ROC_AUC_Gap,0.3854981245500011,0.3759758733194571,0.2432321814131395,0.203564068913217,0.2092825217961181,0.204583157611081,0.3247882526361923,0.2118320798219953,0.2610667059980003,0.3157043323494689,0.27355272984086704,0.07156555455432184,10
Forest Cover,CTABGAN,Utility,ROC_AUC_TRTR,0.8528716228197365,0.8528716228197365,0.8528716228197365,0.8528716228197365,0.8528716228197365,0.8528716228197365,0.8528734671027826,0.8528734671027826,0.8528734671027826,0.8528734671027826,0.8528723605329549,9.523836697442324e-07,10
Forest Cover,CTABGAN,Utility,ROC_AUC_TSTR,0.4673734982697354,0.4768957495002794,0.609639441406597,0.6493075539065195,0.6435891010236184,0.6482884652086555,0.5280852144665903,0.6410413872807873,0.5918067611047823,0.5371691347533136,0.5793196306920878,0.0715654996394593,10
Forest Cover,CTABGAN,Utility,Recall_Gap,0.4458666666666666,0.4103333333333332,0.2867333333333333,0.2403999999999999,0.2778666666666666,0.2204333333333333,0.2884333333333332,0.2756999999999999,0.2717999999999999,0.3807999999999999,0.30983666666666654,0.07533627567180876,10
Forest Cover,CTABGAN,Utility,Recall_TRTR,0.7357999999999999,0.7357999999999999,0.7357999999999999,0.7357999999999999,0.7357999999999999,0.7357999999999999,0.7357999999999999,0.7357999999999999,0.7357999999999999,0.7357999999999999,0.7358,0.0,10
Forest Cover,CTABGAN,Utility,Recall_TSTR,0.2899333333333333,0.3254666666666667,0.4490666666666666,0.4954,0.4579333333333333,0.5153666666666666,0.4473666666666667,0.4601,0.464,0.355,0.42596333333333336,0.07533627567180877,10
Forest Cover,CTGAN,Compute,evaluation_time_seconds,176.6446189258713,181.0429984340444,175.7965725939721,174.9214468130376,220.5893107051961,280.9819785370491,167.0142913019997,82.84221244200035,158.614401026,59.6175681499999,167.80653989291704,62.33546558422396,10
Forest Cover,CTGAN,Compute,generation_time_seconds,0.0,0.0,0.0,0.0,0.0,0.0,0.0,0.0,0.0,0.0,0.0,0.0,10
Forest Cover,CTGAN,Compute,total_time_seconds,465.7560484129936,542.1628757761791,536.248455631081,503.133134863805,612.6335993481334,700.3303073002025,644.161731568,528.3144946579998,754.0962037699999,467.6429788660002,575.4479830194394,98.52516584058363,10
Forest Cover,CTGAN,Compute,training_time_seconds,289.0527552431449,361.0567222959362,360.383666431997,318.752035847865,391.9792273370549,419.2750416209456,465.288323642,445.414597921,595.4186324479997,407.7138257360002,405.4334828523944,86.094382414417,10
Forest Cover,CTGAN,Fidelity,KS_Complement,0.9495,0.9428318181818182,0.9403136363636362,0.9274954545454543,0.9483999999999998,0.9394863636363636,0.939290909090909,0.9385818181818182,0.9388181818181816,0.9386318181818184,0.9403349999999999,0.006057277134998425,10
Forest Cover,CTGAN,Fidelity,MMD,0.0517710669176586,0.0463968425567969,0.04469430062624,0.0618771984195213,0.0372142266800635,0.044120206053322,0.0436090534810681,0.0532127357784689,0.0445902963160602,0.0512377101392906,0.04787236369684901,0.006831951181479717,10
Forest Cover,CTGAN,Fidelity,Quality_Score,0.8574160386213732,0.8492684430495808,0.8586781275929346,0.8322959223171607,0.8472262630697147,0.8515648966771483,0.8392109118336034,0.8276598390017134,0.8402567115308037,0.8226102882098645,0.8426187441903897,0.012338761928962367,10
Forest Cover,CTGAN,Fidelity,Wasserstein_Distance,36.74858636363637,26.9599409090909,23.23540454545455,25.03815909090909,23.26791363636363,28.95510454545455,16.57670454545455,46.43135909090908,15.43855,27.65208636363637,27.030380909090905,9.135488546825854,10
Forest Cover,CTGAN,Privacy,MIA_AUC,0.9122222222222222,0.8909876543209876,0.914074074074074,0.8946913580246914,0.8419753086419753,0.8509876543209877,0.8595061728395061,0.8512345679012345,0.8725925925925926,0.8261728395061728,0.8714444444444445,0.03035196616347928,10
Forest Cover,CTGAN,Privacy,Mahalanobis_Distance,1161.175346508211,1317.029475177156,1313.057367941442,1215.466610904692,1261.055668203273,1189.201901942364,1292.637258954026,1251.661348635786,1252.129633845763,1296.894684093688,1255.03092962064,52.853500766958796,10
Forest Cover,CTGAN,Privacy,Mean_Distance,1161.175346508211,1317.029475177156,1313.057367941442,1215.466610904692,1261.055668203273,1189.201901942364,1292.637258954026,1251.661348635786,1252.129633845763,1296.894684093688,1255.03092962064,52.853500766958796,10
Forest Cover,CTGAN,Privacy,Median_Distance,1043.756289377021,1287.218306504263,1286.770286896968,1286.484215256899,1286.502334733611,1286.46651255282,1286.677933226496,1286.542034468825,1286.6325952321,1286.711121023328,1262.3761629272333,76.81550760089559,10
Forest Cover,CTGAN,Privacy,NNDR,0.9374364658376948,0.9368210820053944,0.9373706255615304,0.9328640073483304,0.9404658730387724,0.9309777019263158,0.9276539986682532,0.9356148016698316,0.93974662058472,0.9369753070380904,0.9355926483678931,0.003982619547326727,10
Forest Cover,CTGAN,Utility,Accuracy_Gap,0.2954666666666667,0.2868999999999999,0.3077666666666665,0.3577333333333332,0.3100999999999999,0.2808333333333333,0.3928,0.2689333333333332,0.2970666666666665,0.3806999999999999,0.31782999999999995,0.04342806866702858,10
Forest Cover,CTGAN,Utility,Accuracy_TRTR,0.7357999999999999,0.7357999999999999,0.7357999999999999,0.7357999999999999,0.7357999999999999,0.7357999999999999,0.7357999999999999,0.7357999999999999,0.7357999999999999,0.7357999999999999,0.7358,0.0,10
Forest Cover,CTGAN,Utility,Accuracy_TSTR,0.4403333333333332,0.4489,0.4280333333333334,0.3780666666666667,0.4257,0.4549666666666666,0.3429999999999999,0.4668666666666667,0.4387333333333334,0.3551,0.41796999999999995,0.043428068667028565,10
Forest Cover,CTGAN,Utility,F1_Gap,0.3801294413968874,0.3958943454127554,0.3421770059116085,0.4078324217644064,0.3703278639512869,0.3821139724388002,0.4817430154060018,0.3692009872369378,0.4006248033360836,0.4684953201718903,0.3998539177026658,0.043892763556412556,10
Forest Cover,CTGAN,Utility,F1_TRTR,0.7287120113176496,0.7287120113176496,0.7287120113176496,0.7287120113176496,0.7287120113176496,0.7287120113176496,0.7287120113176496,0.7287120113176496,0.7287120113176496,0.7287120113176496,0.7287120113176496,0.0,10
Forest Cover,CTGAN,Utility,F1_TSTR,0.3485825699207622,0.3328176659048942,0.3865350054060411,0.3208795895532432,0.3583841473663628,0.3465980388788494,0.2469689959116478,0.3595110240807118,0.328087207981566,0.2602166911457593,0.32885809361498375,0.04389276355641257,10
Forest Cover,CTGAN,Utility,Precision_Gap,0.4051833228941156,0.4222430764572664,0.3590102331859271,0.36067132424955,0.3521192066566527,0.343829489374929,0.4213721954496119,0.3137748206847062,0.4181424973963991,0.3889383907311545,0.37852845570803123,0.037901939551954755,10
Forest Cover,CTGAN,Utility,Precision_TRTR,0.7296419398965577,0.7296419398965577,0.7296419398965577,0.7296419398965577,0.7296419398965577,0.7296419398965577,0.7296419398965577,0.7296419398965577,0.7296419398965577,0.7296419398965577,0.7296419398965577,0.0,10
Forest Cover,CTGAN,Utility,Precision_TSTR,0.3244586170024421,0.3073988634392913,0.3706317067106306,0.3689706156470077,0.377522733239905,0.3858124505216287,0.3082697444469458,0.4158671192118515,0.3114994425001585,0.3407035491654031,0.35111348418852645,0.03790193955195477,10
Forest Cover,CTGAN,Utility,ROC_AUC_Gap,0.3544056667988631,0.3715135384907491,0.3598596808926635,0.3128868817259851,0.330400714115279,0.328677909404922,0.3561752772442143,0.2856462365873668,0.3182148275680331,0.353648017465751,0.33714287502938267,0.02655328428204758,10
Forest Cover,CTGAN,Utility,ROC_AUC_TRTR,0.8528716228197365,0.8528716228197365,0.8528716228197365,0.8528716228197365,0.8528716228197365,0.8528716228197365,0.8528734671027826,0.8528734671027826,0.8528734671027826,0.8528734671027826,0.8528723605329549,9.523836697442324e-07,10
Forest Cover,CTGAN,Utility,ROC_AUC_TSTR,0.4984659560208734,0.4813580843289874,0.493011941927073,0.5399847410937514,0.5224709087044574,0.5241937134148145,0.4966981898585682,0.5672272305154158,0.5346586395347495,0.4992254496370316,0.5157294855035721,0.02655355353318754,10
Forest Cover,CTGAN,Utility,Recall_Gap,0.2954666666666667,0.2868999999999999,0.3077666666666665,0.3577333333333332,0.3100999999999999,0.2808333333333333,0.3928,0.2689333333333332,0.2970666666666665,0.3806999999999999,0.31782999999999995,0.04342806866702858,10
Forest Cover,CTGAN,Utility,Recall_TRTR,0.7357999999999999,0.7357999999999999,0.7357999999999999,0.7357999999999999,0.7357999999999999,0.7357999999999999,0.7357999999999999,0.7357999999999999,0.7357999999999999,0.7357999999999999,0.7358,0.0,10
Forest Cover,CTGAN,Utility,Recall_TSTR,0.4403333333333332,0.4489,0.4280333333333334,0.3780666666666667,0.4257,0.4549666666666666,0.3429999999999999,0.4668666666666667,0.4387333333333334,0.3551,0.41796999999999995,0.043428068667028565,10
Forest Cover,CopulaGAN,Compute,evaluation_time_seconds,165.1442425481509,222.2341968561523,209.014847928891,279.7640634879936,250.2342955798376,233.755215540994,136.4159336900002,151.6234527919996,158.1557967969998,152.8242874800003,195.91663327010193,49.4511272049227,10
Forest Cover,CopulaGAN,Compute,generation_time_seconds,0.0,0.0,0.0,0.0,0.0,0.0,0.0,0.0,0.0,0.0,0.0,0.0,10
Forest Cover,CopulaGAN,Compute,total_time_seconds,502.3757772219833,558.7919029719196,546.5892631530296,693.2945519329514,762.0935495309532,797.6567601689603,1307.099969214,710.5951762040004,737.5999210250002,628.7248861420003,724.4821757564798,227.33970812321738,10
Forest Cover,CopulaGAN,Compute,training_time_seconds,336.9998962930404,336.5157010711264,337.5304574158508,413.3973152341787,511.7499076661188,563.5495158750564,1170.430986214,558.7883043310003,579.2937579690001,475.7273897610003,528.3983231830372,245.65443489349505,10
Forest Cover,CopulaGAN,Fidelity,KS_Complement,0.937081818181818,0.946918181818182,0.944968181818182,0.94045,0.9343681818181816,0.9254409090909091,0.9380909090909092,0.941968181818182,0.9292,0.942931818181818,0.938141818181818,0.006857051426814083,10
Forest Cover,CopulaGAN,Fidelity,MMD,0.0739434024413463,0.0433606200630195,0.090942971731426,0.0588563575292241,0.0659173150832633,0.0748951617826578,0.0812476519445268,0.0852880994000674,0.0570457752505758,0.053700846342644,0.0685198201568751,0.01527680677208671,10
Forest Cover,CopulaGAN,Fidelity,Quality_Score,0.8337113644064581,0.8577883491862484,0.8576690945949026,0.8577661012882611,0.8398827013348463,0.8222024660939538,0.8434211199900403,0.8512833665428317,0.8302664944337457,0.8407937611037619,0.843478481897505,0.012534223292933029,10
Forest Cover,CopulaGAN,Fidelity,Wasserstein_Distance,29.97223181818183,23.30659545454545,19.00840454545455,25.05314090909091,28.86566818181819,28.03613181818182,43.52261363636363,35.15340454545454,43.51935,39.40257727272726,31.584011818181818,8.50321191112978,10
Forest Cover,CopulaGAN,Privacy,MIA_AUC,0.8925925925925926,0.8279012345679012,0.8050617283950618,0.8762962962962962,0.9433333333333334,0.9474074074074076,0.9041975308641976,0.8955555555555555,0.901358024691358,0.870246913580247,0.8863950617283951,0.044754890460776936,10
Forest Cover,CopulaGAN,Privacy,Mahalanobis_Distance,1313.383340228656,1251.51547655769,1255.095826453401,1258.654367152463,1163.092479508367,1177.79595324512,1443.095007370789,1212.554202453232,1248.772900075905,1215.957996132077,1253.9917549177699,79.28559056792827,10
Forest Cover,CopulaGAN,Privacy,Mean_Distance,1313.383340228656,1251.51547655769,1255.095826453401,1258.654367152463,1163.092479508367,1177.79595324512,1443.095007370789,1212.554202453232,1248.772900075905,1215.957996132077,1253.9917549177699,79.28559056792827,10
Forest Cover,CopulaGAN,Privacy,Median_Distance,1286.821788095,1286.559634672665,1286.59798163123,1286.622605428792,1047.288236499515,1166.941851314495,1287.706790818261,1286.58115418354,1286.543858773755,1286.500908536332,1250.8164809953587,80.81864472689776,10
Forest Cover,CopulaGAN,Privacy,NNDR,0.93741362843594,0.9362391672258988,0.940827505351532,0.9361505689475664,0.9355867098836258,0.9323411275612866,0.938551850109982,0.9414445522805568,0.9431878629601048,0.9317402841981248,0.9373483256954618,0.0037524362581313644,10
Forest Cover,CopulaGAN,Utility,Accuracy_Gap,0.3194333333333332,0.2863666666666666,0.3876666666666665,0.3135333333333332,0.3267,0.2985999999999999,0.3615666666666665,0.2867999999999999,0.3321,0.3811333333333333,0.3293899999999999,0.03664691740863827,10
Forest Cover,CopulaGAN,Utility,Accuracy_TRTR,0.7357999999999999,0.7357999999999999,0.7357999999999999,0.7357999999999999,0.7357999999999999,0.7357999999999999,0.7357999999999999,0.7357999999999999,0.7357999999999999,0.7357999999999999,0.7358,0.0,10
Forest Cover,CopulaGAN,Utility,Accuracy_TSTR,0.4163666666666667,0.4494333333333333,0.3481333333333334,0.4222666666666667,0.4090999999999999,0.4372,0.3742333333333334,0.449,0.4036999999999999,0.3546666666666666,0.40641,0.03664691740863827,10
Forest Cover,CopulaGAN,Utility,F1_Gap,0.3759770836997881,0.3761361817277604,0.4809064918270363,0.3655488079511538,0.4227466852438025,0.4044694100246533,0.3748260780010818,0.3655291620239704,0.3383525937031112,0.4338011145997067,0.3938293608802065,0.04190045067169135,10
Forest Cover,CopulaGAN,Utility,F1_TRTR,0.7287120113176496,0.7287120113176496,0.7287120113176496,0.7287120113176496,0.7287120113176496,0.7287120113176496,0.7287120113176496,0.7287120113176496,0.7287120113176496,0.7287120113176496,0.7287120113176496,0.0,10
Forest Cover,CopulaGAN,Utility,F1_TSTR,0.3527349276178615,0.3525758295898892,0.2478055194906134,0.3631632033664958,0.3059653260738471,0.3242426012929964,0.3538859333165678,0.3631828492936792,0.3903594176145384,0.294910896717943,0.33488265043744325,0.04190045067169131,10
Forest Cover,CopulaGAN,Utility,Precision_Gap,0.3728935874798469,0.3803725374652797,0.4491352446781907,0.3744046033014032,0.3987417109245346,0.4453553712899767,0.383811680315342,0.3251529913562638,0.3372834210396563,0.3606646826614513,0.38278158305119453,0.04031558635009858,10
Forest Cover,CopulaGAN,Utility,Precision_TRTR,0.7296419398965577,0.7296419398965577,0.7296419398965577,0.7296419398965577,0.7296419398965577,0.7296419398965577,0.7296419398965577,0.7296419398965577,0.7296419398965577,0.7296419398965577,0.7296419398965577,0.0,10
Forest Cover,CopulaGAN,Utility,Precision_TSTR,0.3567483524167108,0.349269402431278,0.280506695218367,0.3552373365951544,0.330900228972023,0.284286568606581,0.3458302595812157,0.4044889485402939,0.3923585188569014,0.3689772572351064,0.34686035684536315,0.04031558635009857,10
Forest Cover,CopulaGAN,Utility,ROC_AUC_Gap,0.3458228331602969,0.343695668995701,0.3522496083248591,0.3682415393019375,0.3944423313272612,0.3932080789785314,0.3859128336544506,0.3265530227744116,0.3179244391546424,0.3714341557323125,0.35994845114044044,0.027029010968522147,10
Forest Cover,CopulaGAN,Utility,ROC_AUC_TRTR,0.8528716228197365,0.8528716228197365,0.8528716228197365,0.8528716228197365,0.8528716228197365,0.8528716228197365,0.8528734671027826,0.8528734671027826,0.8528734671027826,0.8528734671027826,0.8528723605329549,9.523836697442324e-07,10
Forest Cover,CopulaGAN,Utility,ROC_AUC_TSTR,0.5070487896594396,0.5091759538240355,0.5006220144948774,0.484630083517799,0.4584292914924753,0.4596635438412051,0.466960633448332,0.526320444328371,0.5349490279481401,0.4814393113704701,0.4929239093925144,0.02702929884826761,10
Forest Cover,CopulaGAN,Utility,Recall_Gap,0.3194333333333332,0.2863666666666666,0.3876666666666665,0.3135333333333332,0.3267,0.2985999999999999,0.3615666666666665,0.2867999999999999,0.3321,0.3811333333333333,0.3293899999999999,0.03664691740863827,10
Forest Cover,CopulaGAN,Utility,Recall_TRTR,0.7357999999999999,0.7357999999999999,0.7357999999999999,0.7357999999999999,0.7357999999999999,0.7357999999999999,0.7357999999999999,0.7357999999999999,0.7357999999999999,0.7357999999999999,0.7358,0.0,10
Forest Cover,CopulaGAN,Utility,Recall_TSTR,0.4163666666666667,0.4494333333333333,0.3481333333333334,0.4222666666666667,0.4090999999999999,0.4372,0.3742333333333334,0.449,0.4036999999999999,0.3546666666666666,0.40641,0.03664691740863827,10
Forest Cover,ForestDiffusion,Compute,evaluation_time_seconds,291.1118815320078,282.0946822289843,132.1537759110797,214.5438415929675,228.7213552130852,246.2541376689915,157.0716973470003,401.0865734880008,1662.709489059998,154.1840432099998,376.9931477252115,458.67574649764356,10
Forest Cover,ForestDiffusion,Compute,generation_time_seconds,0.0,0.0,0.0,0.0,0.0,0.0,0.0,0.0,0.0,0.0,0.0,0.0,10
Forest Cover,ForestDiffusion,Compute,total_time_seconds,770.4996699709445,766.3127394630574,286.0115140769631,989.0446716928856,989.0309624071232,858.9800535801332,1066.332740473,5754.051693746,38436.655029602,1065.923089956,5098.284216496811,11817.081537927097,10
Forest Cover,ForestDiffusion,Compute,training_time_seconds,479.3460044940002,484.1729056248441,153.8270016608294,774.3407106241211,760.2515660051722,612.6785770470742,909.116881463,5352.814858696,36773.805463351,911.4577767240004,4721.181174569004,11361.572401346008,10
Forest Cover,ForestDiffusion,Fidelity,KS_Complement,0.9770363636363636,0.9768363636363636,0.9762954545454546,0.9772136363636365,0.9773227272727272,0.9750909090909092,0.9763454545454546,0.9774045454545456,0.9770681818181816,0.9784681818181818,0.9769081818181817,0.0008810910258173522,10
Forest Cover,ForestDiffusion,Fidelity,MMD,0.0172516611241008,0.0096176177330211,0.0143786113743325,0.0122241144214612,0.017072655784818,0.016988298876657,0.0138548309838995,0.0128239162232036,0.0111632419549537,0.0102394445005805,0.013561439297702791,0.0028502767970184314,10
Forest Cover,ForestDiffusion,Fidelity,Quality_Score,0.8272658042665905,0.8388174857742392,0.8283358792097846,0.8128667046737283,0.8235659607653414,0.8313731827062962,0.8156083214345835,0.8399557159619928,0.8355370474737158,0.845029247497751,0.8298355349764023,0.010473929857445987,10
Forest Cover,ForestDiffusion,Fidelity,Wasserstein_Distance,9.24699642037907,9.48559929670214,11.06113956106147,10.17363069410258,11.09854300849941,10.41374026280819,10.5851290136648,9.463886123213983,8.17968447063852,9.04587292061929,9.875422177168947,0.9465886017809667,10
Forest Cover,ForestDiffusion,Privacy,MIA_AUC,0.8162962962962963,0.8339506172839507,0.7887654320987654,0.7492592592592592,0.8029629629629629,0.7482716049382716,0.812962962962963,0.8748148148148148,0.7569135802469136,0.7256790123456791,0.7909876543209876,0.04611191450059731,10
Forest Cover,ForestDiffusion,Privacy,Mahalanobis_Distance,451.2577716725591,416.0757781005858,547.1038136186967,437.196043450873,460.9395725816534,467.5260664001943,465.5228897829376,433.9985410751073,446.6540857857898,476.5094547988468,460.2784017267243,35.47590998823581,10
Forest Cover,ForestDiffusion,Privacy,Mean_Distance,451.2577716725591,416.0757781005858,547.1038136186967,437.196043450873,460.9395725816534,467.5260664001943,465.5228897829376,433.9985410751073,446.6540857857898,476.5094547988468,460.2784017267243,35.47590998823581,10
Forest Cover,ForestDiffusion,Privacy,Median_Distance,8.649411201271313,7.57247736186873,15.78342934510232,7.759950724431174,8.482461866961179,8.633056759429184,9.084912257712867,7.591436202846753,8.159948710155232,8.375017063405643,9.00921014931844,2.4313363031061113,10
Forest Cover,ForestDiffusion,Privacy,NNDR,0.8994749654864399,0.8861839585281232,0.9045310088763991,0.8911780099984825,0.8929516961124117,0.8932008193669708,0.8997584603774875,0.8965768660725205,0.8979618278820998,0.9041047822001448,0.896592239490108,0.005793434119088853,10
Forest Cover,ForestDiffusion,Utility,Accuracy_Gap,0.0852333333333332,0.0815666666666665,0.0653,0.0752666666666665,0.0742666666666665,0.0620666666666667,0.0644333333333333,0.0551333333333332,0.0827333333333333,0.0518999999999999,0.06978999999999992,0.011728998041679768,10
Forest Cover,ForestDiffusion,Utility,Accuracy_TRTR,0.7357999999999999,0.7357999999999999,0.7357999999999999,0.7357999999999999,0.7357999999999999,0.7357999999999999,0.7357999999999999,0.7357999999999999,0.7357999999999999,0.7357999999999999,0.7358,0.0,10
Forest Cover,ForestDiffusion,Utility,Accuracy_TSTR,0.6505666666666666,0.6542333333333333,0.6704999999999999,0.6605333333333333,0.6615333333333333,0.6737333333333332,0.6713666666666666,0.6806666666666666,0.6530666666666666,0.6839,0.66601,0.011728998041679779,10
Forest Cover,ForestDiffusion,Utility,F1_Gap,0.0792630789028638,0.0742763327912304,0.057850152695172,0.0691531091206636,0.0676970511592408,0.0538375384627909,0.0586800270112777,0.0520739449744356,0.075801717106956,0.0466777489738848,0.06353107011985157,0.011193045541841095,10
Forest Cover,ForestDiffusion,Utility,F1_TRTR,0.7287120113176496,0.7287120113176496,0.7287120113176496,0.7287120113176496,0.7287120113176496,0.7287120113176496,0.7287120113176496,0.7287120113176496,0.7287120113176496,0.7287120113176496,0.7287120113176496,0.0,10
Forest Cover,ForestDiffusion,Utility,F1_TSTR,0.6494489324147857,0.6544356785264192,0.6708618586224776,0.659558902196986,0.6610149601584088,0.6748744728548587,0.6700319843063719,0.676638066343214,0.6529102942106936,0.6820342623437647,0.6651809411977979,0.011193045541841104,10
Forest Cover,ForestDiffusion,Utility,Precision_Gap,0.0730554259911336,0.0691099959199623,0.0478921077260178,0.0639815644518867,0.0612657411285684,0.0459159102127823,0.0547308300012276,0.050872589136853,0.0663199731855281,0.0413549610049761,0.05744990987589358,0.010798546688921225,10
Forest Cover,ForestDiffusion,Utility,Precision_TRTR,0.7296419398965577,0.7296419398965577,0.7296419398965577,0.7296419398965577,0.7296419398965577,0.7296419398965577,0.7296419398965577,0.7296419398965577,0.7296419398965577,0.7296419398965577,0.7296419398965577,0.0,10
Forest Cover,ForestDiffusion,Utility,Precision_TSTR,0.656586513905424,0.6605319439765953,0.6817498321705399,0.6656603754446709,0.6683761987679893,0.6837260296837754,0.67491110989533,0.6787693507597047,0.6633219667110295,0.6882869788915815,0.672192030020664,0.010798546688921246,10
Forest Cover,ForestDiffusion,Utility,ROC_AUC_Gap,0.0588797796963591,0.053269829816002,0.0491078915276985,0.0519651708113911,0.0502087133376131,0.0442745993068195,0.0471370945940397,0.0347600204744146,0.0555670158575768,0.0421056550922493,0.048727577051416365,0.007028503487502469,10
Forest Cover,ForestDiffusion,Utility,ROC_AUC_TRTR,0.8528716228197365,0.8528716228197365,0.8528716228197365,0.8528716228197365,0.8528716228197365,0.8528716228197365,0.8528734671027826,0.8528734671027826,0.8528734671027826,0.8528734671027826,0.8528723605329549,9.523836697442324e-07,10
Forest Cover,ForestDiffusion,Utility,ROC_AUC_TSTR,0.7939918431233773,0.7996017930037345,0.8037637312920379,0.8009064520083453,0.8026629094821234,0.808597023512917,0.8057363725087429,0.8181134466283679,0.7973064512452057,0.8107678120105332,0.8041447834815385,0.007028950800145523,10
Forest Cover,ForestDiffusion,Utility,Recall_Gap,0.0852333333333332,0.0815666666666665,0.0653,0.0752666666666665,0.0742666666666665,0.0620666666666667,0.0644333333333333,0.0551333333333332,0.0827333333333333,0.0518999999999999,0.06978999999999992,0.011728998041679768,10
Forest Cover,ForestDiffusion,Utility,Recall_TRTR,0.7357999999999999,0.7357999999999999,0.7357999999999999,0.7357999999999999,0.7357999999999999,0.7357999999999999,0.7357999999999999,0.7357999999999999,0.7357999999999999,0.7357999999999999,0.7358,0.0,10
Forest Cover,ForestDiffusion,Utility,Recall_TSTR,0.6505666666666666,0.6542333333333333,0.6704999999999999,0.6605333333333333,0.6615333333333333,0.6737333333333332,0.6713666666666666,0.6806666666666666,0.6530666666666666,0.6839,0.66601,0.011728998041679779,10
Forest Cover,GaussianCopula,Compute,evaluation_time_seconds,203.2002395899035,228.7557024969719,215.1696381571237,249.2100338861346,244.04480388714,237.3442589810584,104.7773431889946,133.9270831930044,142.4650699810009,114.3754178850068,187.32695912463387,57.049859318769684,10
Forest Cover,GaussianCopula,Compute,generation_time_seconds,0.0,0.0,0.0,0.0,0.0,0.0,0.0,0.0,0.0,0.0,0.0,0.0,10
Forest Cover,GaussianCopula,Compute,total_time_seconds,265.3610235631932,249.3386519199703,268.91128411307,266.6128300440032,314.1249487560708,273.1211821360048,130.2097797650058,160.8967761280073,169.3231785610114,142.5495648379874,224.0449219824324,65.93210774455639,10
Forest Cover,GaussianCopula,Compute,training_time_seconds,61.77942684688605,20.40976657602005,53.57184270094149,17.34486410813406,69.87050860607997,35.32330316700973,25.26333268299641,26.85509409299993,26.68396911300079,28.04530591001094,36.51474138040794,18.43429346940927,10
Forest Cover,GaussianCopula,Fidelity,KS_Complement,0.9765954545454544,0.9765954545454544,0.9765954545454544,0.9765954545454544,0.9765954545454544,0.9765954545454544,0.9765954545454544,0.9765954545454544,0.9765954545454544,0.9765954545454544,0.9765954545454545,0.0,10
Forest Cover,GaussianCopula,Fidelity,MMD,0.021781639144594,0.021781639144594,0.021781639144594,0.021781639144594,0.021781639144594,0.021781639144594,0.021781639144594,0.021781639144594,0.021781639144594,0.021781639144594,0.021781639144594,0.0,10
Forest Cover,GaussianCopula,Fidelity,Quality_Score,0.9220989336183832,0.9220989336183832,0.9220989336183832,0.9220989336183832,0.9220989336183832,0.9220989336183832,0.9220989336183832,0.9220989336183832,0.9220989336183832,0.9220989336183832,0.9220989336183832,0.0,10
Forest Cover,GaussianCopula,Fidelity,Wasserstein_Distance,6.416240909090908,6.416240909090908,6.416240909090908,6.416240909090908,6.416240909090908,6.416240909090908,6.416240909090908,6.416240909090908,6.416240909090908,6.416240909090908,6.416240909090908,0.0,10
Forest Cover,GaussianCopula,Privacy,MIA_AUC,0.5166666666666666,0.5166666666666666,0.5166666666666666,0.5166666666666666,0.5166666666666666,0.5166666666666666,0.5166666666666666,0.5166666666666666,0.5166666666666666,0.5166666666666666,0.5166666666666666,0.0,10
Forest Cover,GaussianCopula,Privacy,Mahalanobis_Distance,1004.076676288463,1004.076676288463,1004.076676288463,1004.076676288463,1004.076676288463,1004.076676288463,1004.076676288463,1004.076676288463,1004.076676288463,1004.076676288463,1004.076676288463,0.0,10
Forest Cover,GaussianCopula,Privacy,Mean_Distance,1004.076676288463,1004.076676288463,1004.076676288463,1004.076676288463,1004.076676288463,1004.076676288463,1004.076676288463,1004.076676288463,1004.076676288463,1004.076676288463,1004.076676288463,0.0,10
Forest Cover,GaussianCopula,Privacy,Median_Distance,1041.435786799589,1041.435786799589,1041.435786799589,1041.435786799589,1041.435786799589,1041.435786799589,1041.435786799589,1041.435786799589,1041.435786799589,1041.435786799589,1041.435786799589,0.0,10
Forest Cover,GaussianCopula,Privacy,NNDR,0.9377329116226886,0.9377329116226886,0.9377329116226886,0.9377329116226886,0.9377329116226886,0.9377329116226886,0.9377329116226886,0.9377329116226886,0.9377329116226886,0.9377329116226886,0.9377329116226886,0.0,10
Forest Cover,GaussianCopula,Utility,Accuracy_Gap,0.1924333333333331,0.1924333333333331,0.1924333333333331,0.1924333333333331,0.1924333333333331,0.1924333333333331,0.1924333333333331,0.1924333333333331,0.1924333333333331,0.1924333333333331,0.19243333333333307,0.0,10
Forest Cover,GaussianCopula,Utility,Accuracy_TRTR,0.7357999999999999,0.7357999999999999,0.7357999999999999,0.7357999999999999,0.7357999999999999,0.7357999999999999,0.7357999999999999,0.7357999999999999,0.7357999999999999,0.7357999999999999,0.7358,0.0,10
Forest Cover,GaussianCopula,Utility,Accuracy_TSTR,0.5433666666666668,0.5433666666666668,0.5433666666666668,0.5433666666666668,0.5433666666666668,0.5433666666666668,0.5433666666666668,0.5433666666666668,0.5433666666666668,0.5433666666666668,0.5433666666666668,0.0,10
Forest Cover,GaussianCopula,Utility,F1_Gap,0.2225496466401143,0.2225496466401143,0.2225496466401143,0.2225496466401143,0.2225496466401143,0.2225496466401143,0.2225496466401143,0.2225496466401143,0.2225496466401143,0.2225496466401143,0.2225496466401143,0.0,10
Forest Cover,GaussianCopula,Utility,F1_TRTR,0.7287120113176496,0.7287120113176496,0.7287120113176496,0.7287120113176496,0.7287120113176496,0.7287120113176496,0.7287120113176496,0.7287120113176496,0.7287120113176496,0.7287120113176496,0.7287120113176496,0.0,10
Forest Cover,GaussianCopula,Utility,F1_TSTR,0.5061623646775353,0.5061623646775353,0.5061623646775353,0.5061623646775353,0.5061623646775353,0.5061623646775353,0.5061623646775353,0.5061623646775353,0.5061623646775353,0.5061623646775353,0.5061623646775353,0.0,10
Forest Cover,GaussianCopula,Utility,Precision_Gap,0.2356668549433081,0.2356668549433081,0.2356668549433081,0.2356668549433081,0.2356668549433081,0.2356668549433081,0.2356668549433081,0.2356668549433081,0.2356668549433081,0.2356668549433081,0.23566685494330813,0.0,10
Forest Cover,GaussianCopula,Utility,Precision_TRTR,0.7296419398965577,0.7296419398965577,0.7296419398965577,0.7296419398965577,0.7296419398965577,0.7296419398965577,0.7296419398965577,0.7296419398965577,0.7296419398965577,0.7296419398965577,0.7296419398965577,0.0,10
Forest Cover,GaussianCopula,Utility,Precision_TSTR,0.4939750849532495,0.4939750849532495,0.4939750849532495,0.4939750849532495,0.4939750849532495,0.4939750849532495,0.4939750849532495,0.4939750849532495,0.4939750849532495,0.4939750849532495,0.4939750849532495,0.0,10
Forest Cover,GaussianCopula,Utility,ROC_AUC_Gap,0.1977225355806009,0.1977225355806009,0.1977225355806009,0.1977225355806009,0.1977225355806009,0.1977225355806009,0.197724379863647,0.197724379863647,0.197724379863647,0.197724379863647,0.19772327329381936,9.523836697585653e-07,10
Forest Cover,GaussianCopula,Utility,ROC_AUC_TRTR,0.8528716228197365,0.8528716228197365,0.8528716228197365,0.8528716228197365,0.8528716228197365,0.8528716228197365,0.8528734671027826,0.8528734671027826,0.8528734671027826,0.8528734671027826,0.8528723605329549,9.523836697442324e-07,10
Forest Cover,GaussianCopula,Utility,ROC_AUC_TSTR,0.6551490872391356,0.6551490872391356,0.6551490872391356,0.6551490872391356,0.6551490872391356,0.6551490872391356,0.6551490872391356,0.6551490872391356,0.6551490872391356,0.6551490872391356,0.6551490872391356,0.0,10
Forest Cover,GaussianCopula,Utility,Recall_Gap,0.1924333333333331,0.1924333333333331,0.1924333333333331,0.1924333333333331,0.1924333333333331,0.1924333333333331,0.1924333333333331,0.1924333333333331,0.1924333333333331,0.1924333333333331,0.19243333333333307,0.0,10
Forest Cover,GaussianCopula,Utility,Recall_TRTR,0.7357999999999999,0.7357999999999999,0.7357999999999999,0.7357999999999999,0.7357999999999999,0.7357999999999999,0.7357999999999999,0.7357999999999999,0.7357999999999999,0.7357999999999999,0.7358,0.0,10
Forest Cover,GaussianCopula,Utility,Recall_TSTR,0.5433666666666668,0.5433666666666668,0.5433666666666668,0.5433666666666668,0.5433666666666668,0.5433666666666668,0.5433666666666668,0.5433666666666668,0.5433666666666668,0.5433666666666668,0.5433666666666668,0.0,10
Forest Cover,TVAE,Compute,evaluation_time_seconds,165.0033743118402,236.1106370999478,235.6513154038694,304.0322130089626,285.4854055850301,297.6646305939648,57.51727890099983,153.3688149310001,59.71879123400004,190.3932327359998,198.49456938056147,90.48807884732196,10
Forest Cover,TVAE,Compute,generation_time_seconds,0.0,0.0,0.0,0.0,0.0,0.0,0.0,0.0,0.0,0.0,0.0,0.0,10
Forest Cover,TVAE,Compute,total_time_seconds,360.8621972780675,388.565553202061,407.8479145390447,488.3132554038893,485.5414140860084,490.6963465798181,201.5869372940001,383.8851637940002,170.2435805280002,327.4142986650004,370.495666136989,112.56877719030726,10
Forest Cover,TVAE,Compute,training_time_seconds,195.4454989109654,152.3962202281691,172.0904287451413,184.2159022090491,199.6070671770722,192.8146353468765,143.9891197670004,230.3125040350001,110.4005262720002,136.9001011280002,171.81720038192745,35.73009421428504,10
Forest Cover,TVAE,Fidelity,KS_Complement,0.9811727272727272,0.9819272727272728,0.9803227272727276,0.978659090909091,0.9784045454545456,0.9808772727272728,0.97685,0.978940909090909,0.9782318181818184,0.9805863636363636,0.9795972727272728,0.0016055290715625973,10
Forest Cover,TVAE,Fidelity,MMD,0.0121199206668071,0.0137971804736448,0.0155801049586425,0.0136637739087066,0.0141549657068041,0.0139374837238674,0.0185887837576947,0.0148530201221059,0.0219341029063762,0.0125589875926296,0.01511883238172789,0.0029908520299585344,10
Forest Cover,TVAE,Fidelity,Quality_Score,0.9217489928145514,0.9333624359360528,0.9337643140697334,0.945509801744556,0.9273585206023732,0.942593087849444,0.9396562431467028,0.9493084994497778,0.9245975719915618,0.9316985162393752,0.9349597983844129,0.009139710358486092,10
Forest Cover,TVAE,Fidelity,Wasserstein_Distance,13.51946818181818,9.328577272727273,11.79148636363636,15.21817727272728,14.13525,10.82666818181818,16.51714090909091,9.90413181818182,14.65586818181819,11.90028636363637,12.779705454545457,2.393575290341143,10
Forest Cover,TVAE,Privacy,MIA_AUC,0.7591358024691358,0.6862962962962963,0.7346913580246913,0.7522222222222222,0.7690123456790123,0.7938271604938272,0.7767901234567901,0.7666666666666666,0.7327160493827161,0.6493827160493827,0.742074074074074,0.04403668304385239,10
Forest Cover,TVAE,Privacy,Mahalanobis_Distance,468.9212915771039,512.3451103664762,457.5190163010716,510.8996248446927,521.1139956806593,527.1228881773318,551.078687543899,544.3917031448268,550.2008328160721,479.2447675623617,512.2837918014495,33.73889784428222,10
Forest Cover,TVAE,Privacy,Mean_Distance,468.9212915771039,512.3451103664762,457.5190163010716,510.8996248446927,521.1139956806593,527.1228881773318,551.078687543899,544.3917031448268,550.2008328160721,479.2447675623617,512.2837918014495,33.73889784428222,10
Forest Cover,TVAE,Privacy,Median_Distance,13.65868093114145,14.4147469266878,11.54265771164843,13.27612463571532,17.21741146264413,13.54922804464485,1041.390903008124,21.19545088256013,536.016988188437,11.53567042187532,169.37978622134784,347.4798598936174,10
Forest Cover,TVAE,Privacy,NNDR,0.8966728449966717,0.8925426828877868,0.8947448811743167,0.8913869263856813,0.898065588594139,0.8933352690950117,0.9066502781754324,0.9056654331128734,0.8965331204355802,0.8881589250237164,0.8963755949881209,0.00590511982363076,10
Forest Cover,TVAE,Utility,Accuracy_Gap,0.0501333333333331,0.0682666666666668,0.0611333333333333,0.0569666666666663,0.0642333333333332,0.0522,0.0858999999999998,0.0649999999999998,0.0636666666666665,0.0497333333333331,0.061723333333333186,0.010749137777652837,10
Forest Cover,TVAE,Utility,Accuracy_TRTR,0.7357999999999999,0.7357999999999999,0.7357999999999999,0.7357999999999999,0.7357999999999999,0.7357999999999999,0.7357999999999999,0.7357999999999999,0.7357999999999999,0.7357999999999999,0.7358,0.0,10
Forest Cover,TVAE,Utility,Accuracy_TSTR,0.6856666666666668,0.6675333333333331,0.6746666666666665,0.6788333333333335,0.6715666666666666,0.6835999999999999,0.6499,0.6708000000000001,0.6721333333333334,0.6860666666666667,0.6740766666666665,0.010749137777652837,10
Forest Cover,TVAE,Utility,F1_Gap,0.0650030556631511,0.0790626685895447,0.0739677513145007,0.0661890400397184,0.0789376269112958,0.0669892161282748,0.0992221175445128,0.0748934539575689,0.0763198520610067,0.0637850092524517,0.07443697914620255,0.010466298939170664,10
Forest Cover,TVAE,Utility,F1_TRTR,0.7287120113176496,0.7287120113176496,0.7287120113176496,0.7287120113176496,0.7287120113176496,0.7287120113176496,0.7287120113176496,0.7287120113176496,0.7287120113176496,0.7287120113176496,0.7287120113176496,0.0,10
Forest Cover,TVAE,Utility,F1_TSTR,0.6637089556544985,0.6496493427281049,0.6547442600031489,0.6625229712779311,0.6497743844063538,0.6617227951893748,0.6294898937731368,0.6538185573600807,0.6523921592566428,0.6649270020651978,0.654275032171447,0.010466298939170652,10
Forest Cover,TVAE,Utility,Precision_Gap,0.0756934544284676,0.0882159785860033,0.0858395904485045,0.0728377296536051,0.0919895062420468,0.0854400650665291,0.1006914965961764,0.0886444150607248,0.0859369093588638,0.0697984933856797,0.08450876388266011,0.009331441447754649,10
Forest Cover,TVAE,Utility,Precision_TRTR,0.7296419398965577,0.7296419398965577,0.7296419398965577,0.7296419398965577,0.7296419398965577,0.7296419398965577,0.7296419398965577,0.7296419398965577,0.7296419398965577,0.7296419398965577,0.7296419398965577,0.0,10
Forest Cover,TVAE,Utility,Precision_TSTR,0.65394848546809,0.6414259613105543,0.6438023494480531,0.6568042102429525,0.6376524336545109,0.6442018748300286,0.6289504433003813,0.6409975248358328,0.6437050305376938,0.6598434465108779,0.6451331760138974,0.00933144144775463,10
Forest Cover,TVAE,Utility,ROC_AUC_Gap,,0.0636425402262411,0.0535791779604736,0.0516008516051409,0.0772945739561248,,0.0659189603084596,0.0554437455113281,0.0535709159665321,,0.06015010936204289,0.009319441819031073,7
Forest Cover,TVAE,Utility,ROC_AUC_TRTR,0.8528716228197365,0.8528716228197365,0.8528716228197365,0.8528716228197365,0.8528716228197365,0.8528716228197365,0.8528734671027826,0.8528734671027826,0.8528734671027826,0.8528734671027826,0.8528723605329549,9.523836697442324e-07,10
Forest Cover,TVAE,Utility,ROC_AUC_TSTR,,0.7892290825934953,0.7992924448592629,0.8012707712145956,0.7755770488636117,,0.7869545067943229,0.7974297215914544,0.7993025511362504,,0.7927223038647133,0.009319623825353375,7
Forest Cover,TVAE,Utility,Recall_Gap,0.0501333333333331,0.0682666666666668,0.0611333333333333,0.0569666666666663,0.0642333333333332,0.0522,0.0858999999999998,0.0649999999999998,0.0636666666666665,0.0497333333333331,0.061723333333333186,0.010749137777652837,10
Forest Cover,TVAE,Utility,Recall_TRTR,0.7357999999999999,0.7357999999999999,0.7357999999999999,0.7357999999999999,0.7357999999999999,0.7357999999999999,0.7357999999999999,0.7357999999999999,0.7357999999999999,0.7357999999999999,0.7358,0.0,10
Forest Cover,TVAE,Utility,Recall_TSTR,0.6856666666666668,0.6675333333333331,0.6746666666666665,0.6788333333333335,0.6715666666666666,0.6835999999999999,0.6499,0.6708000000000001,0.6721333333333334,0.6860666666666667,0.6740766666666665,0.010749137777652837,10
Forest Cover,TabDDPM,Compute,evaluation_time_seconds,181.3196725538,193.3216972639784,188.531033545034,280.7477816950995,355.2045423700474,292.4917968770023,155.114890799,162.4169155730001,142.007187102,196.3515771029997,214.75070948819612,70.17144287736933,10
Forest Cover,TabDDPM,Compute,generation_time_seconds,0.0,0.0,0.0,0.0,0.0,0.0,0.0,0.0,0.0,0.0,0.0,0.0,10
Forest Cover,TabDDPM,Compute,total_time_seconds,189.9807986111846,201.2411206748802,195.2941463431343,291.6940239539836,380.2707009150181,304.4931630969513,185.574272024,188.1361082539997,162.333404039,217.990068999,231.7007806911152,69.91271083884638,10
Forest Cover,TabDDPM,Compute,training_time_seconds,8.617329668952152,7.884822254069149,6.707019966794178,10.85798533400521,24.90607433510013,11.76206304994412,30.26729497699989,25.49750170300013,20.14067730699981,21.50486238300027,16.814563097886502,8.595928144664631,10
Forest Cover,TabDDPM,Fidelity,KS_Complement,0.6199363636363636,0.6729181818181819,0.6841636363636364,0.6984818181818183,0.6706227272727273,0.6559409090909091,0.6954863636363636,0.6490818181818182,0.6773681818181817,0.6702818181818183,0.6694281818181819,0.023245015441667922,10
Forest Cover,TabDDPM,Fidelity,MMD,0.3195424913073986,0.3025554518413326,0.317667552604884,0.2790443731659736,0.3095869825008234,0.3193769360270122,0.3380164237178309,0.3149817104344915,0.3014710960410891,0.3163787908755133,0.311862180851635,0.015420446683637,10
Forest Cover,TabDDPM,Fidelity,Quality_Score,0.4477077470762897,0.4797370614877169,0.4744271249680261,0.4971723891247007,0.4797253425718715,0.4611190476727639,0.4877734419343688,0.4685079332607072,0.4814721469556456,0.4746891253908651,0.4752331360442956,0.013828348904843723,10
Forest Cover,TabDDPM,Fidelity,Wasserstein_Distance,128.1786931073336,100.1590344481213,96.59380276997994,98.42509125188444,103.6279281170834,93.64164577813102,119.0333622689616,137.5114035986923,100.3600979079698,97.6287113700362,107.51597706181937,15.172947171047698,10
Forest Cover,TabDDPM,Privacy,MIA_AUC,0.9848148148148148,0.9214814814814816,0.9750617283950618,0.9153086419753086,0.9501234567901234,0.9902469135802467,0.9770370370370368,0.9851851851851852,0.9630864197530864,0.9720987654320988,0.9634444444444444,0.026453028927134265,10
Forest Cover,TabDDPM,Privacy,Mahalanobis_Distance,12105.80864158033,7949.515945920376,8199.376429429787,7549.088355174521,10384.40097236177,9381.040046257323,8042.163052974724,10181.1684644672,9851.368101136552,8916.360134918978,9256.029014422156,1412.1059767006675,10
Forest Cover,TabDDPM,Privacy,Mean_Distance,12105.80864158033,7949.515945920376,8199.376429429787,7549.088355174521,10384.40097236177,9381.040046257323,8042.163052974724,10181.1684644672,9851.368101136552,8916.360134918978,9256.029014422156,1412.1059767006675,10
Forest Cover,TabDDPM,Privacy,Median_Distance,1041.810448806453,56.33462840409,1287.18467067451,1042.224116843061,1042.100020898593,1043.427630958695,67.08095606634649,1655.43865809677,1041.845153421828,1287.018044221039,956.4464328391384,510.4755678878036,10
Forest Cover,TabDDPM,Privacy,NNDR,0.9657657644460244,0.9563619082423308,0.9551631287059176,0.961161198959284,0.9615420065857804,0.9467999987722512,0.9614554497527849,0.961620632720288,0.9573965986859096,0.9573884603737188,0.958465514724429,0.005192274671249912,10
Forest Cover,TabDDPM,Utility,Accuracy_Gap,0.2896666666666666,0.3779333333333332,0.3692666666666666,0.3718666666666666,0.3005999999999998,0.3025666666666667,0.3627333333333333,0.2906999999999998,0.3788999999999998,0.4427,0.34869333333333324,0.05060750151782387,10
Forest Cover,TabDDPM,Utility,Accuracy_TRTR,0.7357999999999999,0.7357999999999999,0.7357999999999999,0.7357999999999999,0.7357999999999999,0.7357999999999999,0.7357999999999999,0.7357999999999999,0.7357999999999999,0.7357999999999999,0.7358,0.0,10
Forest Cover,TabDDPM,Utility,Accuracy_TSTR,0.4461333333333333,0.3578666666666667,0.3665333333333333,0.3639333333333333,0.4352000000000001,0.4332333333333332,0.3730666666666666,0.4451000000000001,0.3569000000000001,0.2930999999999999,0.3871066666666666,0.050607501517823866,10
Forest Cover,TabDDPM,Utility,F1_Gap,0.3542731010340556,0.4155176116743783,0.3867808538622373,0.3948472004356989,0.3655228091105679,0.3884442115255665,0.3818139248892221,0.3247902683962773,0.3875091101956757,0.4642971400124165,0.38637962311360957,0.03693461279435113,10
Forest Cover,TabDDPM,Utility,F1_TRTR,0.7287120113176496,0.7287120113176496,0.7287120113176496,0.7287120113176496,0.7287120113176496,0.7287120113176496,0.7287120113176496,0.7287120113176496,0.7287120113176496,0.7287120113176496,0.7287120113176496,0.0,10
Forest Cover,TabDDPM,Utility,F1_TSTR,0.3744389102835941,0.3131943996432713,0.3419311574554123,0.3338648108819507,0.3631892022070817,0.3402677997920831,0.3468980864284276,0.4039217429213723,0.3412029011219739,0.2644148713052332,0.34233238820404005,0.036934612794351104,10
Forest Cover,TabDDPM,Utility,Precision_Gap,0.3359486830312085,0.3176968527576491,0.3428926300995729,0.4078714669886202,0.371274201107988,0.4032529991460352,0.3983931263079173,0.3189301986353774,0.3352918729777689,0.431074587129248,0.36626266181813855,0.041339960483136366,10
Forest Cover,TabDDPM,Utility,Precision_TRTR,0.7296419398965577,0.7296419398965577,0.7296419398965577,0.7296419398965577,0.7296419398965577,0.7296419398965577,0.7296419398965577,0.7296419398965577,0.7296419398965577,0.7296419398965577,0.7296419398965577,0.0,10
Forest Cover,TabDDPM,Utility,Precision_TSTR,0.3936932568653492,0.4119450871389086,0.3867493097969847,0.3217704729079375,0.3583677387885696,0.3263889407505224,0.3312488135886403,0.4107117412611803,0.3943500669187888,0.2985673527673097,0.3633792780784192,0.04133996048313638,10
Forest Cover,TabDDPM,Utility,ROC_AUC_Gap,0.3078733062616404,0.3344301077530617,0.3389435573579154,0.4107921985931659,0.3546079685383266,0.3592390083864824,,0.3092615293425189,0.3315560390645286,0.3658152089109291,0.34583543602317435,0.031692743717910914,9
Forest Cover,TabDDPM,Utility,ROC_AUC_TRTR,0.8528716228197365,0.8528716228197365,0.8528716228197365,0.8528716228197365,0.8528716228197365,0.8528716228197365,0.8528734671027826,0.8528734671027826,0.8528734671027826,0.8528734671027826,0.8528723605329549,9.523836697442324e-07,10
Forest Cover,TabDDPM,Utility,ROC_AUC_TSTR,0.544998316558096,0.5184415150666748,0.5139280654618211,0.4420794242265706,0.4982636542814099,0.4936326144332541,,0.5436119377602636,0.521317428038254,0.4870582581918535,0.5070368015575775,0.03169296830689514,9
Forest Cover,TabDDPM,Utility,Recall_Gap,0.2896666666666666,0.3779333333333332,0.3692666666666666,0.3718666666666666,0.3005999999999998,0.3025666666666667,0.3627333333333333,0.2906999999999998,0.3788999999999998,0.4427,0.34869333333333324,0.05060750151782387,10
Forest Cover,TabDDPM,Utility,Recall_TRTR,0.7357999999999999,0.7357999999999999,0.7357999999999999,0.7357999999999999,0.7357999999999999,0.7357999999999999,0.7357999999999999,0.7357999999999999,0.7357999999999999,0.7357999999999999,0.7358,0.0,10
Forest Cover,TabDDPM,Utility,Recall_TSTR,0.4461333333333333,0.3578666666666667,0.3665333333333333,0.3639333333333333,0.4352000000000001,0.4332333333333332,0.3730666666666666,0.4451000000000001,0.3569000000000001,0.2930999999999999,0.3871066666666666,0.050607501517823866,10
Forest Cover,WGAN-GP,Compute,evaluation_time_seconds,243.6985676309559,244.731432201108,250.4756792359985,317.2547468710691,330.7964725608472,260.7985997761134,160.1277382839999,221.5048749719999,173.8705906739997,169.088210892,237.23469130980916,58.53530932229977,10
Forest Cover,WGAN-GP,Compute,generation_time_seconds,0.0,0.0,0.0,0.0,0.0,0.0,0.0,0.0,0.0,0.0,0.0,0.0,10
Forest Cover,WGAN-GP,Compute,total_time_seconds,401.0811799529474,401.4328138669953,401.9499908820726,650.2715195179917,680.630000539124,643.974086540984,596.6089752880002,705.580121685,603.8444625950001,625.8258803009999,571.1199031169115,121.41910457759293,10
Forest Cover,WGAN-GP,Compute,training_time_seconds,157.3509265198372,156.6682385310996,151.441674428992,332.8185366748367,349.7760977731086,382.7974260877818,436.2746067610001,484.0046173659998,429.7552800659996,456.3827640509999,333.7270168259655,131.53698708815534,10
Forest Cover,WGAN-GP,Fidelity,KS_Complement,0.5528545454545455,0.55705,0.5592818181818182,0.5534909090909091,0.5571590909090909,0.5532590909090909,0.5542318181818182,0.5625499999999999,0.5431181818181817,0.5551454545454546,0.554814090909091,0.005115933468344299,10
Forest Cover,WGAN-GP,Fidelity,MMD,0.334484855433916,0.334484855433916,0.334484855433916,0.334484855433916,0.334484855433916,0.334484855433916,0.334484855433916,0.334484855433916,0.334484855433916,0.334484855433916,0.334484855433916,0.0,10
Forest Cover,WGAN-GP,Fidelity,Quality_Score,0.1718863497692949,0.1742844913304423,0.1773619803628986,0.1715389896394955,0.1741049284993462,0.1737868560478553,0.1736104121240453,0.1745584930468697,0.1736085187253511,0.1746174654303779,0.17393584849759766,0.0015958779225866133,10
Forest Cover,WGAN-GP,Fidelity,Wasserstein_Distance,18.88010414722348,16.78090977072794,15.37776969167741,15.3017196024024,18.90722639145338,18.00965451603962,15.74320026795532,15.0452496095147,18.53700401133536,17.48545637330523,17.006829438163486,1.55469439046346,10
Forest Cover,WGAN-GP,Privacy,MIA_AUC,0.655679012345679,0.6029629629629629,0.6859259259259259,0.6148148148148149,0.7464197530864197,0.5055555555555555,0.6722222222222222,0.5967901234567902,0.6514814814814814,0.6071604938271606,0.6339012345679013,0.06455420071973972,10
Forest Cover,WGAN-GP,Privacy,Mahalanobis_Distance,235.5381858669227,244.9715369681327,266.0279337624332,267.2327642203595,267.6430825060385,226.116206523943,292.1745075503783,284.4398779171864,267.0096538762041,212.2211729753348,256.3374922166933,25.71149890055847,10
Forest Cover,WGAN-GP,Privacy,Mean_Distance,235.5381858669227,244.9715369681327,266.0279337624332,267.2327642203595,267.6430825060385,226.116206523943,292.1745075503783,284.4398779171864,267.0096538762041,212.2211729753348,256.3374922166933,25.71149890055847,10
Forest Cover,WGAN-GP,Privacy,Median_Distance,214.5851275093952,219.8187843331706,245.8366584164328,243.3850715720189,253.0595278987732,203.0620806627981,265.1931678750174,254.2051026786278,247.5597164073288,188.6751335467021,233.5380370900265,25.263029391278895,10
Forest Cover,WGAN-GP,Privacy,NNDR,0.9492199094431047,0.9511993365034416,0.9484878770202392,0.9520566791317252,0.9553993466709708,0.9501409896816364,0.957184473367476,0.9545942973046132,0.9532807164749436,0.9599264724934286,0.953149009809158,0.003660536862675727,10
Forest Cover,WGAN-GP,Utility,Accuracy_Gap,0.2972333333333333,0.2952333333333332,0.2469333333333332,0.2946333333333333,0.3239666666666665,0.3017999999999999,0.2872999999999999,0.3271666666666666,0.3579999999999999,0.2953666666666665,0.3027633333333332,0.029176311421222324,10
Forest Cover,WGAN-GP,Utility,Accuracy_TRTR,0.7357999999999999,0.7357999999999999,0.7357999999999999,0.7357999999999999,0.7357999999999999,0.7357999999999999,0.7357999999999999,0.7357999999999999,0.7357999999999999,0.7357999999999999,0.7358,0.0,10
Forest Cover,WGAN-GP,Utility,Accuracy_TSTR,0.4385666666666666,0.4405666666666667,0.4888666666666667,0.4411666666666666,0.4118333333333334,0.434,0.4485,0.4086333333333333,0.3778,0.4404333333333334,0.4330366666666666,0.02917631142122233,10
Forest Cover,WGAN-GP,Utility,F1_Gap,0.2943806145888095,0.3158011221117584,0.26878225001034,0.3315903084882106,0.3730036299888569,0.3118240124957116,0.3113790273694813,0.3464875439527083,0.3798574451095966,0.3124165856445067,0.324552253975998,0.034183997413258546,10
Forest Cover,WGAN-GP,Utility,F1_TRTR,0.7287120113176496,0.7287120113176496,0.7287120113176496,0.7287120113176496,0.7287120113176496,0.7287120113176496,0.7287120113176496,0.7287120113176496,0.7287120113176496,0.7287120113176496,0.7287120113176496,0.0,10
Forest Cover,WGAN-GP,Utility,F1_TSTR,0.4343313967288401,0.4129108892058912,0.4599297613073096,0.397121702829439,0.3557083813287927,0.416887998821938,0.4173329839481684,0.3822244673649413,0.3488545662080531,0.4162954256731429,0.40415975734165166,0.03418399741325853,10
Forest Cover,WGAN-GP,Utility,Precision_Gap,0.2774844370878457,0.2908258804368007,0.2372276402888626,0.2959054283899689,0.3535057974501074,0.3128723553095754,0.2753747297772299,0.2687123796112322,0.3539790062304545,0.3044237593294491,0.29703114139115266,0.036525939434794034,10
Forest Cover,WGAN-GP,Utility,Precision_TRTR,0.7296419398965577,0.7296419398965577,0.7296419398965577,0.7296419398965577,0.7296419398965577,0.7296419398965577,0.7296419398965577,0.7296419398965577,0.7296419398965577,0.7296419398965577,0.7296419398965577,0.0,10
Forest Cover,WGAN-GP,Utility,Precision_TSTR,0.452157502808712,0.438816059459757,0.4924142996076951,0.4337365115065888,0.3761361424464503,0.4167695845869823,0.4542672101193278,0.4609295602853255,0.3756629336661031,0.4252181805671086,0.432610798505405,0.036525939434794055,10
Forest Cover,WGAN-GP,Utility,ROC_AUC_Gap,0.2553826355341386,0.2533219263520761,0.2183494112965028,0.2680260520788487,0.3097796394387662,0.2827414236258605,0.2606305027263821,0.2559368157339761,0.2960647954470288,0.268932607410003,0.26691658096435833,0.02534049821539967,10
Forest Cover,WGAN-GP,Utility,ROC_AUC_TRTR,0.8528716228197365,0.8528716228197365,0.8528716228197365,0.8528716228197365,0.8528716228197365,0.8528716228197365,0.8528734671027826,0.8528734671027826,0.8528734671027826,0.8528734671027826,0.8528723605329549,9.523836697442324e-07,10
Forest Cover,WGAN-GP,Utility,ROC_AUC_TSTR,0.5974889872855979,0.5995496964676604,0.6345222115232337,0.5848455707408878,0.5430919833809703,0.570130199193876,0.5922429643764004,0.5969366513688065,0.5568086716557538,0.5839408596927795,0.5859557795685966,0.02534038584124334,10
Forest Cover,WGAN-GP,Utility,Recall_Gap,0.2972333333333333,0.2952333333333332,0.2469333333333332,0.2946333333333333,0.3239666666666665,0.3017999999999999,0.2872999999999999,0.3271666666666666,0.3579999999999999,0.2953666666666665,0.3027633333333332,0.029176311421222324,10
Forest Cover,WGAN-GP,Utility,Recall_TRTR,0.7357999999999999,0.7357999999999999,0.7357999999999999,0.7357999999999999,0.7357999999999999,0.7357999999999999,0.7357999999999999,0.7357999999999999,0.7357999999999999,0.7357999999999999,0.7358,0.0,10
Forest Cover,WGAN-GP,Utility,Recall_TSTR,0.4385666666666666,0.4405666666666667,0.4888666666666667,0.4411666666666666,0.4118333333333334,0.434,0.4485,0.4086333333333333,0.3778,0.4404333333333334,0.4330366666666666,0.02917631142122233,10
MAGIC Gamma,CTABGAN,Compute,evaluation_time_seconds,79.29109781514853,73.8078148260247,86.80462004686706,143.5236520350445,182.5912329310086,157.386484274175,78.05960883600346,248.3447335329984,63.83283584800665,285.1135016779954,139.8755581823272,78.49971511699846,10
MAGIC Gamma,CTABGAN,Compute,generation_time_seconds,0.0,0.0,0.0,0.0,0.0,0.0,0.0,0.0,0.0,0.0,0.0,0.0,10
MAGIC Gamma,CTABGAN,Compute,total_time_seconds,1838.240438171895,1770.431521264836,1817.621654749149,2277.362127147149,2431.891104144976,2354.848828974878,3273.588088011005,6867.895564645005,2169.676470109,9594.771340901005,3439.6327138118895,2641.629531483426,10
MAGIC Gamma,CTABGAN,Compute,training_time_seconds,1756.672974584857,1696.606440532021,1730.801164146047,2133.645966512151,2249.145218316931,2197.399018110009,3195.095964079999,6619.219369254002,2105.740705921999,9309.454577535997,3299.378139899401,2574.7392191808754,10
MAGIC Gamma,CTABGAN,Fidelity,KS_Complement,0.9611345951629864,0.9509179284963196,0.951450210304942,0.9416890641430072,0.9531954784437436,0.9530947949526812,0.9514695583596214,0.9619638275499474,0.9494158780231334,0.9505010515247108,0.9524832386961094,0.005773557381257669,10
MAGIC Gamma,CTABGAN,Fidelity,MMD,0.0087942609707748,0.0097114088141835,0.008284288398368,0.0114262459446447,0.0105035236474326,0.008856822718796,0.0083617552162094,0.0064800064015597,0.0095583040586676,0.0078625410741158,0.00898391572447521,0.0013979779028981973,10
MAGIC Gamma,CTABGAN,Fidelity,Quality_Score,0.94641992530542,0.9495975073160828,0.944581434021629,0.933744467162867,0.934525682004683,0.9458568294412328,0.9507871638319784,0.9473279872417342,0.9415864221193386,0.9460096071654128,0.9440437025610379,0.005801326811388306,10
MAGIC Gamma,CTABGAN,Fidelity,Wasserstein_Distance,1.696724051073091,2.691186279560984,2.788965270324339,2.512734352653588,2.189162618117246,1.685294763273642,2.861089072369905,1.868110852691716,2.960278255404924,2.169141071989509,2.342268658745894,0.4862593261840397,10
MAGIC Gamma,CTABGAN,Privacy,MIA_AUC,0.5993827160493828,0.6133333333333333,0.595432098765432,0.6604938271604939,0.5449382716049382,0.5128395061728395,0.5548148148148148,0.4644444444444444,0.5474074074074073,0.7,0.5793086419753085,0.06943337390801951,10
MAGIC Gamma,CTABGAN,Privacy,Mahalanobis_Distance,3.698836071060255,3.744489379830871,3.505281901805473,3.770966440897896,3.80535600437393,3.693962773260674,3.635550475373975,3.699631239455042,3.56564389247585,3.719840176564444,3.683955835509841,0.09195004091171738,10
MAGIC Gamma,CTABGAN,Privacy,Mean_Distance,3.698836071060255,3.744489379830871,3.505281901805473,3.770966440897896,3.80535600437393,3.693962773260674,3.635550475373975,3.699631239455042,3.56564389247585,3.719840176564444,3.683955835509841,0.09195004091171738,10
MAGIC Gamma,CTABGAN,Privacy,Median_Distance,3.359093836699159,3.423163502992292,3.217581107751579,3.374908878730299,3.467495210870756,3.37886482925486,3.349631149919495,3.272494932147893,3.300782416984418,3.322863763461772,3.3466879628812523,0.07248397198394643,10
MAGIC Gamma,CTABGAN,Privacy,NNDR,0.8882465404133788,0.8883999031037247,0.8982414146403812,0.8887384024206771,0.8922945268617398,0.8755898716562847,0.8849988812012481,0.884331067512936,0.8737443125341933,0.8844406393411394,0.8859025559685703,0.007245500531166645,10
MAGIC Gamma,CTABGAN,Utility,Accuracy_Gap,0.0426743778478793,0.050280406589555,0.0434893094987731,0.0367946021731508,0.035944619698563,0.0386435331230282,0.0453207150368033,0.0450753592709427,0.0430073606729756,0.0306607080266385,0.04118909919383095,0.005674223670731094,10
MAGIC Gamma,CTABGAN,Utility,Accuracy_TRTR,0.8335348755695758,0.8335348755695758,0.8335348755695758,0.8335348755695758,0.8335348755695758,0.8335348755695758,0.8335348755695758,0.8335348755695758,0.8335348755695758,0.8335348755695758,0.8335348755695758,0.0,10
MAGIC Gamma,CTABGAN,Utility,Accuracy_TSTR,0.7908604977216965,0.7832544689800208,0.7900455660708027,0.796740273396425,0.7975902558710128,0.7948913424465476,0.7882141605327725,0.7884595162986331,0.7905275148966002,0.8028741675429373,0.7923457763757448,0.005674223670731084,10
MAGIC Gamma,CTABGAN,Utility,F1_Gap,0.0471340726329401,0.051155373385907,0.0466906051654948,0.0367151657430695,0.0412622140529889,0.0392064154860165,0.0507421248169531,0.044679564059335,0.0423991928462096,0.033089434400665,0.04330741625895794,0.005911647894601857,10
MAGIC Gamma,CTABGAN,Utility,F1_TRTR,0.8307342362994217,0.8307342362994217,0.8307342362994217,0.8307342362994217,0.8307342362994217,0.8307342362994217,0.8307342362994217,0.8307342362994217,0.8307342362994217,0.8307342362994217,0.8307342362994217,0.0,10
MAGIC Gamma,CTABGAN,Utility,F1_TSTR,0.7836001636664816,0.7795788629135146,0.7840436311339268,0.7940190705563521,0.7894720222464328,0.7915278208134051,0.7799921114824685,0.7860546722400866,0.788335043453212,0.7976448018987566,0.7874268200404636,0.00591164789460186,10
MAGIC Gamma,CTABGAN,Utility,Precision_Gap,0.0418894458723913,0.0499877714321719,0.042928763886048,0.0376129394471915,0.0350874078416598,0.0398893437338518,0.0406984153764868,0.0455346386057482,0.041795139171913,0.0313016911505564,0.040672555651801875,0.00524115026990909,10
MAGIC Gamma,CTABGAN,Utility,Precision_TRTR,0.83262195380452,0.83262195380452,0.83262195380452,0.83262195380452,0.83262195380452,0.83262195380452,0.83262195380452,0.83262195380452,0.83262195380452,0.83262195380452,0.83262195380452,0.0,10
MAGIC Gamma,CTABGAN,Utility,Precision_TSTR,0.7907325079321287,0.782634182372348,0.7896931899184719,0.7950090143573284,0.7975345459628601,0.7927326100706681,0.7919235384280331,0.7870873151987717,0.790826814632607,0.8013202626539635,0.791949398152718,0.005241150269909072,10
MAGIC Gamma,CTABGAN,Utility,ROC_AUC_Gap,0.0505281898594173,0.0523441929321986,0.0422293313629384,0.0437545739142521,0.0514977738095094,0.0403961136023914,0.0560844222835645,0.047531727962674,0.047170426621181,0.0390308999604385,0.047056765230856515,0.005621928464199592,10
MAGIC Gamma,CTABGAN,Utility,ROC_AUC_TRTR,0.8609617858177643,0.8609617858177643,0.8609617858177643,0.8609617858177643,0.8609617858177643,0.8609617858177643,0.8609617858177643,0.8609617858177643,0.8609617858177643,0.8609617858177643,0.8609617858177643,0.0,10
MAGIC Gamma,CTABGAN,Utility,ROC_AUC_TSTR,0.810433595958347,0.8086175928855657,0.8187324544548258,0.8172072119035121,0.8094640120082548,0.8205656722153728,0.8048773635341997,0.8134300578550903,0.8137913591965832,0.8219308858573258,0.8139050205869077,0.005621928464199589,10
MAGIC Gamma,CTABGAN,Utility,Recall_Gap,0.0426743778478793,0.050280406589555,0.0434893094987731,0.0367946021731508,0.035944619698563,0.0386435331230282,0.0453207150368033,0.0450753592709427,0.0430073606729756,0.0306607080266385,0.04118909919383095,0.005674223670731094,10
MAGIC Gamma,CTABGAN,Utility,Recall_TRTR,0.8335348755695758,0.8335348755695758,0.8335348755695758,0.8335348755695758,0.8335348755695758,0.8335348755695758,0.8335348755695758,0.8335348755695758,0.8335348755695758,0.8335348755695758,0.8335348755695758,0.0,10
MAGIC Gamma,CTABGAN,Utility,Recall_TSTR,0.7908604977216965,0.7832544689800208,0.7900455660708027,0.796740273396425,0.7975902558710128,0.7948913424465476,0.7882141605327725,0.7884595162986331,0.7905275148966002,0.8028741675429373,0.7923457763757448,0.005674223670731084,10
MAGIC Gamma,CTGAN,Compute,evaluation_time_seconds,151.3088977010921,178.8076582448557,196.0532592900563,151.2081714409869,169.7721364649478,185.5144212348387,333.0169000180031,213.7484721240035,134.5985036700004,321.7000000699991,203.57284202587834,69.26825770432457,10
MAGIC Gamma,CTGAN,Compute,generation_time_seconds,0.0,0.0,0.0,0.0,0.0,0.0,0.0,0.0,0.0,0.0,0.0,0.0,10
MAGIC Gamma,CTGAN,Compute,total_time_seconds,707.6400140370242,786.4356568700168,795.6071935398504,920.9016850229818,894.0693165271077,844.4812705810182,3618.256625868999,2296.711704872003,2001.482056262001,3111.462980028999,1597.704850361,1087.2996513161925,10
MAGIC Gamma,CTGAN,Compute,training_time_seconds,556.2733777058311,607.457568601938,599.3021782389842,767.3592880319338,724.0831537630875,658.9205444690306,3281.428306283,2082.902965914,1866.797173812003,2789.231273386999,1393.3755830206806,1029.6150828425987,10
MAGIC Gamma,CTGAN,Fidelity,KS_Complement,0.9152507886435332,0.87943738170347,0.9162611987381704,0.9283716088328076,0.87613738170347,0.9081312302839116,0.9061368033648792,0.9109833859095688,0.8951429022082019,0.897214668769716,0.903306735015773,0.01646755625624157,10
MAGIC Gamma,CTGAN,Fidelity,MMD,0.0171242136665408,0.0223572829623349,0.0161753757545443,0.0162516165201782,0.0396159102999768,0.0154804558004679,0.0141367395388327,0.0115853844750258,0.0144373530304459,0.019422813339181,0.01865871453875283,0.00793154442387851,10
MAGIC Gamma,CTGAN,Fidelity,Quality_Score,0.906422939804533,0.8874331158172334,0.8951351190955718,0.9148658909217569,0.8654845659526484,0.8993610451396687,0.9064255791751484,0.8989006800817632,0.8942438884166025,0.9015019905801562,0.8969774814985081,0.013425080802826225,10
MAGIC Gamma,CTGAN,Fidelity,Wasserstein_Distance,5.530172402266037,6.931240815494218,4.731003353107258,3.574185507071505,6.493234405683493,4.779762254369087,5.55697473726078,4.337201197429024,4.669837183517352,5.531954465662463,5.213556632186122,1.0044221932596513,10
MAGIC Gamma,CTGAN,Privacy,MIA_AUC,0.7158024691358025,0.7718518518518519,0.6430864197530864,0.7379012345679012,0.7364197530864198,0.5950617283950617,0.5987654320987655,0.6137037037037038,0.6711111111111111,0.6479012345679013,0.6731604938271605,0.06365466897713817,10
MAGIC Gamma,CTGAN,Privacy,Mahalanobis_Distance,4.722534252662269,4.730081439970912,4.806325272029559,4.859077433930812,5.498457933923841,4.736569414815082,4.605136226770563,4.661583108963851,4.735696385281033,4.819343018641894,4.817480448698982,0.250526378323177,10
MAGIC Gamma,CTGAN,Privacy,Mean_Distance,4.722534252662269,4.730081439970912,4.806325272029559,4.859077433930812,5.498457933923841,4.736569414815082,4.605136226770563,4.661583108963851,4.735696385281033,4.819343018641894,4.817480448698982,0.250526378323177,10
MAGIC Gamma,CTGAN,Privacy,Median_Distance,4.2290303675566,4.261621747595406,4.247118176281502,4.196244118665552,5.092866483872644,4.38853697211611,4.276888098237061,4.296674124014013,4.293094967308612,4.486873234808469,4.376894829045598,0.26519044840705863,10
MAGIC Gamma,CTGAN,Privacy,NNDR,0.9028084300563396,0.9025475876837044,0.9059464583104756,0.9022525521121484,0.903172809322456,0.9069079279332408,0.9125175230528524,0.9030476718046154,0.9040382612805264,0.9003240598085523,0.904356328136491,0.0034190858846579993,10
MAGIC Gamma,CTGAN,Utility,Accuracy_Gap,0.0992464072905713,0.1066771819137751,0.0791272344900105,0.0991062039957938,0.1106028741675428,0.0898790746582542,0.0769978969505782,0.0928233438485804,0.0726691202243251,0.1073869610935856,0.0934516298633017,0.013539291583510565,10
MAGIC Gamma,CTGAN,Utility,Accuracy_TRTR,0.8335348755695758,0.8335348755695758,0.8335348755695758,0.8335348755695758,0.8335348755695758,0.8335348755695758,0.8335348755695758,0.8335348755695758,0.8335348755695758,0.8335348755695758,0.8335348755695758,0.0,10
MAGIC Gamma,CTGAN,Utility,Accuracy_TSTR,0.7342884682790045,0.7268576936558008,0.7544076410795653,0.734428671573782,0.7229320014020331,0.7436558009113216,0.7565369786189976,0.7407115317209954,0.7608657553452507,0.7261479144759903,0.740083245706274,0.013539291583510535,10
MAGIC Gamma,CTGAN,Utility,F1_Gap,0.0910918051964636,0.0988197673417139,0.07444746800454,0.0924653280586257,0.1057443420718615,0.0831083642662551,0.0738601132525831,0.0857409867668093,0.0689878666285057,0.1001672298498876,0.08744332714372455,0.012384892532883,10
MAGIC Gamma,CTGAN,Utility,F1_TRTR,0.8307342362994217,0.8307342362994217,0.8307342362994217,0.8307342362994217,0.8307342362994217,0.8307342362994217,0.8307342362994217,0.8307342362994217,0.8307342362994217,0.8307342362994217,0.8307342362994217,0.0,10
MAGIC Gamma,CTGAN,Utility,F1_TSTR,0.739642431102958,0.7319144689577077,0.7562867682948816,0.7382689082407959,0.7249898942275602,0.7476258720331665,0.7568741230468385,0.7449932495326124,0.7617463696709159,0.7305670064495341,0.7432909091556971,0.012384892532882979,10
MAGIC Gamma,CTGAN,Utility,Precision_Gap,0.0694000778686583,0.0706379392749343,0.0730849339115691,0.0841125037193616,0.0953948714028474,0.063503777107834,0.0742205224007728,0.0741545037319988,0.0694682555642073,0.0701729871569453,0.07441503721391289,0.009049289157322457,10
MAGIC Gamma,CTGAN,Utility,Precision_TRTR,0.83262195380452,0.83262195380452,0.83262195380452,0.83262195380452,0.83262195380452,0.83262195380452,0.83262195380452,0.83262195380452,0.83262195380452,0.83262195380452,0.83262195380452,0.0,10
MAGIC Gamma,CTGAN,Utility,Precision_TSTR,0.7632218759358617,0.7619840145295856,0.7595370198929509,0.7485094500851583,0.7372270824016726,0.7691181766966859,0.7584014314037472,0.7584674500725211,0.7631536982403127,0.7624489666475747,0.7582069165906071,0.009049289157322452,10
MAGIC Gamma,CTGAN,Utility,ROC_AUC_Gap,0.0689298677257337,0.0700262786653849,0.0695606940994435,0.0864211876437334,0.0986018016423458,0.0598948792769508,0.0701381084695049,0.0755474149479255,0.0642071787672586,0.0764445941637359,0.07397720054020171,0.011249059249194072,10
MAGIC Gamma,CTGAN,Utility,ROC_AUC_TRTR,0.8609617858177643,0.8609617858177643,0.8609617858177643,0.8609617858177643,0.8609617858177643,0.8609617858177643,0.8609617858177643,0.8609617858177643,0.8609617858177643,0.8609617858177643,0.8609617858177643,0.0,10
MAGIC Gamma,CTGAN,Utility,ROC_AUC_TSTR,0.7920319180920306,0.7909355071523794,0.7914010917183207,0.7745405981740309,0.7623599841754184,0.8010669065408135,0.7908236773482593,0.7854143708698388,0.7967546070505056,0.7845171916540283,0.7869845852775625,0.011249059249194079,10
MAGIC Gamma,CTGAN,Utility,Recall_Gap,0.0992464072905713,0.1066771819137751,0.0791272344900105,0.0991062039957938,0.1106028741675428,0.0898790746582542,0.0769978969505782,0.0928233438485804,0.0726691202243251,0.1073869610935856,0.0934516298633017,0.013539291583510565,10
MAGIC Gamma,CTGAN,Utility,Recall_TRTR,0.8335348755695758,0.8335348755695758,0.8335348755695758,0.8335348755695758,0.8335348755695758,0.8335348755695758,0.8335348755695758,0.8335348755695758,0.8335348755695758,0.8335348755695758,0.8335348755695758,0.0,10
MAGIC Gamma,CTGAN,Utility,Recall_TSTR,0.7342884682790045,0.7268576936558008,0.7544076410795653,0.734428671573782,0.7229320014020331,0.7436558009113216,0.7565369786189976,0.7407115317209954,0.7608657553452507,0.7261479144759903,0.740083245706274,0.013539291583510535,10
MAGIC Gamma,CopulaGAN,Compute,evaluation_time_seconds,193.9643395859748,195.9632836801466,124.569003906101,220.3147898130119,194.9398687088396,127.6143264209386,175.9131805630022,304.5630829209986,123.1743138739985,462.2737939169965,212.32899833900083,103.33539836902864,10
MAGIC Gamma,CopulaGAN,Compute,generation_time_seconds,0.0,0.0,0.0,0.0,0.0,0.0,0.0,0.0,0.0,0.0,0.0,0.0,10
MAGIC Gamma,CopulaGAN,Compute,total_time_seconds,803.7208554940298,783.6307347749826,735.1960631401744,937.3721386778634,900.790891089011,747.2447711480781,1354.863371815998,3090.405661782999,630.3726621929964,2851.718953324002,1283.5316103440134,912.2878287444355,10
MAGIC Gamma,CopulaGAN,Compute,training_time_seconds,609.7192168668844,587.43542126799,610.546412703814,717.0004239031114,705.4966919168364,619.4886290018912,1178.856462276999,2785.499948447999,507.113261724,2389.270870727996,1071.0427338837521,825.1836474801598,10
MAGIC Gamma,CopulaGAN,Fidelity,KS_Complement,0.9046817034700314,0.9090263406940065,0.8860301787592009,0.9060870136698214,0.9045994742376444,0.9013264458464776,0.9119767087276552,0.923036014721346,0.8818056782334385,0.8958061514195584,0.902437570977918,0.012118943620971512,10
MAGIC Gamma,CopulaGAN,Fidelity,MMD,0.0185776389852255,0.0184195975199008,0.0137746747142046,0.0294488331634607,0.0302166869268534,0.0292135867718219,0.0132233875058408,0.0147733176842875,0.0299335069900151,0.0219423811899263,0.021952361145153663,0.007144521826822894,10
MAGIC Gamma,CopulaGAN,Fidelity,Quality_Score,0.9082586610997612,0.892881270299783,0.8885014490192773,0.9105478025349673,0.8773821995412565,0.8967908135230105,0.9012052092940293,0.9076315178226182,0.8882031882001293,0.8868065921436918,0.8958208703478526,0.010967074515431557,10
MAGIC Gamma,CopulaGAN,Fidelity,Wasserstein_Distance,5.965446540657204,5.554831330509992,6.704791333506837,6.611563483159832,4.799692728690854,5.46567535553628,5.048485908491064,3.64389812086751,7.211856650078866,9.199469365851735,6.020571081735017,1.5258481930944432,10
MAGIC Gamma,CopulaGAN,Privacy,MIA_AUC,0.7045679012345678,0.7437037037037036,0.6785185185185185,0.7687654320987654,0.6291358024691358,0.6506172839506174,0.6797530864197531,0.6138271604938271,0.7112345679012345,0.7020987654320988,0.6882222222222222,0.04848890009305473,10
MAGIC Gamma,CopulaGAN,Privacy,Mahalanobis_Distance,4.818522589935592,4.490316602490813,4.424675947631592,4.897091121100196,4.56435829548098,4.633865008061719,4.522447882139371,4.582926061898561,4.790904627392359,4.538061720202876,4.626316985633406,0.15665331068300828,10
MAGIC Gamma,CopulaGAN,Privacy,Mean_Distance,4.818522589935592,4.490316602490813,4.424675947631592,4.897091121100196,4.56435829548098,4.633865008061719,4.522447882139371,4.582926061898561,4.790904627392359,4.538061720202876,4.626316985633406,0.15665331068300828,10
MAGIC Gamma,CopulaGAN,Privacy,Median_Distance,4.47874058748341,3.897385700236904,3.850787850993031,4.523369984756766,4.185699825588085,4.178012433305989,4.149009167318495,4.25450020096546,4.094508499672672,4.002918822895333,4.1614933073216145,0.22040091746822565,10
MAGIC Gamma,CopulaGAN,Privacy,NNDR,0.9024857319891472,0.9064557020465028,0.8982774768478078,0.908046402019996,0.9073856962821556,0.8940644688818739,0.8995437414476107,0.90089092859183,0.9038706444548186,0.9061710307601216,0.9027191823321864,0.004539598273249653,10
MAGIC Gamma,CopulaGAN,Utility,Accuracy_Gap,0.1312039957939012,0.1065983175604627,0.092726954083421,0.1102698913424466,0.0688573431475638,0.0725113915177005,0.1320627409744128,0.1040571328426219,0.0705134945671224,0.0830792148615491,0.0971880476691202,0.023622634118514597,10
MAGIC Gamma,CopulaGAN,Utility,Accuracy_TRTR,0.8335348755695758,0.8335348755695758,0.8335348755695758,0.8335348755695758,0.8335348755695758,0.8335348755695758,0.8335348755695758,0.8335348755695758,0.8335348755695758,0.8335348755695758,0.8335348755695758,0.0,10
MAGIC Gamma,CopulaGAN,Utility,Accuracy_TSTR,0.7023308797756747,0.7269365580091132,0.7408079214861548,0.7232649842271293,0.764677532422012,0.7610234840518753,0.701472134595163,0.729477742726954,0.7630213810024534,0.7504556607080267,0.7363468279004557,0.023622634118514573,10
MAGIC Gamma,CopulaGAN,Utility,F1_Gap,0.1232575447461777,0.0990294592694096,0.0885842142757783,0.102501645915706,0.06835430308622,0.072936657370295,0.1252881240556,0.0985029919134395,0.0683041673015679,0.0828027896730956,0.09295618976072897,0.02070495340207687,10
MAGIC Gamma,CopulaGAN,Utility,F1_TRTR,0.8307342362994217,0.8307342362994217,0.8307342362994217,0.8307342362994217,0.8307342362994217,0.8307342362994217,0.8307342362994217,0.8307342362994217,0.8307342362994217,0.8307342362994217,0.8307342362994217,0.0,10
MAGIC Gamma,CopulaGAN,Utility,F1_TSTR,0.707476691553244,0.731704777030012,0.7421500220236433,0.7282325903837157,0.7623799332132016,0.7577975789291266,0.7054461122438217,0.7322312443859821,0.7624300689978537,0.747931446626326,0.7377780465386927,0.020704953402076835,10
MAGIC Gamma,CopulaGAN,Utility,Precision_Gap,0.1040277274154979,0.0877625480436672,0.085284900927911,0.0890102898466387,0.0698959370723532,0.0734404064619601,0.1119940577141397,0.0944632354362889,0.0692332617053346,0.082612484738867,0.08677248493626583,0.014097721679802276,10
MAGIC Gamma,CopulaGAN,Utility,Precision_TRTR,0.83262195380452,0.83262195380452,0.83262195380452,0.83262195380452,0.83262195380452,0.83262195380452,0.83262195380452,0.83262195380452,0.83262195380452,0.83262195380452,0.83262195380452,0.0,10
MAGIC Gamma,CopulaGAN,Utility,Precision_TSTR,0.728594226389022,0.7448594057608527,0.7473370528766089,0.7436116639578813,0.7627260167321668,0.7591815473425598,0.7206278960903802,0.738158718368231,0.7633886920991854,0.7500094690656529,0.745849468868254,0.014097721679802281,10
MAGIC Gamma,CopulaGAN,Utility,ROC_AUC_Gap,0.1129326857216288,0.0846198332195788,0.0781132368825897,0.0895809264088263,0.0855078949144337,0.0813067837184614,0.1294946701144533,0.1125451077352542,0.0832676164648386,0.0985833443450762,0.0955952099525141,0.017211501131578696,10
MAGIC Gamma,CopulaGAN,Utility,ROC_AUC_TRTR,0.8609617858177643,0.8609617858177643,0.8609617858177643,0.8609617858177643,0.8609617858177643,0.8609617858177643,0.8609617858177643,0.8609617858177643,0.8609617858177643,0.8609617858177643,0.8609617858177643,0.0,10
MAGIC Gamma,CopulaGAN,Utility,ROC_AUC_TSTR,0.7480291000961354,0.7763419525981854,0.7828485489351745,0.771380859408938,0.7754538909033305,0.7796550020993028,0.731467115703311,0.7484166780825101,0.7776941693529257,0.7623784414726881,0.7653665758652501,0.01721150113157867,10
MAGIC Gamma,CopulaGAN,Utility,Recall_Gap,0.1312039957939012,0.1065983175604627,0.092726954083421,0.1102698913424466,0.0688573431475638,0.0725113915177005,0.1320627409744128,0.1040571328426219,0.0705134945671224,0.0830792148615491,0.0971880476691202,0.023622634118514597,10
MAGIC Gamma,CopulaGAN,Utility,Recall_TRTR,0.8335348755695758,0.8335348755695758,0.8335348755695758,0.8335348755695758,0.8335348755695758,0.8335348755695758,0.8335348755695758,0.8335348755695758,0.8335348755695758,0.8335348755695758,0.8335348755695758,0.0,10
MAGIC Gamma,CopulaGAN,Utility,Recall_TSTR,0.7023308797756747,0.7269365580091132,0.7408079214861548,0.7232649842271293,0.764677532422012,0.7610234840518753,0.701472134595163,0.729477742726954,0.7630213810024534,0.7504556607080267,0.7363468279004557,0.023622634118514573,10
MAGIC Gamma,ForestDiffusion,Compute,evaluation_time_seconds,199.6066403589211,141.7366884502117,167.2277089939453,167.0923899998888,173.0321381450631,133.6613215750549,336.9074789099977,91.13237492599728,86.77821417499945,87.5458693469991,158.47208248810784,74.15826200676759,10
MAGIC Gamma,ForestDiffusion,Compute,generation_time_seconds,0.0,0.0,0.0,0.0,0.0,0.0,0.0,0.0,0.0,0.0,0.0,0.0,10
MAGIC Gamma,ForestDiffusion,Compute,total_time_seconds,301.8118801340461,197.5496919399593,243.694243415026,226.2381621231325,217.4744650099892,180.7047810319345,423.766090279998,105.9669340219989,101.9540763990008,101.4552711850047,210.061559554009,100.48336013128701,10
MAGIC Gamma,ForestDiffusion,Compute,training_time_seconds,102.1473550910596,55.76114671607502,76.20751214097254,58.95799479982816,44.38308441010304,46.98987522115931,86.660296535003,14.77439271700132,15.12002743899939,13.85639765999804,51.48580827301994,30.994523484131477,10
MAGIC Gamma,ForestDiffusion,Fidelity,KS_Complement,0.8781460042060989,0.8790769190325973,0.8787231335436383,0.8788708201892745,0.8768035226077812,0.8759105152471083,0.8737960567823343,0.8772649316508938,0.8733684016824395,0.8766196635120925,0.8768579968454258,0.0020217871697345824,10
MAGIC Gamma,ForestDiffusion,Fidelity,MMD,0.0322773528442934,0.0300432132292839,0.0362128179029384,0.0481415990048874,0.0213012890554626,0.0286812570853781,0.037223373623842,0.0361728945729099,0.0396404108210172,0.0415614847327096,0.03512556928727225,0.00748690840983657,10
MAGIC Gamma,ForestDiffusion,Fidelity,Quality_Score,0.9086103604253551,0.8952503842737016,0.915450553019806,0.8803564456068071,0.9131795285871358,0.8907893268459262,0.8930809166850027,0.9054007983089633,0.911707452605512,0.9045910393460664,0.9018416805704277,0.011455658473702474,10
MAGIC Gamma,ForestDiffusion,Fidelity,Wasserstein_Distance,6.261985633812211,5.832619631092258,6.38237417549237,6.577939248556783,6.449778022621257,6.382920538216013,6.869038239379295,5.890123552353922,6.334184893613322,6.380579313054723,6.336154324819216,0.3017776967855953,10
MAGIC Gamma,ForestDiffusion,Privacy,MIA_AUC,0.4474074074074075,0.4544444444444444,0.4995061728395062,0.5411111111111111,0.5924691358024692,0.502962962962963,0.4988888888888889,0.5162962962962963,0.5224691358024691,0.5438271604938272,0.5119382716049382,0.042633111281181336,10
MAGIC Gamma,ForestDiffusion,Privacy,Mahalanobis_Distance,2.184506635960342,2.221976410541406,2.159580082667973,2.149133265239007,2.083672802860797,2.157801232087919,2.139599923935324,2.178057445797591,2.083948667626827,2.157428728315921,2.1515705195033106,0.042443005129263425,10
MAGIC Gamma,ForestDiffusion,Privacy,Mean_Distance,2.184506635960342,2.221976410541406,2.159580082667973,2.149133265239007,2.083672802860797,2.157801232087919,2.139599923935324,2.178057445797591,2.083948667626827,2.157428728315921,2.1515705195033106,0.042443005129263425,10
MAGIC Gamma,ForestDiffusion,Privacy,Median_Distance,2.021476530220614,2.018285082422405,1.965127455268739,1.965135590415601,1.869418950232919,1.94714076248866,1.949176983562994,1.99941785865358,1.865104099851783,1.934115692167664,1.9534399005284961,0.054278348174991393,10
MAGIC Gamma,ForestDiffusion,Privacy,NNDR,0.8798460620541659,0.8785891371976502,0.8837864648028534,0.8805562034970295,0.8825148915746692,0.8753108342557528,0.8761386377960281,0.8759964582989306,0.8845378735359128,0.8828799836623473,0.8800156546675341,0.0034123383875540527,10
MAGIC Gamma,ForestDiffusion,Utility,Accuracy_Gap,0.0503329828250964,0.0494479495268136,0.0382754994742375,0.03916053277252,0.0739397125832455,0.0704609183315806,0.0486768314055379,0.04440939362075,0.0741850683491062,0.0389765159481246,0.052786540483701225,0.014563748468249276,10
MAGIC Gamma,ForestDiffusion,Utility,Accuracy_TRTR,0.8335348755695758,0.8335348755695758,0.8335348755695758,0.8335348755695758,0.8335348755695758,0.8335348755695758,0.8335348755695758,0.8335348755695758,0.8335348755695758,0.8335348755695758,0.8335348755695758,0.0,10
MAGIC Gamma,ForestDiffusion,Utility,Accuracy_TSTR,0.7832018927444794,0.7840869260427622,0.7952593760953383,0.7943743427970558,0.7595951629863303,0.7630739572379952,0.7848580441640379,0.7891254819488258,0.7593498072204696,0.7945583596214512,0.7807483350858745,0.014563748468249257,10
MAGIC Gamma,ForestDiffusion,Utility,F1_Gap,0.0460446566767887,0.045003209428839,0.0356350217239248,0.0350573889029995,0.0685910546017672,0.0650601160474114,0.044154506268514,0.0399709083675908,0.0681352252188915,0.0349715955651219,0.04826236828018488,0.013751684584682813,10
MAGIC Gamma,ForestDiffusion,Utility,F1_TRTR,0.8307342362994217,0.8307342362994217,0.8307342362994217,0.8307342362994217,0.8307342362994217,0.8307342362994217,0.8307342362994217,0.8307342362994217,0.8307342362994217,0.8307342362994217,0.8307342362994217,0.0,10
MAGIC Gamma,ForestDiffusion,Utility,F1_TSTR,0.784689579622633,0.7857310268705826,0.7950992145754968,0.7956768473964221,0.7621431816976544,0.7656741202520102,0.7865797300309076,0.7907633279318308,0.7625990110805301,0.7957626407342997,0.7824718680192367,0.01375168458468282,10
MAGIC Gamma,ForestDiffusion,Utility,Precision_Gap,0.0437133660467977,0.040986935089083,0.036668712352693,0.0326063914794849,0.0544962216412487,0.0584373448708838,0.0406269534087943,0.0373342936930984,0.0549373844830937,0.0331439830861028,0.043295158615128025,0.00942603346054462,10
MAGIC Gamma,ForestDiffusion,Utility,Precision_TRTR,0.83262195380452,0.83262195380452,0.83262195380452,0.83262195380452,0.83262195380452,0.83262195380452,0.83262195380452,0.83262195380452,0.83262195380452,0.83262195380452,0.83262195380452,0.0,10
MAGIC Gamma,ForestDiffusion,Utility,Precision_TSTR,0.7889085877577222,0.791635018715437,0.7959532414518269,0.800015562325035,0.7781257321632712,0.7741846089336362,0.7919950003957257,0.7952876601114215,0.7776845693214263,0.7994779707184171,0.789326795189392,0.009426033460544605,10
MAGIC Gamma,ForestDiffusion,Utility,ROC_AUC_Gap,0.0435963735603409,0.0400689688684897,0.0356481228918572,0.0310905393571807,0.0589745450937936,0.0521109712922857,0.04040031624917,0.0304211971400986,0.050088351556252,0.0314787285457912,0.04138781145552596,0.009803657963829386,10
MAGIC Gamma,ForestDiffusion,Utility,ROC_AUC_TRTR,0.8609617858177643,0.8609617858177643,0.8609617858177643,0.8609617858177643,0.8609617858177643,0.8609617858177643,0.8609617858177643,0.8609617858177643,0.8609617858177643,0.8609617858177643,0.8609617858177643,0.0,10
MAGIC Gamma,ForestDiffusion,Utility,ROC_AUC_TSTR,0.8173654122574233,0.8208928169492745,0.825313662925907,0.8298712464605835,0.8019872407239707,0.8088508145254786,0.8205614695685942,0.8305405886776657,0.8108734342615123,0.829483057271973,0.8195739743622383,0.009803657963829376,10
MAGIC Gamma,ForestDiffusion,Utility,Recall_Gap,0.0503329828250964,0.0494479495268136,0.0382754994742375,0.03916053277252,0.0739397125832455,0.0704609183315806,0.0486768314055379,0.04440939362075,0.0741850683491062,0.0389765159481246,0.052786540483701225,0.014563748468249276,10
MAGIC Gamma,ForestDiffusion,Utility,Recall_TRTR,0.8335348755695758,0.8335348755695758,0.8335348755695758,0.8335348755695758,0.8335348755695758,0.8335348755695758,0.8335348755695758,0.8335348755695758,0.8335348755695758,0.8335348755695758,0.8335348755695758,0.0,10
MAGIC Gamma,ForestDiffusion,Utility,Recall_TSTR,0.7832018927444794,0.7840869260427622,0.7952593760953383,0.7943743427970558,0.7595951629863303,0.7630739572379952,0.7848580441640379,0.7891254819488258,0.7593498072204696,0.7945583596214512,0.7807483350858745,0.014563748468249257,10
MAGIC Gamma,GaussianCopula,Compute,evaluation_time_seconds,252.5160639290698,132.8590384849813,170.6538881750312,143.3495101879817,169.7505401850212,166.5972298088018,252.3691036390082,236.0420688649901,232.6484454369929,256.3853035659995,201.31711922778777,49.03119414730285,10
MAGIC Gamma,GaussianCopula,Compute,generation_time_seconds,0.0,0.0,0.0,0.0,0.0,0.0,0.0,0.0,0.0,0.0,0.0,0.0,10
MAGIC Gamma,GaussianCopula,Compute,total_time_seconds,268.7817120209802,137.4117752639577,175.0848619202152,154.0488931781147,186.8654192108661,174.4867302398197,282.7803202240029,254.800583617005,251.7503763599962,273.2223538889957,215.92330259239534,55.34107028570796,10
MAGIC Gamma,GaussianCopula,Compute,training_time_seconds,16.20790984085761,4.500107440864667,4.371648230124265,10.56898722588085,16.67473967699334,7.485472295200452,30.22970036399784,18.57810109799902,18.92646970800706,16.53026219201274,14.407339807193784,7.906174741899433,10
MAGIC Gamma,GaussianCopula,Fidelity,KS_Complement,0.9213893270241852,0.9213893270241852,0.9213893270241852,0.9213893270241852,0.9213893270241852,0.9213893270241852,0.9213893270241852,0.9213893270241852,0.9213893270241852,0.9213893270241852,0.9213893270241853,0.0,10
MAGIC Gamma,GaussianCopula,Fidelity,MMD,0.024749359806641,0.024749359806641,0.024749359806641,0.024749359806641,0.024749359806641,0.024749359806641,0.024749359806641,0.024749359806641,0.024749359806641,0.024749359806641,0.024749359806641,0.0,10
MAGIC Gamma,GaussianCopula,Fidelity,Quality_Score,0.9052429330332828,0.9052429330332828,0.9052429330332828,0.9052429330332828,0.9052429330332828,0.9052429330332828,0.9052429330332828,0.9052429330332828,0.9052429330332828,0.9052429330332828,0.9052429330332827,0.0,10
MAGIC Gamma,GaussianCopula,Fidelity,Wasserstein_Distance,4.775098147744481,4.775098147744481,4.775098147744481,4.775098147744481,4.775098147744481,4.775098147744481,4.775098147744481,4.775098147744481,4.775098147744481,4.775098147744481,4.775098147744481,0.0,10
MAGIC Gamma,GaussianCopula,Privacy,MIA_AUC,0.5025925925925927,0.5025925925925927,0.5025925925925927,0.5025925925925927,0.5025925925925927,0.5025925925925927,0.5025925925925927,0.5025925925925927,0.5025925925925927,0.5025925925925927,0.5025925925925927,0.0,10
MAGIC Gamma,GaussianCopula,Privacy,Mahalanobis_Distance,3.086695697157899,3.086695697157899,3.086695697157899,3.086695697157899,3.086695697157899,3.086695697157899,3.086695697157899,3.086695697157899,3.086695697157899,3.086695697157899,3.086695697157899,0.0,10
MAGIC Gamma,GaussianCopula,Privacy,Mean_Distance,3.086695697157899,3.086695697157899,3.086695697157899,3.086695697157899,3.086695697157899,3.086695697157899,3.086695697157899,3.086695697157899,3.086695697157899,3.086695697157899,3.086695697157899,0.0,10
MAGIC Gamma,GaussianCopula,Privacy,Median_Distance,2.975803236522376,2.975803236522376,2.975803236522376,2.975803236522376,2.975803236522376,2.975803236522376,2.975803236522376,2.975803236522376,2.975803236522376,2.975803236522376,2.9758032365223754,0.0,10
MAGIC Gamma,GaussianCopula,Privacy,NNDR,0.9134083990197064,0.9134083990197064,0.9134083990197064,0.9134083990197064,0.9134083990197064,0.9134083990197064,0.9134083990197064,0.9134083990197064,0.9134083990197064,0.9134083990197064,0.9134083990197064,0.0,10
MAGIC Gamma,GaussianCopula,Utility,Accuracy_Gap,0.0962846126883981,0.0962846126883981,0.0962846126883981,0.0962846126883981,0.0962846126883981,0.0962846126883981,0.0962846126883981,0.0962846126883981,0.0962846126883981,0.0962846126883981,0.09628461268839808,0.0,10
MAGIC Gamma,GaussianCopula,Utility,Accuracy_TRTR,0.8335348755695758,0.8335348755695758,0.8335348755695758,0.8335348755695758,0.8335348755695758,0.8335348755695758,0.8335348755695758,0.8335348755695758,0.8335348755695758,0.8335348755695758,0.8335348755695758,0.0,10
MAGIC Gamma,GaussianCopula,Utility,Accuracy_TSTR,0.7372502628811777,0.7372502628811777,0.7372502628811777,0.7372502628811777,0.7372502628811777,0.7372502628811777,0.7372502628811777,0.7372502628811777,0.7372502628811777,0.7372502628811777,0.7372502628811777,0.0,10
MAGIC Gamma,GaussianCopula,Utility,F1_Gap,0.1118428782163153,0.1118428782163153,0.1118428782163153,0.1118428782163153,0.1118428782163153,0.1118428782163153,0.1118428782163153,0.1118428782163153,0.1118428782163153,0.1118428782163153,0.11184287821631529,0.0,10
MAGIC Gamma,GaussianCopula,Utility,F1_TRTR,0.8307342362994217,0.8307342362994217,0.8307342362994217,0.8307342362994217,0.8307342362994217,0.8307342362994217,0.8307342362994217,0.8307342362994217,0.8307342362994217,0.8307342362994217,0.8307342362994217,0.0,10
MAGIC Gamma,GaussianCopula,Utility,F1_TSTR,0.7188913580831063,0.7188913580831063,0.7188913580831063,0.7188913580831063,0.7188913580831063,0.7188913580831063,0.7188913580831063,0.7188913580831063,0.7188913580831063,0.7188913580831063,0.7188913580831063,0.0,10
MAGIC Gamma,GaussianCopula,Utility,Precision_Gap,0.0943499990682593,0.0943499990682593,0.0943499990682593,0.0943499990682593,0.0943499990682593,0.0943499990682593,0.0943499990682593,0.0943499990682593,0.0943499990682593,0.0943499990682593,0.09434999906825929,0.0,10
MAGIC Gamma,GaussianCopula,Utility,Precision_TRTR,0.83262195380452,0.83262195380452,0.83262195380452,0.83262195380452,0.83262195380452,0.83262195380452,0.83262195380452,0.83262195380452,0.83262195380452,0.83262195380452,0.83262195380452,0.0,10
MAGIC Gamma,GaussianCopula,Utility,Precision_TSTR,0.7382719547362606,0.7382719547362606,0.7382719547362606,0.7382719547362606,0.7382719547362606,0.7382719547362606,0.7382719547362606,0.7382719547362606,0.7382719547362606,0.7382719547362606,0.7382719547362606,0.0,10
MAGIC Gamma,GaussianCopula,Utility,ROC_AUC_Gap,0.1006261842674726,0.1006261842674726,0.1006261842674726,0.1006261842674726,0.1006261842674726,0.1006261842674726,0.1006261842674726,0.1006261842674726,0.1006261842674726,0.1006261842674726,0.10062618426747258,0.0,10
MAGIC Gamma,GaussianCopula,Utility,ROC_AUC_TRTR,0.8609617858177643,0.8609617858177643,0.8609617858177643,0.8609617858177643,0.8609617858177643,0.8609617858177643,0.8609617858177643,0.8609617858177643,0.8609617858177643,0.8609617858177643,0.8609617858177643,0.0,10
MAGIC Gamma,GaussianCopula,Utility,ROC_AUC_TSTR,0.7603356015502917,0.7603356015502917,0.7603356015502917,0.7603356015502917,0.7603356015502917,0.7603356015502917,0.7603356015502917,0.7603356015502917,0.7603356015502917,0.7603356015502917,0.7603356015502917,0.0,10
MAGIC Gamma,GaussianCopula,Utility,Recall_Gap,0.0962846126883981,0.0962846126883981,0.0962846126883981,0.0962846126883981,0.0962846126883981,0.0962846126883981,0.0962846126883981,0.0962846126883981,0.0962846126883981,0.0962846126883981,0.09628461268839808,0.0,10
MAGIC Gamma,GaussianCopula,Utility,Recall_TRTR,0.8335348755695758,0.8335348755695758,0.8335348755695758,0.8335348755695758,0.8335348755695758,0.8335348755695758,0.8335348755695758,0.8335348755695758,0.8335348755695758,0.8335348755695758,0.8335348755695758,0.0,10
MAGIC Gamma,GaussianCopula,Utility,Recall_TSTR,0.7372502628811777,0.7372502628811777,0.7372502628811777,0.7372502628811777,0.7372502628811777,0.7372502628811777,0.7372502628811777,0.7372502628811777,0.7372502628811777,0.7372502628811777,0.7372502628811777,0.0,10
MAGIC Gamma,TVAE,Compute,evaluation_time_seconds,141.9914085250348,147.3720520120114,200.4220760727767,252.9153423979878,142.8095518909395,205.6130252589937,178.9471872249997,413.6784142999968,128.6684014519997,98.90240419800102,191.1319863332741,89.97614031819889,10
MAGIC Gamma,TVAE,Compute,generation_time_seconds,0.0,0.0,0.0,0.0,0.0,0.0,0.0,0.0,0.0,0.0,0.0,0.0,10
MAGIC Gamma,TVAE,Compute,total_time_seconds,486.7159686388914,566.61497348384,511.7453995121177,594.8981599949766,557.8312320029363,542.3136768210679,454.7673348969984,964.8799366509992,449.5949465989979,306.7528256279984,543.6114454228824,169.2852430360694,10
MAGIC Gamma,TVAE,Compute,training_time_seconds,344.6663541819435,419.1821968050208,311.2651735621039,341.6990807510447,414.8357270359993,336.6520978061017,275.6778072240049,550.9504663439948,320.6734513830015,207.7360608739982,352.3338415967213,92.92484364118278,10
MAGIC Gamma,TVAE,Fidelity,KS_Complement,0.906561724500526,0.9000242902208202,0.8877960567823344,0.8821692954784439,0.9092216088328076,0.8872450052576235,0.8934557308096739,0.8907890641430074,0.912288748685594,0.931035331230284,0.9000586855941114,0.014905235918266719,10
MAGIC Gamma,TVAE,Fidelity,MMD,0.0149642229320937,0.0315345732182004,0.0223478722029847,0.0592244372638151,0.0180490854962973,0.0363352388332859,0.0222196656425597,0.0295848136890576,0.0119010769338495,0.0161227920189013,0.02622837782310452,0.013994500785804182,10
MAGIC Gamma,TVAE,Fidelity,Quality_Score,0.9032800152733208,0.9196201385818048,0.9181635899387468,0.8986582443939521,0.9122039944208866,0.905837665360342,0.8998192680199315,0.8985837730026685,0.9208762273962988,0.9424195476800312,0.9119462464067982,0.013826647737586323,10
MAGIC Gamma,TVAE,Fidelity,Wasserstein_Distance,4.631288822928498,5.181552255904313,5.530401872402736,6.631413898322819,3.75093041728181,5.391185914337542,5.259876800814933,5.577475137534177,4.134611130636174,3.715254284978971,4.980399053514196,0.920240838777346,10
MAGIC Gamma,TVAE,Privacy,MIA_AUC,0.6313580246913578,0.6388888888888888,0.6174074074074074,0.7332098765432099,0.6085185185185186,0.6681481481481482,0.6790123456790123,0.6948148148148148,0.6262962962962964,0.5853086419753087,0.6482962962962963,0.044814561627538885,10
MAGIC Gamma,TVAE,Privacy,Mahalanobis_Distance,2.797059698874593,2.798484271808354,2.728055456305196,2.588035519639581,3.012899631288346,2.74230597718703,3.088878680550165,2.768850622517719,2.909564056657962,2.900569925906094,2.8334703840735043,0.1468589105900996,10
MAGIC Gamma,TVAE,Privacy,Mean_Distance,2.797059698874593,2.798484271808354,2.728055456305196,2.588035519639581,3.012899631288346,2.74230597718703,3.088878680550165,2.768850622517719,2.909564056657962,2.900569925906094,2.8334703840735043,0.1468589105900996,10
MAGIC Gamma,TVAE,Privacy,Median_Distance,2.576618167446818,2.603395765699166,2.531820503125599,2.371528181098872,2.659674336013838,2.604636090992673,2.696945303703951,2.604608469543816,2.694950021325919,2.571540086342075,2.5915716925292727,0.09399959593969609,10
MAGIC Gamma,TVAE,Privacy,NNDR,0.8643533682371969,0.8543052234676481,0.8580891224439761,0.8732351035489874,0.8652522110164498,0.8568406217034146,0.8656715246670538,0.8658379888291093,0.8617873598811678,0.8770878538031529,0.8642460377598157,0.007062565221044622,10
MAGIC Gamma,TVAE,Utility,Accuracy_Gap,0.0487381703470031,0.0574833508587451,0.0538643533123027,0.1148352611286364,0.05537153873116,0.0852348405187524,0.0470557308096739,0.0519102698913425,0.054074658254469,0.0451016473887135,0.06136698212407986,0.021876715692052025,10
MAGIC Gamma,TVAE,Utility,Accuracy_TRTR,0.8335348755695758,0.8335348755695758,0.8335348755695758,0.8335348755695758,0.8335348755695758,0.8335348755695758,0.8335348755695758,0.8335348755695758,0.8335348755695758,0.8335348755695758,0.8335348755695758,0.0,10
MAGIC Gamma,TVAE,Utility,Accuracy_TSTR,0.7847967052225727,0.7760515247108307,0.7796705222572731,0.7186996144409394,0.7781633368384158,0.7483000350508234,0.7864791447599019,0.7816246056782333,0.7794602173151068,0.7884332281808623,0.772167893445496,0.021876715692052007,10
MAGIC Gamma,TVAE,Utility,F1_Gap,0.0486123458563576,0.0535707005095811,0.0505940268276458,0.1185618867787397,0.0513060471721094,0.0831995999973707,0.0464069691410469,0.0510515006812067,0.050673351864264,0.0437517314213004,0.059772816024962226,0.02337641339448429,10
MAGIC Gamma,TVAE,Utility,F1_TRTR,0.8307342362994217,0.8307342362994217,0.8307342362994217,0.8307342362994217,0.8307342362994217,0.8307342362994217,0.8307342362994217,0.8307342362994217,0.8307342362994217,0.8307342362994217,0.8307342362994217,0.0,10
MAGIC Gamma,TVAE,Utility,F1_TSTR,0.782121890443064,0.7771635357898405,0.7801402094717759,0.712172349520682,0.7794281891273123,0.747534636302051,0.7843272671583748,0.7796827356182149,0.7800608844351576,0.7869825048781213,0.7709614202744595,0.02337641339448428,10
MAGIC Gamma,TVAE,Utility,Precision_Gap,0.0497818431054682,0.0536686708331767,0.0511934596504587,0.1189480691964133,0.0494291920904772,0.0853308240494834,0.0490793111236809,0.0536673890394794,0.0499267958722069,0.0461744624918534,0.060720001745269814,0.023326459492047483,10
MAGIC Gamma,TVAE,Utility,Precision_TRTR,0.83262195380452,0.83262195380452,0.83262195380452,0.83262195380452,0.83262195380452,0.83262195380452,0.83262195380452,0.83262195380452,0.83262195380452,0.83262195380452,0.83262195380452,0.0,10
MAGIC Gamma,TVAE,Utility,Precision_TSTR,0.7828401106990517,0.7789532829713433,0.7814284941540612,0.7136738846081067,0.7831927617140427,0.7472911297550365,0.7835426426808391,0.7789545647650405,0.782695157932313,0.7864474913126666,0.7719019520592502,0.023326459492047476,10
MAGIC Gamma,TVAE,Utility,ROC_AUC_Gap,0.061280560616916,0.055755529814344,0.0558122200845298,0.1312663180894443,0.0544481530781759,0.0914846496305912,0.0572988003059848,0.0621962981551592,0.0566082731122337,0.0570158742859036,0.06831666771732825,0.024673527261303944,10
MAGIC Gamma,TVAE,Utility,ROC_AUC_TRTR,0.8609617858177643,0.8609617858177643,0.8609617858177643,0.8609617858177643,0.8609617858177643,0.8609617858177643,0.8609617858177643,0.8609617858177643,0.8609617858177643,0.8609617858177643,0.8609617858177643,0.0,10
MAGIC Gamma,TVAE,Utility,ROC_AUC_TSTR,0.7996812252008483,0.8052062560034202,0.8051495657332345,0.72969546772832,0.8065136327395883,0.7694771361871731,0.8036629855117794,0.798765487662605,0.8043535127055306,0.8039459115318607,0.792645118100436,0.024673527261303934,10
MAGIC Gamma,TVAE,Utility,Recall_Gap,0.0487381703470031,0.0574833508587451,0.0538643533123027,0.1148352611286364,0.05537153873116,0.0852348405187524,0.0470557308096739,0.0519102698913425,0.054074658254469,0.0451016473887135,0.06136698212407986,0.021876715692052025,10
MAGIC Gamma,TVAE,Utility,Recall_TRTR,0.8335348755695758,0.8335348755695758,0.8335348755695758,0.8335348755695758,0.8335348755695758,0.8335348755695758,0.8335348755695758,0.8335348755695758,0.8335348755695758,0.8335348755695758,0.8335348755695758,0.0,10
MAGIC Gamma,TVAE,Utility,Recall_TSTR,0.7847967052225727,0.7760515247108307,0.7796705222572731,0.7186996144409394,0.7781633368384158,0.7483000350508234,0.7864791447599019,0.7816246056782333,0.7794602173151068,0.7884332281808623,0.772167893445496,0.021876715692052007,10
MAGIC Gamma,TabDDPM,Compute,evaluation_time_seconds,81.77742195199244,82.75412441580556,83.35581760690548,129.9709144940134,149.0660350311082,147.7612384089734,99.59080447100132,356.3067444100016,362.3070078679957,86.42935803699947,157.93194666947966,109.34894081099849,10
MAGIC Gamma,TabDDPM,Compute,generation_time_seconds,0.0,0.0,0.0,0.0,0.0,0.0,0.0,0.0,0.0,0.0,0.0,0.0,10
MAGIC Gamma,TabDDPM,Compute,total_time_seconds,87.83062992012128,88.63426414690912,89.30449554207735,139.4534249908756,157.827900809003,157.9615291180089,111.5909836029969,386.9899349600018,389.4945710489992,94.70866211800605,170.37963962569992,118.06381838397571,10
MAGIC Gamma,TabDDPM,Compute,training_time_seconds,6.026567607885227,5.863041928969324,5.931153740966693,9.4266003461089,8.7077780070249,10.10465266299434,11.95282248400326,30.29461527500098,27.08837486900302,8.220625732996268,12.361623265495291,8.860390527740105,10
MAGIC Gamma,TabDDPM,Fidelity,KS_Complement,0.9312350157728708,0.9571906414300736,0.9372920084121976,0.9615874868559412,0.9560414826498423,0.9353445846477392,0.935885436382755,0.9625283385909568,0.9387926919032598,0.9447827549947424,0.9460680441640378,0.012042860393074225,10
MAGIC Gamma,TabDDPM,Fidelity,MMD,0.0159889944650343,0.0094708522942119,0.0091580753904785,0.0059087242581583,0.0085313401645514,0.0084666533212661,0.0068224216660076,0.0112016796133509,0.0070053735286661,0.0047892815089397,0.00873433962106648,0.0031577944289535005,10
MAGIC Gamma,TabDDPM,Fidelity,Quality_Score,0.9340538947719812,0.9485336607439444,0.9379969253895172,0.9490322961120544,0.944825761679628,0.9319714728557916,0.932273963542422,0.9401291139185196,0.9374534236812172,0.937054898268694,0.9393325410963771,0.006253278330807423,10
MAGIC Gamma,TabDDPM,Fidelity,Wasserstein_Distance,11.43048950476204,7.229593412565552,8.937494411274207,5.559228617926082,6.797354462052819,8.96209649508668,10.47001975235266,5.893800160081305,10.91710853371903,10.1126476091496,8.630983295896998,2.136937306894717,10
MAGIC Gamma,TabDDPM,Privacy,MIA_AUC,0.5679012345679012,0.5628395061728395,0.4897530864197531,0.5154320987654321,0.5162962962962963,0.5576543209876543,0.5917283950617285,0.5435802469135802,0.4655555555555556,0.5455555555555556,0.5356296296296297,0.03854647959845618,10
MAGIC Gamma,TabDDPM,Privacy,Mahalanobis_Distance,4.000109661918424,3.771823660451691,4.00196375103555,3.486613761915949,3.763526264575575,4.003691192948133,4.087487212796531,3.514066176948271,4.216032790450894,4.012369119304961,3.8857683592345986,0.24305631928743104,10
MAGIC Gamma,TabDDPM,Privacy,Mean_Distance,4.000109661918424,3.771823660451691,4.00196375103555,3.486613761915949,3.763526264575575,4.003691192948133,4.087487212796531,3.514066176948271,4.216032790450894,4.012369119304961,3.8857683592345986,0.24305631928743104,10
MAGIC Gamma,TabDDPM,Privacy,Median_Distance,2.896004079854903,2.894740408046049,2.936329423487463,2.880963383044241,2.871135055018745,2.917269747852902,3.009192519565454,2.894672474400883,2.925222319419849,2.953725499386255,2.9179254910076744,0.04098513413648628,10
MAGIC Gamma,TabDDPM,Privacy,NNDR,0.8666673831627592,0.8711790313178636,0.8587574824877451,0.867628297253398,0.8610789729573027,0.869346145243343,0.8716323174204523,0.8721874927605472,0.8694855933015329,0.8693986870164487,0.8677361402921393,0.004488912783845225,10
MAGIC Gamma,TabDDPM,Utility,Accuracy_Gap,0.2227655099894847,0.2123291272344899,0.2232474588152822,0.2024360322467577,0.2215474938661058,0.2231861198738171,0.2394234139502277,0.2318699614440939,0.2203031896249562,0.2419032597266036,0.22390115667718188,0.011756297859082191,10
MAGIC Gamma,TabDDPM,Utility,Accuracy_TRTR,0.8335348755695758,0.8335348755695758,0.8335348755695758,0.8335348755695758,0.8335348755695758,0.8335348755695758,0.8335348755695758,0.8335348755695758,0.8335348755695758,0.8335348755695758,0.8335348755695758,0.0,10
MAGIC Gamma,TabDDPM,Utility,Accuracy_TSTR,0.6107693655800911,0.6212057483350859,0.6102874167542937,0.6310988433228182,0.61198738170347,0.6103487556957587,0.5941114616193481,0.601664914125482,0.6132316859446196,0.5916316158429722,0.6096337188923939,0.011756297859082207,10
MAGIC Gamma,TabDDPM,Utility,F1_Gap,0.2832728153966567,0.2851735815270415,0.2914148568527213,0.2620378488716627,0.2915229879367153,0.281412712665091,0.2939096851605024,0.2892253346306288,0.2899247473769175,0.2982776483488951,0.2866172218766832,0.00999151323733746,10
MAGIC Gamma,TabDDPM,Utility,F1_TRTR,0.8307342362994217,0.8307342362994217,0.8307342362994217,0.8307342362994217,0.8307342362994217,0.8307342362994217,0.8307342362994217,0.8307342362994217,0.8307342362994217,0.8307342362994217,0.8307342362994217,0.0,10
MAGIC Gamma,TabDDPM,Utility,F1_TSTR,0.547461420902765,0.5455606547723801,0.5393193794467004,0.568696387427759,0.5392112483627064,0.5493215236343306,0.5368245511389192,0.5415089016687928,0.5408094889225041,0.5324565879505265,0.5441170144227384,0.009991513237337463,10
MAGIC Gamma,TabDDPM,Utility,Precision_Gap,0.2099773816211999,0.1949494362212286,0.2266145532874572,0.1749805745921644,0.3203459656043409,0.1932457238843037,0.2090059170611615,0.2002776055036012,0.315448364475131,0.2266803207724165,0.2271525843023005,0.050262481873229424,10
MAGIC Gamma,TabDDPM,Utility,Precision_TRTR,0.83262195380452,0.83262195380452,0.83262195380452,0.83262195380452,0.83262195380452,0.83262195380452,0.83262195380452,0.83262195380452,0.83262195380452,0.83262195380452,0.83262195380452,0.0,10
MAGIC Gamma,TabDDPM,Utility,Precision_TSTR,0.62264457218332,0.6376725175832914,0.6060074005170628,0.6576413792123555,0.512275988200179,0.6393762299202163,0.6236160367433585,0.6323443483009188,0.517173589329389,0.6059416330321035,0.6054693695022194,0.05026248187322942,10
MAGIC Gamma,TabDDPM,Utility,ROC_AUC_Gap,0.2769824925413122,0.3325841256736863,0.3975346677949155,0.2363576074574351,0.3629233055352494,0.3051640982029239,0.3350214941136678,0.3563944937649289,0.3049666647269834,0.3991051746704862,0.3307034124481588,0.05160454195986166,10
MAGIC Gamma,TabDDPM,Utility,ROC_AUC_TRTR,0.8609617858177643,0.8609617858177643,0.8609617858177643,0.8609617858177643,0.8609617858177643,0.8609617858177643,0.8609617858177643,0.8609617858177643,0.8609617858177643,0.8609617858177643,0.8609617858177643,0.0,10
MAGIC Gamma,TabDDPM,Utility,ROC_AUC_TSTR,0.583979293276452,0.5283776601440779,0.4634271180228487,0.6246041783603292,0.4980384802825149,0.5557976876148404,0.5259402917040965,0.5045672920528353,0.5559951210907809,0.4618566111472781,0.5302583733696054,0.05160454195986168,10
MAGIC Gamma,TabDDPM,Utility,Recall_Gap,0.2227655099894847,0.2123291272344899,0.2232474588152822,0.2024360322467577,0.2215474938661058,0.2231861198738171,0.2394234139502277,0.2318699614440939,0.2203031896249562,0.2419032597266036,0.22390115667718188,0.011756297859082191,10
MAGIC Gamma,TabDDPM,Utility,Recall_TRTR,0.8335348755695758,0.8335348755695758,0.8335348755695758,0.8335348755695758,0.8335348755695758,0.8335348755695758,0.8335348755695758,0.8335348755695758,0.8335348755695758,0.8335348755695758,0.8335348755695758,0.0,10
MAGIC Gamma,TabDDPM,Utility,Recall_TSTR,0.6107693655800911,0.6212057483350859,0.6102874167542937,0.6310988433228182,0.61198738170347,0.6103487556957587,0.5941114616193481,0.601664914125482,0.6132316859446196,0.5916316158429722,0.6096337188923939,0.011756297859082207,10
MAGIC Gamma,WGAN-GP,Compute,evaluation_time_seconds,193.7236901440192,201.5023950310424,134.7794724770356,131.7018977538683,143.9972173448186,125.1963649799582,492.4370383880014,484.9862001470028,505.4976796430055,3349.333950216002,576.3155906124754,987.6980742716859,10
MAGIC Gamma,WGAN-GP,Compute,generation_time_seconds,0.0,0.0,0.0,0.0,0.0,0.0,0.0,0.0,0.0,0.0,0.0,0.0,10
MAGIC Gamma,WGAN-GP,Compute,total_time_seconds,1194.872159785824,1081.586648631841,916.8780468190088,916.6695246689488,929.4072750960476,939.1524046829436,2407.238049468004,2299.333474175,2350.371898370999,7490.280749919999,2052.5790231618616,2016.701911853166,10
MAGIC Gamma,WGAN-GP,Compute,training_time_seconds,1001.087015195983,880.0380133779254,782.0326406250242,784.9079303489998,785.2096386200283,813.8885736479424,1914.527401021005,1814.286535079998,1844.640023506996,4140.475120597999,1476.1092892021902,1053.9640473820796,10
MAGIC Gamma,WGAN-GP,Fidelity,KS_Complement,0.9170173501577288,0.9110135120925342,0.9234942166140906,0.9048799684542588,0.9308401156677182,0.9396416403785488,0.925306203995794,0.9307762881177708,0.9229552576235542,0.9368850157728708,0.924280956887487,0.010998160382139749,10
MAGIC Gamma,WGAN-GP,Fidelity,MMD,0.0087588959364521,0.0157971863977258,0.0102478381462483,0.0189094933986917,0.0089676953381677,0.0053140265036283,0.0092484380917615,0.0138283660879624,0.0115158371713797,0.0126760470329405,0.0115263824104958,0.003929857163723916,10
MAGIC Gamma,WGAN-GP,Fidelity,Quality_Score,0.937229925276911,0.9161757393637924,0.925615152468749,0.928798456995166,0.9372396645394624,0.9226065121127824,0.9210247445376344,0.9346082945746412,0.928354773257905,0.9367865543858906,0.9288439817512935,0.007515324343915221,10
MAGIC Gamma,WGAN-GP,Fidelity,Wasserstein_Distance,2.768097462220486,2.64362691538228,2.073495002650837,3.792452130740615,2.671465427529021,2.213866552855689,3.090730035712126,2.67561253409766,2.496514819359691,3.382870535167298,2.780873141571571,0.5192402306913824,10
MAGIC Gamma,WGAN-GP,Privacy,MIA_AUC,0.6913580246913582,0.6798765432098764,0.7553086419753087,0.6954320987654321,0.5298765432098765,0.7088888888888889,0.6891358024691359,0.5691358024691359,0.5865432098765432,0.660493827160494,0.656604938271605,0.07104449921780509,10
MAGIC Gamma,WGAN-GP,Privacy,Mahalanobis_Distance,2.906911896386006,2.900608047650992,2.987949390164618,2.993241309611855,2.98332223751278,2.939888640971615,3.030889702354909,2.902241704924578,2.765301885853965,2.975277623880862,2.938563243931218,0.07534150710446066,10
MAGIC Gamma,WGAN-GP,Privacy,Mean_Distance,2.906911896386006,2.900608047650992,2.987949390164618,2.993241309611855,2.98332223751278,2.939888640971615,3.030889702354909,2.902241704924578,2.765301885853965,2.975277623880862,2.938563243931218,0.07534150710446066,10
MAGIC Gamma,WGAN-GP,Privacy,Median_Distance,2.637049809535284,2.574847852569722,2.718817180130394,2.565120876335216,2.63437015173324,2.627327184265932,2.687378541734548,2.653728471354694,2.568884536002007,2.716668454215293,2.638419305787633,0.0573570733072075,10
MAGIC Gamma,WGAN-GP,Privacy,NNDR,0.8678331077599387,0.8779763940335292,0.8655281852194473,0.8641338556633948,0.8617688543777401,0.8691788940857805,0.8658434895103494,0.8623467195421131,0.86529426522613,0.8672236182802628,0.8667127383698686,0.004580073506552727,10
MAGIC Gamma,WGAN-GP,Utility,Accuracy_Gap,0.0393270241850683,0.0771906764808972,0.0381177707676129,0.0433578689099194,0.0319751139151769,0.02431650893796,0.0388363126533473,0.0368909919383103,0.0314055380301436,0.0313266736768311,0.039274447949526704,0.014389947418132671,10
MAGIC Gamma,WGAN-GP,Utility,Accuracy_TRTR,0.8335348755695758,0.8335348755695758,0.8335348755695758,0.8335348755695758,0.8335348755695758,0.8335348755695758,0.8335348755695758,0.8335348755695758,0.8335348755695758,0.8335348755695758,0.8335348755695758,0.0,10
MAGIC Gamma,WGAN-GP,Utility,Accuracy_TSTR,0.7942078513845074,0.7563441990886786,0.7954171048019629,0.7901770066596564,0.8015597616543989,0.8092183666316158,0.7946985629162285,0.7966438836312655,0.8021293375394322,0.8022082018927447,0.794260427620049,0.014389947418132685,10
MAGIC Gamma,WGAN-GP,Utility,F1_Gap,0.0436758263475357,0.079222798148552,0.0351131728303757,0.049077762851051,0.0341014824565865,0.0321743036821554,0.03664943666755,0.0386921430568434,0.0330445716310184,0.029628346614851,0.0411379844286519,0.014568597662788127,10
MAGIC Gamma,WGAN-GP,Utility,F1_TRTR,0.8307342362994217,0.8307342362994217,0.8307342362994217,0.8307342362994217,0.8307342362994217,0.8307342362994217,0.8307342362994217,0.8307342362994217,0.8307342362994217,0.8307342362994217,0.8307342362994217,0.0,10
MAGIC Gamma,WGAN-GP,Utility,F1_TSTR,0.7870584099518859,0.7515114381508696,0.7956210634690459,0.7816564734483706,0.7966327538428352,0.7985599326172662,0.7940847996318716,0.7920420932425782,0.7976896646684032,0.8011058896845706,0.7895962518707696,0.014568597662788126,10
MAGIC Gamma,WGAN-GP,Utility,Precision_Gap,0.0347753360724046,0.070954044148248,0.0348295990815017,0.0392904560204997,0.0332310553247596,0.0179563315577895,0.0361729238332093,0.0367494085351428,0.0311916239848896,0.0311584940036132,0.0366309272562058,0.013382801785406004,10
MAGIC Gamma,WGAN-GP,Utility,Precision_TRTR,0.83262195380452,0.83262195380452,0.83262195380452,0.83262195380452,0.83262195380452,0.83262195380452,0.83262195380452,0.83262195380452,0.83262195380452,0.83262195380452,0.83262195380452,0.0,10
MAGIC Gamma,WGAN-GP,Utility,Precision_TSTR,0.7978466177321153,0.761667909656272,0.7977923547230182,0.7933314977840202,0.7993908984797603,0.8146656222467304,0.7964490299713106,0.7958725452693771,0.8014303298196304,0.8014634598009067,0.7959910265483141,0.013382801785405995,10
MAGIC Gamma,WGAN-GP,Utility,ROC_AUC_Gap,0.0357376261349671,0.0831021018891301,0.0303368966928805,0.0371898931598285,0.0408063616353308,0.0351251055207825,0.0352533519138813,0.0395286913483262,0.0333639793165121,0.0332840583101075,0.040372806592174654,0.015319376601453948,10
MAGIC Gamma,WGAN-GP,Utility,ROC_AUC_TRTR,0.8609617858177643,0.8609617858177643,0.8609617858177643,0.8609617858177643,0.8609617858177643,0.8609617858177643,0.8609617858177643,0.8609617858177643,0.8609617858177643,0.8609617858177643,0.8609617858177643,0.0,10
MAGIC Gamma,WGAN-GP,Utility,ROC_AUC_TSTR,0.8252241596827972,0.7778596839286341,0.8306248891248837,0.8237718926579357,0.8201554241824335,0.8258366802969818,0.8257084339038829,0.821433094469438,0.8275978065012521,0.8276777275076568,0.8205889792255897,0.015319376601453952,10
MAGIC Gamma,WGAN-GP,Utility,Recall_Gap,0.0393270241850683,0.0771906764808972,0.0381177707676129,0.0433578689099194,0.0319751139151769,0.02431650893796,0.0388363126533473,0.0368909919383103,0.0314055380301436,0.0313266736768311,0.039274447949526704,0.014389947418132671,10
MAGIC Gamma,WGAN-GP,Utility,Recall_TRTR,0.8335348755695758,0.8335348755695758,0.8335348755695758,0.8335348755695758,0.8335348755695758,0.8335348755695758,0.8335348755695758,0.8335348755695758,0.8335348755695758,0.8335348755695758,0.8335348755695758,0.0,10
MAGIC Gamma,WGAN-GP,Utility,Recall_TSTR,0.7942078513845074,0.7563441990886786,0.7954171048019629,0.7901770066596564,0.8015597616543989,0.8092183666316158,0.7946985629162285,0.7966438836312655,0.8021293375394322,0.8022082018927447,0.794260427620049,0.014389947418132685,10
Mushroom,CTABGAN,Compute,evaluation_time_seconds,17.75526879914105,18.9890098371543,18.25683940690942,67.42074894881807,44.5136904688552,40.80729082995094,84.16600998800277,59.73166221100109,41.76639828499901,60.2854239570006,45.369234273183245,22.72610870667409,10
Mushroom,CTABGAN,Compute,generation_time_seconds,0.0,0.0,0.0,0.0,0.0,0.0,0.0,0.0,0.0,0.0,0.0,0.0,10
Mushroom,CTABGAN,Compute,total_time_seconds,702.5964257039595,669.5099850010592,682.4147424739785,1181.01824965491,1158.850850902032,1063.227653966984,5087.587590374998,4174.962284788002,2602.140195595006,2303.047503632995,1962.5355482093923,1568.7691167066932,10
Mushroom,CTABGAN,Compute,training_time_seconds,682.025456628995,650.5028681508265,664.1395135789644,1113.437902002828,1114.288598250831,1022.24673227896,5003.239337694999,4114.996746053999,2560.271785548,2242.519983247003,1916.7668923435406,1551.5333565185856,10
Mushroom,CTABGAN,Fidelity,KS_Complement,0.9194166666666668,0.928,0.9191666666666666,0.9113333333333332,0.93875,0.8769999999999999,0.91225,0.9158333333333332,0.8621666666666666,0.9158333333333334,0.909975,0.023034228757317782,10
Mushroom,CTABGAN,Fidelity,MMD,0.0150807289987108,0.0124844735240128,0.0072397337678854,0.024537773910583,0.0143632327330172,0.0339122572415553,0.0117072480536898,0.0193298847061904,0.0454912390728331,0.0251503953674706,0.020929696737594837,0.01167298623875474,10
Mushroom,CTABGAN,Fidelity,Quality_Score,0.9108194135088432,0.906824804172295,0.9135570145743164,0.9155364452139504,0.9195381270378512,0.8379866929606543,0.914839247837927,0.9217366547136748,0.8457968156352116,0.9102984470486132,0.8996933662703336,0.030825653983897503,10
Mushroom,CTABGAN,Fidelity,Wasserstein_Distance,0.9446754552235964,1.090070270995772,0.7543945844407293,1.260000774497051,0.7391609150494506,1.323480119024696,1.156425824682499,1.021901438799322,1.390951094952198,0.7609602075337726,1.0442020685199087,0.2420205596331897,10
Mushroom,CTABGAN,Privacy,MIA_AUC,0.53320987654321,0.5411111111111111,0.4845679012345678,0.8779012345679013,0.5008641975308642,0.6858024691358025,0.5250617283950617,0.9071604938271604,0.6371604938271604,0.5774074074074074,0.6270246913580246,0.1528338822591182,10
Mushroom,CTABGAN,Privacy,Mahalanobis_Distance,4.549422944069145,5.090406186162568,4.825464931466268,4.946216224107594,4.590986890857895,5.930104603933803,4.704228086247859,4.840533427916792,5.975655476288597,4.784195230521971,5.02372140015725,0.514532507935095,10
Mushroom,CTABGAN,Privacy,Mean_Distance,4.549422944069145,5.090406186162568,4.825464931466268,4.946216224107594,4.590986890857895,5.930104603933803,4.704228086247859,4.840533427916792,5.975655476288597,4.784195230521971,5.02372140015725,0.514532507935095,10
Mushroom,CTABGAN,Privacy,Median_Distance,4.188817510361341,4.574720686477541,4.487071619784668,4.604406886322522,4.254942525750253,5.423537922203121,4.300214518441031,4.550458805962178,5.442750313839554,4.352990846979933,4.617991163612214,0.45216665454679394,10
Mushroom,CTABGAN,Privacy,NNDR,0.8994000762728503,0.908926391026479,0.913193376086092,0.91579846974379,0.8868857036537379,0.9416425327500832,0.9049454251439598,0.9237121787375864,0.9436817263202292,0.9019544049380224,0.914014028467283,0.018087718703359002,10
Mushroom,CTABGAN,Utility,Accuracy_Gap,0.2475666666666666,0.2175,0.2158333333333333,0.2257333333333333,0.2220333333333334,0.3411333333333333,0.2274000000000002,0.2082666666666667,0.3748666666666667,0.2347666666666666,0.25151,0.05769574529106419,10
Mushroom,CTABGAN,Utility,Accuracy_TRTR,0.8788666666666667,0.8788666666666667,0.8788666666666667,0.8788666666666667,0.8788666666666667,0.8788666666666667,0.8788666666666667,0.8788666666666667,0.8788666666666667,0.8788666666666667,0.8788666666666668,0.0,10
Mushroom,CTABGAN,Utility,Accuracy_TSTR,0.6313000000000001,0.6613666666666667,0.6630333333333334,0.6531333333333333,0.6568333333333333,0.5377333333333334,0.6514666666666665,0.6706,0.504,0.6441000000000001,0.6273566666666666,0.05769574529106419,10
Mushroom,CTABGAN,Utility,F1_Gap,0.2550528563440426,0.2249692408250843,0.2137440209667968,0.2252281692406283,0.2225267162501534,0.4072041234358422,0.2260616276436226,0.211519168826377,0.4069128778652239,0.2327618178569784,0.26259806192547497,0.07705239356135926,10
Mushroom,CTABGAN,Utility,F1_TRTR,0.8769396803256558,0.8769396803256558,0.8769396803256558,0.8769396803256558,0.8769396803256558,0.8769396803256558,0.8769396803256558,0.8769396803256558,0.8769396803256558,0.8769396803256558,0.8769396803256558,0.0,10
Mushroom,CTABGAN,Utility,F1_TSTR,0.6218868239816132,0.6519704395005715,0.663195659358859,0.6517115110850276,0.6544129640755024,0.4697355568898137,0.6508780526820332,0.6654205114992788,0.4700268024604319,0.6441778624686775,0.614341618400181,0.07705239356135925,10
Mushroom,CTABGAN,Utility,Precision_Gap,0.2481122829036505,0.2163195845038628,0.2144812739730694,0.2245941440864171,0.2221656359268394,0.3581814639115691,0.227554403952728,0.208094024171646,0.4025368436977181,0.2333747896858795,0.25554144468133794,0.06751105097870602,10
Mushroom,CTABGAN,Utility,Precision_TRTR,0.8782332648859651,0.8782332648859651,0.8782332648859651,0.8782332648859651,0.8782332648859651,0.8782332648859651,0.8782332648859651,0.8782332648859651,0.8782332648859651,0.8782332648859651,0.8782332648859651,0.0,10
Mushroom,CTABGAN,Utility,Precision_TSTR,0.6301209819823146,0.6619136803821023,0.6637519909128957,0.653639120799548,0.6560676289591257,0.520051800974396,0.6506788609332371,0.6701392407143191,0.475696421188247,0.6448584752000855,0.6226918202046271,0.06751105097870604,10
Mushroom,CTABGAN,Utility,ROC_AUC_Gap,0.2393606414469475,0.2006387791920474,0.2089251910207126,0.2037639602423615,0.2170707372840364,0.3768316228710168,0.2190787621076344,0.191348994943391,0.4216734236328091,0.2225743299959444,0.2501266442736901,0.08039145131068688,10
Mushroom,CTABGAN,Utility,ROC_AUC_TRTR,0.9029164089857544,0.9029164089857544,0.9029164089857544,0.9029164089857544,0.9029164089857544,0.9029164089857544,0.9029164089857544,0.9029164089857544,0.9029164089857544,0.9029164089857544,0.9029164089857545,0.0,10
Mushroom,CTABGAN,Utility,ROC_AUC_TSTR,0.663555767538807,0.702277629793707,0.6939912179650418,0.6991524487433929,0.6858456717017181,0.5260847861147376,0.68383764687812,0.7115674140423635,0.4812429853529454,0.68034207898981,0.6527897647120643,0.08039145131068687,10
Mushroom,CTABGAN,Utility,Recall_Gap,0.2475666666666666,0.2175,0.2158333333333333,0.2257333333333333,0.2220333333333334,0.3411333333333333,0.2274000000000002,0.2082666666666667,0.3748666666666667,0.2347666666666666,0.25151,0.05769574529106419,10
Mushroom,CTABGAN,Utility,Recall_TRTR,0.8788666666666667,0.8788666666666667,0.8788666666666667,0.8788666666666667,0.8788666666666667,0.8788666666666667,0.8788666666666667,0.8788666666666667,0.8788666666666667,0.8788666666666667,0.8788666666666668,0.0,10
Mushroom,CTABGAN,Utility,Recall_TSTR,0.6313000000000001,0.6613666666666667,0.6630333333333334,0.6531333333333333,0.6568333333333333,0.5377333333333334,0.6514666666666665,0.6706,0.504,0.6441000000000001,0.6273566666666666,0.05769574529106419,10
Mushroom,CTGAN,Compute,evaluation_time_seconds,21.31251072604209,29.74396193097346,25.68577678711154,31.01930776494555,42.83116762316786,26.65132980095223,53.38736393900035,66.78697064299922,62.08387432000018,31.36094645599951,39.086320999119195,16.251177273783753,10
Mushroom,CTGAN,Compute,generation_time_seconds,0.0,0.0,0.0,0.0,0.0,0.0,0.0,0.0,0.0,0.0,0.0,0.0,10
Mushroom,CTGAN,Compute,total_time_seconds,139.1043448001146,188.0426356350072,160.6683044128586,249.1818590399344,226.9674080589321,206.196589096915,4438.633704505999,5577.507980071001,4407.102608070003,1297.760444574,1689.1165878264765,2201.572637899695,10
Mushroom,CTGAN,Compute,training_time_seconds,117.7263954069931,158.2652179361321,134.7869265468325,213.8326043959241,184.0171326471027,179.5027421750128,4379.700776107005,5510.388557660001,4344.762879690999,1266.305426826002,1648.9288659392005,2185.9621230658645,10
Mushroom,CTGAN,Fidelity,KS_Complement,0.83975,0.8789166666666667,0.8860833333333332,0.8693333333333332,0.8909166666666666,0.8595833333333333,0.9150833333333334,0.8470833333333333,0.87875,0.88225,0.874775,0.022000001753647525,10
Mushroom,CTGAN,Fidelity,MMD,0.0414365237984084,0.0492862938887747,0.0629457344821929,0.0437853240055817,0.0552331318978797,0.0649591158035656,0.0372968045153324,0.0409778356209219,0.0481285927084494,0.0450498770640819,0.04890992337851886,0.009369640054048766,10
Mushroom,CTGAN,Fidelity,Quality_Score,0.8452208475755263,0.8546154626249471,0.8515148982554976,0.8508213688459584,0.8582348922987413,0.8555861498324504,0.863469685097551,0.871771318067383,0.8697066508421887,0.8432196691729607,0.8564160942613205,0.009569720201550065,10
Mushroom,CTGAN,Fidelity,Wasserstein_Distance,1.264106666666667,1.223896666666667,1.448740000000001,1.382688333333334,1.339331666666667,1.517903333333334,1.084553333333334,1.19563,1.02387,0.8430250000000002,1.2323745000000004,0.20594552882106706,10
Mushroom,CTGAN,Privacy,MIA_AUC,0.6933333333333335,0.6574074074074074,0.6296296296296297,0.6790123456790123,0.6546913580246914,0.6687654320987655,0.599753086419753,0.5974074074074074,0.5977777777777777,0.6329629629629631,0.641074074074074,0.03507911477962586,10
Mushroom,CTGAN,Privacy,Mahalanobis_Distance,5.105826941919982,5.170188245168687,5.489074092778887,5.522856496464446,5.19691894165255,5.175700862950835,5.20497171049608,5.211141583396371,5.105829751200533,5.114747620749531,5.22972562467779,0.15114603831658194,10
Mushroom,CTGAN,Privacy,Mean_Distance,5.105826941919982,5.170188245168687,5.489074092778887,5.522856496464446,5.19691894165255,5.175700862950835,5.20497171049608,5.211141583396371,5.105829751200533,5.114747620749531,5.22972562467779,0.15114603831658194,10
Mushroom,CTGAN,Privacy,Median_Distance,4.677879683679789,4.755813055116777,5.042867142472006,5.026008752106071,4.789343522538966,4.71708431954718,4.813795313220544,4.849305979342566,4.697627411038869,4.801160031894651,4.817088521095743,0.12653569572440887,10
Mushroom,CTGAN,Privacy,NNDR,0.924341484346188,0.9211534813786236,0.9282614387237532,0.928653406793948,0.9209036779067774,0.9225590117708178,0.924677157555217,0.920219484588904,0.9219986981938916,0.923796694920845,0.9236564536178967,0.002930948500709857,10
Mushroom,CTGAN,Utility,Accuracy_Gap,0.3515,0.3377666666666667,0.3242333333333333,0.3146,0.3264333333333335,0.3228000000000001,0.3342666666666668,0.3244333333333334,0.3199333333333333,0.3174,0.3273366666666667,0.011034809680794596,10
Mushroom,CTGAN,Utility,Accuracy_TRTR,0.8788666666666667,0.8788666666666667,0.8788666666666667,0.8788666666666667,0.8788666666666667,0.8788666666666667,0.8788666666666667,0.8788666666666667,0.8788666666666667,0.8788666666666667,0.8788666666666668,0.0,10
Mushroom,CTGAN,Utility,Accuracy_TSTR,0.5273666666666667,0.5411,0.5546333333333334,0.5642666666666667,0.5524333333333332,0.5560666666666666,0.5445999999999999,0.5544333333333333,0.5589333333333334,0.5614666666666667,0.55153,0.01103480968079461,10
Mushroom,CTGAN,Utility,F1_Gap,0.3665899136653048,0.3764883400983621,0.4062662289029849,0.3238271344585523,0.3372419901691598,0.3357763067431014,0.3675803179025272,0.3318308540724451,0.349026909417707,0.314824386496715,0.3509452381926859,0.028010645687365467,10
Mushroom,CTGAN,Utility,F1_TRTR,0.8769396803256558,0.8769396803256558,0.8769396803256558,0.8769396803256558,0.8769396803256558,0.8769396803256558,0.8769396803256558,0.8769396803256558,0.8769396803256558,0.8769396803256558,0.8769396803256558,0.0,10
Mushroom,CTGAN,Utility,F1_TSTR,0.510349766660351,0.5004513402272938,0.470673451422671,0.5531125458671036,0.539697690156496,0.5411633735825544,0.5093593624231286,0.5451088262532108,0.5279127709079489,0.5621152938289409,0.5259944421329699,0.028010645687365467,10
Mushroom,CTGAN,Utility,Precision_Gap,0.3123962563609713,0.3573947748299384,0.3346564347769138,0.275518188699252,0.2877477275883684,0.3310937517579602,0.3500423053686742,0.3311949560993533,0.3291199921152475,0.3085855735379742,0.3217749961134654,0.025868757544786642,10
Mushroom,CTGAN,Utility,Precision_TRTR,0.8782332648859651,0.8782332648859651,0.8782332648859651,0.8782332648859651,0.8782332648859651,0.8782332648859651,0.8782332648859651,0.8782332648859651,0.8782332648859651,0.8782332648859651,0.8782332648859651,0.0,10
Mushroom,CTGAN,Utility,Precision_TSTR,0.5658370085249937,0.5208384900560267,0.5435768301090513,0.602715076186713,0.5904855372975967,0.5471395131280049,0.5281909595172909,0.5470383087866117,0.5491132727707176,0.5696476913479909,0.5564582687724997,0.025868757544786628,10
Mushroom,CTGAN,Utility,ROC_AUC_Gap,0.337521304990454,0.3424175117926909,0.3343919471514974,0.3226155589418982,0.340554057750166,0.3083297291689404,0.3189852559360924,0.3118244886465451,0.3206149445497622,0.3325458065715706,0.3269800605499617,0.012113382976078587,10
Mushroom,CTGAN,Utility,ROC_AUC_TRTR,0.9029164089857544,0.9029164089857544,0.9029164089857544,0.9029164089857544,0.9029164089857544,0.9029164089857544,0.9029164089857544,0.9029164089857544,0.9029164089857544,0.9029164089857544,0.9029164089857545,0.0,10
Mushroom,CTGAN,Utility,ROC_AUC_TSTR,0.5653951039953005,0.5604988971930636,0.568524461834257,0.5803008500438562,0.5623623512355884,0.594586679816814,0.583931153049662,0.5910919203392093,0.5823014644359922,0.5703706024141838,0.5759363484357927,0.012113382976078573,10
Mushroom,CTGAN,Utility,Recall_Gap,0.3515,0.3377666666666667,0.3242333333333333,0.3146,0.3264333333333335,0.3228000000000001,0.3342666666666668,0.3244333333333334,0.3199333333333333,0.3174,0.3273366666666667,0.011034809680794596,10
Mushroom,CTGAN,Utility,Recall_TRTR,0.8788666666666667,0.8788666666666667,0.8788666666666667,0.8788666666666667,0.8788666666666667,0.8788666666666667,0.8788666666666667,0.8788666666666667,0.8788666666666667,0.8788666666666667,0.8788666666666668,0.0,10
Mushroom,CTGAN,Utility,Recall_TSTR,0.5273666666666667,0.5411,0.5546333333333334,0.5642666666666667,0.5524333333333332,0.5560666666666666,0.5445999999999999,0.5544333333333333,0.5589333333333334,0.5614666666666667,0.55153,0.01103480968079461,10
Mushroom,CopulaGAN,Compute,evaluation_time_seconds,24.57767907902598,31.62700907816179,29.17342837783508,37.67301334999502,55.22901987307705,31.27273485111073,24.67128408099961,67.05115142499562,20.17836340599752,55.87983669000096,37.733352021119934,15.982965125780028,10
Mushroom,CopulaGAN,Compute,generation_time_seconds,0.0,0.0,0.0,0.0,0.0,0.0,0.0,0.0,0.0,0.0,0.0,0.0,10
Mushroom,CopulaGAN,Compute,total_time_seconds,177.6025348720141,215.5083540040068,183.928741376847,230.0259729099926,273.5394753599539,255.083955914015,784.2385100719985,5561.177521958001,1674.718917484002,6045.848595014002,1540.1672578964833,2296.9100559268218,10
Mushroom,CopulaGAN,Compute,training_time_seconds,152.9893005529884,183.8207147039939,154.6938617229462,192.2953363400884,218.2386853529606,223.4143847920932,759.4572221709968,5492.368545049001,1654.396932383002,5989.560164877003,1502.1235147945074,2285.379684674653,10
Mushroom,CopulaGAN,Fidelity,KS_Complement,0.8915833333333333,0.8417500000000001,0.87125,0.8973333333333332,0.8781666666666667,0.8696666666666667,0.8920833333333333,0.7959166666666665,0.8161666666666667,0.8624166666666667,0.8616333333333334,0.0338475658807156,10
Mushroom,CopulaGAN,Fidelity,MMD,0.0456473848471722,0.0832065094272884,0.0695265523538839,0.0280071914855443,0.0736791889881485,0.0503251727994723,0.0431768271151516,0.0973737526041342,0.0930762782802627,0.084219958147793,0.06682388160488512,0.02365109021743521,10
Mushroom,CopulaGAN,Fidelity,Quality_Score,0.8532288292314942,0.8449719869989043,0.8412846686565694,0.866897828132746,0.850599398715123,0.8407259627190271,0.8360946761926735,0.8377342518794311,0.8335881380537162,0.8390381885200319,0.8444163929099717,0.010028389393979048,10
Mushroom,CopulaGAN,Fidelity,Wasserstein_Distance,1.250190000000001,1.879765000000001,1.775135000000001,1.222306666666668,1.881153333333334,1.477500000000001,1.403600000000001,2.911473333333334,2.530571666666667,1.728690000000001,1.8060385000000008,0.5461537057320451,10
Mushroom,CopulaGAN,Privacy,MIA_AUC,0.6588888888888889,0.6124691358024692,0.7192592592592592,0.6239506172839506,0.6127160493827161,0.6596296296296296,0.6444444444444444,0.6923456790123457,0.5692592592592592,0.6422222222222221,0.6435185185185185,0.04272561284350864,10
Mushroom,CopulaGAN,Privacy,Mahalanobis_Distance,5.276270202825641,5.34398337548375,5.241049724880899,5.024522695434231,5.274872074584175,5.495504912735135,5.43001994680761,5.709065696479295,5.653495573953303,5.672618255155105,5.412140245833915,0.2218616116526604,10
Mushroom,CopulaGAN,Privacy,Mean_Distance,5.276270202825641,5.34398337548375,5.241049724880899,5.024522695434231,5.274872074584175,5.495504912735135,5.43001994680761,5.709065696479295,5.653495573953303,5.672618255155105,5.412140245833915,0.2218616116526604,10
Mushroom,CopulaGAN,Privacy,Median_Distance,4.861392561969438,4.950398371964164,4.794157661643023,4.612028404605375,4.911910386078387,4.987075088619926,5.032802670820674,5.273788468190125,5.003410036537225,5.22154488610225,4.96485085365306,0.19300762346327818,10
Mushroom,CopulaGAN,Privacy,NNDR,0.926110307831318,0.9297962647119508,0.9280829759079576,0.9172481172102358,0.9271798108678052,0.9222357479328273,0.9239169156191922,0.9279271025716084,0.9215177087724128,0.9327139188296945,0.9256728870255003,0.0045101140471857015,10
Mushroom,CopulaGAN,Utility,Accuracy_Gap,0.3188000000000002,0.3189666666666666,0.3363000000000002,0.3323333333333334,0.2993666666666668,0.3151666666666666,0.2969666666666667,0.3303333333333333,0.3429333333333332,0.3137666666666667,0.3204933333333334,0.015162362433601854,10
Mushroom,CopulaGAN,Utility,Accuracy_TRTR,0.8788666666666667,0.8788666666666667,0.8788666666666667,0.8788666666666667,0.8788666666666667,0.8788666666666667,0.8788666666666667,0.8788666666666667,0.8788666666666667,0.8788666666666667,0.8788666666666668,0.0,10
Mushroom,CopulaGAN,Utility,Accuracy_TSTR,0.5600666666666665,0.5599000000000001,0.5425666666666665,0.5465333333333333,0.5794999999999999,0.5637000000000001,0.5819,0.5485333333333334,0.5359333333333335,0.5650999999999999,0.5583733333333333,0.015162362433601834,10
Mushroom,CopulaGAN,Utility,F1_Gap,0.3170272903575667,0.3685800086887816,0.3350198106535095,0.341504478302563,0.2984637317128371,0.3727630373673944,0.3195312349507984,0.3339044047326108,0.3772752196007608,0.3275535813243617,0.3391622797691184,0.026169894563541247,10
Mushroom,CopulaGAN,Utility,F1_TRTR,0.8769396803256558,0.8769396803256558,0.8769396803256558,0.8769396803256558,0.8769396803256558,0.8769396803256558,0.8769396803256558,0.8769396803256558,0.8769396803256558,0.8769396803256558,0.8769396803256558,0.0,10
Mushroom,CopulaGAN,Utility,F1_TSTR,0.5599123899680891,0.5083596716368742,0.5419198696721463,0.5354352020230928,0.5784759486128187,0.5041766429582615,0.5574084453748575,0.543035275593045,0.4996644607248951,0.5493860990012941,0.5377774005565373,0.02616989456354121,10
Mushroom,CopulaGAN,Utility,Precision_Gap,0.3181117121182402,0.3260630025633233,0.3348949360933571,0.2978416770558878,0.2834836823179863,0.3017041639708954,0.3035214961195344,0.3321596882353645,0.3551256491542485,0.320444386234185,0.31733503938630225,0.021091711816657387,10
Mushroom,CopulaGAN,Utility,Precision_TRTR,0.8782332648859651,0.8782332648859651,0.8782332648859651,0.8782332648859651,0.8782332648859651,0.8782332648859651,0.8782332648859651,0.8782332648859651,0.8782332648859651,0.8782332648859651,0.8782332648859651,0.0,10
Mushroom,CopulaGAN,Utility,Precision_TSTR,0.5601215527677249,0.5521702623226418,0.543338328792608,0.5803915878300773,0.5947495825679788,0.5765291009150697,0.5747117687664307,0.5460735766506006,0.5231076157317166,0.5577888786517801,0.5608982254996628,0.021091711816657394,10
Mushroom,CopulaGAN,Utility,ROC_AUC_Gap,0.3349237466602533,0.3231982883250674,0.3354815500466858,0.3205534379686256,0.3121992543758598,0.3286384881641935,0.2767756404296972,0.335270352750011,0.3415236790232242,0.3303987351067169,0.3238963172850335,0.018647387538529143,10
Mushroom,CopulaGAN,Utility,ROC_AUC_TRTR,0.9029164089857544,0.9029164089857544,0.9029164089857544,0.9029164089857544,0.9029164089857544,0.9029164089857544,0.9029164089857544,0.9029164089857544,0.9029164089857544,0.9029164089857544,0.9029164089857545,0.0,10
Mushroom,CopulaGAN,Utility,ROC_AUC_TSTR,0.5679926623255012,0.5797181206606871,0.5674348589390686,0.5823629710171289,0.5907171546098946,0.5742779208215609,0.6261407685560573,0.5676460562357434,0.5613927299625302,0.5725176738790375,0.5790200917007209,0.018647387538529164,10
Mushroom,CopulaGAN,Utility,Recall_Gap,0.3188000000000002,0.3189666666666666,0.3363000000000002,0.3323333333333334,0.2993666666666668,0.3151666666666666,0.2969666666666667,0.3303333333333333,0.3429333333333332,0.3137666666666667,0.3204933333333334,0.015162362433601854,10
Mushroom,CopulaGAN,Utility,Recall_TRTR,0.8788666666666667,0.8788666666666667,0.8788666666666667,0.8788666666666667,0.8788666666666667,0.8788666666666667,0.8788666666666667,0.8788666666666667,0.8788666666666667,0.8788666666666667,0.8788666666666668,0.0,10
Mushroom,CopulaGAN,Utility,Recall_TSTR,0.5600666666666665,0.5599000000000001,0.5425666666666665,0.5465333333333333,0.5794999999999999,0.5637000000000001,0.5819,0.5485333333333334,0.5359333333333335,0.5650999999999999,0.5583733333333333,0.015162362433601834,10
Mushroom,ForestDiffusion,Compute,evaluation_time_seconds,33.37762719905004,35.33424928202294,46.78559507080354,33.21717676101252,43.02527427603491,67.84352131700143,66.50939094999922,47.2884449330013,64.02264023599855,47.05060165599571,48.44545216809202,13.381167732943924,10
Mushroom,ForestDiffusion,Compute,generation_time_seconds,0.0,0.0,0.0,0.0,0.0,0.0,0.0,0.0,0.0,0.0,0.0,0.0,10
Mushroom,ForestDiffusion,Compute,total_time_seconds,304.7921669289935,272.089709908003,295.9816913721152,420.9470001989976,408.8656935319304,480.8378577509429,868.3710967139996,2022.017087107,1407.935606915002,714.9768298880008,719.6814740314985,576.0777895651328,10
Mushroom,ForestDiffusion,Compute,training_time_seconds,271.2242293718737,236.6053654470015,249.074341407977,387.4471599110402,365.698393483879,412.8097768859006,801.6389682910012,1974.522431338999,1343.658927871002,667.6900751680005,671.0369669176674,571.1131767857797,10
Mushroom,ForestDiffusion,Fidelity,KS_Complement,0.8705833333333333,0.8621666666666666,0.8690000000000001,0.8609166666666667,0.8636666666666667,0.8734166666666666,0.8686666666666666,0.8594166666666667,0.8551666666666667,0.8764166666666666,0.8659416666666665,0.006727047166494854,10
Mushroom,ForestDiffusion,Fidelity,MMD,0.038075683661825,0.0551910746237243,0.0280635025634583,0.0504806964076087,0.0485439771290645,0.0313433123955926,0.0526142795984057,0.0411775436303831,0.0512049062407342,0.039248290522641,0.04359432667734374,0.00938180450808781,10
Mushroom,ForestDiffusion,Fidelity,Quality_Score,0.665216812913785,0.6698250498213906,0.6720530330211401,0.6705991855525049,0.6701614203993027,0.6831875277077539,0.6694350627518288,0.6919308955273638,0.6659852723500722,0.6934338503297239,0.6751828110374867,0.010431532365166387,10
Mushroom,ForestDiffusion,Fidelity,Wasserstein_Distance,1.83880792110197,1.799144789270355,1.652186490317146,1.818367797474075,1.834148899805662,1.658184589843516,1.864381358650346,1.752375771262151,1.892942634284616,1.768806305522066,1.7879346557531903,0.08133567940591455,10
Mushroom,ForestDiffusion,Privacy,MIA_AUC,0.984567901234568,0.97,0.9904938271604938,1.0,0.9812345679012344,0.992716049382716,0.9987654320987654,1.0,1.0,1.0,0.9917777777777778,0.010323592979167961,10
Mushroom,ForestDiffusion,Privacy,Mahalanobis_Distance,5.603606716121494,5.651294998826148,5.804058842051889,8.21499767766126,5.693467244933092,6.472534552999171,6.285702552018321,8.31891879225421,8.195615985110555,8.003657259647653,6.82438546216238,1.2036449308358685,10
Mushroom,ForestDiffusion,Privacy,Mean_Distance,5.603606716121494,5.651294998826148,5.804058842051889,8.21499767766126,5.693467244933092,6.472534552999171,6.285702552018321,8.31891879225421,8.195615985110555,8.003657259647653,6.82438546216238,1.2036449308358685,10
Mushroom,ForestDiffusion,Privacy,Median_Distance,5.442841413931168,5.474093258469038,5.686389022862459,8.108663539526166,5.578734072700461,6.348052958576755,6.169582389575508,8.185896293517285,8.138816255037664,7.921177455670241,6.7054246659866745,1.2259482583895456,10
Mushroom,ForestDiffusion,Privacy,NNDR,0.9405821306304322,0.9466818596045824,0.9423046764595472,0.9780422295773632,0.9372731974504482,0.9662614564303692,0.963961656901185,0.979783040425158,0.9781201829886222,0.9806380934527762,0.9613648523920485,0.017924203235901076,10
Mushroom,ForestDiffusion,Utility,Accuracy_Gap,0.2545333333333334,0.2425666666666666,0.2508666666666667,0.2980999999999999,0.2420666666666668,0.2931,0.3026666666666666,0.2933333333333333,0.3174333333333333,0.2671,0.2761766666666666,0.027788398191944633,10
Mushroom,ForestDiffusion,Utility,Accuracy_TRTR,0.8788666666666667,0.8788666666666667,0.8788666666666667,0.8788666666666667,0.8788666666666667,0.8788666666666667,0.8788666666666667,0.8788666666666667,0.8788666666666667,0.8788666666666667,0.8788666666666668,0.0,10
Mushroom,ForestDiffusion,Utility,Accuracy_TSTR,0.6243333333333333,0.6363000000000001,0.628,0.5807666666666668,0.6367999999999999,0.5857666666666667,0.5762,0.5855333333333334,0.5614333333333333,0.6117666666666667,0.6026900000000001,0.027788398191944657,10
Mushroom,ForestDiffusion,Utility,F1_Gap,0.2603887945570995,0.2437059092151976,0.2613840883760242,0.3498027125394294,0.2406813193251088,0.3388371845457087,0.3506744659784869,0.3475357765337252,0.369674822566029,0.2963463746724978,0.30590314483093073,0.05064430875425981,10
Mushroom,ForestDiffusion,Utility,F1_TRTR,0.8769396803256558,0.8769396803256558,0.8769396803256558,0.8769396803256558,0.8769396803256558,0.8769396803256558,0.8769396803256558,0.8769396803256558,0.8769396803256558,0.8769396803256558,0.8769396803256558,0.0,10
Mushroom,ForestDiffusion,Utility,F1_TSTR,0.6165508857685563,0.6332337711104582,0.6155555919496316,0.5271369677862264,0.636258361000547,0.5381024957799472,0.5262652143471689,0.5294039037919306,0.5072648577596268,0.580593305653158,0.5710365354947251,0.05064430875425981,10
Mushroom,ForestDiffusion,Utility,Precision_Gap,0.2566184945296816,0.2411424421621848,0.2496216727592175,0.2007851724655028,0.2410656200170422,0.1984667369977667,0.2172932575979182,0.1947653018531582,0.2203169750614125,0.2207530369642318,0.22408287104081165,0.022161271228468154,10
Mushroom,ForestDiffusion,Utility,Precision_TRTR,0.8782332648859651,0.8782332648859651,0.8782332648859651,0.8782332648859651,0.8782332648859651,0.8782332648859651,0.8782332648859651,0.8782332648859651,0.8782332648859651,0.8782332648859651,0.8782332648859651,0.0,10
Mushroom,ForestDiffusion,Utility,Precision_TSTR,0.6216147703562835,0.6370908227237803,0.6286115921267476,0.6774480924204623,0.6371676448689229,0.6797665278881984,0.6609400072880469,0.6834679630328069,0.6579162898245526,0.6574802279217333,0.6541503938451536,0.022161271228468154,10
Mushroom,ForestDiffusion,Utility,ROC_AUC_Gap,0.2418107321910491,0.2306941418518264,0.2417510445339984,0.2288078502068857,0.2254518679003014,0.2323513164294655,0.2465818374366915,0.2316561505907461,0.2452635890471127,0.2206725438124917,0.23450410740005684,0.008822361824671622,10
Mushroom,ForestDiffusion,Utility,ROC_AUC_TRTR,0.9029164089857544,0.9029164089857544,0.9029164089857544,0.9029164089857544,0.9029164089857544,0.9029164089857544,0.9029164089857544,0.9029164089857544,0.9029164089857544,0.9029164089857544,0.9029164089857545,0.0,10
Mushroom,ForestDiffusion,Utility,ROC_AUC_TSTR,0.6611056767947053,0.6722222671339281,0.661165364451756,0.6741085587788688,0.6774645410854531,0.6705650925562889,0.6563345715490629,0.6712602583950084,0.6576528199386418,0.6822438651732627,0.6684123015856975,0.008822361824671632,10
Mushroom,ForestDiffusion,Utility,Recall_Gap,0.2545333333333334,0.2425666666666666,0.2508666666666667,0.2980999999999999,0.2420666666666668,0.2931,0.3026666666666666,0.2933333333333333,0.3174333333333333,0.2671,0.2761766666666666,0.027788398191944633,10
Mushroom,ForestDiffusion,Utility,Recall_TRTR,0.8788666666666667,0.8788666666666667,0.8788666666666667,0.8788666666666667,0.8788666666666667,0.8788666666666667,0.8788666666666667,0.8788666666666667,0.8788666666666667,0.8788666666666667,0.8788666666666668,0.0,10
Mushroom,ForestDiffusion,Utility,Recall_TSTR,0.6243333333333333,0.6363000000000001,0.628,0.5807666666666668,0.6367999999999999,0.5857666666666667,0.5762,0.5855333333333334,0.5614333333333333,0.6117666666666667,0.6026900000000001,0.027788398191944657,10
Mushroom,GaussianCopula,Compute,evaluation_time_seconds,30.31143912416883,33.04516687896103,46.07112632202916,35.58073945809156,40.09887081990018,37.24734243308194,27.47893410899269,43.81345346500166,43.54131923199748,40.97048794999137,37.815887979221586,6.176227788048986,10
Mushroom,GaussianCopula,Compute,generation_time_seconds,0.0,0.0,0.0,0.0,0.0,0.0,0.0,0.0,0.0,0.0,0.0,0.0,10
Mushroom,GaussianCopula,Compute,total_time_seconds,37.35224217106588,41.92898817290552,53.79923422494903,43.19634467898868,57.41278545605019,55.18845003005117,36.15169275800872,56.77130103600211,58.91839664099098,59.50169231800828,50.02211274870206,9.28045446308002,10
Mushroom,GaussianCopula,Compute,training_time_seconds,6.979966073995456,8.818978112190962,7.607543712016195,7.434084252920002,17.17128117592074,17.74453453207389,8.505030546992202,12.83379834301013,15.25538669899106,18.42434191799839,12.077494536610903,4.713130765005804,10
Mushroom,GaussianCopula,Fidelity,KS_Complement,0.9239166666666666,0.9239166666666666,0.9239166666666666,0.9239166666666666,0.9239166666666666,0.9239166666666666,0.9239166666666666,0.9239166666666666,0.9239166666666666,0.9239166666666666,0.9239166666666666,0.0,10
Mushroom,GaussianCopula,Fidelity,MMD,0.0095325872792076,0.0095325872792076,0.0095325872792076,0.0095325872792076,0.0095325872792076,0.0095325872792076,0.0095325872792076,0.0095325872792076,0.0095325872792076,0.0095325872792076,0.0095325872792076,0.0,10
Mushroom,GaussianCopula,Fidelity,Quality_Score,0.8985806959757217,0.8985806959757217,0.8985806959757217,0.8985806959757217,0.8985806959757217,0.8985806959757217,0.8985806959757217,0.8985806959757217,0.8985806959757217,0.8985806959757217,0.8985806959757218,0.0,10
Mushroom,GaussianCopula,Fidelity,Wasserstein_Distance,0.7030033333333329,0.7030033333333329,0.7030033333333329,0.7030033333333329,0.7030033333333329,0.7030033333333329,0.7030033333333329,0.7030033333333329,0.7030033333333329,0.7030033333333329,0.703003333333333,0.0,10
Mushroom,GaussianCopula,Privacy,MIA_AUC,0.4569135802469136,0.4569135802469136,0.4569135802469136,0.4569135802469136,0.4569135802469136,0.4569135802469136,0.4569135802469136,0.4569135802469136,0.4569135802469136,0.4569135802469136,0.4569135802469136,0.0,10
Mushroom,GaussianCopula,Privacy,Mahalanobis_Distance,4.794378129434814,4.794378129434814,4.794378129434814,4.794378129434814,4.794378129434814,4.794378129434814,4.794378129434814,4.794378129434814,4.794378129434814,4.794378129434814,4.794378129434813,0.0,10
Mushroom,GaussianCopula,Privacy,Mean_Distance,4.794378129434814,4.794378129434814,4.794378129434814,4.794378129434814,4.794378129434814,4.794378129434814,4.794378129434814,4.794378129434814,4.794378129434814,4.794378129434814,4.794378129434813,0.0,10
Mushroom,GaussianCopula,Privacy,Median_Distance,4.490672237534019,4.490672237534019,4.490672237534019,4.490672237534019,4.490672237534019,4.490672237534019,4.490672237534019,4.490672237534019,4.490672237534019,4.490672237534019,4.490672237534019,0.0,10
Mushroom,GaussianCopula,Privacy,NNDR,0.923175303851946,0.923175303851946,0.923175303851946,0.923175303851946,0.923175303851946,0.923175303851946,0.923175303851946,0.923175303851946,0.923175303851946,0.923175303851946,0.9231753038519461,0.0,10
Mushroom,GaussianCopula,Utility,Accuracy_Gap,0.3172333333333334,0.3172333333333334,0.3172333333333334,0.3172333333333334,0.3172333333333334,0.3172333333333334,0.3172333333333334,0.3172333333333334,0.3172333333333334,0.3172333333333334,0.31723333333333337,0.0,10
Mushroom,GaussianCopula,Utility,Accuracy_TRTR,0.8788666666666667,0.8788666666666667,0.8788666666666667,0.8788666666666667,0.8788666666666667,0.8788666666666667,0.8788666666666667,0.8788666666666667,0.8788666666666667,0.8788666666666667,0.8788666666666668,0.0,10
Mushroom,GaussianCopula,Utility,Accuracy_TSTR,0.5616333333333333,0.5616333333333333,0.5616333333333333,0.5616333333333333,0.5616333333333333,0.5616333333333333,0.5616333333333333,0.5616333333333333,0.5616333333333333,0.5616333333333333,0.5616333333333332,0.0,10
Mushroom,GaussianCopula,Utility,F1_Gap,0.3211784912479377,0.3211784912479377,0.3211784912479377,0.3211784912479377,0.3211784912479377,0.3211784912479377,0.3211784912479377,0.3211784912479377,0.3211784912479377,0.3211784912479377,0.3211784912479377,0.0,10
Mushroom,GaussianCopula,Utility,F1_TRTR,0.8769396803256558,0.8769396803256558,0.8769396803256558,0.8769396803256558,0.8769396803256558,0.8769396803256558,0.8769396803256558,0.8769396803256558,0.8769396803256558,0.8769396803256558,0.8769396803256558,0.0,10
Mushroom,GaussianCopula,Utility,F1_TSTR,0.5557611890777181,0.5557611890777181,0.5557611890777181,0.5557611890777181,0.5557611890777181,0.5557611890777181,0.5557611890777181,0.5557611890777181,0.5557611890777181,0.5557611890777181,0.5557611890777181,0.0,10
Mushroom,GaussianCopula,Utility,Precision_Gap,0.3200597875159372,0.3200597875159372,0.3200597875159372,0.3200597875159372,0.3200597875159372,0.3200597875159372,0.3200597875159372,0.3200597875159372,0.3200597875159372,0.3200597875159372,0.3200597875159373,0.0,10
Mushroom,GaussianCopula,Utility,Precision_TRTR,0.8782332648859651,0.8782332648859651,0.8782332648859651,0.8782332648859651,0.8782332648859651,0.8782332648859651,0.8782332648859651,0.8782332648859651,0.8782332648859651,0.8782332648859651,0.8782332648859651,0.0,10
Mushroom,GaussianCopula,Utility,Precision_TSTR,0.5581734773700279,0.5581734773700279,0.5581734773700279,0.5581734773700279,0.5581734773700279,0.5581734773700279,0.5581734773700279,0.5581734773700279,0.5581734773700279,0.5581734773700279,0.5581734773700279,0.0,10
Mushroom,GaussianCopula,Utility,ROC_AUC_Gap,0.3381175078853728,0.3381175078853728,0.3381175078853728,0.3381175078853728,0.3381175078853728,0.3381175078853728,0.3381175078853728,0.3381175078853728,0.3381175078853728,0.3381175078853728,0.3381175078853728,0.0,10
Mushroom,GaussianCopula,Utility,ROC_AUC_TRTR,0.9029164089857544,0.9029164089857544,0.9029164089857544,0.9029164089857544,0.9029164089857544,0.9029164089857544,0.9029164089857544,0.9029164089857544,0.9029164089857544,0.9029164089857544,0.9029164089857545,0.0,10
Mushroom,GaussianCopula,Utility,ROC_AUC_TSTR,0.5647989011003817,0.5647989011003817,0.5647989011003817,0.5647989011003817,0.5647989011003817,0.5647989011003817,0.5647989011003817,0.5647989011003817,0.5647989011003817,0.5647989011003817,0.5647989011003817,0.0,10
Mushroom,GaussianCopula,Utility,Recall_Gap,0.3172333333333334,0.3172333333333334,0.3172333333333334,0.3172333333333334,0.3172333333333334,0.3172333333333334,0.3172333333333334,0.3172333333333334,0.3172333333333334,0.3172333333333334,0.31723333333333337,0.0,10
Mushroom,GaussianCopula,Utility,Recall_TRTR,0.8788666666666667,0.8788666666666667,0.8788666666666667,0.8788666666666667,0.8788666666666667,0.8788666666666667,0.8788666666666667,0.8788666666666667,0.8788666666666667,0.8788666666666667,0.8788666666666668,0.0,10
Mushroom,GaussianCopula,Utility,Recall_TSTR,0.5616333333333333,0.5616333333333333,0.5616333333333333,0.5616333333333333,0.5616333333333333,0.5616333333333333,0.5616333333333333,0.5616333333333333,0.5616333333333333,0.5616333333333333,0.5616333333333332,0.0,10
Mushroom,TVAE,Compute,evaluation_time_seconds,33.23495788685977,25.60294720297679,33.35775552294217,55.86736374814063,36.26066553615965,41.71604518406093,22.27775071500218,62.11430702799407,68.36925777699798,13.99169702700601,39.27927476281402,17.77961959995984,10
Mushroom,TVAE,Compute,generation_time_seconds,0.0,0.0,0.0,0.0,0.0,0.0,0.0,0.0,0.0,0.0,0.0,0.0,10
Mushroom,TVAE,Compute,total_time_seconds,84.75806187395938,84.62558651599102,100.1068075560033,138.0956211520825,128.8667990169488,119.2881001620553,1064.010077763,3064.251611235006,3047.876388790995,1919.332140920997,975.1211194987038,1249.9245865833889,10
Mushroom,TVAE,Compute,training_time_seconds,51.37642568303272,58.84774097194895,66.69152782694437,82.1599145741202,92.39766433998012,77.35728125390597,1041.637625007002,3001.717043985998,2979.122240380995,1905.167862210001,935.6475326233929,1241.7553476069004,10
Mushroom,TVAE,Fidelity,KS_Complement,0.90225,0.8930833333333332,0.8929999999999999,0.9013333333333334,0.8995833333333333,0.9101666666666668,0.901,0.8897499999999999,0.8963333333333333,0.8955833333333333,0.8982083333333332,0.005907889943139404,10
Mushroom,TVAE,Fidelity,MMD,0.011314336536827,0.0063876139757781,0.011051383498611,0.0129965993031941,0.0154246873733785,0.0088503606705685,0.0125694172991508,0.0160730006977951,0.007545239442244,0.0065470621796159,0.010875970097716299,0.0034859936770958847,10
Mushroom,TVAE,Fidelity,Quality_Score,0.8965476408398878,0.9000079381577413,0.9098630793546056,0.9029792106288428,0.8993531181272705,0.8872075910881523,0.900184478653685,0.9092059222686883,0.900974683800576,0.9047945773640308,0.9011118240283482,0.006485013065502664,10
Mushroom,TVAE,Fidelity,Wasserstein_Distance,0.883096666666666,0.8196349999999993,0.8331899999999992,0.8211666666666658,1.004779999999999,0.7790816666666659,0.9036533333333332,0.9904133333333326,0.704941666666666,0.7637749999999993,0.8503733333333325,0.09614079921053027,10
Mushroom,TVAE,Privacy,MIA_AUC,0.7865432098765431,0.9837037037037036,0.7509876543209876,0.9976543209876544,0.9955555555555556,0.6046913580246913,0.9903703703703703,0.9946913580246914,1.0,0.9996296296296296,0.9103827160493827,0.14296043327280886,10
Mushroom,TVAE,Privacy,Mahalanobis_Distance,4.102246631021005,5.186155347970352,4.163574627445411,5.11028346247535,5.00916808284734,4.114313794278846,5.097292043446789,5.036104171102527,7.236683961858536,7.179905345101498,5.2235727467547655,1.1354183203950863,10
Mushroom,TVAE,Privacy,Mean_Distance,4.102246631021005,5.186155347970352,4.163574627445411,5.11028346247535,5.00916808284734,4.114313794278846,5.097292043446789,5.036104171102527,7.236683961858536,7.179905345101498,5.2235727467547655,1.1354183203950863,10
Mushroom,TVAE,Privacy,Median_Distance,3.891873907076684,4.993530203218882,3.888132135240347,4.921335147643473,4.775562546007873,3.774261087261719,4.795589777218636,4.795012984293274,7.087365993314078,7.003237968958585,4.992590175023355,1.1774051019919494,10
Mushroom,TVAE,Privacy,NNDR,0.8783653920334,0.9561312049341428,0.8806923839222962,0.955184127268342,0.9468129188564648,0.8670839987201368,0.9464840697438608,0.950798746540828,0.968958547311774,0.9663250261646742,0.9316836415495919,0.03967758000720542,10
Mushroom,TVAE,Utility,Accuracy_Gap,0.2093666666666667,0.2232666666666667,0.2212333333333335,0.2385,0.2516666666666668,0.2165666666666666,0.2110666666666667,0.2840333333333332,0.2712,0.2415,0.23684,0.025625468619623462,10
Mushroom,TVAE,Utility,Accuracy_TRTR,0.8788666666666667,0.8788666666666667,0.8788666666666667,0.8788666666666667,0.8788666666666667,0.8788666666666667,0.8788666666666667,0.8788666666666667,0.8788666666666667,0.8788666666666667,0.8788666666666668,0.0,10
Mushroom,TVAE,Utility,Accuracy_TSTR,0.6695,0.6556,0.6576333333333332,0.6403666666666666,0.6271999999999999,0.6623000000000001,0.6678,0.5948333333333334,0.6076666666666667,0.6373666666666666,0.6420266666666666,0.025625468619623473,10
Mushroom,TVAE,Utility,F1_Gap,0.2141015569430107,0.2339518765301938,0.2278213336959138,0.2610205370642543,0.3030024240708937,0.2299852689036916,0.2135226742924674,0.3230179597943398,0.3100158144997529,0.2666499659871271,0.25830894117816455,0.04112364072863354,10
Mushroom,TVAE,Utility,F1_TRTR,0.8769396803256558,0.8769396803256558,0.8769396803256558,0.8769396803256558,0.8769396803256558,0.8769396803256558,0.8769396803256558,0.8769396803256558,0.8769396803256558,0.8769396803256558,0.8769396803256558,0.0,10
Mushroom,TVAE,Utility,F1_TSTR,0.6628381233826451,0.642987803795462,0.649118346629742,0.6159191432614015,0.5739372562547621,0.6469544114219642,0.6634170060331884,0.553921720531316,0.5669238658259029,0.6102897143385287,0.6186307391474913,0.04112364072863354,10
Mushroom,TVAE,Utility,Precision_Gap,0.2068811945469254,0.193400359923105,0.2105515970680849,0.1843610237177091,0.1528330144697306,0.2055674864804249,0.204766100238416,0.2112187003204599,0.2044140011265519,0.1915325321317873,0.1965526010023195,0.01771205510699821,10
Mushroom,TVAE,Utility,Precision_TRTR,0.8782332648859651,0.8782332648859651,0.8782332648859651,0.8782332648859651,0.8782332648859651,0.8782332648859651,0.8782332648859651,0.8782332648859651,0.8782332648859651,0.8782332648859651,0.8782332648859651,0.0,10
Mushroom,TVAE,Utility,Precision_TSTR,0.6713520703390397,0.6848329049628601,0.6676816678178802,0.693872241168256,0.7254002504162345,0.6726657784055402,0.6734671646475491,0.6670145645655052,0.6738192637594131,0.6867007327541778,0.6816806638836457,0.017712055106998203,10
Mushroom,TVAE,Utility,ROC_AUC_Gap,0.1921027031906624,0.1829164628798015,0.1950257815647328,0.1951572830394086,0.1830774713452089,0.1910036014696906,0.1912732064397995,0.2140876344151216,0.2119222389742884,0.1833235650373147,0.1939889948356029,0.011071767199300753,10
Mushroom,TVAE,Utility,ROC_AUC_TRTR,0.9029164089857544,0.9029164089857544,0.9029164089857544,0.9029164089857544,0.9029164089857544,0.9029164089857544,0.9029164089857544,0.9029164089857544,0.9029164089857544,0.9029164089857544,0.9029164089857545,0.0,10
Mushroom,TVAE,Utility,ROC_AUC_TSTR,0.7108137057950921,0.719999946105953,0.7078906274210216,0.7077591259463458,0.7198389376405455,0.7119128075160638,0.7116432025459549,0.6888287745706329,0.690994170011466,0.7195928439484397,0.7089274141501515,0.01107176719930075,10
Mushroom,TVAE,Utility,Recall_Gap,0.2093666666666667,0.2232666666666667,0.2212333333333335,0.2385,0.2516666666666668,0.2165666666666666,0.2110666666666667,0.2840333333333332,0.2712,0.2415,0.23684,0.025625468619623462,10
Mushroom,TVAE,Utility,Recall_TRTR,0.8788666666666667,0.8788666666666667,0.8788666666666667,0.8788666666666667,0.8788666666666667,0.8788666666666667,0.8788666666666667,0.8788666666666667,0.8788666666666667,0.8788666666666667,0.8788666666666668,0.0,10
Mushroom,TVAE,Utility,Recall_TSTR,0.6695,0.6556,0.6576333333333332,0.6403666666666666,0.6271999999999999,0.6623000000000001,0.6678,0.5948333333333334,0.6076666666666667,0.6373666666666666,0.6420266666666666,0.025625468619623473,10
Mushroom,TabDDPM,Compute,evaluation_time_seconds,17.09647100395523,16.7429300409276,16.75391448801383,31.62975928210653,26.31069512595423,24.02280272194184,62.61508406599751,90.76486911399844,69.69425296000554,61.01126047399885,41.66420392768996,26.879592026417104,10
Mushroom,TabDDPM,Compute,generation_time_seconds,0.0,0.0,0.0,0.0,0.0,0.0,0.0,0.0,0.0,0.0,0.0,0.0,10
Mushroom,TabDDPM,Compute,total_time_seconds,24.6592091799248,23.32029755390249,23.72835446195677,44.45310113485903,36.35013381298631,48.25707637611777,133.4245613590028,153.9771499069975,213.8522690739992,114.0458606609973,81.6068013520744,67.49051855229025,10
Mushroom,TabDDPM,Compute,training_time_seconds,7.545160726876929,6.559712643036619,6.942917392123491,12.74930925108492,9.984077433822677,24.19091343088076,70.59347664799861,62.9971339870026,143.8544594600025,52.7409220759946,39.81580830488237,44.184452591813994,10
Mushroom,TabDDPM,Fidelity,KS_Complement,0.4883333333333333,0.5034166666666666,0.4705833333333334,0.489,0.4986666666666666,0.4885833333333333,0.4975000000000001,0.4955,0.4879166666666666,0.4845833333333333,0.49040833333333333,0.009167714586566294,10
Mushroom,TabDDPM,Fidelity,MMD,0.5138661322774387,0.526805949572972,0.5370615396009326,0.5070766298192578,0.5009040080835324,0.5053898247448247,0.5462940340894806,0.5117596450555566,0.4963023895848661,0.4849783886120086,0.5130438541440869,0.018807974288972677,10
Mushroom,TabDDPM,Fidelity,Quality_Score,0.292056207574783,0.2934688911033321,0.2858882754863982,0.2905053079637046,0.3057288389187808,0.3022934942577609,0.2962608485006063,0.2988513653540575,0.2941933899939999,0.2965244671807418,0.2955771086334165,0.005760071967273028,10
Mushroom,TabDDPM,Fidelity,Wasserstein_Distance,25.03140333333333,24.71393659315239,25.12952346050436,24.68996450034394,24.88220599786186,25.52733522197844,24.73175213047628,24.78341019539973,24.40028325354202,24.28930555324147,24.817912023983382,0.35586032976850684,10
Mushroom,TabDDPM,Privacy,MIA_AUC,1.0,1.0,1.0,1.0,1.0,1.0,1.0,1.0,1.0,1.0,1.0,0.0,10
Mushroom,TabDDPM,Privacy,Mahalanobis_Distance,17.92497489024212,17.86641478261095,17.97477548925577,17.33588590224419,17.79315515877472,17.88057105746459,17.56165546371787,17.23464067932188,17.64922650852604,17.71086277330124,17.69321627054594,0.2506893346753464,10
Mushroom,TabDDPM,Privacy,Mean_Distance,17.92497489024212,17.86641478261095,17.97477548925577,17.33588590224419,17.79315515877472,17.88057105746459,17.56165546371787,17.23464067932188,17.64922650852604,17.71086277330124,17.69321627054594,0.2506893346753464,10
Mushroom,TabDDPM,Privacy,Median_Distance,17.92293198030332,17.91405349008976,17.97645280931021,17.56523510567567,17.87301459286338,18.07701549378123,17.69353276080085,17.24062571392255,17.85753778698678,18.01450055145997,17.81349002851937,0.251258051110401,10
Mushroom,TabDDPM,Privacy,NNDR,0.9783484650276618,0.979132430038286,0.9798512447597364,0.9779464101164052,0.981097965166515,0.9796870138914656,0.9779816055114302,0.980730039065072,0.9804181049569212,0.981037322447444,0.9796230600980937,0.0012229281260043088,10
Mushroom,TabDDPM,Utility,Accuracy_Gap,0.3734666666666667,0.3441333333333334,0.3622333333333334,0.4137,0.3950666666666667,0.4048333333333334,0.3966666666666666,0.3715333333333334,0.3408333333333334,0.3505666666666666,0.3753033333333334,0.026147806130383068,10
Mushroom,TabDDPM,Utility,Accuracy_TRTR,0.8788666666666667,0.8788666666666667,0.8788666666666667,0.8788666666666667,0.8788666666666667,0.8788666666666667,0.8788666666666667,0.8788666666666667,0.8788666666666667,0.8788666666666667,0.8788666666666668,0.0,10
Mushroom,TabDDPM,Utility,Accuracy_TSTR,0.5054,0.5347333333333333,0.5166333333333333,0.4651666666666667,0.4838,0.4740333333333333,0.4822000000000001,0.5073333333333333,0.5380333333333333,0.5283000000000001,0.5035633333333333,0.02614780613038306,10
Mushroom,TabDDPM,Utility,F1_Gap,0.4086346807583014,0.4095393804935297,0.3797045136878848,0.4467637724057257,0.4351673520483624,0.447210152342896,0.4639046982836342,0.396172316568713,0.3964882431242988,0.4455409320176319,0.4229126041730978,0.028214952791464784,10
Mushroom,TabDDPM,Utility,F1_TRTR,0.8769396803256558,0.8769396803256558,0.8769396803256558,0.8769396803256558,0.8769396803256558,0.8769396803256558,0.8769396803256558,0.8769396803256558,0.8769396803256558,0.8769396803256558,0.8769396803256558,0.0,10
Mushroom,TabDDPM,Utility,F1_TSTR,0.4683049995673544,0.4674002998321262,0.4972351666377711,0.4301759079199302,0.4417723282772934,0.4297295279827599,0.4130349820420216,0.4807673637569428,0.4804514372013571,0.4313987483080239,0.4540270761525581,0.02821495279146481,10
Mushroom,TabDDPM,Utility,Precision_Gap,0.3762436979285777,0.3731441101743794,0.3750803850910639,0.3765405474822672,0.3718050422150908,0.4031586854955444,0.4602059823893316,0.3607005652661093,0.4158175861158142,0.4604988268188155,0.3973195428976994,0.03692263416735635,10
Mushroom,TabDDPM,Utility,Precision_TRTR,0.8782332648859651,0.8782332648859651,0.8782332648859651,0.8782332648859651,0.8782332648859651,0.8782332648859651,0.8782332648859651,0.8782332648859651,0.8782332648859651,0.8782332648859651,0.8782332648859651,0.0,10
Mushroom,TabDDPM,Utility,Precision_TSTR,0.5019895669573874,0.5050891547115857,0.5031528797949012,0.5016927174036979,0.5064282226708743,0.4750745793904207,0.4180272824966335,0.5175326996198558,0.4624156787701509,0.4177344380671496,0.48091372198826576,0.03692263416735634,10
Mushroom,TabDDPM,Utility,ROC_AUC_Gap,0.4154213773432121,0.3849989288558159,0.4034733365939231,0.4205535727037429,0.3732174880793103,0.4208049210654314,0.3846577121707579,0.3826453758234,0.3961657753938643,0.4355189390417907,0.4017457427071248,0.020628731385226168,10
Mushroom,TabDDPM,Utility,ROC_AUC_TRTR,0.9029164089857544,0.9029164089857544,0.9029164089857544,0.9029164089857544,0.9029164089857544,0.9029164089857544,0.9029164089857544,0.9029164089857544,0.9029164089857544,0.9029164089857544,0.9029164089857545,0.0,10
Mushroom,TabDDPM,Utility,ROC_AUC_TSTR,0.4874950316425423,0.5179174801299385,0.4994430723918313,0.4823628362820115,0.5296989209064441,0.482111487920323,0.5182586968149965,0.5202710331623545,0.5067506335918901,0.4673974699439637,0.5011706662786296,0.020628731385226185,10
Mushroom,TabDDPM,Utility,Recall_Gap,0.3734666666666667,0.3441333333333334,0.3622333333333334,0.4137,0.3950666666666667,0.4048333333333334,0.3966666666666666,0.3715333333333334,0.3408333333333334,0.3505666666666666,0.3753033333333334,0.026147806130383068,10
Mushroom,TabDDPM,Utility,Recall_TRTR,0.8788666666666667,0.8788666666666667,0.8788666666666667,0.8788666666666667,0.8788666666666667,0.8788666666666667,0.8788666666666667,0.8788666666666667,0.8788666666666667,0.8788666666666667,0.8788666666666668,0.0,10
Mushroom,TabDDPM,Utility,Recall_TSTR,0.5054,0.5347333333333333,0.5166333333333333,0.4651666666666667,0.4838,0.4740333333333333,0.4822000000000001,0.5073333333333333,0.5380333333333333,0.5283000000000001,0.5035633333333333,0.02614780613038306,10
Mushroom,WGAN-GP,Compute,evaluation_time_seconds,26.53246000898071,34.95811067987233,37.06577740213834,34.80787408817559,38.27132407296449,33.80581519892439,67.00258637299703,23.96225661299832,24.60971229399729,15.3279645359944,33.63438812670429,13.785775233307563,10
Mushroom,WGAN-GP,Compute,generation_time_seconds,0.0,0.0,0.0,0.0,0.0,0.0,0.0,0.0,0.0,0.0,0.0,0.0,10
Mushroom,WGAN-GP,Compute,total_time_seconds,219.1825533160008,295.1519247828983,234.7597590880468,264.6746625639498,262.0121689140797,294.1648903600872,662.2158805450017,192.6480440209998,262.4837828109958,194.155762978,288.144942938006,136.4087353390509,10
Mushroom,WGAN-GP,Compute,training_time_seconds,192.588135309983,260.1308013428934,197.4659867119044,229.7956702529918,223.6882275058888,260.3049594841432,594.9139710130039,168.6355509540008,237.754758107003,178.7329049220061,254.40109656038186,123.82171935063171,10
Mushroom,WGAN-GP,Fidelity,KS_Complement,0.9065833333333334,0.9545,0.9425,0.936,0.94375,0.9441666666666668,0.9486666666666668,0.9254166666666668,0.92575,0.9294166666666668,0.9356750000000001,0.01412796729457366,10
Mushroom,WGAN-GP,Fidelity,MMD,0.0417211177325337,0.0057255176157464,0.0070734655428329,0.0123852292600751,0.0086529145796973,0.0140261075188873,0.008269221489523,0.0146835242842859,0.0193025798573781,0.0093746487846606,0.014121432666562031,0.010534475629828725,10
Mushroom,WGAN-GP,Fidelity,Quality_Score,0.7258814324358248,0.7298736133367392,0.7330009018748791,0.7263954402673733,0.7350310818801633,0.7337007243954181,0.733948266114087,0.7358900771185872,0.726061346012888,0.7406768331874425,0.7320459716623403,0.004897999100721627,10
Mushroom,WGAN-GP,Fidelity,Wasserstein_Distance,0.8703875617038328,0.5460114404738441,0.5294139907165364,0.5857493859452003,0.562649662854621,0.5654053915266003,0.5442604807527852,0.6157934406743876,0.612945055354833,0.5832884756496667,0.6015904885652308,0.09864604353804839,10
Mushroom,WGAN-GP,Privacy,MIA_AUC,1.0,1.0,1.0,1.0,1.0,1.0,1.0,1.0,1.0,1.0,1.0,0.0,10
Mushroom,WGAN-GP,Privacy,Mahalanobis_Distance,12.36532606028815,12.34684722417936,9.604378204340644,12.36625426816591,9.5930065207829,12.44647791601607,12.32404368055554,12.45863996012821,12.35474638742491,12.33525208341249,11.819497230529418,1.1713076084924399,10
Mushroom,WGAN-GP,Privacy,Mean_Distance,12.36532606028815,12.34684722417936,9.604378204340644,12.36625426816591,9.5930065207829,12.44647791601607,12.32404368055554,12.45863996012821,12.35474638742491,12.33525208341249,11.819497230529418,1.1713076084924399,10
Mushroom,WGAN-GP,Privacy,Median_Distance,12.30694676374747,12.28397916659254,9.544505984443628,12.32074728930819,9.501701166944244,12.39571965391994,12.28492635894511,12.39173039282561,12.27468764836179,12.27738621174984,11.758233063683836,1.1788789826201207,10
Mushroom,WGAN-GP,Privacy,NNDR,0.968439982586206,0.9692791451993078,0.9746778926595904,0.9696493765728352,0.97687848284823,0.9693585399172444,0.96817557969573,0.9696279073054012,0.9687096638321804,0.9673513715024008,0.9702147942119126,0.0030617659584350173,10
Mushroom,WGAN-GP,Utility,Accuracy_Gap,0.2280333333333334,0.2370666666666668,0.3171333333333335,0.2576333333333334,0.2615000000000001,0.2518333333333334,0.2342333333333333,0.2414333333333333,0.2566666666666667,0.2413333333333333,0.2526866666666668,0.02521004698797296,10
Mushroom,WGAN-GP,Utility,Accuracy_TRTR,0.8788666666666667,0.8788666666666667,0.8788666666666667,0.8788666666666667,0.8788666666666667,0.8788666666666667,0.8788666666666667,0.8788666666666667,0.8788666666666667,0.8788666666666667,0.8788666666666668,0.0,10
Mushroom,WGAN-GP,Utility,Accuracy_TSTR,0.6508333333333333,0.6417999999999999,0.5617333333333332,0.6212333333333333,0.6173666666666666,0.6270333333333333,0.6446333333333334,0.6374333333333334,0.6222,0.6375333333333334,0.6261800000000001,0.02521004698797296,10
Mushroom,WGAN-GP,Utility,F1_Gap,0.2265039110794714,0.2493355728361233,0.3842872692256508,0.2669417436890102,0.3130206007036738,0.2568406211601598,0.2433447784374906,0.2479116660930691,0.2705665109687948,0.2598209513046337,0.27185736254980775,0.04556025780144337,10
Mushroom,WGAN-GP,Utility,F1_TRTR,0.8769396803256558,0.8769396803256558,0.8769396803256558,0.8769396803256558,0.8769396803256558,0.8769396803256558,0.8769396803256558,0.8769396803256558,0.8769396803256558,0.8769396803256558,0.8769396803256558,0.0,10
Mushroom,WGAN-GP,Utility,F1_TSTR,0.6504357692461844,0.6276041074895325,0.492652411100005,0.6099979366366456,0.5639190796219821,0.620099059165496,0.6335949018881653,0.6290280142325867,0.606373169356861,0.6171187290210222,0.605082317775848,0.045560257801443356,10
Mushroom,WGAN-GP,Utility,Precision_Gap,0.2273614262702085,0.2313367484578508,0.2105817257020921,0.2550524274592193,0.3436715150057537,0.25240579326127,0.2303347270881181,0.2407144667641102,0.2546335690442558,0.2344762766922741,0.2480568675745153,0.03638976094171464,10
Mushroom,WGAN-GP,Utility,Precision_TRTR,0.8782332648859651,0.8782332648859651,0.8782332648859651,0.8782332648859651,0.8782332648859651,0.8782332648859651,0.8782332648859651,0.8782332648859651,0.8782332648859651,0.8782332648859651,0.8782332648859651,0.0,10
Mushroom,WGAN-GP,Utility,Precision_TSTR,0.6508718386157566,0.6468965164281143,0.667651539183873,0.6231808374267458,0.5345617498802114,0.6258274716246951,0.647898537797847,0.6375187981218549,0.6235996958417093,0.643756988193691,0.6301763973114498,0.03638976094171462,10
Mushroom,WGAN-GP,Utility,ROC_AUC_Gap,0.2130637148897127,0.2223409687724417,0.2336688237758977,0.234241650127931,0.2289419790163528,0.2450653936892765,0.2209127765269867,0.2227596581500598,0.2322716879750255,0.2258432060490679,0.22791098589727526,0.008937037511563151,10
Mushroom,WGAN-GP,Utility,ROC_AUC_TRTR,0.9029164089857544,0.9029164089857544,0.9029164089857544,0.9029164089857544,0.9029164089857544,0.9029164089857544,0.9029164089857544,0.9029164089857544,0.9029164089857544,0.9029164089857544,0.9029164089857545,0.0,10
Mushroom,WGAN-GP,Utility,ROC_AUC_TSTR,0.6898526940960418,0.6805754402133127,0.6692475852098567,0.6686747588578235,0.6739744299694016,0.6578510152964779,0.6820036324587677,0.6801567508356946,0.6706447210107289,0.6770732029366865,0.6750054230884792,0.008937037511563157,10
Mushroom,WGAN-GP,Utility,Recall_Gap,0.2280333333333334,0.2370666666666668,0.3171333333333335,0.2576333333333334,0.2615000000000001,0.2518333333333334,0.2342333333333333,0.2414333333333333,0.2566666666666667,0.2413333333333333,0.2526866666666668,0.02521004698797296,10
Mushroom,WGAN-GP,Utility,Recall_TRTR,0.8788666666666667,0.8788666666666667,0.8788666666666667,0.8788666666666667,0.8788666666666667,0.8788666666666667,0.8788666666666667,0.8788666666666667,0.8788666666666667,0.8788666666666667,0.8788666666666668,0.0,10
Mushroom,WGAN-GP,Utility,Recall_TSTR,0.6508333333333333,0.6417999999999999,0.5617333333333332,0.6212333333333333,0.6173666666666666,0.6270333333333333,0.6446333333333334,0.6374333333333334,0.6222,0.6375333333333334,0.6261800000000001,0.02521004698797296,10
Wine Quality,CTABGAN,Compute,evaluation_time_seconds,47.01306107686833,50.16111569711939,45.86470102099702,105.8681187238544,108.5255338000134,81.80496209301054,57.57751830999769,60.54700730700279,1657.910667969998,1942.464562975998,415.773724897486,733.0793050213157,10
Wine Quality,CTABGAN,Compute,generation_time_seconds,0.0,0.0,0.0,0.0,0.0,0.0,0.0,0.0,0.0,0.0,0.0,0.0,10
Wine Quality,CTABGAN,Compute,total_time_seconds,489.870176283177,475.555024873931,495.5580037981272,1045.260361088905,1088.175799392164,966.471476372797,33482.243405639,33531.626376964,35906.649778461,13018.555403635,12049.996580650808,15832.804075878104,10
Wine Quality,CTABGAN,Compute,training_time_seconds,442.836714472156,425.3774076309055,449.6783904249314,938.9993438690436,979.6100676900242,884.470875820145,33424.494175013,33470.89551313101,34248.383395837,11075.751889741,11634.049777362921,15573.529770337433,10
Wine Quality,CTABGAN,Fidelity,KS_Complement,0.918862046962736,0.9145331376552664,0.9215303301003912,0.912281563722988,0.9142247745448356,0.9385801429300664,0.9335207163518802,0.9118739152628892,0.9094316402926664,0.9214834099030116,0.9196321677726731,0.009620888041371609,10
Wine Quality,CTABGAN,Fidelity,MMD,0.0146596007242257,0.0216315584875594,0.015294324068133,0.0234901861621298,0.0151176355819235,0.0076463001564702,0.0139483378652169,0.0185010064381261,0.0183677533073475,0.0112457446239105,0.01599024474150426,0.004706348614103338,10
Wine Quality,CTABGAN,Fidelity,Quality_Score,0.8936094153171972,0.888700550107575,0.896917294149822,0.8932839978495137,0.8924090038622596,0.903209680891645,0.9009738889610446,0.885180979040457,0.8922855342818914,0.9039798086226828,0.8950550153084089,0.006168244288190007,10
Wine Quality,CTABGAN,Fidelity,Wasserstein_Distance,1.162098752097698,0.9441746046058525,0.7644061862643232,0.8424723630287433,1.805860995779703,0.5346062133014403,0.5622581555898319,0.8403124885168264,1.042196833894209,0.8893302675240679,0.9387716860602696,0.36045843107057807,10
Wine Quality,CTABGAN,Privacy,MIA_AUC,0.9858024691358024,0.9953086419753088,0.9944444444444444,0.9965432098765432,0.9964197530864196,0.995925925925926,0.9981481481481482,0.987283950617284,0.985925925925926,0.9888888888888888,0.9924691358024692,0.004891410027359228,10
Wine Quality,CTABGAN,Privacy,Mahalanobis_Distance,6.343289966883203,6.233042708083302,6.589998825245127,6.271514547566844,6.438479402307033,6.343603820583301,6.300670578400207,6.323288190596488,6.291358589488579,5.929795432970572,6.306504206212465,0.1665305163183798,10
Wine Quality,CTABGAN,Privacy,Mean_Distance,6.343289966883203,6.233042708083302,6.589998825245127,6.271514547566844,6.438479402307033,6.343603820583301,6.300670578400207,6.323288190596488,6.291358589488579,5.929795432970572,6.306504206212465,0.1665305163183798,10
Wine Quality,CTABGAN,Privacy,Median_Distance,6.054159362121391,6.004124978851527,6.152343903050181,6.010458658958815,6.038833021697956,6.02316100551839,6.06085682818184,6.110003604190355,6.02889513322458,5.733211739154109,6.021604823494915,0.11128557028779491,10
Wine Quality,CTABGAN,Privacy,NNDR,0.9386082604912168,0.9322401706821491,0.9423198265223518,0.9384308147297749,0.9355226619588808,0.9314170370562466,0.9390708155953986,0.941607336230164,0.9391254906024544,0.9321208433164035,0.937046325718504,0.003982747638541719,10
Wine Quality,CTABGAN,Utility,Accuracy_Gap,0.1255442176870749,0.1247959183673471,0.1278571428571429,0.1233673469387755,0.1262585034013606,0.1406122448979593,0.1330272108843538,0.1422448979591838,0.1363605442176871,0.149421768707483,0.1329489795918368,0.008894050892511376,10
Wine Quality,CTABGAN,Utility,Accuracy_TRTR,0.5999659863945579,0.5999659863945579,0.5999659863945579,0.5999659863945579,0.5999659863945579,0.5999659863945579,0.5999659863945579,0.5999659863945579,0.5999659863945579,0.5999659863945579,0.5999659863945579,0.0,10
Wine Quality,CTABGAN,Utility,Accuracy_TSTR,0.474421768707483,0.4751700680272108,0.4721088435374149,0.4765986394557823,0.4737074829931973,0.4593537414965986,0.4669387755102041,0.4577210884353741,0.4636054421768708,0.4505442176870749,0.4670170068027211,0.008894050892511354,10
Wine Quality,CTABGAN,Utility,F1_Gap,0.1288871001798768,0.1472454506155318,0.1422781219370204,0.1245121730892741,0.1263889393791134,0.1478462653472128,0.1557352776965774,0.1428976696542786,0.1369843736851603,0.148530377918621,0.14013057495026668,0.010570224821942463,10
Wine Quality,CTABGAN,Utility,F1_TRTR,0.5855430172344179,0.5855430172344179,0.5855430172344179,0.5855430172344179,0.5855430172344179,0.5855430172344179,0.5855430172344179,0.5855430172344179,0.5855430172344179,0.5855430172344179,0.5855430172344179,0.0,10
Wine Quality,CTABGAN,Utility,F1_TSTR,0.4566559170545411,0.4382975666188861,0.4432648952973975,0.4610308441451438,0.4591540778553045,0.4376967518872051,0.4298077395378405,0.4426453475801393,0.4485586435492577,0.4370126393157969,0.4454124422841512,0.010570224821942465,10
Wine Quality,CTABGAN,Utility,Precision_Gap,0.149581062031193,0.1377447559735943,0.1461721338860811,0.145145439353476,0.1354472606896671,0.1653108038738715,0.1605449536278675,0.1516580748104782,0.1574364095265646,0.1543761898000832,0.15034170835728766,0.009556949808697944,10
Wine Quality,CTABGAN,Utility,Precision_TRTR,0.596991784855523,0.596991784855523,0.596991784855523,0.596991784855523,0.596991784855523,0.596991784855523,0.596991784855523,0.596991784855523,0.596991784855523,0.596991784855523,0.596991784855523,0.0,10
Wine Quality,CTABGAN,Utility,Precision_TSTR,0.44741072282433,0.4592470288819286,0.4508196509694419,0.451846345502047,0.4615445241658558,0.4316809809816514,0.4364468312276555,0.4453337100450447,0.4395553753289583,0.4426155950554397,0.4466500764982353,0.009556949808697937,10
Wine Quality,CTABGAN,Utility,ROC_AUC_Gap,0.117527401277762,0.1201107613766671,,0.1056674115938436,0.1155857333321905,0.1211275212429866,0.1259095839028048,0.1210161284409126,0.1230737097986973,0.1198647653744443,0.11887589070447875,0.00577013042726035,9
Wine Quality,CTABGAN,Utility,ROC_AUC_TRTR,0.7485352439106271,0.7485352439106271,0.7485352439106271,0.7485352439106271,0.7485352439106271,0.7485352439106271,0.7485352439106271,0.7485352439106271,0.7485352439106271,0.7485352439106271,0.7485352439106271,0.0,10
Wine Quality,CTABGAN,Utility,ROC_AUC_TSTR,0.6310078426328651,0.62842448253396,,0.6428678323167835,0.6329495105784366,0.6274077226676404,0.6226256600078223,0.6275191154697145,0.6254615341119298,0.6286704785361827,0.6296593532061484,0.005770130427260347,9
Wine Quality,CTABGAN,Utility,Recall_Gap,0.1255442176870749,0.1247959183673471,0.1278571428571429,0.1233673469387755,0.1262585034013606,0.1406122448979593,0.1330272108843538,0.1422448979591838,0.1363605442176871,0.149421768707483,0.1329489795918368,0.008894050892511376,10
Wine Quality,CTABGAN,Utility,Recall_TRTR,0.5999659863945579,0.5999659863945579,0.5999659863945579,0.5999659863945579,0.5999659863945579,0.5999659863945579,0.5999659863945579,0.5999659863945579,0.5999659863945579,0.5999659863945579,0.5999659863945579,0.0,10
Wine Quality,CTABGAN,Utility,Recall_TSTR,0.474421768707483,0.4751700680272108,0.4721088435374149,0.4765986394557823,0.4737074829931973,0.4593537414965986,0.4669387755102041,0.4577210884353741,0.4636054421768708,0.4505442176870749,0.4670170068027211,0.008894050892511354,10
Wine Quality,CTGAN,Compute,evaluation_time_seconds,11.11151184421033,11.45513955503702,19.58136920304969,84.60242412704974,96.30557250697166,75.89084609202109,444.2139735519995,124.4659140149997,2311.006641229,137.0883893809987,331.5721781505337,706.7760541945502,10
Wine Quality,CTGAN,Compute,generation_time_seconds,0.0,0.0,0.0,0.0,0.0,0.0,0.0,0.0,0.0,0.0,0.0,0.0,10
Wine Quality,CTGAN,Compute,total_time_seconds,253.1204173243605,248.6754564242437,81.36462604114786,245.631067737937,271.0452531869523,261.9201022610068,2162.966173357001,2190.569311813,7988.123238986001,2201.264502766001,1590.468014989765,2430.6318731190795,10
Wine Quality,CTGAN,Compute,training_time_seconds,241.9617786277085,237.2099393173121,61.74266924988478,160.6734849540517,174.6976210640278,185.8080818101298,1718.357591937001,2065.824532164999,5676.784246584,2063.788165675001,1258.6848111384118,1766.103568571023,10
Wine Quality,CTGAN,Fidelity,KS_Complement,0.8770641058363111,0.8586211502467247,0.867748893993534,0.8640685724008849,0.832189254721797,0.8335647013782542,0.8178615790369236,0.8860589161136634,0.8247899013101923,0.8709912370256935,0.8532958312063978,0.024054935551634127,10
Wine Quality,CTGAN,Fidelity,MMD,0.055232188876982,0.0724145179460205,0.0500183724105432,0.0588611240121935,0.0748295022489371,0.0693525507475643,0.0648155401442889,0.043861047346608,0.0579317810428873,0.066221586374805,0.061353821115082974,0.009963707025505694,10
Wine Quality,CTGAN,Fidelity,Quality_Score,0.7702162726157542,0.7661413280904044,0.7803210477912075,0.7958855493060137,0.7657422088054897,0.7521570628058054,0.7643410469249867,0.7949142217589809,0.773494034686661,0.8008256013011017,0.7764038374086406,0.016100717171289195,10
Wine Quality,CTGAN,Fidelity,Wasserstein_Distance,0.8125123025936044,1.579185544196095,2.187251070201915,3.073297258729575,1.68823745436015,1.688049098835769,3.530864893957071,1.388604688839134,0.8961244299557612,1.556222456960582,1.840034919862966,0.8721425800526528,10
Wine Quality,CTGAN,Privacy,MIA_AUC,0.7030864197530864,0.8274074074074074,0.6341975308641976,0.7288888888888889,0.9012345679012346,0.8107407407407408,0.7656790123456789,0.6204938271604938,0.7765432098765432,0.7441975308641975,0.7512469135802469,0.08586187658284491,10
Wine Quality,CTGAN,Privacy,Mahalanobis_Distance,8.403662765377355,10.53575827916618,8.399813257041435,8.652550286648154,10.40638200966325,9.719631355312565,8.27688903375479,8.539502924786635,8.40257068965321,8.484599960993073,8.982136056239664,0.8847605743801216,10
Wine Quality,CTGAN,Privacy,Mean_Distance,8.403662765377355,10.53575827916618,8.399813257041435,8.652550286648154,10.40638200966325,9.719631355312565,8.27688903375479,8.539502924786635,8.40257068965321,8.484599960993073,8.982136056239664,0.8847605743801216,10
Wine Quality,CTGAN,Privacy,Median_Distance,7.185450016669174,9.140587391540349,7.533199092490411,7.590017409070732,9.351911563688072,8.330809310260914,7.068028597266389,7.512815834844278,7.273360166240552,7.385916490529171,7.837209587260004,0.8187752158689943,10
Wine Quality,CTGAN,Privacy,NNDR,0.9340123960886522,0.9305809823717044,0.9406641919728624,0.92720384422688,0.9353536921737962,0.9360605688214644,0.9313564352227868,0.931410526101206,0.934737230388199,0.934805581984666,0.9336185449352217,0.0036787475319942707,10
Wine Quality,CTGAN,Utility,Accuracy_Gap,0.2852721088435375,0.2355442176870749,0.2653061224489796,0.2960544217687075,0.2434013605442177,0.3004421768707484,0.2525510204081633,0.2953401360544218,0.1995238095238095,0.2862585034013606,0.26596938775510204,0.032949255205328674,10
Wine Quality,CTGAN,Utility,Accuracy_TRTR,0.5999659863945579,0.5999659863945579,0.5999659863945579,0.5999659863945579,0.5999659863945579,0.5999659863945579,0.5999659863945579,0.5999659863945579,0.5999659863945579,0.5999659863945579,0.5999659863945579,0.0,10
Wine Quality,CTGAN,Utility,Accuracy_TSTR,0.3146938775510204,0.3644217687074829,0.3346598639455782,0.3039115646258504,0.3565646258503402,0.2995238095238095,0.3474149659863946,0.3046258503401361,0.4004421768707483,0.3137074829931973,0.3339965986394558,0.03294925520532863,10
Wine Quality,CTGAN,Utility,F1_Gap,0.261539078402431,0.2144512550804453,0.2463063439377678,0.2507268359437935,0.2080821970931379,0.2635396427554639,0.2362493882009115,0.276671894022325,0.1748966582578658,0.2673913256877155,0.23998546193818573,0.031958286679664306,10
Wine Quality,CTGAN,Utility,F1_TRTR,0.5855430172344179,0.5855430172344179,0.5855430172344179,0.5855430172344179,0.5855430172344179,0.5855430172344179,0.5855430172344179,0.5855430172344179,0.5855430172344179,0.5855430172344179,0.5855430172344179,0.0,10
Wine Quality,CTGAN,Utility,F1_TSTR,0.3240039388319868,0.3710917621539725,0.3392366732966501,0.3348161812906244,0.3774608201412801,0.322003374478954,0.3492936290335064,0.3088711232120929,0.4106463589765521,0.3181516915467025,0.3455575552962321,0.031958286679664306,10
Wine Quality,CTGAN,Utility,Precision_Gap,0.1458379767264829,0.1728661308483333,0.1895425616770319,0.192369191318307,0.1761473695072218,0.2287747381788592,0.1936549639171875,0.1950958132408936,0.1636034856047209,0.1952370684674408,0.18531292994864787,0.022333070786913798,10
Wine Quality,CTGAN,Utility,Precision_TRTR,0.596991784855523,0.596991784855523,0.596991784855523,0.596991784855523,0.596991784855523,0.596991784855523,0.596991784855523,0.596991784855523,0.596991784855523,0.596991784855523,0.596991784855523,0.0,10
Wine Quality,CTGAN,Utility,Precision_TSTR,0.45115380812904,0.4241256540071896,0.407449223178491,0.404622593537216,0.4208444153483012,0.3682170466766638,0.4033368209383355,0.4018959716146293,0.4333882992508021,0.4017547163880822,0.4116788549068751,0.02233307078691378,10
Wine Quality,CTGAN,Utility,ROC_AUC_Gap,0.1499034709711738,0.1461362196582877,0.1447270172525451,0.1669149164847832,0.1500229759012491,0.1843942354032844,0.163905948487335,0.1645282059629446,0.1429022171812862,0.1490358900896066,0.15624710973924955,0.013238450814644979,10
Wine Quality,CTGAN,Utility,ROC_AUC_TRTR,0.7485352439106271,0.7485352439106271,0.7485352439106271,0.7485352439106271,0.7485352439106271,0.7485352439106271,0.7485352439106271,0.7485352439106271,0.7485352439106271,0.7485352439106271,0.7485352439106271,0.0,10
Wine Quality,CTGAN,Utility,ROC_AUC_TSTR,0.5986317729394532,0.6023990242523394,0.603808226658082,0.5816203274258439,0.598512268009378,0.5641410085073427,0.5846292954232921,0.5840070379476825,0.6056330267293409,0.5994993538210205,0.5922881341713775,0.013238450814644967,10
Wine Quality,CTGAN,Utility,Recall_Gap,0.2852721088435375,0.2355442176870749,0.2653061224489796,0.2960544217687075,0.2434013605442177,0.3004421768707484,0.2525510204081633,0.2953401360544218,0.1995238095238095,0.2862585034013606,0.26596938775510204,0.032949255205328674,10
Wine Quality,CTGAN,Utility,Recall_TRTR,0.5999659863945579,0.5999659863945579,0.5999659863945579,0.5999659863945579,0.5999659863945579,0.5999659863945579,0.5999659863945579,0.5999659863945579,0.5999659863945579,0.5999659863945579,0.5999659863945579,0.0,10
Wine Quality,CTGAN,Utility,Recall_TSTR,0.3146938775510204,0.3644217687074829,0.3346598639455782,0.3039115646258504,0.3565646258503402,0.2995238095238095,0.3474149659863946,0.3046258503401361,0.4004421768707483,0.3137074829931973,0.3339965986394558,0.03294925520532863,10
Wine Quality,CopulaGAN,Compute,evaluation_time_seconds,18.96348942513578,20.03109856904484,20.10056782187894,77.75488489191048,85.05665607890114,87.02289636316709,43.34531786799926,257.5615838930025,1232.414490041001,11131.844762655,1297.4095747607041,3475.219135655105,10
Wine Quality,CopulaGAN,Compute,generation_time_seconds,0.0,0.0,0.0,0.0,0.0,0.0,0.0,0.0,0.0,0.0,0.0,0.0,10
Wine Quality,CopulaGAN,Compute,total_time_seconds,73.2496444110293,74.57790331705473,74.77392667415552,298.3806915581226,262.0800264640711,274.9245339031331,496.6457860859991,27759.450960506,1348.528071781,15618.64843595,4628.125998065056,9443.685709645068,10
Wine Quality,CopulaGAN,Compute,training_time_seconds,54.27112330310047,54.53167227213271,54.65807461715304,220.4671178730205,176.8324215139728,187.7270545291249,453.183831979999,27501.616439585,116.0296341640005,4486.673333139001,3330.59907029765,8601.570300079187,10
Wine Quality,CopulaGAN,Fidelity,KS_Complement,0.8706959332993023,0.879062787136294,0.8669487408541773,0.8913163603879531,0.8541744087119278,0.8701704526118768,0.8532977709715842,0.8828298451590948,0.8790078271226816,0.8473811893823379,0.869488531563723,0.014261444352011276,10
Wine Quality,CopulaGAN,Fidelity,MMD,0.0599820763107697,0.0516301426746056,0.0466088078603768,0.043208899954525,0.0560655351910605,0.0454459439929546,0.0530200719581026,0.047482844798396,0.0386637089903583,0.0531367188609372,0.04952447505920863,0.0064030786358696065,10
Wine Quality,CopulaGAN,Fidelity,Quality_Score,0.8191019715111538,0.8222701071216583,0.8057775220614296,0.8122064700925353,0.8170416984243707,0.8074646774807868,0.8148382091785645,0.7934714573628516,0.8304531603084301,0.8332972543116759,0.8155922527853455,0.011818415592393466,10
Wine Quality,CopulaGAN,Fidelity,Wasserstein_Distance,2.031013738882235,1.572239372266977,0.9648267373980364,0.6920691865427117,1.347877793396411,1.033861220627858,1.83126250142061,1.367175309703361,1.258955275672871,2.088808901223817,1.4188090037134888,0.4634459349035602,10
Wine Quality,CopulaGAN,Privacy,MIA_AUC,0.6469135802469136,0.722716049382716,0.6003703703703703,0.6648148148148147,0.8069135802469136,0.735679012345679,0.7434567901234568,0.7266666666666667,0.6379012345679013,0.7203703703703703,0.7005802469135803,0.06152614466219775,10
Wine Quality,CopulaGAN,Privacy,Mahalanobis_Distance,8.07999654589664,8.044921711461091,8.085871098138698,8.067564884905364,8.311138918863447,8.084488607423753,8.0462362213543,8.718596213393981,7.862489566955216,7.362244771138431,8.066354853953094,0.3373806799899113,10
Wine Quality,CopulaGAN,Privacy,Mean_Distance,8.07999654589664,8.044921711461091,8.085871098138698,8.067564884905364,8.311138918863447,8.084488607423753,8.0462362213543,8.718596213393981,7.862489566955216,7.362244771138431,8.066354853953094,0.3373806799899113,10
Wine Quality,CopulaGAN,Privacy,Median_Distance,7.472889245721482,6.941177808452105,7.0662606189698,7.341123080198357,7.339435698987574,7.172371193921116,7.352952571013505,7.500949990501666,6.751594473150544,6.332686540434983,7.127144122135112,0.3672194058307714,10
Wine Quality,CopulaGAN,Privacy,NNDR,0.9286729620362952,0.9274084560615786,0.928988796842256,0.936094799811327,0.9316975155345142,0.93826979247883,0.9306338080538652,0.9323792971898786,0.9313557105112854,0.9310568936529215,0.9316558032172753,0.003325293185881209,10
Wine Quality,CopulaGAN,Utility,Accuracy_Gap,0.2493537414965987,0.2158503401360545,0.2473809523809524,0.278061224489796,0.2363605442176872,0.2645918367346939,0.2377551020408165,0.2604761904761905,0.2465646258503403,0.2344557823129252,0.2470850340136055,0.017600528487837996,10
Wine Quality,CopulaGAN,Utility,Accuracy_TRTR,0.5999659863945579,0.5999659863945579,0.5999659863945579,0.5999659863945579,0.5999659863945579,0.5999659863945579,0.5999659863945579,0.5999659863945579,0.5999659863945579,0.5999659863945579,0.5999659863945579,0.0,10
Wine Quality,CopulaGAN,Utility,Accuracy_TSTR,0.3506122448979591,0.3841156462585033,0.3525850340136054,0.3219047619047619,0.3636054421768707,0.335374149659864,0.3622108843537414,0.3394897959183674,0.3534013605442176,0.3655102040816327,0.35288095238095235,0.017600528487837986,10
Wine Quality,CopulaGAN,Utility,F1_Gap,0.2208400061796505,0.1838772046781471,0.2160197756831832,0.2479860242073201,0.2019290598849361,0.2354894667946467,0.2011473264434824,0.2141744670369707,0.2117531276150049,0.1942751835018559,0.21274916420251974,0.01904525362838391,10
Wine Quality,CopulaGAN,Utility,F1_TRTR,0.5855430172344179,0.5855430172344179,0.5855430172344179,0.5855430172344179,0.5855430172344179,0.5855430172344179,0.5855430172344179,0.5855430172344179,0.5855430172344179,0.5855430172344179,0.5855430172344179,0.0,10
Wine Quality,CopulaGAN,Utility,F1_TSTR,0.3647030110547674,0.4016658125562708,0.3695232415512347,0.3375569930270979,0.3836139573494818,0.3500535504397712,0.3843956907909356,0.3713685501974472,0.373789889619413,0.391267833732562,0.37279385303189816,0.0190452536283839,10
Wine Quality,CopulaGAN,Utility,Precision_Gap,0.1499619045818876,0.1537213422312016,0.1664380484234348,0.1919968657382405,0.1539613804396391,0.1947066157452134,0.1580400122528864,0.142379148655164,0.1478293079481428,0.1460509567508509,0.1605085582766661,0.018561902685401175,10
Wine Quality,CopulaGAN,Utility,Precision_TRTR,0.596991784855523,0.596991784855523,0.596991784855523,0.596991784855523,0.596991784855523,0.596991784855523,0.596991784855523,0.596991784855523,0.596991784855523,0.596991784855523,0.596991784855523,0.0,10
Wine Quality,CopulaGAN,Utility,Precision_TSTR,0.4470298802736352,0.4432704426243213,0.4305537364320881,0.4049949191172825,0.4430304044158839,0.4022851691103096,0.4389517726026365,0.4546126362003589,0.4491624769073802,0.450940828104672,0.4364832265788568,0.01856190268540114,10
Wine Quality,CopulaGAN,Utility,ROC_AUC_Gap,0.1366888211344443,0.1247410890234619,0.148214618172112,0.1642880960480693,0.1390396380952069,0.1557384048902554,0.1420114476437717,0.1332072969340173,0.1301903484570973,0.1248874158220089,0.13990071762204448,0.01301502185549795,10
Wine Quality,CopulaGAN,Utility,ROC_AUC_TRTR,0.7485352439106271,0.7485352439106271,0.7485352439106271,0.7485352439106271,0.7485352439106271,0.7485352439106271,0.7485352439106271,0.7485352439106271,0.7485352439106271,0.7485352439106271,0.7485352439106271,0.0,10
Wine Quality,CopulaGAN,Utility,ROC_AUC_TSTR,0.6118464227761827,0.6237941548871652,0.6003206257385151,0.5842471478625578,0.6094956058154202,0.5927968390203717,0.6065237962668554,0.6153279469766098,0.6183448954535298,0.6236478280886182,0.6086345262885826,0.01301502185549793,10
Wine Quality,CopulaGAN,Utility,Recall_Gap,0.2493537414965987,0.2158503401360545,0.2473809523809524,0.278061224489796,0.2363605442176872,0.2645918367346939,0.2377551020408165,0.2604761904761905,0.2465646258503403,0.2344557823129252,0.2470850340136055,0.017600528487837996,10
Wine Quality,CopulaGAN,Utility,Recall_TRTR,0.5999659863945579,0.5999659863945579,0.5999659863945579,0.5999659863945579,0.5999659863945579,0.5999659863945579,0.5999659863945579,0.5999659863945579,0.5999659863945579,0.5999659863945579,0.5999659863945579,0.0,10
Wine Quality,CopulaGAN,Utility,Recall_TSTR,0.3506122448979591,0.3841156462585033,0.3525850340136054,0.3219047619047619,0.3636054421768707,0.335374149659864,0.3622108843537414,0.3394897959183674,0.3534013605442176,0.3655102040816327,0.35288095238095235,0.017600528487837986,10
Wine Quality,ForestDiffusion,Compute,evaluation_time_seconds,21.00222737202421,19.18319762288593,20.90517333499156,120.0468460919801,130.1115192598663,86.45048273797147,562.3630669570048,74.58632598700206,603.032842173001,2130.116642182002,376.77983237187294,653.4770666624548,10
Wine Quality,ForestDiffusion,Compute,generation_time_seconds,0.0,0.0,0.0,0.0,0.0,0.0,0.0,0.0,0.0,0.0,0.0,0.0,10
Wine Quality,ForestDiffusion,Compute,total_time_seconds,37.47513897391036,35.50001925905235,37.38391602085903,363.5234596498776,363.6741767169442,309.5575644460041,10000.353216878,1426.118506921994,4326.947982391997,3668.475761415,2056.900974267364,3202.029769899793,10
Wine Quality,ForestDiffusion,Compute,training_time_seconds,16.45811915188096,16.30220719799399,16.46376133384183,243.1266689300537,233.3540714629926,222.9367969878949,9437.766466000998,1351.260012692997,3723.704141761002,1538.218257366003,1679.9590502885658,2964.060213198949,10
Wine Quality,ForestDiffusion,Fidelity,KS_Complement,0.8806911264250467,0.8750494299812829,0.8773218478815723,0.8851838523055982,0.8776946145992853,0.8815987748851456,0.873548706823209,0.8740350093585162,0.8796153224434234,0.877683086608814,0.8782421771311893,0.003631933290351437,10
Wine Quality,ForestDiffusion,Fidelity,MMD,0.0299670010824841,0.0374584153006731,0.0325878091075773,0.0387618736541124,0.0326754263247922,0.0325866403980709,0.0438861281692131,0.039651620328823,0.0359231781679504,0.0399244403678532,0.03634225329015497,0.0043494567600153656,10
Wine Quality,ForestDiffusion,Fidelity,Quality_Score,0.8814650582906225,0.8753595301215719,0.8802469076645058,0.8851333467811051,0.8789805557192136,0.882003649990265,0.8773005845312727,0.8739979391095354,0.8799656766143786,0.8880252510947075,0.8802478499917179,0.004245907373670695,10
Wine Quality,ForestDiffusion,Fidelity,Wasserstein_Distance,1.162427322475006,1.176293038737805,1.267173870108468,1.248469263012229,1.341284124727516,1.327765189102897,1.280125580939832,1.160808997937861,1.224578434728377,1.214172483671984,1.2403098305441975,0.06466378822046678,10
Wine Quality,ForestDiffusion,Privacy,MIA_AUC,0.9985185185185186,0.9982716049382716,0.9977777777777778,0.9892592592592592,0.9930864197530864,0.9967901234567902,0.997283950617284,0.9983950617283952,0.998641975308642,0.9974074074074074,0.9965432098765433,0.003029656348856986,10
Wine Quality,ForestDiffusion,Privacy,Mahalanobis_Distance,5.00736738299315,4.920593323939631,4.911964156821015,4.870970249538586,4.948422612083066,4.952526713653189,4.864019755794787,4.889822638536242,4.890251103884708,4.927070700536057,4.918300863778042,0.043356809925581344,10
Wine Quality,ForestDiffusion,Privacy,Mean_Distance,5.00736738299315,4.920593323939631,4.911964156821015,4.870970249538586,4.948422612083066,4.952526713653189,4.864019755794787,4.889822638536242,4.890251103884708,4.927070700536057,4.918300863778042,0.043356809925581344,10
Wine Quality,ForestDiffusion,Privacy,Median_Distance,4.85760230406413,4.789888809146792,4.881020720118769,4.833512049746397,4.955498842605033,4.873244267997986,4.851515785735165,4.792758306910923,4.752662414055215,4.745313413445567,4.833301691382597,0.06454976601054631,10
Wine Quality,ForestDiffusion,Privacy,NNDR,0.9346572353929246,0.9336282948686532,0.9325055384311972,0.931597654290002,0.9341778034752845,0.9327458559777922,0.9407189825983752,0.936974561710292,0.9284697790405642,0.9334314011373952,0.933890710692248,0.003248234498001662,10
Wine Quality,ForestDiffusion,Utility,Accuracy_Gap,0.1405782312925171,0.1468367346938776,0.1390476190476191,0.1552721088435375,0.1363605442176871,0.1256462585034014,0.127891156462585,0.1456462585034014,0.1208163265306123,0.1608163265306123,0.1398911564625851,0.01282451558455151,10
Wine Quality,ForestDiffusion,Utility,Accuracy_TRTR,0.5999659863945579,0.5999659863945579,0.5999659863945579,0.5999659863945579,0.5999659863945579,0.5999659863945579,0.5999659863945579,0.5999659863945579,0.5999659863945579,0.5999659863945579,0.5999659863945579,0.0,10
Wine Quality,ForestDiffusion,Utility,Accuracy_TSTR,0.4593877551020408,0.4531292517006803,0.4609183673469388,0.4446938775510204,0.4636054421768708,0.4743197278911565,0.4720748299319729,0.4543197278911565,0.4791496598639456,0.4391496598639456,0.46007482993197274,0.012824515584551503,10
Wine Quality,ForestDiffusion,Utility,F1_Gap,0.1276891824401888,0.13042691719905,0.1297300365062533,0.1424380570226143,0.1256202464733715,0.1167954908340758,0.1243959338870445,0.1311915145603999,0.1128961764283843,0.144707295228669,0.12858908505800512,0.00986354314334184,10
Wine Quality,ForestDiffusion,Utility,F1_TRTR,0.5855430172344179,0.5855430172344179,0.5855430172344179,0.5855430172344179,0.5855430172344179,0.5855430172344179,0.5855430172344179,0.5855430172344179,0.5855430172344179,0.5855430172344179,0.5855430172344179,0.0,10
Wine Quality,ForestDiffusion,Utility,F1_TSTR,0.4578538347942291,0.4551161000353679,0.4558129807281646,0.4431049602118037,0.4599227707610464,0.4687475264003421,0.4611470833473735,0.454351502674018,0.4726468408060336,0.4408357220057489,0.4569539321764128,0.009863543143341834,10
Wine Quality,ForestDiffusion,Utility,Precision_Gap,0.1310809692752863,0.1320663414509686,0.136130324253362,0.1470177546840878,0.1317539364381942,0.1266174278666453,0.1367013444272543,0.1351107884345037,0.1216212278052441,0.1460734415079138,0.13441735561434603,0.007828710788507014,10
Wine Quality,ForestDiffusion,Utility,Precision_TRTR,0.596991784855523,0.596991784855523,0.596991784855523,0.596991784855523,0.596991784855523,0.596991784855523,0.596991784855523,0.596991784855523,0.596991784855523,0.596991784855523,0.596991784855523,0.0,10
Wine Quality,ForestDiffusion,Utility,Precision_TSTR,0.4659108155802366,0.4649254434045543,0.4608614606021609,0.4499740301714351,0.4652378484173287,0.4703743569888777,0.4602904404282686,0.4618809964210192,0.4753705570502788,0.4509183433476091,0.46257442924117687,0.007828710788507024,10
Wine Quality,ForestDiffusion,Utility,ROC_AUC_Gap,,0.1017240512168855,0.0977345166619408,,0.1040376051082897,,0.0982198750916836,,0.0948493920466752,0.1073830453181934,0.10065808090727803,0.004604683803028623,6
Wine Quality,ForestDiffusion,Utility,ROC_AUC_TRTR,0.7485352439106271,0.7485352439106271,0.7485352439106271,0.7485352439106271,0.7485352439106271,0.7485352439106271,0.7485352439106271,0.7485352439106271,0.7485352439106271,0.7485352439106271,0.7485352439106271,0.0,10
Wine Quality,ForestDiffusion,Utility,ROC_AUC_TSTR,,0.6468111926937415,0.6508007272486862,,0.6444976388023373,,0.6503153688189435,,0.6536858518639519,0.6411521985924337,0.6478771630033491,0.004604683803028627,6
Wine Quality,ForestDiffusion,Utility,Recall_Gap,0.1405782312925171,0.1468367346938776,0.1390476190476191,0.1552721088435375,0.1363605442176871,0.1256462585034014,0.127891156462585,0.1456462585034014,0.1208163265306123,0.1608163265306123,0.1398911564625851,0.01282451558455151,10
Wine Quality,ForestDiffusion,Utility,Recall_TRTR,0.5999659863945579,0.5999659863945579,0.5999659863945579,0.5999659863945579,0.5999659863945579,0.5999659863945579,0.5999659863945579,0.5999659863945579,0.5999659863945579,0.5999659863945579,0.5999659863945579,0.0,10
Wine Quality,ForestDiffusion,Utility,Recall_TSTR,0.4593877551020408,0.4531292517006803,0.4609183673469388,0.4446938775510204,0.4636054421768708,0.4743197278911565,0.4720748299319729,0.4543197278911565,0.4791496598639456,0.4391496598639456,0.46007482993197274,0.012824515584551503,10
Wine Quality,GaussianCopula,Compute,evaluation_time_seconds,27.04533176007681,24.44642931804992,27.14039272000082,129.0459084091708,148.4789438669104,134.1056641628966,85.01585433199944,78.914529503003,71.75120339500427,72.84973401100433,79.87939914781164,45.76775248699201,10
Wine Quality,GaussianCopula,Compute,generation_time_seconds,0.0,0.0,0.0,0.0,0.0,0.0,0.0,0.0,0.0,0.0,0.0,0.0,10
Wine Quality,GaussianCopula,Compute,total_time_seconds,28.43452275590971,26.15228978102095,28.44696536101401,134.6713188160211,154.8275183190126,143.0028811278753,98.56297403600183,93.11300183099227,77.81222539900045,81.8695107550011,86.68932081818494,48.13304416945402,10
Wine Quality,GaussianCopula,Compute,training_time_seconds,1.373930125962943,1.689088541083038,1.291460969951004,5.481436805101112,6.152804967947304,8.682340626837686,13.36427515299874,14.08134718799556,5.997005426004762,8.826110542999231,6.693980034688138,4.623053056303478,10
Wine Quality,GaussianCopula,Fidelity,KS_Complement,0.8933956950825249,0.8933956950825249,0.8933956950825249,0.8933956950825249,0.8933956950825249,0.8933956950825249,0.8933956950825249,0.8933956950825249,0.8933956950825249,0.8933956950825249,0.893395695082525,0.0,10
Wine Quality,GaussianCopula,Fidelity,MMD,0.0742191093104625,0.0742191093104625,0.0742191093104625,0.0742191093104625,0.0742191093104625,0.0742191093104625,0.0742191093104625,0.0742191093104625,0.0742191093104625,0.0742191093104625,0.0742191093104625,0.0,10
Wine Quality,GaussianCopula,Fidelity,Quality_Score,0.9382852305742172,0.9382852305742172,0.9382852305742172,0.9382852305742172,0.9382852305742172,0.9382852305742172,0.9382852305742172,0.9382852305742172,0.9382852305742172,0.9382852305742172,0.9382852305742173,0.0,10
Wine Quality,GaussianCopula,Fidelity,Wasserstein_Distance,0.339739220973996,0.339739220973996,0.339739220973996,0.339739220973996,0.339739220973996,0.339739220973996,0.339739220973996,0.339739220973996,0.339739220973996,0.339739220973996,0.33973922097399606,0.0,10
Wine Quality,GaussianCopula,Privacy,MIA_AUC,0.69,0.69,0.69,0.69,0.69,0.69,0.69,0.69,0.69,0.69,0.6899999999999998,0.0,10
Wine Quality,GaussianCopula,Privacy,Mahalanobis_Distance,4.906632239160311,4.906632239160311,4.906632239160311,4.906632239160311,4.906632239160311,4.906632239160311,4.906632239160311,4.906632239160311,4.906632239160311,4.906632239160311,4.906632239160311,0.0,10
Wine Quality,GaussianCopula,Privacy,Mean_Distance,4.906632239160311,4.906632239160311,4.906632239160311,4.906632239160311,4.906632239160311,4.906632239160311,4.906632239160311,4.906632239160311,4.906632239160311,4.906632239160311,4.906632239160311,0.0,10
Wine Quality,GaussianCopula,Privacy,Median_Distance,4.706108650190693,4.706108650190693,4.706108650190693,4.706108650190693,4.706108650190693,4.706108650190693,4.706108650190693,4.706108650190693,4.706108650190693,4.706108650190693,4.706108650190693,0.0,10
Wine Quality,GaussianCopula,Privacy,NNDR,0.9254573824055352,0.9254573824055352,0.9254573824055352,0.9254573824055352,0.9254573824055352,0.9254573824055352,0.9254573824055352,0.9254573824055352,0.9254573824055352,0.9254573824055352,0.9254573824055351,0.0,10
Wine Quality,GaussianCopula,Utility,Accuracy_Gap,0.2115986394557824,0.2115986394557824,0.2115986394557824,0.2115986394557824,0.2115986394557824,0.2115986394557824,0.2115986394557824,0.2115986394557824,0.2115986394557824,0.2115986394557824,0.21159863945578242,0.0,10
Wine Quality,GaussianCopula,Utility,Accuracy_TRTR,0.5999659863945579,0.5999659863945579,0.5999659863945579,0.5999659863945579,0.5999659863945579,0.5999659863945579,0.5999659863945579,0.5999659863945579,0.5999659863945579,0.5999659863945579,0.5999659863945579,0.0,10
Wine Quality,GaussianCopula,Utility,Accuracy_TSTR,0.3883673469387755,0.3883673469387755,0.3883673469387755,0.3883673469387755,0.3883673469387755,0.3883673469387755,0.3883673469387755,0.3883673469387755,0.3883673469387755,0.3883673469387755,0.3883673469387755,0.0,10
Wine Quality,GaussianCopula,Utility,F1_Gap,0.2681541240261807,0.2681541240261807,0.2681541240261807,0.2681541240261807,0.2681541240261807,0.2681541240261807,0.2681541240261807,0.2681541240261807,0.2681541240261807,0.2681541240261807,0.2681541240261808,0.0,10
Wine Quality,GaussianCopula,Utility,F1_TRTR,0.5855430172344179,0.5855430172344179,0.5855430172344179,0.5855430172344179,0.5855430172344179,0.5855430172344179,0.5855430172344179,0.5855430172344179,0.5855430172344179,0.5855430172344179,0.5855430172344179,0.0,10
Wine Quality,GaussianCopula,Utility,F1_TSTR,0.3173888932082372,0.3173888932082372,0.3173888932082372,0.3173888932082372,0.3173888932082372,0.3173888932082372,0.3173888932082372,0.3173888932082372,0.3173888932082372,0.3173888932082372,0.31738889320823727,0.0,10
Wine Quality,GaussianCopula,Utility,Precision_Gap,0.2759078813687787,0.2759078813687787,0.2759078813687787,0.2759078813687787,0.2759078813687787,0.2759078813687787,0.2759078813687787,0.2759078813687787,0.2759078813687787,0.2759078813687787,0.27590788136877864,0.0,10
Wine Quality,GaussianCopula,Utility,Precision_TRTR,0.596991784855523,0.596991784855523,0.596991784855523,0.596991784855523,0.596991784855523,0.596991784855523,0.596991784855523,0.596991784855523,0.596991784855523,0.596991784855523,0.596991784855523,0.0,10
Wine Quality,GaussianCopula,Utility,Precision_TSTR,0.3210839034867442,0.3210839034867442,0.3210839034867442,0.3210839034867443,0.3210839034867443,0.3210839034867443,0.3210839034867443,0.3210839034867443,0.3210839034867443,0.3210839034867443,0.32108390348674426,0.0,10
Wine Quality,GaussianCopula,Utility,ROC_AUC_Gap,0.2433512922394815,0.2433512922394815,0.2433512922394815,0.2433512922394815,0.2433512922394815,0.2433512922394815,0.2433512922394815,0.2433512922394815,0.2433512922394815,0.2433512922394815,0.24335129223948151,0.0,10
Wine Quality,GaussianCopula,Utility,ROC_AUC_TRTR,0.7485352439106271,0.7485352439106271,0.7485352439106271,0.7485352439106271,0.7485352439106271,0.7485352439106271,0.7485352439106271,0.7485352439106271,0.7485352439106271,0.7485352439106271,0.7485352439106271,0.0,10
Wine Quality,GaussianCopula,Utility,ROC_AUC_TSTR,0.5051839516711456,0.5051839516711456,0.5051839516711456,0.5051839516711456,0.5051839516711456,0.5051839516711456,0.5051839516711456,0.5051839516711456,0.5051839516711456,0.5051839516711456,0.5051839516711457,0.0,10
Wine Quality,GaussianCopula,Utility,Recall_Gap,0.2115986394557824,0.2115986394557824,0.2115986394557824,0.2115986394557824,0.2115986394557824,0.2115986394557824,0.2115986394557824,0.2115986394557824,0.2115986394557824,0.2115986394557824,0.21159863945578242,0.0,10
Wine Quality,GaussianCopula,Utility,Recall_TRTR,0.5999659863945579,0.5999659863945579,0.5999659863945579,0.5999659863945579,0.5999659863945579,0.5999659863945579,0.5999659863945579,0.5999659863945579,0.5999659863945579,0.5999659863945579,0.5999659863945579,0.0,10
Wine Quality,GaussianCopula,Utility,Recall_TSTR,0.3883673469387755,0.3883673469387755,0.3883673469387755,0.3883673469387755,0.3883673469387755,0.3883673469387755,0.3883673469387755,0.3883673469387755,0.3883673469387755,0.3883673469387755,0.3883673469387755,0.0,10
Wine Quality,TVAE,Compute,evaluation_time_seconds,16.86879941797815,21.58512000786141,21.90605043713004,87.7782729419414,123.1465516579337,122.2152469630819,2311.330807965,12245.65829824,2466.312847684001,10093.955971618,2751.075796693293,4565.862460855212,10
Wine Quality,TVAE,Compute,generation_time_seconds,0.0,0.0,0.0,0.0,0.0,0.0,0.0,0.0,0.0,0.0,0.0,0.0,10
Wine Quality,TVAE,Compute,total_time_seconds,50.73694485309534,54.41910033090971,54.90152440709062,205.560445073992,254.5414223859552,252.2290677570272,5828.830229275,16886.555467025,4585.020039046,24827.795024139,5300.058926429307,8665.678158073784,10
Wine Quality,TVAE,Compute,training_time_seconds,33.85280997306108,32.81877728714608,32.98026966210455,117.6175185001921,131.3446215200238,129.7907063669991,3517.118439089001,4640.473490081,2118.519545798001,14733.677232617,2548.819341089453,4601.448172444852,10
Wine Quality,TVAE,Fidelity,KS_Complement,0.8914618002382168,0.8919763059384039,0.8917303471158755,0.8862224774544836,0.8690778883784244,0.8825194401905735,0.8900413476263401,0.8885156117066529,0.8794214310022123,0.8894185809086267,0.8860385230559811,0.007261131265110273,10
Wine Quality,TVAE,Fidelity,MMD,0.0322225108727834,0.0265371373350202,0.0257999225699776,0.031287260377871,0.0461829956851,0.0378503304231179,0.0285459122359503,0.0345484220299031,0.0256604387290959,0.0304202585175302,0.031905518877634965,0.0063704753068248784,10
Wine Quality,TVAE,Fidelity,Quality_Score,0.921173358131828,0.9181566019941688,0.9251793749586218,0.9192330148759926,0.9049066654434617,0.9168383015241476,0.919808148160394,0.9244846340851685,0.9186011503803326,0.918792826812656,0.9187174076366771,0.00554883899375995,10
Wine Quality,TVAE,Fidelity,Wasserstein_Distance,0.65546350188698,0.6719764182711591,0.5180267990551046,0.6806769763481518,0.6946662841929901,0.566047286581664,0.7809224078815814,0.5638169883546181,0.9047793639224668,0.6189096121088348,0.6655285638603552,0.11350472942589113,10
Wine Quality,TVAE,Privacy,MIA_AUC,0.7544444444444445,0.739753086419753,0.7718518518518519,0.7427160493827161,0.7803703703703704,0.7954320987654321,0.7103703703703704,0.7435802469135804,0.7049382716049383,0.7485185185185186,0.7491975308641975,0.02844054626256891,10
Wine Quality,TVAE,Privacy,Mahalanobis_Distance,3.387954072014447,3.484211920874342,3.47134436597589,3.388543685667349,3.354339701834826,3.52255774142744,3.391489168537877,3.475960317509113,3.764177261654607,3.501691801683048,3.474227003717894,0.11703537177565383,10
Wine Quality,TVAE,Privacy,Mean_Distance,3.387954072014447,3.484211920874342,3.47134436597589,3.388543685667349,3.354339701834826,3.52255774142744,3.391489168537877,3.475960317509113,3.764177261654607,3.501691801683048,3.474227003717894,0.11703537177565383,10
Wine Quality,TVAE,Privacy,Median_Distance,3.173733991259544,3.332774740105385,3.299724465998949,3.183046166554446,3.184138992119955,3.314832090315659,3.114166791849523,3.26546669447732,3.496136811330114,3.269509163761968,3.2633529907772867,0.10854347061804433,10
Wine Quality,TVAE,Privacy,NNDR,0.8979041944078866,0.8934645299040949,0.8973448285952794,0.8993087241251865,0.8905375339152685,0.8952761859808179,0.896933797698774,0.8975746445151569,0.9030038470221392,0.9002631574836658,0.897161144364827,0.0035003259002310367,10
Wine Quality,TVAE,Utility,Accuracy_Gap,0.0868367346938776,0.1059183673469389,0.0858843537414967,0.0938095238095239,0.0820068027210885,0.0949319727891158,0.0908843537414966,0.0941836734693878,0.1248979591836735,0.0968027210884355,0.09561564625850348,0.01224809366630012,10
Wine Quality,TVAE,Utility,Accuracy_TRTR,0.5999659863945579,0.5999659863945579,0.5999659863945579,0.5999659863945579,0.5999659863945579,0.5999659863945579,0.5999659863945579,0.5999659863945579,0.5999659863945579,0.5999659863945579,0.5999659863945579,0.0,10
Wine Quality,TVAE,Utility,Accuracy_TSTR,0.5131292517006802,0.4940476190476189,0.5140816326530612,0.506156462585034,0.5179591836734694,0.5050340136054421,0.5090816326530613,0.5057823129251701,0.4750680272108844,0.5031632653061223,0.5043503401360544,0.012248093666300116,10
Wine Quality,TVAE,Utility,F1_Gap,0.1034070778421577,0.1122599046777654,0.0957790694686617,0.1060302567262239,0.1011214771387423,0.1068400945514409,0.0982156188535097,0.1032881099994424,0.1292317197763065,0.1066755470610258,0.10628488760952763,0.009322566574091204,10
Wine Quality,TVAE,Utility,F1_TRTR,0.5855430172344179,0.5855430172344179,0.5855430172344179,0.5855430172344179,0.5855430172344179,0.5855430172344179,0.5855430172344179,0.5855430172344179,0.5855430172344179,0.5855430172344179,0.5855430172344179,0.0,10
Wine Quality,TVAE,Utility,F1_TSTR,0.4821359393922602,0.4732831125566525,0.4897639477657561,0.479512760508194,0.4844215400956757,0.478702922682977,0.4873273983809082,0.4822549072349755,0.4563112974581114,0.4788674701733921,0.47925812962489023,0.009322566574091204,10
Wine Quality,TVAE,Utility,Precision_Gap,0.1271675790490965,0.1385703939292531,0.1232228613788062,0.1334797196349997,0.1138021993625511,0.1307637597336737,0.1265138847451434,0.1272310816200923,0.1570440994468935,0.1349798021180335,0.13127753810185433,0.011363415997412097,10
Wine Quality,TVAE,Utility,Precision_TRTR,0.596991784855523,0.596991784855523,0.596991784855523,0.596991784855523,0.596991784855523,0.596991784855523,0.596991784855523,0.596991784855523,0.596991784855523,0.596991784855523,0.596991784855523,0.0,10
Wine Quality,TVAE,Utility,Precision_TSTR,0.4698242058064264,0.4584213909262698,0.4737689234767167,0.4635120652205233,0.4831895854929719,0.4662280251218493,0.4704779001103796,0.4697607032354307,0.4399476854086295,0.4620119827374895,0.4657142467536686,0.011363415997412099,10
Wine Quality,TVAE,Utility,ROC_AUC_Gap,,,,,,,,,,,,,0
Wine Quality,TVAE,Utility,ROC_AUC_TRTR,0.7485352439106271,0.7485352439106271,0.7485352439106271,0.7485352439106271,0.7485352439106271,0.7485352439106271,0.7485352439106271,0.7485352439106271,0.7485352439106271,0.7485352439106271,0.7485352439106271,0.0,10
Wine Quality,TVAE,Utility,ROC_AUC_TSTR,,,,,,,,,,,,,0
Wine Quality,TVAE,Utility,Recall_Gap,0.0868367346938776,0.1059183673469389,0.0858843537414967,0.0938095238095239,0.0820068027210885,0.0949319727891158,0.0908843537414966,0.0941836734693878,0.1248979591836735,0.0968027210884355,0.09561564625850348,0.01224809366630012,10
Wine Quality,TVAE,Utility,Recall_TRTR,0.5999659863945579,0.5999659863945579,0.5999659863945579,0.5999659863945579,0.5999659863945579,0.5999659863945579,0.5999659863945579,0.5999659863945579,0.5999659863945579,0.5999659863945579,0.5999659863945579,0.0,10
Wine Quality,TVAE,Utility,Recall_TSTR,0.5131292517006802,0.4940476190476189,0.5140816326530612,0.506156462585034,0.5179591836734694,0.5050340136054421,0.5090816326530613,0.5057823129251701,0.4750680272108844,0.5031632653061223,0.5043503401360544,0.012248093666300116,10
Wine Quality,TabDDPM,Compute,evaluation_time_seconds,52.12180899898522,48.23603323218413,55.36181542300619,132.2712743708398,95.61278982297516,118.826576706022,264.561117780002,259.4194480830047,264.3145609640051,275.648834130996,156.63742595120203,98.12024896308985,10
Wine Quality,TabDDPM,Compute,generation_time_seconds,0.0,0.0,0.0,0.0,0.0,0.0,0.0,0.0,0.0,0.0,0.0,0.0,10
Wine Quality,TabDDPM,Compute,total_time_seconds,57.40884365700185,53.32368885306641,60.88305621407926,152.074104122119,111.9113722990733,127.8241340238601,10339.541126533,10322.242853198,10328.594204633,9953.790671305,4150.759405483821,5238.600474819032,10
Wine Quality,TabDDPM,Compute,training_time_seconds,5.271176574984565,5.072163993027061,5.504696998978034,19.71490932791494,15.86908959387802,8.920136427972466,10074.774293875,10062.752574951,10064.01733889,9677.721787236998,3993.9618167869753,5144.42853315498,10
Wine Quality,TabDDPM,Fidelity,KS_Complement,0.7191069848562193,0.7897340054449548,0.8111260421984006,0.7265416453973114,0.7283260592138846,0.773226518631955,0.7539721371448017,0.743956185128467,0.7570240343712779,0.7295103794452952,0.7532523991832567,0.030266912742008014,10
Wine Quality,TabDDPM,Fidelity,MMD,0.1453553233917951,0.0860662507222521,0.0668367374964964,0.1113747310641606,0.1543898284956404,0.1094981238415824,0.1106713974253153,0.1126735454312688,0.1037887601286236,0.1318505743774672,0.11325052723746018,0.025983874408414816,10
Wine Quality,TabDDPM,Fidelity,Quality_Score,0.7618034618503758,0.8168221829325731,0.8121038804965786,0.7672359189170187,0.7709128199129378,0.7944372872213165,0.7810038770277938,0.7848373214363293,0.7828940670356295,0.7678811365852644,0.7839931953415816,0.01883192915563102,10
Wine Quality,TabDDPM,Fidelity,Wasserstein_Distance,9.47958383450203,7.796761595599205,8.3347393595234,13.61040267603877,14.77574819506062,10.72211047174027,11.75440006114987,11.37559865530209,14.58482826905075,13.87818962686928,11.631236274483628,2.553522310969933,10
Wine Quality,TabDDPM,Privacy,MIA_AUC,0.9962962962962963,0.9966666666666666,0.9991358024691358,0.9892592592592592,0.9933333333333334,0.9938271604938272,0.9956790123456788,0.9916049382716048,0.9982716049382716,0.9969135802469136,0.9950987654320986,0.0030718724383892596,10
Wine Quality,TabDDPM,Privacy,Mahalanobis_Distance,18.34575884079869,10.56527196069425,14.14499036970953,15.91368119266268,18.62699223843587,14.28036840803248,16.00085763978581,12.0668632139911,18.8769232179466,17.61165702984635,15.643336411190337,2.8561276862068725,10
Wine Quality,TabDDPM,Privacy,Mean_Distance,18.34575884079869,10.56527196069425,14.14499036970953,15.91368119266268,18.62699223843587,14.28036840803248,16.00085763978581,12.0668632139911,18.8769232179466,17.61165702984635,15.643336411190337,2.8561276862068725,10
Wine Quality,TabDDPM,Privacy,Median_Distance,10.88747689227007,7.480167099294478,7.566716658797557,10.10945803367992,10.62297009122067,7.779041958536045,9.210567640936182,10.07709261963387,9.025462248059796,10.28495909211398,9.304391233454258,1.3000908084831744,10
Wine Quality,TabDDPM,Privacy,NNDR,0.919192116487794,0.9318904394637708,0.9305605525539328,0.9058193677172188,0.9195504963786764,0.9236299723314946,0.9112927564244592,0.9200130352464272,0.932016865023565,0.918405170518371,0.9212370772145709,0.008663401741111958,10
Wine Quality,TabDDPM,Utility,Accuracy_Gap,0.2140476190476191,0.2042176870748301,0.191904761904762,0.1850340136054423,0.211904761904762,0.1923129251700681,0.2122108843537416,0.2006802721088436,0.1993537414965987,0.226156462585034,0.20378231292517013,0.012456771163676744,10
Wine Quality,TabDDPM,Utility,Accuracy_TRTR,0.5999659863945579,0.5999659863945579,0.5999659863945579,0.5999659863945579,0.5999659863945579,0.5999659863945579,0.5999659863945579,0.5999659863945579,0.5999659863945579,0.5999659863945579,0.5999659863945579,0.0,10
Wine Quality,TabDDPM,Utility,Accuracy_TSTR,0.3859183673469388,0.3957482993197278,0.4080612244897959,0.4149319727891156,0.3880612244897959,0.4076530612244898,0.3877551020408163,0.3992857142857142,0.4006122448979592,0.3738095238095239,0.39618367346938776,0.012456771163676736,10
Wine Quality,TabDDPM,Utility,F1_Gap,0.281737644466561,0.2741452655030264,0.2665996115022195,0.2532706434748508,0.2686309619362806,0.2591361558923552,0.2713703270259165,0.2221781848414379,0.258497461802113,0.2695857561610974,0.26251520126058586,0.016422709790898566,10
Wine Quality,TabDDPM,Utility,F1_TRTR,0.5855430172344179,0.5855430172344179,0.5855430172344179,0.5855430172344179,0.5855430172344179,0.5855430172344179,0.5855430172344179,0.5855430172344179,0.5855430172344179,0.5855430172344179,0.5855430172344179,0.0,10
Wine Quality,TabDDPM,Utility,F1_TSTR,0.303805372767857,0.3113977517313915,0.3189434057321984,0.3322723737595671,0.3169120552981374,0.3264068613420628,0.3141726902085014,0.3633648323929801,0.3270455554323049,0.3159572610733206,0.3230278159738321,0.016422709790898566,10
Wine Quality,TabDDPM,Utility,Precision_Gap,0.3191673176227645,0.3134540786385346,0.2995365194095832,0.2888310474731378,0.2573545647780306,0.2801861939234587,0.2773625567590671,0.2506598080126775,0.2770049644427734,0.2804320160243296,0.2843989067084357,0.0218815589233399,10
Wine Quality,TabDDPM,Utility,Precision_TRTR,0.596991784855523,0.596991784855523,0.596991784855523,0.596991784855523,0.596991784855523,0.596991784855523,0.596991784855523,0.596991784855523,0.596991784855523,0.596991784855523,0.596991784855523,0.0,10
Wine Quality,TabDDPM,Utility,Precision_TSTR,0.2778244672327584,0.2835377062169883,0.2974552654459398,0.3081607373823852,0.3396372200774924,0.3168055909320643,0.3196292280964558,0.3463319768428455,0.3199868204127495,0.3165597688311934,0.3125928781470872,0.021881558923339928,10
Wine Quality,TabDDPM,Utility,ROC_AUC_Gap,,,0.2305870876719902,0.2298453519030139,0.2181123542101026,0.2616004805102895,,,,0.2358811550193987,0.23520528586295902,0.016119770924724327,5
Wine Quality,TabDDPM,Utility,ROC_AUC_TRTR,0.7485352439106271,0.7485352439106271,0.7485352439106271,0.7485352439106271,0.7485352439106271,0.7485352439106271,0.7485352439106271,0.7485352439106271,0.7485352439106271,0.7485352439106271,0.7485352439106271,0.0,10
Wine Quality,TabDDPM,Utility,ROC_AUC_TSTR,,,0.5179481562386369,0.5186898920076132,0.5304228897005245,0.4869347634003376,,,,0.5126540888912284,0.5133299580476682,0.01611977092472434,5
Wine Quality,TabDDPM,Utility,Recall_Gap,0.2140476190476191,0.2042176870748301,0.191904761904762,0.1850340136054423,0.211904761904762,0.1923129251700681,0.2122108843537416,0.2006802721088436,0.1993537414965987,0.226156462585034,0.20378231292517013,0.012456771163676744,10
Wine Quality,TabDDPM,Utility,Recall_TRTR,0.5999659863945579,0.5999659863945579,0.5999659863945579,0.5999659863945579,0.5999659863945579,0.5999659863945579,0.5999659863945579,0.5999659863945579,0.5999659863945579,0.5999659863945579,0.5999659863945579,0.0,10
Wine Quality,TabDDPM,Utility,Recall_TSTR,0.3859183673469388,0.3957482993197278,0.4080612244897959,0.4149319727891156,0.3880612244897959,0.4076530612244898,0.3877551020408163,0.3992857142857142,0.4006122448979592,0.3738095238095239,0.39618367346938776,0.012456771163676736,10
Wine Quality,WGAN-GP,Compute,evaluation_time_seconds,25.78044228581712,21.72538729594089,20.23580473707989,110.4306419221684,106.8905759269837,118.0530576740857,74.25019878499734,2468.955568424004,350.5503426279975,126.1386874519958,342.30107071310704,753.3225758613451,10
Wine Quality,WGAN-GP,Compute,generation_time_seconds,0.0,0.0,0.0,0.0,0.0,0.0,0.0,0.0,0.0,0.0,0.0,0.0,10
Wine Quality,WGAN-GP,Compute,total_time_seconds,130.068836475024,125.8900276019704,123.5745656378567,323.9317352720536,317.0479347058572,424.2395916869864,23770.115528804,26284.237546505,11886.846021643,14129.380047023,7751.5331835354755,10521.865195985687,10
Wine Quality,WGAN-GP,Compute,training_time_seconds,104.2733004661277,104.1496031058487,103.3234888208099,213.2605101799127,209.8940790148918,306.1189136020839,23695.701722181,23815.067453374,11535.985009714,14003.095996476,7409.087007693468,10050.313996386734,10
Wine Quality,WGAN-GP,Fidelity,KS_Complement,0.9057029521864898,0.9218376722817764,0.9157672281776416,0.9255176110260338,0.915425216947422,0.9126947847541262,0.895741364641824,0.9119449123702568,0.9258361834269184,0.9163709800918836,0.9146838905904373,0.009119114663435667,10
Wine Quality,WGAN-GP,Fidelity,MMD,0.0161318840271628,0.0198632060316483,0.0150560886907302,0.0182681111150745,0.0169053940514671,0.0155225283753926,0.0238167198431939,0.0142003950155246,0.0184787650625052,0.0113607577006208,0.016960384991332,0.0034125244420651992,10
Wine Quality,WGAN-GP,Fidelity,Quality_Score,0.9497426854109662,0.9563215424366264,0.9505575606429432,0.9567110007010392,0.9468290400912308,0.9496749276865056,0.9387766392618032,0.949527081375292,0.956320061240497,0.9522387509092554,0.950669928975616,0.005397445715713299,10
Wine Quality,WGAN-GP,Fidelity,Wasserstein_Distance,1.901335702342168,0.6981165990131721,1.825569858550586,1.252814820720858,1.346904210022797,0.6974949604838542,2.025148999865865,1.15512406623922,1.297704613126101,1.136764022308664,1.3336977852673286,0.4630402735423491,10
Wine Quality,WGAN-GP,Privacy,MIA_AUC,0.7474074074074074,0.6202469135802469,0.7004938271604939,0.7764197530864198,0.7211111111111111,0.7720987654320988,0.7287654320987654,0.7062962962962963,0.6612345679012345,0.67,0.7104074074074075,0.04975368378773202,10
Wine Quality,WGAN-GP,Privacy,Mahalanobis_Distance,3.47080144866132,3.281046590212888,3.412574860919115,3.377837776013475,3.404645489560514,3.44067106666979,3.366973230976905,3.374927689962059,3.457902122124905,3.331577235827121,3.3918957510928096,0.058294936383753486,10
Wine Quality,WGAN-GP,Privacy,Mean_Distance,3.47080144866132,3.281046590212888,3.412574860919115,3.377837776013475,3.404645489560514,3.44067106666979,3.366973230976905,3.374927689962059,3.457902122124905,3.331577235827121,3.3918957510928096,0.058294936383753486,10
Wine Quality,WGAN-GP,Privacy,Median_Distance,3.377676610136454,3.276700882752289,3.267177345638311,3.294531810055747,3.374208803871395,3.395946657460261,3.310570377422982,3.310053855755507,3.375847805784612,3.302163019105467,3.3284877167983025,0.04743571219362897,10
Wine Quality,WGAN-GP,Privacy,NNDR,0.9083340843297526,0.903885116036156,0.9030061784754726,0.9050220786998872,0.907980092494812,0.9010234878070396,0.903294722959703,0.9053352546708118,0.907350260671391,0.9061651808852962,0.9051396457030322,0.0023742887773313074,10
Wine Quality,WGAN-GP,Utility,Accuracy_Gap,0.1443877551020409,0.1306122448979593,0.1379251700680273,0.20421768707483,0.1741156462585035,0.1578911564625851,0.1537755102040818,0.2300680272108844,0.1311904761904764,0.1827551020408164,0.16469387755102055,0.033047632583976305,10
Wine Quality,WGAN-GP,Utility,Accuracy_TRTR,0.5999659863945579,0.5999659863945579,0.5999659863945579,0.5999659863945579,0.5999659863945579,0.5999659863945579,0.5999659863945579,0.5999659863945579,0.5999659863945579,0.5999659863945579,0.5999659863945579,0.0,10
Wine Quality,WGAN-GP,Utility,Accuracy_TSTR,0.4555782312925169,0.4693537414965986,0.4620408163265306,0.3957482993197279,0.4258503401360544,0.4420748299319728,0.4461904761904761,0.3698979591836735,0.4687755102040815,0.4172108843537415,0.43527210884353734,0.0330476325839763,10
Wine Quality,WGAN-GP,Utility,F1_Gap,0.1473212729807358,0.1333913883459394,0.1406281823401607,0.2019265291488206,0.1737038772014715,0.1697957572571424,0.1526880972293478,0.2407136390259816,0.12982469401242,0.1706619001863546,0.16606553377283745,0.03417292018213309,10
Wine Quality,WGAN-GP,Utility,F1_TRTR,0.5855430172344179,0.5855430172344179,0.5855430172344179,0.5855430172344179,0.5855430172344179,0.5855430172344179,0.5855430172344179,0.5855430172344179,0.5855430172344179,0.5855430172344179,0.5855430172344179,0.0,10
Wine Quality,WGAN-GP,Utility,F1_TSTR,0.4382217442536821,0.4521516288884785,0.4449148348942571,0.3836164880855973,0.4118391400329465,0.4157472599772756,0.4328549200050701,0.3448293782084363,0.4557183232219979,0.4148811170480634,0.4194774834615805,0.03417292018213307,10
Wine Quality,WGAN-GP,Utility,Precision_Gap,0.1503282078525012,0.1322670524831856,0.1413973740466575,0.1935391926853451,0.1649348084833426,0.1677356081235999,0.1554067776149949,0.1971980684297082,0.1360320105345268,0.1616594858889693,0.1600498586142831,0.022110265559153387,10
Wine Quality,WGAN-GP,Utility,Precision_TRTR,0.596991784855523,0.596991784855523,0.596991784855523,0.596991784855523,0.596991784855523,0.596991784855523,0.596991784855523,0.596991784855523,0.596991784855523,0.596991784855523,0.596991784855523,0.0,10
Wine Quality,WGAN-GP,Utility,Precision_TSTR,0.4466635770030217,0.4647247323723373,0.4555944108088654,0.4034525921701778,0.4320569763721803,0.429256176731923,0.441585007240528,0.3997937164258148,0.4609597743209962,0.4353322989665536,0.43694192624123984,0.02211026555915338,10
Wine Quality,WGAN-GP,Utility,ROC_AUC_Gap,0.1253342719186725,,0.1154721622076757,,,0.1379521363940964,,0.161677098582992,0.0979591431970547,,0.12767896246009827,0.02397489606689965,5
Wine Quality,WGAN-GP,Utility,ROC_AUC_TRTR,0.7485352439106271,0.7485352439106271,0.7485352439106271,0.7485352439106271,0.7485352439106271,0.7485352439106271,0.7485352439106271,0.7485352439106271,0.7485352439106271,0.7485352439106271,0.7485352439106271,0.0,10
Wine Quality,WGAN-GP,Utility,ROC_AUC_TSTR,0.6232009719919546,,0.6330630817029513,,,0.6105831075165307,,0.5868581453276351,0.6505761007135723,,0.6208562814505287,0.0239748960668996,5
Wine Quality,WGAN-GP,Utility,Recall_Gap,0.1443877551020409,0.1306122448979593,0.1379251700680273,0.20421768707483,0.1741156462585035,0.1578911564625851,0.1537755102040818,0.2300680272108844,0.1311904761904764,0.1827551020408164,0.16469387755102055,0.033047632583976305,10
Wine Quality,WGAN-GP,Utility,Recall_TRTR,0.5999659863945579,0.5999659863945579,0.5999659863945579,0.5999659863945579,0.5999659863945579,0.5999659863945579,0.5999659863945579,0.5999659863945579,0.5999659863945579,0.5999659863945579,0.5999659863945579,0.0,10
Wine Quality,WGAN-GP,Utility,Recall_TSTR,0.4555782312925169,0.4693537414965986,0.4620408163265306,0.3957482993197279,0.4258503401360544,0.4420748299319728,0.4461904761904761,0.3698979591836735,0.4687755102040815,0.4172108843537415,0.43527210884353734,0.0330476325839763,10
