Dataset,Generator,Classifier,Leakage,Mean,Std,N,TRTR_Mean,TRTR_Std,Utility_Loss,Utility_Drop_Pct
1. Cancer,CTABGAN,AdaBoost,0,0.9017543859649122,0.01953601530817553,2,0.9666666666666666,0.01022974016639526,0.06491228070175437,6.715063520871142
1. Cancer,CTABGAN,Decision Tree,0,0.7578947368421052,0.04336563892739744,2,0.9350877192982457,0.02045948033279054,0.17719298245614057,18.949343339587262
1. Cancer,CTABGAN,Extra Trees,0,0.9061403508771928,0.01180142460269623,2,0.9701754385964912,0.01189882453179872,0.06403508771929844,6.600361663652824
1. Cancer,CTABGAN,Gradient Boosting,0,0.8991228070175439,0.02609556979060266,2,0.9631578947368421,0.0203084857943688,0.06403508771929822,6.648451730418941
1. Cancer,CTABGAN,KNN,0,0.8938596491228072,0.01939767051534734,2,0.962280701754386,0.01883413206454726,0.06842105263157872,7.110300820419301
1. Cancer,CTABGAN,Logistic Regression,0,0.9122807017543859,0.01881369349958528,2,0.9789473684210526,0.009768007654087744,0.06666666666666665,6.810035842293906
1. Cancer,CTABGAN,MLP,0,0.8640350877192982,0.02488817712124755,2,0.974561403508772,0.01327433855300136,0.1105263157894738,11.341134113411353
1. Cancer,CTABGAN,Naive Bayes,0,0.8903508771929826,0.01931817153118003,2,0.9324561403508772,0.02322491630679601,0.042105263157894646,4.5155221072436404
1. Cancer,CTABGAN,Random Forest,0,0.9052631578947368,0.02280701754385965,2,0.962280701754386,0.0136176971019825,0.05701754385964919,5.925250683682778
1. Cancer,CTABGAN,SVM-RBF,0,0.8964912280701756,0.02246710258748367,2,0.9701754385964912,0.01889531511275264,0.07368421052631569,7.5949367088607485
1. Cancer,CTGAN,AdaBoost,0,0.7254385964912281,0.02513429610858667,2,0.9666666666666666,0.01022974016639526,0.24122807017543846,24.95462794918329
1. Cancer,CTGAN,Decision Tree,0,0.6421052631578947,0.04671412966910297,2,0.9350877192982457,0.02045948033279054,0.292982456140351,31.332082551594755
1. Cancer,CTGAN,Extra Trees,0,0.7035087719298245,0.02712214883112335,2,0.9701754385964912,0.01189882453179872,0.2666666666666667,27.486437613019895
1. Cancer,CTGAN,Gradient Boosting,0,0.6956140350877192,0.05100558512318116,2,0.9631578947368421,0.0203084857943688,0.26754385964912286,27.777777777777786
1. Cancer,CTGAN,KNN,0,0.6140350877192982,0.05407380704358751,2,0.962280701754386,0.01883413206454726,0.3482456140350878,36.18960802187786
1. Cancer,CTGAN,Logistic Regression,0,0.7912280701754387,0.0128920512778062,2,0.9789473684210526,0.009768007654087744,0.18771929824561384,19.17562724014335
1. Cancer,CTGAN,MLP,0,0.7201754385964911,0.06685683863961835,2,0.974561403508772,0.01327433855300136,0.2543859649122808,26.102610261026115
1. Cancer,CTGAN,Naive Bayes,0,0.8517543859649122,0.02947420634458147,2,0.9324561403508772,0.02322491630679601,0.08070175438596505,8.654750705550345
1. Cancer,CTGAN,Random Forest,0,0.7157894736842105,0.02723539420396496,2,0.962280701754386,0.0136176971019825,0.24649122807017543,25.615314494074745
1. Cancer,CTGAN,SVM-RBF,0,0.7342105263157894,0.02387834664704595,2,0.9701754385964912,0.01889531511275264,0.23596491228070182,24.321880650994583
1. Cancer,CopulaGAN,AdaBoost,0,0.4815789473684211,0.1002804623522366,2,0.9666666666666666,0.01022974016639526,0.48508771929824546,50.18148820326678
1. Cancer,CopulaGAN,Decision Tree,0,0.4885964912280701,0.1217403551246111,2,0.9350877192982457,0.02045948033279054,0.44649122807017566,47.74859287054411
1. Cancer,CopulaGAN,Extra Trees,0,0.3473684210526316,0.06254576656131891,2,0.9701754385964912,0.01189882453179872,0.6228070175438596,64.19529837251355
1. Cancer,CopulaGAN,Gradient Boosting,0,0.3894736842105263,0.0709605207584445,2,0.9631578947368421,0.0203084857943688,0.5736842105263158,59.56284153005465
1. Cancer,CopulaGAN,KNN,0,0.343859649122807,0.04974542764476429,2,0.962280701754386,0.01883413206454726,0.618421052631579,64.26618049225159
1. Cancer,CopulaGAN,Logistic Regression,0,0.2631578947368421,0.03088915238887546,2,0.9789473684210526,0.009768007654087744,0.7157894736842105,73.11827956989248
1. Cancer,CopulaGAN,MLP,0,0.243859649122807,0.06666666666666668,2,0.974561403508772,0.01327433855300136,0.730701754385965,74.97749774977498
1. Cancer,CopulaGAN,Naive Bayes,0,0.3447368421052631,0.03923906885323691,2,0.9324561403508772,0.02322491630679601,0.5877192982456141,63.029162746942625
1. Cancer,CopulaGAN,Random Forest,0,0.4342105263157895,0.06567241047103436,2,0.962280701754386,0.0136176971019825,0.5280701754385965,54.87693710118504
1. Cancer,CopulaGAN,SVM-RBF,0,0.256140350877193,0.04503683387015241,2,0.9701754385964912,0.01889531511275264,0.7140350877192982,73.59855334538878
1. Cancer,ForestDiffusion,AdaBoost,0,0.9771929824561403,0.01370219241387132,2,0.9666666666666666,0.01022974016639526,-0.010526315789473717,-1.0889292196007294
1. Cancer,ForestDiffusion,Decision Tree,0,0.9184210526315789,0.02355389751245184,2,0.9350877192982457,0.02045948033279054,0.01666666666666683,1.7823639774859459
1. Cancer,ForestDiffusion,Extra Trees,0,0.968421052631579,0.02007986516185893,2,0.9701754385964912,0.01189882453179872,0.0017543859649122862,0.1808318264014472
1. Cancer,ForestDiffusion,Gradient Boosting,0,0.9728070175438598,0.01491228070175439,2,0.9631578947368421,0.0203084857943688,-0.009649122807017685,-1.001821493624787
1. Cancer,ForestDiffusion,KNN,0,0.9526315789473683,0.01848360307518024,2,0.962280701754386,0.01883413206454726,0.009649122807017685,1.0027347310847914
1. Cancer,ForestDiffusion,Logistic Regression,0,0.9824561403508772,0.01109571108831009,2,0.9789473684210526,0.009768007654087744,-0.0035087719298246833,-0.35842293906811284
1. Cancer,ForestDiffusion,MLP,0,0.9710526315789473,0.009649122807017537,2,0.974561403508772,0.01327433855300136,0.0035087719298246833,0.3600360036003725
1. Cancer,ForestDiffusion,Naive Bayes,0,0.9280701754385966,0.02105263157894736,2,0.9324561403508772,0.02322491630679601,0.004385964912280604,0.4703668861712031
1. Cancer,ForestDiffusion,Random Forest,0,0.9692982456140351,0.0212164677586804,2,0.962280701754386,0.0136176971019825,-0.007017543859649145,-0.7292616226071126
1. Cancer,ForestDiffusion,SVM-RBF,0,0.976315789473684,0.01417148633456448,2,0.968421052631579,0.01806250901927543,-0.007894736842105066,-0.8152173913043275
1. Cancer,GaussianCopula,AdaBoost,0,0.9096491228070175,0.02419844600725213,2,0.9666666666666666,0.01022974016639526,0.05701754385964908,5.898366606170595
1. Cancer,GaussianCopula,Decision Tree,0,0.7201754385964912,0.05470337483392584,2,0.9350877192982457,0.02045948033279054,0.2149122807017545,22.98311444652909
1. Cancer,GaussianCopula,Extra Trees,0,0.8903508771929823,0.02579901959623288,2,0.9701754385964912,0.01189882453179872,0.07982456140350891,8.227848101265836
1. Cancer,GaussianCopula,Gradient Boosting,0,0.887719298245614,0.02796031131668285,2,0.9631578947368421,0.0203084857943688,0.07543859649122808,7.8324225865209485
1. Cancer,GaussianCopula,KNN,0,0.8403508771929824,0.02246710258748367,2,0.962280701754386,0.01883413206454726,0.12192982456140355,12.670920692798548
1. Cancer,GaussianCopula,Logistic Regression,0,0.9078947368421053,0.03019634118957632,2,0.9789473684210526,0.009768007654087744,0.07105263157894726,7.258064516129021
1. Cancer,GaussianCopula,MLP,0,0.7701754385964913,0.0527484083451681,2,0.974561403508772,0.01327433855300136,0.20438596491228067,20.97209720972097
1. Cancer,GaussianCopula,Naive Bayes,0,0.9087719298245615,0.01312862240973313,2,0.9324561403508772,0.02322491630679601,0.023684210526315752,2.539981185324549
1. Cancer,GaussianCopula,Random Forest,0,0.893859649122807,0.03075183884729492,2,0.962280701754386,0.0136176971019825,0.06842105263157894,7.110300820419324
1. Cancer,GaussianCopula,SVM-RBF,0,0.8754385964912281,0.02246710258748367,2,0.9701754385964912,0.01889531511275264,0.09473684210526312,9.764918625678115
1. Cancer,TVAE,AdaBoost,0,0.9342105263157894,0.02426195909813917,2,0.9666666666666666,0.01022974016639526,0.03245614035087718,3.357531760435571
1. Cancer,TVAE,Decision Tree,0,0.8850877192982457,0.03339099352749871,2,0.9350877192982457,0.02045948033279054,0.050000000000000044,5.34709193245779
1. Cancer,TVAE,Extra Trees,0,0.9421052631578949,0.01189882453179871,2,0.9701754385964912,0.01189882453179872,0.028070175438596356,2.8933092224231327
1. Cancer,TVAE,Gradient Boosting,0,0.9280701754385966,0.02141500985216438,2,0.9631578947368421,0.0203084857943688,0.0350877192982455,3.642987249544615
1. Cancer,TVAE,KNN,0,0.9192982456140351,0.01559332353915015,2,0.962280701754386,0.01883413206454726,0.0429824561403509,4.466727438468553
1. Cancer,TVAE,Logistic Regression,0,0.9508771929824562,0.01626950613244861,2,0.9789473684210526,0.009768007654087744,0.028070175438596356,2.867383512544789
1. Cancer,TVAE,MLP,0,0.9394736842105263,0.01491228070175438,2,0.974561403508772,0.01327433855300136,0.03508771929824561,3.6003600360036
1. Cancer,TVAE,Naive Bayes,0,0.9201754385964911,0.01774013018961113,2,0.9324561403508772,0.02322491630679601,0.012280701754386114,1.317027281279414
1. Cancer,TVAE,Random Forest,0,0.9403508771929825,0.02411881944713603,2,0.962280701754386,0.0136176971019825,0.021929824561403466,2.278942570647215
1. Cancer,TVAE,SVM-RBF,0,0.9043859649122806,0.02400689856737546,2,0.9701754385964912,0.01889531511275264,0.06578947368421062,6.781193490054259
1. Cancer,TabDDPM,AdaBoost,0,0.4754385964912281,0.1522277375756847,2,0.9666666666666666,0.01022974016639526,0.49122807017543846,50.816696914700536
1. Cancer,TabDDPM,Decision Tree,0,0.5745614035087719,0.1279168753250364,2,0.9350877192982457,0.02045948033279054,0.3605263157894738,38.55534709193247
1. Cancer,TabDDPM,Extra Trees,0,0.5026315789473684,0.07992089810451299,2,0.9701754385964912,0.01189882453179872,0.4675438596491228,48.19168173598553
1. Cancer,TabDDPM,Gradient Boosting,0,0.4885964912280702,0.08201168006057966,2,0.9631578947368421,0.0203084857943688,0.4745614035087719,49.271402550091075
1. Cancer,TabDDPM,KNN,0,0.2289473684210526,0.04763569818380865,2,0.962280701754386,0.01883413206454726,0.7333333333333334,76.20783956244304
1. Cancer,TabDDPM,Logistic Regression,0,0.5956140350877193,0.04763569818380865,2,0.9789473684210526,0.009768007654087744,0.3833333333333333,39.157706093189965
1. Cancer,TabDDPM,MLP,0,0.5807017543859649,0.07543859649122807,2,0.974561403508772,0.01327433855300136,0.393859649122807,40.41404140414041
1. Cancer,TabDDPM,Naive Bayes,0,0.4771929824561403,0.1403070106886471,2,0.9324561403508772,0.02322491630679601,0.4552631578947369,48.82408278457197
1. Cancer,TabDDPM,Random Forest,0,0.5517543859649123,0.08580812770322103,2,0.962280701754386,0.0136176971019825,0.41052631578947363,42.66180492251595
1. Cancer,TabDDPM,SVM-RBF,0,0.6201754385964913,0.01180142460269623,2,0.968421052631579,0.01806250901927543,0.3482456140350877,35.96014492753623
1. Cancer,WGAN_GP,AdaBoost,0,0.9429824561403508,0.01808379660358624,2,0.9666666666666666,0.01022974016639526,0.023684210526315752,2.45009074410163
1. Cancer,WGAN_GP,Decision Tree,0,0.9043859649122806,0.03100104745100403,2,0.9350877192982457,0.02045948033279054,0.03070175438596512,3.28330206378989
1. Cancer,WGAN_GP,Extra Trees,0,0.9482456140350877,0.01774013018961111,2,0.9701754385964912,0.01189882453179872,0.021929824561403577,2.26039783001809
1. Cancer,WGAN_GP,Gradient Boosting,0,0.9421052631578947,0.01848360307518023,2,0.9631578947368421,0.0203084857943688,0.021052631578947434,2.185792349726783
1. Cancer,WGAN_GP,KNN,0,0.9394736842105262,0.01685032694061277,2,0.962280701754386,0.01883413206454726,0.02280701754385972,2.370100273473116
1. Cancer,WGAN_GP,Logistic Regression,0,0.95,0.01712212394380976,2,0.9789473684210526,0.009768007654087744,0.02894736842105261,2.956989247311826
1. Cancer,WGAN_GP,MLP,0,0.9429824561403508,0.02047827636829603,2,0.974561403508772,0.01327433855300136,0.03157894736842115,3.2403240324032505
1. Cancer,WGAN_GP,Naive Bayes,0,0.9307017543859649,0.01939767051534734,2,0.9324561403508772,0.02322491630679601,0.0017543859649122862,0.188146754468486
1. Cancer,WGAN_GP,Random Forest,0,0.9456140350877191,0.02068390547816071,2,0.962280701754386,0.0136176971019825,0.01666666666666683,1.7319963536919039
1. Cancer,WGAN_GP,SVM-RBF,0,0.9473684210526315,0.02418254167033372,2,0.9701754385964912,0.01889531511275264,0.02280701754385972,2.3508137432188136
2. Alzhimers,CTABGAN,AdaBoost,0,0.9266666666666667,0.03386246693120078,2,0.9493333333333334,0.0258542925728871,0.022666666666666613,2.3876404494381966
2. Alzhimers,CTABGAN,Decision Tree,0,0.548,0.08893443277681223,2,0.9066666666666666,0.04580150409951377,0.3586666666666666,39.55882352941176
2. Alzhimers,CTABGAN,Extra Trees,0,0.9480000000000001,0.03745219174716837,2,0.9479999999999998,0.01627540748764492,-2.220446049250313e-16,-2.3422426679855627e-14
2. Alzhimers,CTABGAN,Gradient Boosting,0,0.704,0.09367556304133491,2,0.9453333333333334,0.02186829262247564,0.2413333333333334,25.528913963328637
2. Alzhimers,CTABGAN,KNN,0,0.8573333333333334,0.04260412082312123,2,0.916,0.02924228293261507,0.058666666666666645,6.40465793304221
2. Alzhimers,CTABGAN,Logistic Regression,0,0.932,0.01733333333333333,2,0.9559999999999998,0.02235073948565364,0.0239999999999998,2.5104602510460046
2. Alzhimers,CTABGAN,MLP,0,0.7973333333333334,0.04873511168665886,2,0.9386666666666666,0.02809507667427396,0.1413333333333332,15.05681818181817
2. Alzhimers,CTABGAN,Naive Bayes,0,0.9013333333333333,0.03685406656289401,2,0.9546666666666667,0.0170749979664876,0.053333333333333344,5.5865921787709505
2. Alzhimers,CTABGAN,Random Forest,0,0.8786666666666665,0.033967304540952,2,0.9533333333333331,0.01366260102127946,0.07466666666666666,7.8321678321678325
2. Alzhimers,CTABGAN,SVM-RBF,0,0.9120000000000001,0.02745501370929866,2,0.9546666666666666,0.02324746103221695,0.04266666666666641,4.469273743016733
2. Alzhimers,CTGAN,AdaBoost,0,0.5186666666666666,0.04749736834815167,2,0.9493333333333334,0.0258542925728871,0.43066666666666675,45.36516853932585
2. Alzhimers,CTGAN,Decision Tree,0,0.4946666666666666,0.1069080601888058,2,0.9066666666666666,0.04580150409951377,0.41200000000000003,45.44117647058824
2. Alzhimers,CTGAN,Extra Trees,0,0.576,0.05191445955715144,2,0.9479999999999998,0.01627540748764492,0.3719999999999999,39.24050632911392
2. Alzhimers,CTGAN,Gradient Boosting,0,0.5333333333333334,0.05811865258054231,2,0.9453333333333334,0.02186829262247564,0.4119999999999999,43.582510578279255
2. Alzhimers,CTGAN,KNN,0,0.5773333333333334,0.04734741574550586,2,0.916,0.02924228293261507,0.33866666666666667,36.972343522561864
2. Alzhimers,CTGAN,Logistic Regression,0,0.6119999999999999,0.03448671241700681,2,0.9559999999999998,0.02235073948565364,0.344,35.98326359832637
2. Alzhimers,CTGAN,MLP,0,0.5586666666666666,0.06035450825470014,2,0.9386666666666666,0.02809507667427396,0.38,40.48295454545455
2. Alzhimers,CTGAN,Naive Bayes,0,0.6146666666666666,0.04440220214759123,2,0.9546666666666667,0.0170749979664876,0.3400000000000001,35.61452513966481
2. Alzhimers,CTGAN,Random Forest,0,0.5266666666666667,0.04184627953726726,2,0.9533333333333331,0.01366260102127946,0.4266666666666664,44.75524475524474
2. Alzhimers,CTGAN,SVM-RBF,0,0.5853333333333335,0.04519587001780877,2,0.9546666666666666,0.02324746103221695,0.36933333333333307,38.6871508379888
2. Alzhimers,CopulaGAN,AdaBoost,0,0.5693333333333334,0.02862788073811183,2,0.9493333333333334,0.0258542925728871,0.38,40.02808988764045
2. Alzhimers,CopulaGAN,Decision Tree,0,0.5426666666666666,0.06587530307752335,2,0.9066666666666666,0.04580150409951377,0.364,40.14705882352941
2. Alzhimers,CopulaGAN,Extra Trees,0,0.5186666666666666,0.05348312298701756,2,0.9479999999999998,0.01627540748764492,0.42933333333333323,45.28832630098452
2. Alzhimers,CopulaGAN,Gradient Boosting,0,0.5426666666666666,0.0231324687638633,2,0.9453333333333334,0.02186829262247564,0.40266666666666673,42.59520451339916
2. Alzhimers,CopulaGAN,KNN,0,0.4613333333333333,0.04509742540076737,2,0.916,0.02924228293261507,0.4546666666666667,49.63609898107715
2. Alzhimers,CopulaGAN,Logistic Regression,0,0.5973333333333335,0.05458530530788991,2,0.9559999999999998,0.02235073948565364,0.35866666666666636,37.517433751743354
2. Alzhimers,CopulaGAN,MLP,0,0.484,0.05401234426807759,2,0.9386666666666666,0.02809507667427396,0.45466666666666666,48.4375
2. Alzhimers,CopulaGAN,Naive Bayes,0,0.6346666666666667,0.03919183588453085,2,0.9546666666666667,0.0170749979664876,0.31999999999999995,33.5195530726257
2. Alzhimers,CopulaGAN,Random Forest,0,0.5613333333333335,0.0612318000170935,2,0.9533333333333331,0.01366260102127946,0.3919999999999997,41.11888111888109
2. Alzhimers,CopulaGAN,SVM-RBF,0,0.5146666666666667,0.05031456603763521,2,0.9546666666666666,0.02324746103221695,0.43999999999999984,46.08938547486033
2. Alzhimers,ForestDiffusion,AdaBoost,0,0.9613333333333334,0.01392040867854741,2,0.9493333333333334,0.0258542925728871,-0.01200000000000001,-1.2640449438202257
2. Alzhimers,ForestDiffusion,Decision Tree,0,0.9186666666666667,0.02490872225635921,2,0.9066666666666666,0.04580150409951377,-0.012000000000000122,-1.3235294117647194
2. Alzhimers,ForestDiffusion,Extra Trees,0,0.9653333333333333,0.01359738536958078,2,0.9479999999999998,0.01627540748764492,-0.017333333333333423,-1.8284106891701926
2. Alzhimers,ForestDiffusion,Gradient Boosting,0,0.9613333333333334,0.01733333333333335,2,0.9453333333333334,0.02186829262247564,-0.016000000000000014,-1.6925246826516234
2. Alzhimers,ForestDiffusion,KNN,0,0.9466666666666667,0.0304046780026437,2,0.916,0.02924228293261507,-0.03066666666666662,-3.3478893740902422
2. Alzhimers,ForestDiffusion,Logistic Regression,0,0.9573333333333333,0.01959591794226543,2,0.9559999999999998,0.02235073948565364,-0.0013333333333334085,-0.13947001394700928
2. Alzhimers,ForestDiffusion,MLP,0,0.9626666666666667,0.02048305532764963,2,0.9386666666666666,0.02809507667427396,-0.02400000000000002,-2.5568181818181843
2. Alzhimers,ForestDiffusion,Naive Bayes,0,0.9506666666666668,0.01982142499642468,2,0.9546666666666667,0.0170749979664876,0.0039999999999998925,0.41899441340780996
2. Alzhimers,ForestDiffusion,Random Forest,0,0.9613333333333334,0.01833030277982337,2,0.9533333333333331,0.01366260102127946,-0.00800000000000023,-0.8391608391608634
2. Alzhimers,ForestDiffusion,SVM-RBF,0,0.9573333333333333,0.01959591794226543,2,0.9573333333333333,0.01959591794226543,0.0,0.0
2. Alzhimers,GaussianCopula,AdaBoost,0,0.8733333333333333,0.03590109871423003,2,0.9493333333333334,0.0258542925728871,0.07600000000000007,8.005617977528097
2. Alzhimers,GaussianCopula,Decision Tree,0,0.5906666666666667,0.05751907896032798,2,0.9066666666666666,0.04580150409951377,0.31599999999999995,34.85294117647059
2. Alzhimers,GaussianCopula,Extra Trees,0,0.8719999999999999,0.03276854860651866,2,0.9479999999999998,0.01627540748764492,0.07599999999999996,8.016877637130799
2. Alzhimers,GaussianCopula,Gradient Boosting,0,0.7933333333333333,0.04853406592853682,2,0.9453333333333334,0.02186829262247564,0.15200000000000002,16.07898448519041
2. Alzhimers,GaussianCopula,KNN,0,0.7906666666666666,0.02735771270491092,2,0.916,0.02924228293261507,0.1253333333333334,13.682678311499279
2. Alzhimers,GaussianCopula,Logistic Regression,0,0.8933333333333333,0.01977652929892176,2,0.9559999999999998,0.02235073948565364,0.06266666666666654,6.555090655509052
2. Alzhimers,GaussianCopula,MLP,0,0.7906666666666666,0.0434306599330729,2,0.9386666666666666,0.02809507667427396,0.14800000000000002,15.767045454545457
2. Alzhimers,GaussianCopula,Naive Bayes,0,0.9200000000000002,0.02385139175999776,2,0.9546666666666667,0.0170749979664876,0.03466666666666651,3.631284916201101
2. Alzhimers,GaussianCopula,Random Forest,0,0.8453333333333333,0.04548992562461862,2,0.9533333333333331,0.01366260102127946,0.10799999999999987,11.328671328671316
2. Alzhimers,GaussianCopula,SVM-RBF,0,0.8733333333333334,0.03169297153067924,2,0.9546666666666666,0.02324746103221695,0.08133333333333315,8.51955307262568
2. Alzhimers,TVAE,AdaBoost,0,0.8973333333333333,0.02462158041682585,2,0.9493333333333334,0.0258542925728871,0.052000000000000046,5.477528089887645
2. Alzhimers,TVAE,Decision Tree,0,0.7933333333333333,0.04351245032554859,2,0.9066666666666666,0.04580150409951377,0.11333333333333329,12.499999999999995
2. Alzhimers,TVAE,Extra Trees,0,0.8826666666666666,0.03517574922206111,2,0.9479999999999998,0.01627540748764492,0.06533333333333324,6.891701828410681
2. Alzhimers,TVAE,Gradient Boosting,0,0.8453333333333333,0.03827386691841955,2,0.9453333333333334,0.02186829262247564,0.10000000000000009,10.578279266572647
2. Alzhimers,TVAE,KNN,0,0.868,0.04235301379804957,2,0.916,0.02924228293261507,0.04800000000000004,5.240174672489087
2. Alzhimers,TVAE,Logistic Regression,0,0.9013333333333333,0.02324746103221692,2,0.9559999999999998,0.02235073948565364,0.05466666666666653,5.718270571827043
2. Alzhimers,TVAE,MLP,0,0.836,0.05234076380370807,2,0.9386666666666666,0.02809507667427396,0.10266666666666668,10.937500000000004
2. Alzhimers,TVAE,Naive Bayes,0,0.9493333333333334,0.01866666666666666,2,0.9546666666666667,0.0170749979664876,0.005333333333333301,0.5586592178770916
2. Alzhimers,TVAE,Random Forest,0,0.8400000000000001,0.03864367132317183,2,0.9533333333333331,0.01366260102127946,0.11333333333333306,11.888111888111863
2. Alzhimers,TVAE,SVM-RBF,0,0.9053333333333334,0.01927577639306796,2,0.9546666666666666,0.02324746103221695,0.04933333333333312,5.167597765363107
2. Alzhimers,TabDDPM,AdaBoost,0,0.588,0.07807688518377254,2,0.9493333333333334,0.0258542925728871,0.3613333333333334,38.06179775280899
2. Alzhimers,TabDDPM,Decision Tree,0,0.5093333333333333,0.02133333333333333,2,0.9066666666666666,0.04580150409951377,0.3973333333333333,43.82352941176471
2. Alzhimers,TabDDPM,Extra Trees,0,0.5213333333333334,0.06598316283551263,2,0.9479999999999998,0.01627540748764492,0.4266666666666664,45.007032348804486
2. Alzhimers,TabDDPM,Gradient Boosting,0,0.5693333333333334,0.03820413008505175,2,0.9453333333333334,0.02186829262247564,0.376,39.77433004231312
2. Alzhimers,TabDDPM,KNN,0,0.5200000000000001,0.04216370213557839,2,0.916,0.02924228293261507,0.3959999999999999,43.231441048034924
2. Alzhimers,TabDDPM,Logistic Regression,0,0.5200000000000001,0.03955305859784353,2,0.9559999999999998,0.02235073948565364,0.4359999999999997,45.60669456066943
2. Alzhimers,TabDDPM,MLP,0,0.4666666666666667,0.05198290317231447,2,0.9386666666666666,0.02809507667427396,0.472,50.28409090909091
2. Alzhimers,TabDDPM,Naive Bayes,0,0.5693333333333334,0.03957552554574888,2,0.9546666666666667,0.0170749979664876,0.3853333333333333,40.36312849162011
2. Alzhimers,TabDDPM,Random Forest,0,0.5373333333333333,0.04260412082312123,2,0.9533333333333331,0.01366260102127946,0.4159999999999998,43.636363636363626
2. Alzhimers,TabDDPM,SVM-RBF,0,0.5186666666666667,0.03975480404233486,2,0.9573333333333333,0.01959591794226543,0.43866666666666654,45.821727019498596
2. Alzhimers,WGAN_GP,AdaBoost,0,0.8959999999999999,0.0498174445127184,2,0.9493333333333334,0.0258542925728871,0.053333333333333455,5.6179775280899005
2. Alzhimers,WGAN_GP,Decision Tree,0,0.8453333333333335,0.0590893861497609,2,0.9066666666666666,0.04580150409951377,0.06133333333333313,6.76470588235292
2. Alzhimers,WGAN_GP,Extra Trees,0,0.9066666666666666,0.02859681411936961,2,0.9479999999999998,0.01627540748764492,0.04133333333333322,4.360056258790425
2. Alzhimers,WGAN_GP,Gradient Boosting,0,0.8786666666666667,0.04749736834815167,2,0.9453333333333334,0.02186829262247564,0.06666666666666665,7.05218617771509
2. Alzhimers,WGAN_GP,KNN,0,0.836,0.02069889959501337,2,0.916,0.02924228293261507,0.08000000000000007,8.73362445414848
2. Alzhimers,WGAN_GP,Logistic Regression,0,0.8906666666666666,0.04035398920112414,2,0.9559999999999998,0.02235073948565364,0.06533333333333324,6.83403068340306
2. Alzhimers,WGAN_GP,MLP,0,0.8786666666666667,0.03235909626536425,2,0.9386666666666666,0.02809507667427396,0.05999999999999994,6.392045454545449
2. Alzhimers,WGAN_GP,Naive Bayes,0,0.8653333333333334,0.03448671241700681,2,0.9546666666666667,0.0170749979664876,0.08933333333333326,9.357541899441333
2. Alzhimers,WGAN_GP,Random Forest,0,0.9186666666666667,0.03290390047800815,2,0.9533333333333331,0.01366260102127946,0.0346666666666664,3.636363636363609
2. Alzhimers,WGAN_GP,SVM-RBF,0,0.8826666666666666,0.04035398920112414,2,0.9546666666666666,0.02324746103221695,0.07199999999999995,7.541899441340779
3. Adult,CTABGAN,AdaBoost,0,0.742,0.04703426646841878,2,0.837,0.02335713072180646,0.09499999999999997,11.350059737156508
3. Adult,CTABGAN,Decision Tree,0,0.488,0.1081716742549135,2,0.784,0.02913569784454954,0.29600000000000004,37.75510204081633
3. Adult,CTABGAN,Extra Trees,0,0.5995000000000001,0.04437529342625991,2,0.8240000000000001,0.02469817807045691,0.22449999999999992,27.24514563106795
3. Adult,CTABGAN,Gradient Boosting,0,0.282,0.1229543727476895,2,0.8324999999999999,0.02497220677295281,0.5505,66.12612612612612
3. Adult,CTABGAN,KNN,0,0.5395000000000001,0.04675289652345974,2,0.8069999999999998,0.02250925735484548,0.26749999999999974,33.14745972738535
3. Adult,CTABGAN,Logistic Regression,0,0.7710000000000001,0.005676462121975472,2,0.828,0.02175622516277427,0.05699999999999983,6.884057971014473
3. Adult,CTABGAN,MLP,0,0.5445,0.05346078521267299,2,0.8074999999999999,0.02552232138518923,0.2629999999999999,32.56965944272445
3. Adult,CTABGAN,Naive Bayes,0,0.7165000000000001,0.03291824890712006,2,0.8090000000000002,0.02579836342785244,0.09250000000000003,11.43386897404203
3. Adult,CTABGAN,Random Forest,0,0.4635,0.09395773281404547,2,0.8385000000000001,0.02582526755804176,0.3750000000000001,44.7227191413238
3. Adult,CTABGAN,SVM-RBF,0,0.7135,0.0209563037453332,2,0.8334999999999999,0.01434689281110488,0.11999999999999988,14.397120575884811
3. Adult,CTGAN,AdaBoost,0,0.7750000000000001,1.1702778228589e-16,2,0.837,0.02335713072180646,0.06199999999999983,7.407407407407388
3. Adult,CTGAN,Decision Tree,0,0.4145,0.05193211380681942,2,0.784,0.02913569784454954,0.36950000000000005,47.130102040816325
3. Adult,CTGAN,Extra Trees,0,0.6809999999999998,0.01646545204697126,2,0.8240000000000001,0.02469817807045691,0.14300000000000024,17.354368932038863
3. Adult,CTGAN,Gradient Boosting,0,0.757,0.00856348838577676,2,0.8324999999999999,0.02497220677295281,0.0754999999999999,9.069069069069059
3. Adult,CTGAN,KNN,0,0.6024999999999999,0.03066394915495683,2,0.8069999999999998,0.02250925735484548,0.2044999999999999,25.340768277571243
3. Adult,CTGAN,Logistic Regression,0,0.7750000000000001,1.1702778228589e-16,2,0.828,0.02175622516277427,0.052999999999999825,6.400966183574859
3. Adult,CTGAN,MLP,0,0.6304999999999998,0.03639673367518331,2,0.8074999999999999,0.02552232138518923,0.17700000000000005,21.919504643962856
3. Adult,CTGAN,Naive Bayes,0,0.741,0.01542004467496052,2,0.8090000000000002,0.02579836342785244,0.06800000000000017,8.405438813349834
3. Adult,CTGAN,Random Forest,0,0.6910000000000001,0.0199722029052603,2,0.8385000000000001,0.02582526755804176,0.14750000000000008,17.590936195587364
3. Adult,CTGAN,SVM-RBF,0,0.7745000000000001,0.001581138830084191,2,0.8334999999999999,0.01434689281110488,0.05899999999999983,7.078584283143352
3. Adult,CopulaGAN,AdaBoost,0,0.7735000000000001,0.003374742788552768,2,0.837,0.02335713072180646,0.06349999999999989,7.586618876941444
3. Adult,CopulaGAN,Decision Tree,0,0.406,0.02998147576235848,2,0.784,0.02913569784454954,0.378,48.21428571428571
3. Adult,CopulaGAN,Extra Trees,0,0.658,0.0279085809185793,2,0.8240000000000001,0.02469817807045691,0.16600000000000004,20.14563106796117
3. Adult,CopulaGAN,Gradient Boosting,0,0.724,0.02342837785440746,2,0.8324999999999999,0.02497220677295281,0.10849999999999993,13.033033033033025
3. Adult,CopulaGAN,KNN,0,0.581,0.03339993346633427,2,0.8069999999999998,0.02250925735484548,0.22599999999999987,28.004956629491936
3. Adult,CopulaGAN,Logistic Regression,0,0.7745000000000001,0.001581138830084191,2,0.828,0.02175622516277427,0.05349999999999988,6.4613526570048165
3. Adult,CopulaGAN,MLP,0,0.607,0.03284644408286671,2,0.8074999999999999,0.02552232138518923,0.2004999999999999,24.829721362229094
3. Adult,CopulaGAN,Naive Bayes,0,0.6535,0.05744804415972554,2,0.8090000000000002,0.02579836342785244,0.1555000000000002,19.22126081582202
3. Adult,CopulaGAN,Random Forest,0,0.6805,0.01755151148920099,2,0.8385000000000001,0.02582526755804176,0.15800000000000014,18.84317233154444
3. Adult,CopulaGAN,SVM-RBF,0,0.771,0.006146362971528596,2,0.8334999999999999,0.01434689281110488,0.06249999999999989,7.49850029994
3. Adult,ForestDiffusion,AdaBoost,0,0.728,0.03216278042154384,2,0.837,0.02335713072180646,0.10899999999999999,13.022700119474312
3. Adult,ForestDiffusion,Decision Tree,0,0.6325,0.04104536785341586,2,0.784,0.02913569784454954,0.15150000000000008,19.323979591836743
3. Adult,ForestDiffusion,Extra Trees,0,0.7175,0.02359967043084385,2,0.8240000000000001,0.02469817807045691,0.10650000000000004,12.924757281553402
3. Adult,ForestDiffusion,Gradient Boosting,0,0.7785,0.03894797099265179,2,0.833,0.0240601099101581,0.05449999999999999,6.542617046818727
3. Adult,ForestDiffusion,KNN,0,0.6819999999999999,0.0204396129556745,2,0.8069999999999998,0.02250925735484548,0.12499999999999989,15.489467162329605
3. Adult,ForestDiffusion,Logistic Regression,0,0.7204999999999999,0.02521573582771946,2,0.828,0.02175622516277427,0.10750000000000004,12.98309178743962
3. Adult,ForestDiffusion,MLP,0,0.7040000000000001,0.03680277767294805,2,0.8074999999999999,0.02552232138518923,0.10349999999999981,12.817337461300289
3. Adult,ForestDiffusion,Naive Bayes,0,0.7725000000000002,0.02821051813301795,2,0.8090000000000002,0.02579836342785244,0.03649999999999998,4.511742892459823
3. Adult,ForestDiffusion,Random Forest,0,0.7464999999999999,0.02068950351157698,2,0.8385000000000001,0.02582526755804176,0.09200000000000019,10.971973762671459
3. Adult,ForestDiffusion,SVM-RBF,0,0.7155,0.02278522913351252,2,0.8334999999999999,0.01826502425706331,0.11799999999999988,14.15716856628673
3. Adult,GaussianCopula,AdaBoost,0,0.7715000000000001,0.00944281031614354,2,0.837,0.02335713072180646,0.06549999999999989,7.8255675029868454
3. Adult,GaussianCopula,Decision Tree,0,0.4085,0.07803311262961811,2,0.784,0.02913569784454954,0.37550000000000006,47.89540816326531
3. Adult,GaussianCopula,Extra Trees,0,0.7084999999999999,0.02427275564633454,2,0.8240000000000001,0.02469817807045691,0.11550000000000016,14.016990291262154
3. Adult,GaussianCopula,Gradient Boosting,0,0.6525000000000001,0.1101072709275419,2,0.8324999999999999,0.02497220677295281,0.17999999999999983,21.621621621621603
3. Adult,GaussianCopula,KNN,0,0.6079999999999999,0.03368151487751769,2,0.8069999999999998,0.02250925735484548,0.19899999999999995,24.659231722428746
3. Adult,GaussianCopula,Logistic Regression,0,0.7745000000000001,0.001581138830084191,2,0.828,0.02175622516277427,0.05349999999999988,6.4613526570048165
3. Adult,GaussianCopula,MLP,0,0.5890000000000001,0.05179017495840521,2,0.8074999999999999,0.02552232138518923,0.2184999999999998,27.058823529411743
3. Adult,GaussianCopula,Naive Bayes,0,0.639,0.02913569784454957,2,0.8090000000000002,0.02579836342785244,0.17000000000000015,21.01359703337455
3. Adult,GaussianCopula,Random Forest,0,0.7205,0.02350531854708634,2,0.8385000000000001,0.02582526755804176,0.1180000000000001,14.072748956469898
3. Adult,GaussianCopula,SVM-RBF,0,0.768,0.006749485577105536,2,0.8334999999999999,0.01434689281110488,0.06549999999999989,7.858428314337121
3. Adult,TVAE,AdaBoost,0,0.7114999999999999,0.0156436000403431,2,0.837,0.02335713072180646,0.12550000000000006,14.994026284348873
3. Adult,TVAE,Decision Tree,0,0.6625,0.01719980620045857,2,0.784,0.02913569784454954,0.12150000000000005,15.497448979591843
3. Adult,TVAE,Extra Trees,0,0.7164999999999999,0.01313392553656371,2,0.8240000000000001,0.02469817807045691,0.10750000000000015,13.046116504854385
3. Adult,TVAE,Gradient Boosting,0,0.704,0.01867856763482919,2,0.8324999999999999,0.02497220677295281,0.12849999999999995,15.43543543543543
3. Adult,TVAE,KNN,0,0.6655,0.03209794039775414,2,0.8069999999999998,0.02250925735484548,0.14149999999999985,17.534076827757108
3. Adult,TVAE,Logistic Regression,0,0.6625,0.02637865298557399,2,0.828,0.02175622516277427,0.16549999999999998,19.987922705314006
3. Adult,TVAE,MLP,0,0.6955,0.02454587541726713,2,0.8074999999999999,0.02552232138518923,0.11199999999999988,13.869969040247666
3. Adult,TVAE,Naive Bayes,0,0.41,0.04422166387140534,2,0.8090000000000002,0.02579836342785244,0.3990000000000002,49.32014833127319
3. Adult,TVAE,Random Forest,0,0.7224999999999999,0.01687371394276384,2,0.8385000000000001,0.02582526755804176,0.11600000000000021,13.834227787716182
3. Adult,TVAE,SVM-RBF,0,0.747,0.01378404875209023,2,0.8334999999999999,0.01434689281110488,0.08649999999999991,10.377924415116967
3. Adult,TabDDPM,AdaBoost,0,0.5305000000000001,0.1057368326449104,2,0.837,0.02335713072180646,0.3064999999999999,36.61887694145757
3. Adult,TabDDPM,Decision Tree,0,0.533,0.08944893018427393,2,0.784,0.02913569784454954,0.251,32.01530612244898
3. Adult,TabDDPM,Extra Trees,0,0.5954999999999999,0.08725600902580355,2,0.8240000000000001,0.02469817807045691,0.22850000000000015,27.73058252427186
3. Adult,TabDDPM,Gradient Boosting,0,0.3895,0.106860500965823,2,0.833,0.0240601099101581,0.44349999999999995,53.24129651860744
3. Adult,TabDDPM,KNN,0,0.6029999999999999,0.06490163497341357,2,0.8069999999999998,0.02250925735484548,0.20399999999999996,25.27881040892193
3. Adult,TabDDPM,Logistic Regression,0,0.2305,0.008316649966583095,2,0.828,0.02175622516277427,0.5974999999999999,72.16183574879227
3. Adult,TabDDPM,MLP,0,0.4575,0.2711933504592864,2,0.8074999999999999,0.02552232138518923,0.34999999999999987,43.34365325077398
3. Adult,TabDDPM,Naive Bayes,0,0.5655,0.1774268237267911,2,0.8090000000000002,0.02579836342785244,0.24350000000000016,30.09888751545119
3. Adult,TabDDPM,Random Forest,0,0.5125,0.1123795651649652,2,0.8385000000000001,0.02582526755804176,0.3260000000000002,38.87895050685749
3. Adult,TabDDPM,SVM-RBF,0,0.2305,0.008316649966583095,2,0.8334999999999999,0.01826502425706331,0.6029999999999999,72.34553089382123
3. Adult,WGAN_GP,AdaBoost,0,0.4189999999999999,0.05342700108039421,2,0.837,0.02335713072180646,0.4180000000000001,49.94026284348867
3. Adult,WGAN_GP,Decision Tree,0,0.45,0.04242640687119286,2,0.784,0.02913569784454954,0.334,42.60204081632653
3. Adult,WGAN_GP,Extra Trees,0,0.2755,0.02443244655052875,2,0.8240000000000001,0.02469817807045691,0.5485,66.56553398058252
3. Adult,WGAN_GP,Gradient Boosting,0,0.288,0.0213697605664328,2,0.8324999999999999,0.02497220677295281,0.5445,65.4054054054054
3. Adult,WGAN_GP,KNN,0,0.3585,0.02963200221982232,2,0.8069999999999998,0.02250925735484548,0.44849999999999984,55.576208178438655
3. Adult,WGAN_GP,Logistic Regression,0,0.3295,0.02020038503483425,2,0.828,0.02175622516277427,0.49849999999999994,60.20531400966183
3. Adult,WGAN_GP,MLP,0,0.352,0.03852848873813305,2,0.8074999999999999,0.02552232138518923,0.4554999999999999,56.40866873065015
3. Adult,WGAN_GP,Naive Bayes,0,0.4475000000000001,0.02519369409638496,2,0.8090000000000002,0.02579836342785244,0.36150000000000004,44.68479604449938
3. Adult,WGAN_GP,Random Forest,0,0.292,0.02485513584307633,2,0.8385000000000001,0.02582526755804176,0.5465000000000002,65.17590936195589
3. Adult,WGAN_GP,SVM-RBF,0,0.2865,0.01764621457675522,2,0.8334999999999999,0.01434689281110488,0.5469999999999999,65.62687462507499
4. Forest cover dataset,CTABGAN,AdaBoost,0,0.3774999999999999,0.04638306683358581,2,0.6485000000000001,0.0277938842193746,0.2710000000000002,41.788743253662325
4. Forest cover dataset,CTABGAN,Decision Tree,0,0.2345,0.04119398553726557,2,0.61,0.02309401076758502,0.3755,61.557377049180324
4. Forest cover dataset,CTABGAN,Extra Trees,0,0.357,0.02594866727470476,2,0.6824999999999999,0.01889297341459103,0.3254999999999999,47.692307692307686
4. Forest cover dataset,CTABGAN,Gradient Boosting,0,0.2285,0.04048662330531735,2,0.6895000000000001,0.01935774321097945,0.4610000000000001,66.8600435097897
4. Forest cover dataset,CTABGAN,KNN,0,0.3455,0.0210092572188759,2,0.605,0.01986062547968833,0.2595,42.892561983471076
4. Forest cover dataset,CTABGAN,Logistic Regression,0,0.33,0.02896357866163794,2,0.656,0.0141027972008708,0.326,49.69512195121951
4. Forest cover dataset,CTABGAN,MLP,0,0.2805,0.05134036748342705,2,0.479,0.0490351347958221,0.19849999999999995,41.44050104384132
4. Forest cover dataset,CTABGAN,Naive Bayes,0,0.363,0.04131182235954578,2,0.598,0.01873795909674028,0.235,39.297658862876254
4. Forest cover dataset,CTABGAN,Random Forest,0,0.3385,0.02991190769948019,2,0.6815,0.01901023116347847,0.34299999999999997,50.33015407190022
4. Forest cover dataset,CTABGAN,SVM-RBF,0,0.361,0.02366431913239846,2,0.6405,0.01623610517061009,0.27949999999999997,43.63778298204527
4. Forest cover dataset,CTGAN,AdaBoost,0,0.08399999999999999,0.02970222587992729,2,0.6485000000000001,0.0277938842193746,0.5645000000000001,87.04703161141096
4. Forest cover dataset,CTGAN,Decision Tree,0,0.1535,0.04422480450305386,2,0.61,0.02309401076758502,0.4565,74.8360655737705
4. Forest cover dataset,CTGAN,Extra Trees,0,0.1225,0.02071633815776009,2,0.6824999999999999,0.01889297341459103,0.5599999999999998,82.05128205128204
4. Forest cover dataset,CTGAN,Gradient Boosting,0,0.1475,0.02898754521821014,2,0.6895000000000001,0.01935774321097945,0.5420000000000001,78.60768672951416
4. Forest cover dataset,CTGAN,KNN,0,0.1745,0.02033743128104213,2,0.605,0.01986062547968833,0.4305,71.15702479338843
4. Forest cover dataset,CTGAN,Logistic Regression,0,0.1085,0.02799305469417568,2,0.656,0.0141027972008708,0.5475,83.46036585365853
4. Forest cover dataset,CTGAN,MLP,0,0.1605,0.06889807286451809,2,0.479,0.0490351347958221,0.3185,66.49269311064718
4. Forest cover dataset,CTGAN,Naive Bayes,0,0.168,0.02955221367906867,2,0.598,0.01873795909674028,0.42999999999999994,71.90635451505015
4. Forest cover dataset,CTGAN,Random Forest,0,0.1125,0.02071633815776009,2,0.6815,0.01901023116347847,0.569,83.49229640498898
4. Forest cover dataset,CTGAN,SVM-RBF,0,0.1045,0.02948163270015191,2,0.6405,0.01623610517061009,0.5359999999999999,83.68462138953942
4. Forest cover dataset,CopulaGAN,AdaBoost,0,0.045,0.03231786571610886,2,0.6485000000000001,0.0277938842193746,0.6035,93.06090979182729
4. Forest cover dataset,CopulaGAN,Decision Tree,0,0.1005,0.03789239149662282,2,0.61,0.02309401076758502,0.5095,83.52459016393442
4. Forest cover dataset,CopulaGAN,Extra Trees,0,0.07999999999999999,0.02697735676039774,2,0.6824999999999999,0.01889297341459103,0.6024999999999999,88.27838827838828
4. Forest cover dataset,CopulaGAN,Gradient Boosting,0,0.0695,0.03050045537000682,2,0.6895000000000001,0.01935774321097945,0.6200000000000001,89.92023205221176
4. Forest cover dataset,CopulaGAN,KNN,0,0.189,0.04976611966656299,2,0.605,0.01986062547968833,0.416,68.7603305785124
4. Forest cover dataset,CopulaGAN,Logistic Regression,0,0.05300000000000001,0.02110818693198342,2,0.656,0.0141027972008708,0.603,91.92073170731706
4. Forest cover dataset,CopulaGAN,MLP,0,0.1385,0.07284115137292471,2,0.479,0.0490351347958221,0.34049999999999997,71.08559498956159
4. Forest cover dataset,CopulaGAN,Naive Bayes,0,0.128,0.03521363372331802,2,0.598,0.01873795909674028,0.47,78.59531772575251
4. Forest cover dataset,CopulaGAN,Random Forest,0,0.06200000000000001,0.01782632260949458,2,0.6815,0.01901023116347847,0.6194999999999999,90.9024211298606
4. Forest cover dataset,CopulaGAN,SVM-RBF,0,0.049,0.01629587541544042,2,0.6405,0.01623610517061009,0.5914999999999999,92.34972677595627
4. Forest cover dataset,GaussianCopula,AdaBoost,0,0.496,0.03549647869859771,2,0.6485000000000001,0.0277938842193746,0.15250000000000008,23.51580570547418
4. Forest cover dataset,GaussianCopula,Decision Tree,0,0.4245,0.03624377341159597,2,0.61,0.02309401076758502,0.1855,30.40983606557377
4. Forest cover dataset,GaussianCopula,Extra Trees,0,0.4715,0.03383374383987416,2,0.6824999999999999,0.01889297341459103,0.2109999999999999,30.91575091575091
4. Forest cover dataset,GaussianCopula,Gradient Boosting,0,0.5045000000000001,0.03312015163679728,2,0.6895000000000001,0.01935774321097945,0.18500000000000005,26.831036983321255
4. Forest cover dataset,GaussianCopula,KNN,0,0.421,0.0211869981094276,2,0.605,0.01986062547968833,0.184,30.413223140495866
4. Forest cover dataset,GaussianCopula,Logistic Regression,0,0.534,0.01822696415265644,2,0.656,0.0141027972008708,0.122,18.597560975609753
4. Forest cover dataset,GaussianCopula,MLP,0,0.372,0.05292552419306881,2,0.479,0.0490351347958221,0.10699999999999998,22.338204592901878
4. Forest cover dataset,GaussianCopula,Naive Bayes,0,0.402,0.04151305015694864,2,0.598,0.01873795909674028,0.19599999999999995,32.775919732441466
4. Forest cover dataset,GaussianCopula,Random Forest,0,0.5085000000000001,0.03416056856149273,2,0.6815,0.01901023116347847,0.17299999999999993,25.385179750550247
4. Forest cover dataset,GaussianCopula,SVM-RBF,0,0.538,0.01531157877047448,2,0.6405,0.01623610517061009,0.10249999999999992,16.003122560499598
4. Forest cover dataset,TVAE,AdaBoost,0,0.336,0.06410928169929843,2,0.6485000000000001,0.0277938842193746,0.31250000000000006,48.188126445643796
4. Forest cover dataset,TVAE,Decision Tree,0,0.3435,0.04441283598240491,2,0.61,0.02309401076758502,0.26649999999999996,43.68852459016393
4. Forest cover dataset,TVAE,Extra Trees,0,0.3805000000000001,0.02976295236251494,2,0.6824999999999999,0.01889297341459103,0.30199999999999977,44.24908424908423
4. Forest cover dataset,TVAE,Gradient Boosting,0,0.33,0.04714045207910316,2,0.6895000000000001,0.01935774321097945,0.3595000000000001,52.13923132704859
4. Forest cover dataset,TVAE,KNN,0,0.4245,0.01606410768002865,2,0.605,0.01986062547968833,0.1805,29.834710743801654
4. Forest cover dataset,TVAE,Logistic Regression,0,0.423,0.04230839160261236,2,0.656,0.0141027972008708,0.23300000000000004,35.518292682926834
4. Forest cover dataset,TVAE,MLP,0,0.361,0.06715653356152326,2,0.479,0.0490351347958221,0.118,24.63465553235908
4. Forest cover dataset,TVAE,Naive Bayes,0,0.402,0.02770880325416054,2,0.598,0.01873795909674028,0.19599999999999995,32.775919732441466
4. Forest cover dataset,TVAE,Random Forest,0,0.385,0.03800584750330461,2,0.6815,0.01901023116347847,0.2965,43.50696991929567
4. Forest cover dataset,TVAE,SVM-RBF,0,0.441,0.04221637386396684,2,0.6405,0.01623610517061009,0.19949999999999996,31.147540983606554
4. Forest cover dataset,WGAN_GP,AdaBoost,0,0.413,0.05884065110297661,2,0.6485000000000001,0.0277938842193746,0.2355000000000001,36.31457208943718
4. Forest cover dataset,WGAN_GP,Decision Tree,0,0.358,0.02428991560298225,2,0.61,0.02309401076758502,0.252,41.31147540983606
4. Forest cover dataset,WGAN_GP,Extra Trees,0,0.4145,0.02488305983328148,2,0.6824999999999999,0.01889297341459103,0.2679999999999999,39.26739926739926
4. Forest cover dataset,WGAN_GP,Gradient Boosting,0,0.3965,0.04136893627939798,2,0.6895000000000001,0.01935774321097945,0.2930000000000001,42.49456127628717
4. Forest cover dataset,WGAN_GP,KNN,0,0.4265,0.01958599272723012,2,0.605,0.01986062547968833,0.1785,29.504132231404956
4. Forest cover dataset,WGAN_GP,Logistic Regression,0,0.4395000000000001,0.02948163270015191,2,0.656,0.0141027972008708,0.21649999999999991,33.00304878048779
4. Forest cover dataset,WGAN_GP,MLP,0,0.3805,0.05809235941345663,2,0.479,0.0490351347958221,0.09849999999999998,20.56367432150313
4. Forest cover dataset,WGAN_GP,Naive Bayes,0,0.3730000000000001,0.01903213656482694,2,0.598,0.01873795909674028,0.22499999999999987,37.625418060200644
4. Forest cover dataset,WGAN_GP,Random Forest,0,0.4165,0.03551603706621685,2,0.6815,0.01901023116347847,0.265,38.88481291269259
4. Forest cover dataset,WGAN_GP,SVM-RBF,0,0.4545,0.0255440795488896,2,0.6405,0.01623610517061009,0.18599999999999994,29.039812646370017
5. Bank Markting,CTABGAN,AdaBoost,0,0.88895,0.003781901344268219,2,0.88835,0.004089621009335711,-0.0006000000000000449,-0.06754094669894128
5. Bank Markting,CTABGAN,Decision Tree,0,0.5886,0.06133913016084341,2,0.8092499999999999,0.0098043357755638,0.2206499999999999,27.26598702502316
5. Bank Markting,CTABGAN,Extra Trees,0,0.88365,0.001901023116347849,2,0.8702,0.004649970131325777,-0.013450000000000073,-1.5456216961618103
5. Bank Markting,CTABGAN,Gradient Boosting,0,0.84185,0.0326130938257763,2,0.88845,0.003585851828134196,0.046599999999999975,5.2450897630705136
5. Bank Markting,CTABGAN,KNN,0,0.8771999999999999,0.0019465068427542,2,0.87965,0.0028484888781403,0.0024500000000001743,0.2785198658557579
5. Bank Markting,CTABGAN,Logistic Regression,0,0.88795,0.001403368962334719,2,0.8885,0.002808716591058793,0.0005499999999999394,0.0619020821609386
5. Bank Markting,CTABGAN,MLP,0,0.8812999999999999,0.004922736366425996,2,0.8848,0.005533734925185903,0.0035000000000001696,0.3955696202531837
5. Bank Markting,CTABGAN,Naive Bayes,0,0.8589,0.007640535176136424,2,0.851,0.007760297817881898,-0.007900000000000018,-0.9283196239718
5. Bank Markting,CTABGAN,Random Forest,0,0.8843499999999999,0.004830746434156015,2,0.88315,0.005773743249496891,-0.0011999999999998678,-0.1358772575440036
5. Bank Markting,CTABGAN,SVM-RBF,0,0.8877,0.00188856206322872,2,0.889,0.002972092416687829,0.0012999999999999678,0.14623172103486703
5. Bank Markting,CTGAN,AdaBoost,0,0.8764,0.003942644346684622,2,0.88835,0.004089621009335711,0.011950000000000016,1.3451905217538151
5. Bank Markting,CTGAN,Decision Tree,0,0.74065,0.01014902841545817,2,0.8092499999999999,0.0098043357755638,0.06859999999999988,8.476984862527019
5. Bank Markting,CTGAN,Extra Trees,0,0.8119500000000001,0.009973436942420815,2,0.8702,0.004649970131325777,0.05824999999999991,6.693863479659838
5. Bank Markting,CTGAN,Gradient Boosting,0,0.8734,0.006389227044191022,2,0.88845,0.003585851828134196,0.015050000000000008,1.6939613934380109
5. Bank Markting,CTGAN,KNN,0,0.82005,0.01059992138335625,2,0.87965,0.0028484888781403,0.0596000000000001,6.775422042857966
5. Bank Markting,CTGAN,Logistic Regression,0,0.8782,0.00335161652539983,2,0.8885,0.002808716591058793,0.010299999999999976,1.1592571750140659
5. Bank Markting,CTGAN,MLP,0,0.8330500000000001,0.01560528756543755,2,0.8848,0.005533734925185903,0.05174999999999996,5.8487793851717855
5. Bank Markting,CTGAN,Naive Bayes,0,0.7481499999999999,0.0201439955211362,2,0.851,0.007760297817881898,0.10285000000000011,12.085781433607533
5. Bank Markting,CTGAN,Random Forest,0,0.83535,0.007149397799037976,2,0.88315,0.005773743249496891,0.047799999999999954,5.412444092170069
5. Bank Markting,CTGAN,SVM-RBF,0,0.8792,0.003895866755649866,2,0.889,0.002972092416687829,0.009800000000000031,1.1023622047244128
5. Bank Markting,CopulaGAN,AdaBoost,0,0.8741,0.004427188724235699,2,0.88835,0.004089621009335711,0.014249999999999985,1.6040974840997337
5. Bank Markting,CopulaGAN,Decision Tree,0,0.79735,0.008828772407431415,2,0.8092499999999999,0.0098043357755638,0.01189999999999991,1.470497374111821
5. Bank Markting,CopulaGAN,Extra Trees,0,0.8619,0.00240138848724373,2,0.8702,0.004649970131325777,0.008299999999999974,0.9538037232820011
5. Bank Markting,CopulaGAN,Gradient Boosting,0,0.87485,0.004069193204227725,2,0.88845,0.003585851828134196,0.013599999999999945,1.530755810681518
5. Bank Markting,CopulaGAN,KNN,0,0.8631500000000001,0.002646276209653449,2,0.87965,0.0028484888781403,0.01649999999999996,1.875746035354966
5. Bank Markting,CopulaGAN,Logistic Regression,0,0.8743000000000001,0.005271516754112495,2,0.8885,0.002808716591058793,0.01419999999999988,1.5981992121553044
5. Bank Markting,CopulaGAN,MLP,0,0.84285,0.01560457553981455,2,0.8848,0.005533734925185903,0.04195000000000004,4.741184448462934
5. Bank Markting,CopulaGAN,Naive Bayes,0,0.80615,0.00844278126896317,2,0.851,0.007760297817881898,0.044849999999999945,5.270270270270263
5. Bank Markting,CopulaGAN,Random Forest,0,0.8720500000000001,0.003483692166525487,2,0.88315,0.005773743249496891,0.011099999999999888,1.256864632282159
5. Bank Markting,CopulaGAN,SVM-RBF,0,0.8797,0.00359165699921359,2,0.889,0.002972092416687829,0.009299999999999975,1.0461192350956101
5. Bank Markting,ForestDiffusion,AdaBoost,0,0.8886000000000001,0.003272783388968956,2,0.88835,0.004089621009335711,-0.0002500000000000835,-0.028142061124566162
5. Bank Markting,ForestDiffusion,Decision Tree,0,0.8111,0.01806439100059069,2,0.8092499999999999,0.0098043357755638,-0.0018500000000001293,-0.22860673463084702
5. Bank Markting,ForestDiffusion,Extra Trees,0,0.8929,0.005985166849990251,2,0.8702,0.004649970131325777,-0.022700000000000053,-2.608595725120668
5. Bank Markting,ForestDiffusion,Gradient Boosting,0,0.8887,0.005154286242213062,2,0.88845,0.003585851828134196,-0.0002500000000000835,-0.028138893578713884
5. Bank Markting,ForestDiffusion,KNN,0,0.8830499999999999,0.007255074852205915,2,0.87965,0.0028484888781403,-0.0033999999999998476,-0.3865173648610069
5. Bank Markting,ForestDiffusion,Logistic Regression,0,0.88795,0.002266298989787349,2,0.8885,0.002808716591058793,0.0005499999999999394,0.0619020821609386
5. Bank Markting,ForestDiffusion,MLP,0,0.8820499999999999,0.005474435536605066,2,0.8848,0.005533734925185903,0.0027500000000001412,0.3108047016275024
5. Bank Markting,ForestDiffusion,Naive Bayes,0,0.8449,0.007054549359574058,2,0.851,0.007760297817881898,0.006099999999999994,0.7168037602820205
5. Bank Markting,ForestDiffusion,Random Forest,0,0.8869499999999999,0.006664374605984344,2,0.88315,0.005773743249496891,-0.0037999999999999146,-0.4302779822227158
5. Bank Markting,ForestDiffusion,SVM-RBF,0,0.8889999999999999,0.002943920288775945,2,0.8888999999999999,0.003573047252229748,-9.999999999998899e-05,-0.011249859376756552
5. Bank Markting,GaussianCopula,AdaBoost,0,0.8795,0.0,2,0.88835,0.004089621009335711,0.008850000000000025,0.9962289638093121
5. Bank Markting,GaussianCopula,Decision Tree,0,0.7673,0.0171888206563323,2,0.8092499999999999,0.0098043357755638,0.04194999999999993,5.183812171763971
5. Bank Markting,GaussianCopula,Extra Trees,0,0.8684000000000001,0.001329160135825125,2,0.8702,0.004649970131325777,0.0017999999999999128,0.2068490002298222
5. Bank Markting,GaussianCopula,Gradient Boosting,0,0.8686499999999999,0.008547416763755766,2,0.88845,0.003585851828134196,0.01980000000000004,2.2286003714333997
5. Bank Markting,GaussianCopula,KNN,0,0.87105,0.002871797733515065,2,0.87965,0.0028484888781403,0.008600000000000052,0.9776615699425967
5. Bank Markting,GaussianCopula,Logistic Regression,0,0.8798499999999999,0.0005296749527356842,2,0.8885,0.002808716591058793,0.008650000000000047,0.9735509285312377
5. Bank Markting,GaussianCopula,MLP,0,0.8379,0.02928196259360589,2,0.8848,0.005533734925185903,0.04690000000000005,5.300632911392411
5. Bank Markting,GaussianCopula,Naive Bayes,0,0.7927500000000001,0.01217294358631287,2,0.851,0.007760297817881898,0.05824999999999991,6.844888366627487
5. Bank Markting,GaussianCopula,Random Forest,0,0.8773500000000001,0.001131616346451198,2,0.88315,0.005773743249496891,0.005799999999999916,0.6567400781294136
5. Bank Markting,GaussianCopula,SVM-RBF,0,0.8795,0.0,2,0.889,0.002972092416687829,0.009500000000000064,1.0686164229471389
5. Bank Markting,TVAE,AdaBoost,0,0.8782500000000001,0.002288255036290997,2,0.88835,0.004089621009335711,0.010099999999999887,1.1369392694320806
5. Bank Markting,TVAE,Decision Tree,0,0.8602000000000001,0.004613988392799545,2,0.8092499999999999,0.0098043357755638,-0.05095000000000016,-6.295953042941016
5. Bank Markting,TVAE,Extra Trees,0,0.8713500000000002,0.003901922603025313,2,0.8702,0.004649970131325777,-0.0011500000000002064,-0.13215352792463875
5. Bank Markting,TVAE,Gradient Boosting,0,0.87625,0.003653385036130484,2,0.88845,0.003585851828134196,0.012199999999999989,1.3731780066407777
5. Bank Markting,TVAE,KNN,0,0.8696999999999999,0.01279366162510866,2,0.87965,0.0028484888781403,0.009950000000000125,1.1311317001080117
5. Bank Markting,TVAE,Logistic Regression,0,0.8346,0.005227066311251671,2,0.8885,0.002808716591058793,0.05389999999999995,6.066404051772645
5. Bank Markting,TVAE,MLP,0,0.8495000000000001,0.004515405728048043,2,0.8848,0.005533734925185903,0.03529999999999989,3.9896021699819038
5. Bank Markting,TVAE,Naive Bayes,0,0.65925,0.01051520063738417,2,0.851,0.007760297817881898,0.19174999999999998,22.532314923619268
5. Bank Markting,TVAE,Random Forest,0,0.8744999999999999,0.003214550253664294,2,0.88315,0.005773743249496891,0.008650000000000047,0.9794485647964725
5. Bank Markting,TVAE,SVM-RBF,0,0.87935,0.002906410539174097,2,0.889,0.002972092416687829,0.009650000000000047,1.0854893138357757
5. Bank Markting,TabDDPM,AdaBoost,0,0.8795,0.0,2,0.88835,0.004089621009335711,0.008850000000000025,0.9962289638093121
5. Bank Markting,TabDDPM,Decision Tree,0,0.70895,0.08085290141155521,2,0.8092499999999999,0.0098043357755638,0.10029999999999994,12.394192153228293
5. Bank Markting,TabDDPM,Extra Trees,0,0.87645,0.001935774321097921,2,0.8702,0.004649970131325777,-0.006249999999999978,-0.7182256952424705
5. Bank Markting,TabDDPM,Gradient Boosting,0,0.87585,0.005302253189813613,2,0.88845,0.003585851828134196,0.012599999999999945,1.4182002363667
5. Bank Markting,TabDDPM,KNN,0,0.8726499999999999,0.005436757612155723,2,0.87965,0.0028484888781403,0.007000000000000117,0.7957710453021221
5. Bank Markting,TabDDPM,Logistic Regression,0,0.8795,0.0,2,0.8885,0.002808716591058793,0.009000000000000008,1.0129431626336531
5. Bank Markting,TabDDPM,MLP,0,0.8526,0.05541550124087824,2,0.8848,0.005533734925185903,0.032200000000000006,3.6392405063291147
5. Bank Markting,TabDDPM,Naive Bayes,0,0.8525500000000001,0.05086389791503508,2,0.851,0.007760297817881898,-0.0015500000000001624,-0.18213866039954904
5. Bank Markting,TabDDPM,Random Forest,0,0.8794000000000001,0.0002108185106778687,2,0.88315,0.005773743249496891,0.00374999999999992,0.424616429825049
5. Bank Markting,TabDDPM,SVM-RBF,0,0.8795,0.0,2,0.8888999999999999,0.003573047252229748,0.009399999999999964,1.0574867814152284
5. Bank Markting,WGAN_GP,AdaBoost,0,0.8797499999999999,0.0005892556509887979,2,0.88835,0.004089621009335711,0.008600000000000052,0.9680869026847585
5. Bank Markting,WGAN_GP,Decision Tree,0,0.7436,0.04540056289420992,2,0.8092499999999999,0.0098043357755638,0.06564999999999988,8.112449799196773
5. Bank Markting,WGAN_GP,Extra Trees,0,0.8773,0.001512907429054691,2,0.8702,0.004649970131325777,-0.007099999999999995,-0.8159043897954488
5. Bank Markting,WGAN_GP,Gradient Boosting,0,0.8791499999999999,0.00151015083867657,2,0.88845,0.003585851828134196,0.009300000000000086,1.0467668411278166
5. Bank Markting,WGAN_GP,KNN,0,0.8642000000000001,0.003284644408286659,2,0.87965,0.0028484888781403,0.015449999999999964,1.7563803785596501
5. Bank Markting,WGAN_GP,Logistic Regression,0,0.8795,0.0,2,0.8885,0.002808716591058793,0.009000000000000008,1.0129431626336531
5. Bank Markting,WGAN_GP,MLP,0,0.8734,0.002685351208149686,2,0.8848,0.005533734925185903,0.011400000000000077,1.2884267631103161
5. Bank Markting,WGAN_GP,Naive Bayes,0,0.8662000000000001,0.003735713526965847,2,0.851,0.007760297817881898,-0.015200000000000102,-1.7861339600470156
5. Bank Markting,WGAN_GP,Random Forest,0,0.87965,0.0004743416490252541,2,0.88315,0.005773743249496891,0.0034999999999999476,0.3963086678367149
5. Bank Markting,WGAN_GP,SVM-RBF,0,0.8795,0.0,2,0.889,0.002972092416687829,0.009500000000000064,1.0686164229471389
6. Wine dataset,CTABGAN,AdaBoost,0,0.419,0.03849963924794909,2,0.4595,0.03789239149662281,0.040500000000000036,8.813928182807407
6. Wine dataset,CTABGAN,Decision Tree,0,0.3215,0.02539138086481753,2,0.446,0.05026595932305149,0.1245,27.914798206278025
6. Wine dataset,CTABGAN,Extra Trees,0,0.434,0.02458545188611437,2,0.5325,0.02395017977199988,0.09849999999999998,18.49765258215962
6. Wine dataset,CTABGAN,Gradient Boosting,0,0.4075,0.03181980515339463,2,0.5285,0.02934942740308384,0.121,22.894985808893093
6. Wine dataset,CTABGAN,KNN,0,0.4015,0.02667187449147301,2,0.4905,0.02660931332363833,0.08899999999999997,18.14475025484199
6. Wine dataset,CTABGAN,Logistic Regression,0,0.462,0.005868938953886325,2,0.5119999999999999,0.02888675205772439,0.04999999999999988,9.765624999999977
6. Wine dataset,CTABGAN,MLP,0,0.348,0.0286937856222098,2,0.4745,0.02532565673164052,0.1265,26.65964172813488
6. Wine dataset,CTABGAN,Naive Bayes,0,0.408,0.03895866755649863,2,0.4115,0.05126456432620446,0.003500000000000003,0.8505467800729049
6. Wine dataset,CTABGAN,Random Forest,0,0.4235,0.0282891812850386,2,0.535,0.02236067977499788,0.11150000000000004,20.84112149532711
6. Wine dataset,CTABGAN,SVM-RBF,0,0.4600000000000001,0.007453559924999294,2,0.5254999999999999,0.03312015163679728,0.06549999999999978,12.46431969552803
6. Wine dataset,CTGAN,AdaBoost,0,0.292,0.03128720008068617,2,0.4595,0.03789239149662281,0.16750000000000004,36.45266594124048
6. Wine dataset,CTGAN,Decision Tree,0,0.2235,0.02799305469417568,2,0.446,0.05026595932305149,0.2225,49.88789237668161
6. Wine dataset,CTGAN,Extra Trees,0,0.2645,0.02510533365199072,2,0.5325,0.02395017977199988,0.26799999999999996,50.32863849765258
6. Wine dataset,CTGAN,Gradient Boosting,0,0.238,0.01828782229912694,2,0.5285,0.02934942740308384,0.2905,54.966887417218544
6. Wine dataset,CTGAN,KNN,0,0.2165,0.02108843811718217,2,0.4905,0.02660931332363833,0.274,55.86136595310908
6. Wine dataset,CTGAN,Logistic Regression,0,0.322,0.03591656999213595,2,0.5119999999999999,0.02888675205772439,0.1899999999999999,37.109374999999986
6. Wine dataset,CTGAN,MLP,0,0.1745,0.02929258533410043,2,0.4745,0.02532565673164052,0.3,63.224446786090624
6. Wine dataset,CTGAN,Naive Bayes,0,0.2715,0.02867926079939998,2,0.4115,0.05126456432620446,0.13999999999999996,34.02187120291615
6. Wine dataset,CTGAN,Random Forest,0,0.2675,0.02840676758176552,2,0.535,0.02236067977499788,0.2675,50.0
6. Wine dataset,CTGAN,SVM-RBF,0,0.2615,0.02838720368992574,2,0.5254999999999999,0.03312015163679728,0.26399999999999985,50.23786869647953
6. Wine dataset,CopulaGAN,AdaBoost,0,0.3415,0.0344036496771943,2,0.4595,0.03789239149662281,0.118,25.680087051142543
6. Wine dataset,CopulaGAN,Decision Tree,0,0.2165,0.03916134715648979,2,0.446,0.05026595932305149,0.2295,51.45739910313901
6. Wine dataset,CopulaGAN,Extra Trees,0,0.351,0.03053231439347863,2,0.5325,0.02395017977199988,0.1815,34.08450704225352
6. Wine dataset,CopulaGAN,Gradient Boosting,0,0.2905,0.03601311489505516,2,0.5285,0.02934942740308384,0.238,45.033112582781456
6. Wine dataset,CopulaGAN,KNN,0,0.2885000000000001,0.02483836638034885,2,0.4905,0.02660931332363833,0.2019999999999999,41.182466870540246
6. Wine dataset,CopulaGAN,Logistic Regression,0,0.3225,0.02058181505871412,2,0.5119999999999999,0.02888675205772439,0.1894999999999999,37.011718749999986
6. Wine dataset,CopulaGAN,MLP,0,0.2145,0.0394017766096911,2,0.4745,0.02532565673164052,0.26,54.79452054794521
6. Wine dataset,CopulaGAN,Naive Bayes,0,0.237,0.02551687894533952,2,0.4115,0.05126456432620446,0.1745,42.40583232077764
6. Wine dataset,CopulaGAN,Random Forest,0,0.3345,0.03609016486523718,2,0.535,0.02236067977499788,0.2005,37.47663551401869
6. Wine dataset,CopulaGAN,SVM-RBF,0,0.323,0.03513466158147029,2,0.5254999999999999,0.03312015163679728,0.20249999999999985,38.534728829685996
6. Wine dataset,ForestDiffusion,Decision Tree,0,0.5425000000000001,0.04411160089288681,2,0.446,0.05026595932305149,-0.09650000000000009,-21.63677130044845
6. Wine dataset,ForestDiffusion,Extra Trees,0,0.6725,0.06985103196565293,2,0.5445,0.03616705068920542,-0.128,-23.507805325987146
6. Wine dataset,ForestDiffusion,Gradient Boosting,0,0.611,0.05591660457025861,2,0.5285,0.02934942740308384,-0.08250000000000002,-15.610217596972568
6. Wine dataset,ForestDiffusion,KNN,0,0.5880000000000001,0.0483735464897913,2,0.4905,0.02660931332363833,-0.09750000000000009,-19.87767584097861
6. Wine dataset,ForestDiffusion,Logistic Regression,0,0.5255,0.03897648863952045,2,0.516,0.0323006707876684,-0.009499999999999953,-1.8410852713178203
6. Wine dataset,ForestDiffusion,MLP,0,0.599,0.07026932316294059,2,0.4934999999999999,0.02173706511928418,-0.1055000000000001,-21.377912867274595
6. Wine dataset,ForestDiffusion,Naive Bayes,0,0.413,0.03780064667289289,2,0.4115,0.05126456432620446,-0.0015000000000000013,-0.3645200486026735
6. Wine dataset,ForestDiffusion,Random Forest,0,0.6525000000000001,0.06460349147771435,2,0.5269999999999999,0.02057506581601463,-0.12550000000000017,-23.814041745730584
6. Wine dataset,ForestDiffusion,SVM-RBF,0,0.587,0.03343318378165289,2,0.5254999999999999,0.03312015163679728,-0.06150000000000011,-11.703139866793554
6. Wine dataset,GaussianCopula,AdaBoost,0,0.402,0.04541169697580374,2,0.4595,0.03789239149662281,0.057499999999999996,12.51360174102285
6. Wine dataset,GaussianCopula,Decision Tree,0,0.326,0.03116265571338731,2,0.446,0.05026595932305149,0.12,26.905829596412556
6. Wine dataset,GaussianCopula,Extra Trees,0,0.4269999999999999,0.02658320271650251,2,0.5325,0.02395017977199988,0.1055000000000001,19.812206572769973
6. Wine dataset,GaussianCopula,Gradient Boosting,0,0.415,0.01748014746950252,2,0.5285,0.02934942740308384,0.11349999999999999,21.475875118259225
6. Wine dataset,GaussianCopula,KNN,0,0.385,0.03965125751123439,2,0.4905,0.02660931332363833,0.10549999999999998,21.50866462793068
6. Wine dataset,GaussianCopula,Logistic Regression,0,0.4465,0.01528434202414717,2,0.5119999999999999,0.02888675205772439,0.06549999999999989,12.79296874999998
6. Wine dataset,GaussianCopula,MLP,0,0.3445,0.03427422095718912,2,0.4745,0.02532565673164052,0.13,27.397260273972606
6. Wine dataset,GaussianCopula,Naive Bayes,0,0.4065,0.02656752403468064,2,0.4115,0.05126456432620446,0.0050000000000000044,1.2150668286755784
6. Wine dataset,GaussianCopula,Random Forest,0,0.425,0.0209496751499609,2,0.535,0.02236067977499788,0.11000000000000004,20.560747663551407
6. Wine dataset,GaussianCopula,SVM-RBF,0,0.444,0.01100504934614613,2,0.5254999999999999,0.03312015163679728,0.08149999999999985,15.509039010466196
6. Wine dataset,TVAE,AdaBoost,0,0.4855,0.0334539484465835,2,0.4595,0.03789239149662281,-0.025999999999999968,-5.658324265505978
6. Wine dataset,TVAE,Decision Tree,0,0.4585,0.03464502529624964,2,0.446,0.05026595932305149,-0.012500000000000011,-2.802690582959644
6. Wine dataset,TVAE,Extra Trees,0,0.5065,0.02249073883475895,2,0.5325,0.02395017977199988,0.026000000000000023,4.882629107981225
6. Wine dataset,TVAE,Gradient Boosting,0,0.4949999999999999,0.02808716591058787,2,0.5285,0.02934942740308384,0.033500000000000085,6.338694418164633
6. Wine dataset,TVAE,KNN,0,0.4865,0.03018921809005476,2,0.4905,0.02660931332363833,0.0040000000000000036,0.8154943934760456
6. Wine dataset,TVAE,Logistic Regression,0,0.4989999999999999,0.01926424436906654,2,0.5119999999999999,0.02888675205772439,0.013000000000000012,2.5390625000000027
6. Wine dataset,TVAE,MLP,0,0.504,0.02118699810942762,2,0.4745,0.02532565673164052,-0.029500000000000026,-6.217070600632251
6. Wine dataset,TVAE,Naive Bayes,0,0.4705,0.04474930167052889,2,0.4115,0.05126456432620446,-0.059,-14.33778857837181
6. Wine dataset,TVAE,Random Forest,0,0.5055000000000001,0.01499073788117925,2,0.535,0.02236067977499788,0.02949999999999997,5.514018691588779
6. Wine dataset,TVAE,SVM-RBF,0,0.493,0.0207096327560121,2,0.5254999999999999,0.03312015163679728,0.03249999999999986,6.1845861084681015
6. Wine dataset,TabDDPM,Decision Tree,0,0.3125000000000001,0.03529636430757895,2,0.446,0.05026595932305149,0.1334999999999999,29.932735426008943
6. Wine dataset,TabDDPM,Extra Trees,0,0.4425000000000001,0.03002313922441971,2,0.5445,0.03616705068920542,0.10199999999999987,18.732782369145983
6. Wine dataset,TabDDPM,Gradient Boosting,0,0.4025,0.03259601202601325,2,0.5285,0.02934942740308384,0.12599999999999995,23.841059602648997
6. Wine dataset,TabDDPM,KNN,0,0.398,0.03326659986633241,2,0.4905,0.02660931332363833,0.09249999999999997,18.85830784913353
6. Wine dataset,TabDDPM,Logistic Regression,0,0.4695,0.02153163047962487,2,0.516,0.0323006707876684,0.04650000000000004,9.011627906976752
6. Wine dataset,TabDDPM,MLP,0,0.388,0.03409138046812159,2,0.4934999999999999,0.02173706511928418,0.10549999999999987,21.377912867274546
6. Wine dataset,TabDDPM,Naive Bayes,0,0.259,0.04427188724235732,2,0.4115,0.05126456432620446,0.15249999999999997,37.059538274605096
6. Wine dataset,TabDDPM,Random Forest,0,0.437,0.0216281709300111,2,0.5269999999999999,0.02057506581601463,0.08999999999999991,17.077798861480062
6. Wine dataset,TabDDPM,SVM-RBF,0,0.4600000000000001,0.003333333333333337,2,0.5254999999999999,0.03312015163679728,0.06549999999999978,12.46431969552803
6. Wine dataset,WGAN_GP,AdaBoost,0,0.409,0.04306326095924975,2,0.4595,0.03789239149662281,0.050500000000000045,10.990206746463556
6. Wine dataset,WGAN_GP,Decision Tree,0,0.3555,0.03554730807123251,2,0.446,0.05026595932305149,0.09050000000000002,20.291479820627806
6. Wine dataset,WGAN_GP,Extra Trees,0,0.48,0.0298142396999972,2,0.5325,0.02395017977199988,0.05249999999999999,9.859154929577464
6. Wine dataset,WGAN_GP,Gradient Boosting,0,0.4305,0.03593589972282437,2,0.5285,0.02934942740308384,0.09799999999999998,18.54304635761589
6. Wine dataset,WGAN_GP,KNN,0,0.413,0.02428991560298224,2,0.4905,0.02660931332363833,0.07750000000000001,15.800203873598372
6. Wine dataset,WGAN_GP,Logistic Regression,0,0.4555000000000001,0.0491285162722335,2,0.5119999999999999,0.02888675205772439,0.05649999999999977,11.035156249999957
6. Wine dataset,WGAN_GP,MLP,0,0.3724999999999999,0.03199392303408744,2,0.4745,0.02532565673164052,0.10200000000000009,21.496311907270833
6. Wine dataset,WGAN_GP,Naive Bayes,0,0.3789999999999999,0.03016620625799671,2,0.4115,0.05126456432620446,0.032500000000000084,7.897934386391272
6. Wine dataset,WGAN_GP,Random Forest,0,0.4635,0.03000462927246024,2,0.535,0.02236067977499788,0.07150000000000001,13.36448598130841
6. Wine dataset,WGAN_GP,SVM-RBF,0,0.4765,0.02667187449147302,2,0.5254999999999999,0.03312015163679728,0.04899999999999988,9.324452901998077
7. CDC diabetes dataset,CTABGAN,AdaBoost,0,0.8519451480132976,0.003585783899637594,2,0.8631213392433116,0.0006492744915581773,0.01117619123001401,1.2948574808510755
7. CDC diabetes dataset,CTABGAN,Decision Tree,0,0.731575510527149,0.01638897487056955,2,0.8577034193446256,0.001100478021426305,0.1261279088174766,14.705305583817237
7. CDC diabetes dataset,CTABGAN,Extra Trees,0,0.8454844071552952,0.001631010637238348,2,0.8513356814943801,0.0009037427725112313,0.005851274339084944,0.6873051918620388
7. CDC diabetes dataset,CTABGAN,Gradient Boosting,0,0.8551092290644293,0.001775443216791339,2,0.8653850720278614,0.0004897208981754782,0.010275842963432091,1.187430115861908
7. CDC diabetes dataset,CTABGAN,KNN,0,0.8337719645401298,0.002520267560738362,2,0.8472356340034827,0.0009003569645068221,0.013463669463352868,1.5891292720694894
7. CDC diabetes dataset,CTABGAN,Logistic Regression,0,0.8547827291435809,0.001335822200739526,2,0.8635467785341143,0.0007481700690606898,0.008764049390533435,1.0148899409260215
7. CDC diabetes dataset,CTABGAN,MLP,0,0.8301883805603925,0.002240546640463739,2,0.8644649358872882,0.001292019377334109,0.034276555326895775,3.9650602244166517
7. CDC diabetes dataset,CTABGAN,Naive Bayes,0,0.7850977520975146,0.007344714265515927,2,0.7729420611049548,0.001604092504916999,-0.012155690992559864,-1.5726522858883845
7. CDC diabetes dataset,CTABGAN,Random Forest,0,0.8526772993509578,0.001649754584792398,2,0.8585760645876208,0.0008837008421368494,0.005898765236662995,0.6870404941344606
7. CDC diabetes dataset,CTABGAN,SVM-RBF,0,0.8568723286370113,0.001481831693442191,2,0.863590311856894,0.0003809564049741432,0.006717983219882706,0.7779132220042722
7. CDC diabetes dataset,CTGAN,AdaBoost,0,0.8604915307899319,0.0004569927994031272,2,0.8631213392433116,0.0006492744915581773,0.0026298084533796784,0.3046858342866602
7. CDC diabetes dataset,CTGAN,Decision Tree,0,0.8023151812569257,0.01064427540217694,2,0.8577034193446256,0.001100478021426305,0.05538823808769988,6.457737819212875
7. CDC diabetes dataset,CTGAN,Extra Trees,0,0.8534787082475859,0.001218656747241858,2,0.8513356814943801,0.0009037427725112313,-0.002143026753205768,-0.25172523597789725
7. CDC diabetes dataset,CTGAN,Gradient Boosting,0,0.8590292069020105,0.001006946171972498,2,0.8653850720278614,0.0004897208981754782,0.006355865125850957,0.7344551380990689
7. CDC diabetes dataset,CTGAN,KNN,0,0.8518303783441507,0.001322577740871313,2,0.8472356340034827,0.0009003569645068221,-0.004594744340667978,-0.5423218944364054
7. CDC diabetes dataset,CTGAN,Logistic Regression,0,0.8609901852145005,0.000501769919784129,2,0.8635467785341143,0.0007481700690606898,0.002556593319613776,0.2960573049619428
7. CDC diabetes dataset,CTGAN,MLP,0,0.8517116511002059,0.002381073323293165,2,0.8644649358872882,0.001292019377334109,0.012753284787082375,1.475280749703559
7. CDC diabetes dataset,CTGAN,Naive Bayes,0,0.8148903751780908,0.005749281911694315,2,0.7729420611049548,0.001604092504916999,-0.04194831407313604,-5.4270968270466575
7. CDC diabetes dataset,CTGAN,Random Forest,0,0.8592369795789139,0.0004422224609427623,2,0.8585760645876208,0.0008837008421368494,-0.0006609149912930601,-0.07697803590768647
7. CDC diabetes dataset,CTGAN,SVM-RBF,0,0.8612414912141839,0.0002474750348748959,2,0.863590311856894,0.0003809564049741432,0.0023488206427101366,0.2719832089894219
7. CDC diabetes dataset,CopulaGAN,AdaBoost,0,0.8429792623080576,0.004675400210178547,2,0.8631213392433116,0.0006492744915581773,0.02014207693525394,2.3336321348412334
7. CDC diabetes dataset,CopulaGAN,Decision Tree,0,0.7312094348583188,0.01885498909388976,2,0.8577034193446256,0.001100478021426305,0.12649398448630678,14.747986498988345
7. CDC diabetes dataset,CopulaGAN,Extra Trees,0,0.8277425993351274,0.002875986243167014,2,0.8513356814943801,0.0009037427725112313,0.02359308215925271,2.7713019284988647
7. CDC diabetes dataset,CopulaGAN,Gradient Boosting,0,0.8372942061104954,0.007241919883901134,2,0.8653850720278614,0.0004897208981754782,0.02809086591736598,3.24605390425103
7. CDC diabetes dataset,CopulaGAN,KNN,0,0.8164140414753838,0.003124254655047447,2,0.8472356340034827,0.0009003569645068221,0.030821592528098907,3.6379008732737286
7. CDC diabetes dataset,CopulaGAN,Logistic Regression,0,0.8433473167642868,0.004437315035916815,2,0.8635467785341143,0.0007481700690606898,0.020199461769827565,2.3391276850243714
7. CDC diabetes dataset,CopulaGAN,MLP,0,0.8175122684818744,0.005110743202540411,2,0.8644649358872882,0.001292019377334109,0.04695266740541382,5.431413751585137
7. CDC diabetes dataset,CopulaGAN,Naive Bayes,0,0.7750652999841696,0.003405297644027692,2,0.7729420611049548,0.001604092504916999,-0.0021232388792148393,-0.27469573543191267
7. CDC diabetes dataset,CopulaGAN,Random Forest,0,0.8383983694791832,0.003151979757947421,2,0.8585760645876208,0.0008837008421368494,0.020177695108437588,2.3501348267994233
7. CDC diabetes dataset,CopulaGAN,SVM-RBF,0,0.8479321671679594,0.00339840763981591,2,0.863590311856894,0.0003809564049741432,0.015658144688934672,1.813145014939606
7. CDC diabetes dataset,ForestDiffusion,AdaBoost,0,0.852685214500554,0.004990014161301725,2,0.8631213392433116,0.0006492744915581773,0.010436124742757569,1.2091144394491276
7. CDC diabetes dataset,ForestDiffusion,Decision Tree,0,0.7933453379768878,0.008179284861907412,2,0.8577034193446256,0.001100478021426305,0.0643580813677378,7.503535594729708
7. CDC diabetes dataset,ForestDiffusion,Extra Trees,0,0.8530750356181732,0.001212077950855918,2,0.8513356814943801,0.0009037427725112313,-0.0017393541237931132,-0.20430884803747007
7. CDC diabetes dataset,ForestDiffusion,Gradient Boosting,0,0.8594328795314231,0.001759943124097367,2,0.8653850720278614,0.0004897208981754782,0.005952192496438302,0.6878085477590338
7. CDC diabetes dataset,ForestDiffusion,KNN,0,0.8443703498496122,0.002155324629646412,2,0.8472158461294919,0.0009310588989812209,0.0028454962798796224,0.3358643836608204
7. CDC diabetes dataset,ForestDiffusion,Logistic Regression,0,0.856987098306158,0.001738656117874269,2,0.8635467785341143,0.0007481700690606898,0.006559680227956277,0.759620716678655
7. CDC diabetes dataset,ForestDiffusion,MLP,0,0.8458979737217034,0.002917769493011457,2,0.8644649358872882,0.001292019377334109,0.018566962165584844,2.1477981806778184
7. CDC diabetes dataset,ForestDiffusion,Naive Bayes,0,0.2876800696533165,0.01325794881831392,2,0.7729420611049548,0.001604092504916999,0.4852619914516383,62.78115991746326
7. CDC diabetes dataset,ForestDiffusion,Random Forest,0,0.8582060313439925,0.0009257278421097861,2,0.8585760645876208,0.0008837008421368494,0.00037003324362827605,0.043098481181863046
7. CDC diabetes dataset,ForestDiffusion,SVM-RBF,0,0.8604875732151337,0.001281887740118282,2,0.863590311856894,0.0003809564049741432,0.003102738641760361,0.35928363243085076
7. CDC diabetes dataset,GaussianCopula,AdaBoost,0,0.8606735792306475,0.0,2,0.8631213392433116,0.0006492744915581773,0.002447760012664113,0.28359396313964796
7. CDC diabetes dataset,GaussianCopula,Decision Tree,0,0.754713471584613,0.01295988161819737,2,0.8577034193446256,0.001100478021426305,0.10298994776001258,12.007641037353867
7. CDC diabetes dataset,GaussianCopula,Extra Trees,0,0.8554792623080576,0.001360889364709098,2,0.8513356814943801,0.0009037427725112313,-0.004143580813677494,-0.4867152762120951
7. CDC diabetes dataset,GaussianCopula,Gradient Boosting,0,0.856868371062213,0.00611276894078939,2,0.8653850720278614,0.0004897208981754782,0.008516700965648383,0.98415159227223
7. CDC diabetes dataset,GaussianCopula,KNN,0,0.8477382460028495,0.004403796135796818,2,0.8472356340034827,0.0009003569645068221,-0.0005026119993668532,-0.05932375589443009
7. CDC diabetes dataset,GaussianCopula,Logistic Regression,0,0.8585661706506252,0.003773659633953558,2,0.8635467785341143,0.0007481700690606898,0.0049806078834890855,0.5767617930257066
7. CDC diabetes dataset,GaussianCopula,MLP,0,0.849345021370904,0.003224698025874451,2,0.8644649358872882,0.001292019377334109,0.01511991451638428,1.7490489074452946
7. CDC diabetes dataset,GaussianCopula,Naive Bayes,0,0.7992282729143582,0.01101323027968817,2,0.7729420611049548,0.001604092504916999,-0.02628621180940338,-3.4007997665214496
7. CDC diabetes dataset,GaussianCopula,Random Forest,0,0.8599889187905653,0.0003788951605161351,2,0.8585760645876208,0.0008837008421368494,-0.001412854202944458,-0.164557837239856
7. CDC diabetes dataset,GaussianCopula,SVM-RBF,0,0.8607052398290327,5.68018841792253e-05,2,0.863590311856894,0.0003809564049741432,0.0028850720278613684,0.3340787857679736
7. CDC diabetes dataset,TVAE,AdaBoost,0,0.8496774576539498,0.003929495627550374,2,0.8631213392433116,0.0006492744915581773,0.013443881589361828,1.5575888323127223
7. CDC diabetes dataset,TVAE,Decision Tree,0,0.8129254392908024,0.01026928130063118,2,0.8577034193446256,0.001100478021426305,0.04477798005382316,5.220683402199585
7. CDC diabetes dataset,TVAE,Extra Trees,0,0.855635586512585,0.001879352225427646,2,0.8513356814943801,0.0009037427725112313,-0.004299905018204875,-0.5050775048752916
7. CDC diabetes dataset,TVAE,Gradient Boosting,0,0.850678724077885,0.003088511885476318,2,0.8653850720278614,0.0004897208981754782,0.014706347949976384,1.6993993108195085
7. CDC diabetes dataset,TVAE,KNN,0,0.8348088491372486,0.007462880395066079,2,0.8472356340034827,0.0009003569645068221,0.012426784866234053,1.4667448307754924
7. CDC diabetes dataset,TVAE,Logistic Regression,0,0.8275744024062055,0.003838215616228882,2,0.8635467785341143,0.0007481700690606898,0.03597237612790882,4.165654602866165
7. CDC diabetes dataset,TVAE,MLP,0,0.8257539179990502,0.005634751649812295,2,0.8644649358872882,0.001292019377334109,0.03871101788823805,4.478032165469499
7. CDC diabetes dataset,TVAE,Naive Bayes,0,0.7603114611366154,0.003154232424814796,2,0.7729420611049548,0.001604092504916999,0.012630599968339373,1.6340940160874895
7. CDC diabetes dataset,TVAE,Random Forest,0,0.8584929555168592,0.002179107672663258,2,0.8585760645876208,0.0008837008421368494,8.310907076158891e-05,0.009679872778832553
7. CDC diabetes dataset,TVAE,SVM-RBF,0,0.817722019946177,0.00749411070386982,2,0.863590311856894,0.0003809564049741432,0.04586829191071706,5.31134859677744
7. CDC diabetes dataset,TabDDPM,AdaBoost,0,0.8605687034984962,0.0001207060313439867,2,0.8631213392433116,0.0006492744915581773,0.002552635744815346,0.29574471499606436
7. CDC diabetes dataset,TabDDPM,Decision Tree,0,0.7278692417286687,0.02918620347758178,2,0.8577034193446256,0.001100478021426305,0.12983417761595684,15.137421011468465
7. CDC diabetes dataset,TabDDPM,Extra Trees,0,0.8518679753047333,0.001281820538095891,2,0.8513356814943801,0.0009037427725112313,-0.000532293810353246,-0.06252455076461631
7. CDC diabetes dataset,TabDDPM,Gradient Boosting,0,0.8555406047174292,0.00377696765177999,2,0.8653850720278614,0.0004897208981754782,0.009844467310432203,1.1375822889298992
7. CDC diabetes dataset,TabDDPM,KNN,0,0.8458029919265474,0.001758857064936351,2,0.8472158461294919,0.0009310588989812209,0.001412854202944458,0.16676437408472547
7. CDC diabetes dataset,TabDDPM,Logistic Regression,0,0.8601393066328953,0.0005102049190908339,2,0.8635467785341143,0.0007481700690606898,0.003407471901219039,0.3945903089353517
7. CDC diabetes dataset,TabDDPM,MLP,0,0.8481953458920373,0.00515717857077356,2,0.8644649358872882,0.001292019377334109,0.016269589995250966,1.8820416329034597
7. CDC diabetes dataset,TabDDPM,Naive Bayes,0,0.8468933037834414,0.02330599669903018,2,0.7729420611049548,0.001604092504916999,-0.07395124267848663,-9.567501420840014
7. CDC diabetes dataset,TabDDPM,Random Forest,0,0.8585087858160518,0.000923277687889107,2,0.8585760645876208,0.0008837008421368494,6.727877156897932e-05,0.007836087487634974
7. CDC diabetes dataset,TabDDPM,SVM-RBF,0,0.8606735792306475,0.0,2,0.863590311856894,0.0003809564049741432,0.0029167326262465876,0.33774494528256366
7. CDC diabetes dataset,WGAN_GP,AdaBoost,0,0.8584870191546621,0.006817985135965122,2,0.8631213392433116,0.0006492744915581773,0.004634320088649502,0.5369256763727284
7. CDC diabetes dataset,WGAN_GP,Decision Tree,0,0.8317536013930663,0.01668309835502503,2,0.8577034193446256,0.001100478021426305,0.025949817951559262,3.0255001165073607
7. CDC diabetes dataset,WGAN_GP,Extra Trees,0,0.8605766186480924,0.0009465328426352781,2,0.8513356814943801,0.0009037427725112313,-0.009240937153712325,-1.0854633905971587
7. CDC diabetes dataset,WGAN_GP,Gradient Boosting,0,0.861605588095615,0.0008838979956732374,2,0.8653850720278614,0.0004897208981754782,0.0037794839322463636,0.4367401350464573
7. CDC diabetes dataset,WGAN_GP,KNN,0,0.8482863701123952,0.002493240713321491,2,0.8472356340034827,0.0009003569645068221,-0.0010507361089124867,-0.1240193479525163
7. CDC diabetes dataset,WGAN_GP,Logistic Regression,0,0.8597613582396706,0.001479054565792338,2,0.8635467785341143,0.0007481700690606898,0.003785420294443731,0.438357294421218
7. CDC diabetes dataset,WGAN_GP,MLP,0,0.8549825866708881,0.001575447846904139,2,0.8644649358872882,0.001292019377334109,0.009482349216400121,1.096903856102321
7. CDC diabetes dataset,WGAN_GP,Naive Bayes,0,0.7432879531423143,0.004152472980693374,2,0.7729420611049548,0.001604092504916999,0.029654107962640452,3.8365240365168636
7. CDC diabetes dataset,WGAN_GP,Random Forest,0,0.8621517334177616,0.00047027330283188,2,0.8585760645876208,0.0008837008421368494,-0.0035756688301408213,-0.41646500265043335
7. CDC diabetes dataset,WGAN_GP,SVM-RBF,0,0.8611267215450372,0.001038946301823747,2,0.863590311856894,0.0003809564049741432,0.0024635903118568336,0.2852730372298429
8. Mushroom dataset,CTABGAN,AdaBoost,0,0.5572914932578659,0.0126539348298571,2,0.6530214749458965,0.00911056123636879,0.0957299816880306,14.65954572105947
8. Mushroom dataset,CTABGAN,Decision Tree,0,0.5099633760612619,0.03616914316283894,2,0.9430830697519561,0.003054622010995107,0.43311969369069425,45.925932463681136
8. Mushroom dataset,CTABGAN,Extra Trees,0,0.5379806891959381,0.0103561418600684,2,0.999983352755119,3.329448976194804e-05,0.46200266355918085,46.2010354758694
8. Mushroom dataset,CTABGAN,Gradient Boosting,0,0.5483768936241051,0.01491925677574574,2,0.8177376394206759,0.009463270545125387,0.26936074579657077,32.93975143267206
8. Mushroom dataset,CTABGAN,KNN,0,0.5353421008823039,0.01070038490697255,2,0.9993757283169635,0.0001870501502766885,0.4640336274346596,46.43234914421356
8. Mushroom dataset,CTABGAN,Logistic Regression,0,0.5837439653737306,0.008306328796969605,2,0.6532711836191111,0.003432765231763527,0.06952721824538044,10.64293359156007
8. Mushroom dataset,CTABGAN,MLP,0,0.5294822706842017,0.01079068968530469,2,0.9998002330614282,0.0001498252039287662,0.47031796237722645,47.04119351293749
8. Mushroom dataset,CTABGAN,Naive Bayes,0,0.5852172465456966,0.008408325472368545,2,0.6093557516231064,0.002206246746399765,0.024138505077409778,3.9613157032018504
8. Mushroom dataset,CTABGAN,Random Forest,0,0.5413434326618944,0.01548784593639103,2,0.9998917929082738,3.814362988976479e-05,0.45854836024637935,45.85979838004779
8. Mushroom dataset,CTABGAN,SVM-RBF,0,0.5837023472615284,0.007862823487773094,2,0.652688530048277,0.003540466283100108,0.06898618278674862,10.569541153365444
8. Mushroom dataset,CTGAN,AdaBoost,0,0.5610038288663226,0.02333853637156441,2,0.6530214749458965,0.00911056123636879,0.09201764607957386,14.09105972926811
8. Mushroom dataset,CTGAN,Decision Tree,0,0.5327950724155153,0.02746041131158687,2,0.9430830697519561,0.003054622010995107,0.41028799733644084,43.50496902084694
8. Mushroom dataset,CTGAN,Extra Trees,0,0.5475944731146996,0.01791938081175807,2,0.999983352755119,3.329448976194804e-05,0.4523888796404194,45.239641079425326
8. Mushroom dataset,CTGAN,Gradient Boosting,0,0.5635508573331114,0.01652054540663991,2,0.8177376394206759,0.009463270545125387,0.2541867820875645,31.084148488950866
8. Mushroom dataset,CTGAN,KNN,0,0.4929332445480273,0.01249255942265013,2,0.9993757283169635,0.0001870501502766885,0.5064424837689363,50.675883896222885
8. Mushroom dataset,CTGAN,Logistic Regression,0,0.5579240885633427,0.01263883619990623,2,0.6532711836191111,0.003432765231763527,0.09534709505576833,14.595331532541673
8. Mushroom dataset,CTGAN,MLP,0,0.518012318961212,0.01971884250899525,2,0.9998002330614282,0.0001498252039287662,0.48178791410021615,48.18841786273268
8. Mushroom dataset,CTGAN,Naive Bayes,0,0.5532378891293491,0.01102282709517512,2,0.6093557516231064,0.002206246746399765,0.056117862493757276,9.209376024478198
8. Mushroom dataset,CTGAN,Random Forest,0,0.5432911603129682,0.01761107976033547,2,0.9998917929082738,3.814362988976479e-05,0.4566006325953056,45.665004536865155
8. Mushroom dataset,CTGAN,SVM-RBF,0,0.5578075578491759,0.01289383925033474,2,0.652688530048277,0.003540466283100108,0.09488097219910108,14.536944933302731
8. Mushroom dataset,CopulaGAN,AdaBoost,0,0.5658814716164475,0.006043001484273743,2,0.6530214749458965,0.00911056123636879,0.08714000332944893,13.34412521987406
8. Mushroom dataset,CopulaGAN,Decision Tree,0,0.5234226735475278,0.03195859578285498,2,0.9430830697519561,0.003054622010995107,0.4196603962044283,44.49877319023496
8. Mushroom dataset,CopulaGAN,Extra Trees,0,0.5564757782586982,0.01158827917179895,2,0.999983352755119,3.329448976194804e-05,0.44350757449642075,44.35149577985316
8. Mushroom dataset,CopulaGAN,Gradient Boosting,0,0.5640835691693025,0.006177950477654592,2,0.8177376394206759,0.009463270545125387,0.25365407025137343,31.01900389849659
8. Mushroom dataset,CopulaGAN,KNN,0,0.5636340935575163,0.009603689379772073,2,0.9993757283169635,0.0001870501502766885,0.43574163475944727,43.60138258443343
8. Mushroom dataset,CopulaGAN,Logistic Regression,0,0.5467204927584485,0.00788946376228619,2,0.6532711836191111,0.003432765231763527,0.1065506908606626,16.31033076805464
8. Mushroom dataset,CopulaGAN,MLP,0,0.5513484268353588,0.01633452107363115,2,0.9998002330614282,0.0001498252039287662,0.4484518062260694,44.85414099703618
8. Mushroom dataset,CopulaGAN,Naive Bayes,0,0.5450391210254704,0.00973425847596451,2,0.6093557516231064,0.002206246746399765,0.06431663059763604,10.554857392634677
8. Mushroom dataset,CopulaGAN,Random Forest,0,0.5576327617779258,0.01106272990693034,2,0.9998917929082738,3.814362988976479e-05,0.44225903113034803,44.2306891872768
8. Mushroom dataset,CopulaGAN,SVM-RBF,0,0.5477609455635093,0.006741599799608036,2,0.652688530048277,0.003540466283100108,0.10492758448476769,16.076210880710065
8. Mushroom dataset,ForestDiffusion,AdaBoost,0,0.6569668719826869,0.0109464844492528,2,0.6530214749458965,0.00911056123636879,-0.003945397036790421,-0.6041756953119041
8. Mushroom dataset,ForestDiffusion,Decision Tree,0,0.7802896620609289,0.02365755075624813,2,0.9430830697519561,0.003054622010995107,0.16279340769102724,17.261831212158665
8. Mushroom dataset,ForestDiffusion,Extra Trees,0,0.9139836857000165,0.005142112712232631,2,0.999983352755119,3.329448976194804e-05,0.08599966705510242,8.600109873645312
8. Mushroom dataset,ForestDiffusion,Gradient Boosting,0,0.7879473947061761,0.01187750298864832,2,0.8177376394206759,0.009463270545125387,0.02979024471449976,3.643007644310537
8. Mushroom dataset,ForestDiffusion,KNN,0,0.8545446978525055,0.006035774246015561,2,0.9993757283169635,0.0001870501502766885,0.144831030464458,14.492150085370412
8. Mushroom dataset,ForestDiffusion,Logistic Regression,0,0.6629432328949559,0.00567524574843845,2,0.6532711836191111,0.003432765231763527,-0.009672049275844863,-1.4805565465572623
8. Mushroom dataset,ForestDiffusion,MLP,0,0.8373064757782587,0.007921202748569733,2,0.9998002330614282,0.0001498252039287662,0.1624937572831695,16.252622464950534
8. Mushroom dataset,ForestDiffusion,Naive Bayes,0,0.5940069918428501,0.004325593662813265,2,0.6093557516231064,0.002206246746399765,0.015348759780256294,2.5188503988635
8. Mushroom dataset,ForestDiffusion,Random Forest,0,0.8865656733810553,0.005322147880907117,2,0.9998917929082738,3.814362988976479e-05,0.1133261195272185,11.333838354408275
8. Mushroom dataset,ForestDiffusion,SVM-RBF,0,0.6626602297319792,0.005627384388638883,2,0.652688530048277,0.003540466283100108,-0.009971699683702262,-1.5277884051317236
8. Mushroom dataset,GaussianCopula,AdaBoost,0,0.5836357582820042,0.009376020348600559,2,0.6530214749458965,0.00911056123636879,0.06938571666389226,10.625334590970526
8. Mushroom dataset,GaussianCopula,Decision Tree,0,0.5393873813883802,0.02418844681205261,2,0.9430830697519561,0.003054622010995107,0.40369568836357594,42.8059522338529
8. Mushroom dataset,GaussianCopula,Extra Trees,0,0.5888130514399867,0.0178575749284664,2,0.999983352755119,3.329448976194804e-05,0.4111703013151322,41.11771462817758
8. Mushroom dataset,GaussianCopula,Gradient Boosting,0,0.5854919260862327,0.01520065071375097,2,0.8177376394206759,0.009463270545125387,0.23224571333444322,28.401005669615145
8. Mushroom dataset,GaussianCopula,KNN,0,0.5445480273014816,0.01196349826027345,2,0.9993757283169635,0.0001870501502766885,0.454827701015482,45.511181443384835
8. Mushroom dataset,GaussianCopula,Logistic Regression,0,0.5705094056933577,0.009975051497526855,2,0.6532711836191111,0.003432765231763527,0.08276177792575334,12.668824218949092
8. Mushroom dataset,GaussianCopula,MLP,0,0.5755618445147327,0.01069543702736046,2,0.9998002330614282,0.0001498252039287662,0.4242383885466955,42.432315428419194
8. Mushroom dataset,GaussianCopula,Naive Bayes,0,0.6021807890794073,0.0192568835557357,2,0.6093557516231064,0.002206246746399765,0.007174962543699093,1.1774669435034544
8. Mushroom dataset,GaussianCopula,Random Forest,0,0.5762527051772931,0.02247475011627274,2,0.9998917929082738,3.814362988976479e-05,0.4236390877309807,42.3684933445437
8. Mushroom dataset,GaussianCopula,SVM-RBF,0,0.5699600466122857,0.01048665770333428,2,0.652688530048277,0.003540466283100108,0.08272848343599126,12.675032519703102
8. Mushroom dataset,TVAE,AdaBoost,0,0.6089312468786415,0.004452484514453629,2,0.6530214749458965,0.00911056123636879,0.04409022806725493,6.75172712672395
8. Mushroom dataset,TVAE,Decision Tree,0,0.5821458298651574,0.01160340733183154,2,0.9430830697519561,0.003054622010995107,0.3609372398867987,38.272051684877574
8. Mushroom dataset,TVAE,Extra Trees,0,0.6247128350258032,0.006276701237646473,2,0.999983352755119,3.329448976194804e-05,0.37527051772931574,37.527676505352176
8. Mushroom dataset,TVAE,Gradient Boosting,0,0.5960878974529716,0.006326193997146319,2,0.8177376394206759,0.009463270545125387,0.22164974196770426,27.10523905011043
8. Mushroom dataset,TVAE,KNN,0,0.6008323622440486,0.00661915893216344,2,0.9993757283169635,0.0001870501502766885,0.39854336607291496,39.87923208262191
8. Mushroom dataset,TVAE,Logistic Regression,0,0.6100133177959047,0.00784207604568492,2,0.6532711836191111,0.003432765231763527,0.04325786582320634,6.621731817950168
8. Mushroom dataset,TVAE,MLP,0,0.6079157649409023,0.006682085688881362,2,0.9998002330614282,0.0001498252039287662,0.3918844681205259,39.196276932298765
8. Mushroom dataset,TVAE,Naive Bayes,0,0.5786582320625937,0.01264051075755939,2,0.6093557516231064,0.002206246746399765,0.030697519560512698,5.037700797727018
8. Mushroom dataset,TVAE,Random Forest,0,0.6162726818711504,0.004638797427089249,2,0.9998917929082738,3.814362988976479e-05,0.38361911103712343,38.36606258376552
8. Mushroom dataset,TVAE,SVM-RBF,0,0.608631596470784,0.007033480663064667,2,0.652688530048277,0.003540466283100108,0.04405693357749296,6.750070140536135
8. Mushroom dataset,TabDDPM,AdaBoost,0,0.4825703346096221,0.01330375279247198,2,0.6530214749458965,0.00911056123636879,0.17045114033627434,26.1019195961965
8. Mushroom dataset,TabDDPM,Decision Tree,0,0.4905859830198102,0.03061241057693206,2,0.9430830697519561,0.003054622010995107,0.4524970867321459,47.980618170906084
8. Mushroom dataset,TabDDPM,Extra Trees,0,0.4556517396370901,0.01505916985844268,2,0.999983352755119,3.329448976194804e-05,0.5443316131180289,54.43406748905425
8. Mushroom dataset,TabDDPM,Gradient Boosting,0,0.4827201598135508,0.018763379920189,2,0.8177376394206759,0.009463270545125387,0.3350174796071251,40.96882220616227
8. Mushroom dataset,TabDDPM,KNN,0,0.4854752788413517,0.01105508989160575,2,0.9993757283169635,0.0001870501502766885,0.5139004494756119,51.422146337400584
8. Mushroom dataset,TabDDPM,Logistic Regression,0,0.5085983019810223,0.01367199263763621,2,0.6532711836191111,0.003432765231763527,0.14467288163808878,22.145915090973936
8. Mushroom dataset,TabDDPM,MLP,0,0.4774346595638422,0.01317277090397607,2,0.9998002330614282,0.0001498252039287662,0.522365573497586,52.24699457191382
8. Mushroom dataset,TabDDPM,Naive Bayes,0,0.5128849675378724,0.0129711738548142,2,0.6093557516231064,0.002206246746399765,0.09647078408523402,15.831603103485978
8. Mushroom dataset,TabDDPM,Random Forest,0,0.4495172298984518,0.02139291607747043,2,0.9998917929082738,3.814362988976479e-05,0.550374563009822,55.04341238855545
8. Mushroom dataset,TabDDPM,SVM-RBF,0,0.5084984185117364,0.01407019435272617,2,0.652688530048277,0.003540466283100108,0.1441901115365406,22.09171831560689
8. Mushroom dataset,WGAN_GP,AdaBoost,0,0.661661395039121,0.01286158856582996,2,0.6530214749458965,0.00911056123636879,-0.008639920093224562,-1.3230682947969497
8. Mushroom dataset,WGAN_GP,Decision Tree,0,0.6167887464624604,0.01823631214670124,2,0.9430830697519561,0.003054622010995107,0.3262943232894957,34.598683165345726
8. Mushroom dataset,WGAN_GP,Extra Trees,0,0.6977942400532712,0.009379067959934003,2,0.999983352755119,3.329448976194804e-05,0.3021891127018478,30.21941434017546
8. Mushroom dataset,WGAN_GP,Gradient Boosting,0,0.6841601464957549,0.01114061749778954,2,0.8177376394206759,0.009463270545125387,0.13357749292492105,16.33500605641116
8. Mushroom dataset,WGAN_GP,KNN,0,0.678733144664558,0.007630455867887208,2,0.9993757283169635,0.0001870501502766885,0.3206425836524055,32.08428767750801
8. Mushroom dataset,WGAN_GP,Logistic Regression,0,0.6309222573664058,0.006095307499623616,2,0.6532711836191111,0.003432765231763527,0.022348926252705237,3.421079455685244
8. Mushroom dataset,WGAN_GP,MLP,0,0.7105626768769768,0.0113747135435117,2,0.9998002330614282,0.0001498252039287662,0.28923755618445135,28.92953478304305
8. Mushroom dataset,WGAN_GP,Naive Bayes,0,0.6315382054270019,0.006299948522068798,2,0.6093557516231064,0.002206246746399765,-0.022182453803895497,-3.64031253414928
8. Mushroom dataset,WGAN_GP,Random Forest,0,0.6969535541867821,0.01033154358573321,2,0.9998917929082738,3.814362988976479e-05,0.3029382387214917,30.297102233469587
8. Mushroom dataset,WGAN_GP,SVM-RBF,0,0.629573830531047,0.006539004096288202,2,0.652688530048277,0.003540466283100108,0.023114699517229997,3.5414594332644835
9. MAGIC Gamma Telescope,CTABGAN,AdaBoost,0,0.801235541535226,0.01112422324595313,2,0.8260778128286015,0.00731093303712669,0.024842271293375462,3.007255600814672
9. MAGIC Gamma Telescope,CTABGAN,Decision Tree,0,0.7580441640378549,0.009805291733094433,2,0.8164300736067298,0.004641993322208204,0.058385909568874905,7.15136684161381
9. MAGIC Gamma Telescope,CTABGAN,Extra Trees,0,0.810646687697161,0.00709394490136061,2,0.8783385909568875,0.006236215325787138,0.06769190325972652,7.706811923859681
9. MAGIC Gamma Telescope,CTABGAN,Gradient Boosting,0,0.8167981072555206,0.007521755886322857,2,0.871503680336488,0.004754880333623303,0.05470557308096735,6.277147683397677
9. MAGIC Gamma Telescope,CTABGAN,KNN,0,0.7672975814931651,0.008753430071197627,2,0.8379074658254468,0.004507779858963618,0.07060988433228177,8.42693104097383
9. MAGIC Gamma Telescope,CTABGAN,Logistic Regression,0,0.7834384858044163,0.007031076415732552,2,0.7909043112513143,0.007487454045746446,0.007465825446898,0.9439606461477097
9. MAGIC Gamma Telescope,CTABGAN,MLP,0,0.7944006309148265,0.008774444468386426,2,0.8779968454258673,0.004971791311697523,0.08359621451104082,9.521243150992525
9. MAGIC Gamma Telescope,CTABGAN,Naive Bayes,0,0.7477655099894848,0.006370463099922532,2,0.7257360672975814,0.007967555111302515,-0.022029442691903323,-3.0354620205020555
9. MAGIC Gamma Telescope,CTABGAN,Random Forest,0,0.8210042060988434,0.004815033151008083,2,0.8803364879074657,0.005614590567492112,0.05933228180862227,6.739727663640681
9. MAGIC Gamma Telescope,CTABGAN,SVM-RBF,0,0.8023133543638276,0.008073491414555033,2,0.8693743427970556,0.005055868700125186,0.06706098843322805,7.713706873091215
9. MAGIC Gamma Telescope,CTGAN,AdaBoost,0,0.7273133543638276,0.007351325369948065,2,0.8260778128286015,0.00731093303712669,0.09876445846477389,11.955829938900198
9. MAGIC Gamma Telescope,CTGAN,Decision Tree,0,0.6712407991587803,0.01019843454741809,2,0.8164300736067298,0.004641993322208204,0.1451892744479495,17.783430466561477
9. MAGIC Gamma Telescope,CTGAN,Extra Trees,0,0.7466351209253418,0.008172011409421016,2,0.8783385909568875,0.006236215325787138,0.1317034700315457,14.994612713994966
9. MAGIC Gamma Telescope,CTGAN,Gradient Boosting,0,0.7284174553101999,0.01027085205494365,2,0.871503680336488,0.004754880333623303,0.1430862250262881,16.418315637065632
9. MAGIC Gamma Telescope,CTGAN,KNN,0,0.7134332281808622,0.009213188350463444,2,0.8379074658254468,0.004507779858963618,0.12447423764458465,14.855368011545462
9. MAGIC Gamma Telescope,CTGAN,Logistic Regression,0,0.7496845425867509,0.007806110390312292,2,0.7909043112513143,0.007487454045746446,0.04121976866456345,5.2117263843648
9. MAGIC Gamma Telescope,CTGAN,MLP,0,0.7351209253417456,0.01281836225807341,2,0.8779968454258673,0.004971791311697523,0.14287592008412175,16.272942303661765
9. MAGIC Gamma Telescope,CTGAN,Naive Bayes,0,0.7475026288117771,0.00867527801447479,2,0.7257360672975814,0.007967555111302515,-0.021766561514195648,-2.9992393233600265
9. MAGIC Gamma Telescope,CTGAN,Random Forest,0,0.7317034700315458,0.01189559840838278,2,0.8803364879074657,0.005614590567492112,0.14863301787591987,16.883659818442403
9. MAGIC Gamma Telescope,CTGAN,SVM-RBF,0,0.755783385909569,0.008541818135002814,2,0.8693743427970556,0.005055868700125186,0.11359095688748666,13.065828066886377
9. MAGIC Gamma Telescope,CopulaGAN,AdaBoost,0,0.7417192429022083,0.01467256168739851,2,0.8260778128286015,0.00731093303712669,0.08435856992639323,10.2119399185336
9. MAGIC Gamma Telescope,CopulaGAN,Decision Tree,0,0.6478180862250263,0.02378168199076846,2,0.8164300736067298,0.004641993322208204,0.16861198738170347,20.652348906848697
9. MAGIC Gamma Telescope,CopulaGAN,Extra Trees,0,0.7678233438485804,0.006668897051829109,2,0.8783385909568875,0.006236215325787138,0.11051524710830707,12.582305758410154
9. MAGIC Gamma Telescope,CopulaGAN,Gradient Boosting,0,0.7505520504731861,0.00832254573487599,2,0.871503680336488,0.004754880333623303,0.12095162986330188,13.878499034749044
9. MAGIC Gamma Telescope,CopulaGAN,KNN,0,0.7261041009463722,0.01107441369140219,2,0.8379074658254468,0.004507779858963618,0.11180336487907461,13.343163707096688
9. MAGIC Gamma Telescope,CopulaGAN,Logistic Regression,0,0.7718980021030494,0.007251947870013245,2,0.7909043112513143,0.007487454045746446,0.019006309148264955,2.4031110815661734
9. MAGIC Gamma Telescope,CopulaGAN,MLP,0,0.7211619348054679,0.01246292465742716,2,0.8779968454258673,0.004971791311697523,0.15683491062039945,17.862810263780343
9. MAGIC Gamma Telescope,CopulaGAN,Naive Bayes,0,0.7243953732912723,0.007572803261672293,2,0.7257360672975814,0.007967555111302515,0.0013406940063090955,0.18473575542434165
9. MAGIC Gamma Telescope,CopulaGAN,Random Forest,0,0.7588853838065195,0.008174547962050424,2,0.8803364879074657,0.005614590567492112,0.12145110410094617,13.795986622073558
9. MAGIC Gamma Telescope,CopulaGAN,SVM-RBF,0,0.7812039957939012,0.005574134872474592,2,0.8693743427970556,0.005055868700125186,0.0881703470031544,10.141816092649131
9. MAGIC Gamma Telescope,ForestDiffusion,AdaBoost,0,0.8166666666666668,0.006136121972874754,2,0.8260778128286015,0.00731093303712669,0.009411146161934725,1.139256619144593
9. MAGIC Gamma Telescope,ForestDiffusion,Decision Tree,0,0.7875920084121976,0.01162814707922179,2,0.8164300736067298,0.004641993322208204,0.028838065194532247,3.5322149595904517
9. MAGIC Gamma Telescope,ForestDiffusion,Extra Trees,0,0.8530757097791799,0.004862164871229767,2,0.8783385909568875,0.006236215325787138,0.025262881177707586,2.876212139351121
9. MAGIC Gamma Telescope,ForestDiffusion,Gradient Boosting,0,0.8492639327024186,0.008238043493988417,2,0.871503680336488,0.004754880333623303,0.02223974763406933,2.551882239382231
9. MAGIC Gamma Telescope,ForestDiffusion,KNN,0,0.8024185068349107,0.006320310840242182,2,0.8379074658254468,0.004507779858963618,0.03548895899053617,4.235426993788027
9. MAGIC Gamma Telescope,ForestDiffusion,Logistic Regression,0,0.7915352260778128,0.005994613170868242,2,0.7909043112513143,0.007487454045746446,-0.0006309148264984632,-0.07977132220967076
9. MAGIC Gamma Telescope,ForestDiffusion,MLP,0,0.8297844374342798,0.007066811306944826,2,0.8779968454258673,0.004971791311697523,0.04821240799158755,5.491182370729635
9. MAGIC Gamma Telescope,ForestDiffusion,Naive Bayes,0,0.7210042060988433,0.007762832660711549,2,0.7257360672975814,0.007967555111302515,0.004731861198738141,0.6520085485565215
9. MAGIC Gamma Telescope,ForestDiffusion,Random Forest,0,0.8539957939011567,0.007233007331008701,2,0.8803364879074657,0.005614590567492112,0.026340694006309007,2.9921165790730853
9. MAGIC Gamma Telescope,ForestDiffusion,SVM-RBF,0,0.7897476340694006,0.005352457031598057,2,0.7892481598317562,0.007559879483598006,-0.0004994742376444039,-0.06328481497516278
9. MAGIC Gamma Telescope,GaussianCopula,AdaBoost,0,0.7570452155625657,0.01159469910274645,2,0.8260778128286015,0.00731093303712669,0.06903259726603583,8.356670061099805
9. MAGIC Gamma Telescope,GaussianCopula,Decision Tree,0,0.6734752891692954,0.02061580166239039,2,0.8164300736067298,0.004641993322208204,0.14295478443743437,17.509740155198518
9. MAGIC Gamma Telescope,GaussianCopula,Extra Trees,0,0.7595425867507887,0.01106854635274036,2,0.8783385909568875,0.006236215325787138,0.11879600420609882,13.525080809290072
9. MAGIC Gamma Telescope,GaussianCopula,Gradient Boosting,0,0.7552576235541536,0.01112332243247771,2,0.871503680336488,0.004754880333623303,0.11624605678233435,13.338561776061772
9. MAGIC Gamma Telescope,GaussianCopula,KNN,0,0.7175604626708727,0.009372147194598186,2,0.8379074658254468,0.004507779858963618,0.12034700315457414,14.362803538934557
9. MAGIC Gamma Telescope,GaussianCopula,Logistic Regression,0,0.7710304942166142,0.00901417986744327,2,0.7909043112513143,0.007487454045746446,0.019873817034700147,2.512796649604446
9. MAGIC Gamma Telescope,GaussianCopula,MLP,0,0.7223974763406941,0.02002043403223949,2,0.8779968454258673,0.004971791311697523,0.15559936908517324,17.722087487649304
9. MAGIC Gamma Telescope,GaussianCopula,Naive Bayes,0,0.7251840168243955,0.01391592744486611,2,0.7257360672975814,0.007967555111302515,0.000552050473185961,0.07606766399823943
9. MAGIC Gamma Telescope,GaussianCopula,Random Forest,0,0.7548107255520506,0.01574614367183315,2,0.8803364879074657,0.005614590567492112,0.12552576235541502,14.258838987099821
9. MAGIC Gamma Telescope,GaussianCopula,SVM-RBF,0,0.7424815983175604,0.01481036253454471,2,0.8693743427970556,0.005055868700125186,0.12689274447949517,14.595869492909186
9. MAGIC Gamma Telescope,TVAE,AdaBoost,0,0.7883806519453207,0.008829051326890984,2,0.8260778128286015,0.00731093303712669,0.03769716088328079,4.563391038696541
9. MAGIC Gamma Telescope,TVAE,Decision Tree,0,0.6873817034700316,0.01209241987784873,2,0.8164300736067298,0.004641993322208204,0.12904837013669823,15.806420452715976
9. MAGIC Gamma Telescope,TVAE,Extra Trees,0,0.7845425867507887,0.009388355111361296,2,0.8783385909568875,0.006236215325787138,0.0937960042060988,10.67879803663354
9. MAGIC Gamma Telescope,TVAE,Gradient Boosting,0,0.7679284963196634,0.008224274511728072,2,0.871503680336488,0.004754880333623303,0.10357518401682453,11.884652509652526
9. MAGIC Gamma Telescope,TVAE,KNN,0,0.7689537329127234,0.007179544374392018,2,0.8379074658254468,0.004507779858963618,0.06895373291272344,8.229277781263725
9. MAGIC Gamma Telescope,TVAE,Logistic Regression,0,0.753496319663512,0.008164608629745787,2,0.7909043112513143,0.007487454045746446,0.03740799158780228,4.729774646014754
9. MAGIC Gamma Telescope,TVAE,MLP,0,0.7312302839116719,0.01186535097467208,2,0.8779968454258673,0.004971791311697523,0.14676656151419543,16.7160693433935
9. MAGIC Gamma Telescope,TVAE,Naive Bayes,0,0.7063091482649841,0.006578125458774496,2,0.7257360672975814,0.007967555111302515,0.0194269190325973,2.6768573187959626
9. MAGIC Gamma Telescope,TVAE,Random Forest,0,0.777944269190326,0.007721773824268265,2,0.8803364879074657,0.005614590567492112,0.10239221871713966,11.631032011466774
9. MAGIC Gamma Telescope,TVAE,SVM-RBF,0,0.7870662460567822,0.008520757195271981,2,0.8693743427970556,0.005055868700125186,0.0823080967402734,9.467509298176651
9. MAGIC Gamma Telescope,TabDDPM,AdaBoost,0,0.6452944269190326,0.005906408310205905,2,0.8260778128286015,0.00731093303712669,0.18078338590956888,21.88454684317719
9. MAGIC Gamma Telescope,TabDDPM,Decision Tree,0,0.5559674027339643,0.01407357408562904,2,0.8164300736067298,0.004641993322208204,0.26046267087276553,31.902630646875103
9. MAGIC Gamma Telescope,TabDDPM,Extra Trees,0,0.6383280757097791,0.0109225784870775,2,0.8783385909568875,0.006236215325787138,0.24001051524710837,27.325511792170488
9. MAGIC Gamma Telescope,TabDDPM,Gradient Boosting,0,0.6281808622502629,0.00843860864519413,2,0.871503680336488,0.004754880333623303,0.24332281808622502,27.91988416988417
9. MAGIC Gamma Telescope,TabDDPM,KNN,0,0.6043638275499473,0.01003297302396089,2,0.8379074658254468,0.004507779858963618,0.2335436382754995,27.872246972454043
9. MAGIC Gamma Telescope,TabDDPM,Logistic Regression,0,0.6484752891692954,0.0005613605810741979,2,0.7909043112513143,0.007487454045746446,0.1424290220820189,18.008375988832015
9. MAGIC Gamma Telescope,TabDDPM,MLP,0,0.6310988433228182,0.01057099444446813,2,0.8779968454258673,0.004971791311697523,0.24689800210304913,28.12060241324588
9. MAGIC Gamma Telescope,TabDDPM,Naive Bayes,0,0.6585699263932703,0.01199487378174651,2,0.7257360672975814,0.007967555111302515,0.06716614090431117,9.254899119788448
9. MAGIC Gamma Telescope,TabDDPM,Random Forest,0,0.6348580441640378,0.007403734637461534,2,0.8803364879074657,0.005614590567492112,0.24547844374342787,27.88461538461538
9. MAGIC Gamma Telescope,TabDDPM,SVM-RBF,0,0.6484490010515247,0.0004854412542749546,2,0.7892481598317562,0.007559879483598006,0.14079915878023153,17.839656263531314
9. MAGIC Gamma Telescope,WGAN_GP,AdaBoost,0,0.8142218717139853,0.006795414884167244,2,0.8260778128286015,0.00731093303712669,0.011855941114616186,1.4352087576374737
9. MAGIC Gamma Telescope,WGAN_GP,Decision Tree,0,0.7396161934805467,0.01763587906519608,2,0.8164300736067298,0.004641993322208204,0.07681388012618307,9.408506938854377
9. MAGIC Gamma Telescope,WGAN_GP,Extra Trees,0,0.8402996845425867,0.006160905176266021,2,0.8783385909568875,0.006236215325787138,0.038038906414300744,4.330779360708728
9. MAGIC Gamma Telescope,WGAN_GP,Gradient Boosting,0,0.8238958990536277,0.005084491682557439,2,0.871503680336488,0.004754880333623303,0.04760778128286025,5.462717181467194
9. MAGIC Gamma Telescope,WGAN_GP,KNN,0,0.8009200841219769,0.00507578558772894,2,0.8379074658254468,0.004507779858963618,0.036987381703469935,4.414256133525747
9. MAGIC Gamma Telescope,WGAN_GP,Logistic Regression,0,0.7879863301787592,0.006237821933858366,2,0.7909043112513143,0.007487454045746446,0.0029179810725551425,0.36894236521969564
9. MAGIC Gamma Telescope,WGAN_GP,MLP,0,0.8070977917981071,0.006852884237840432,2,0.8779968454258673,0.004971791311697523,0.07089905362776017,8.075092068624802
9. MAGIC Gamma Telescope,WGAN_GP,Naive Bayes,0,0.7251840168243953,0.007698604439629246,2,0.7257360672975814,0.007967555111302515,0.0005520504731861831,0.07606766399827002
9. MAGIC Gamma Telescope,WGAN_GP,Random Forest,0,0.8331493165089381,0.007503910869719318,2,0.8803364879074657,0.005614590567492112,0.04718717139852757,5.360129001433316
9. MAGIC Gamma Telescope,WGAN_GP,SVM-RBF,0,0.8422450052576236,0.004632157316573207,2,0.8693743427970556,0.005055868700125186,0.02712933753943203,3.120558797738183
