Dataset,Generator,Seed,LeakageLevel,Metric,MetricValue,Classifier,Regressor,Category,EvaluationType,Mean,Std,TaskType,SourceFile,Experiment,Value,RegressionModel,Leakage,TrainingPercentage
8. Mushroom dataset,CTGAN,,0.0,Accuracy,0.999983352755119,Extra Trees,,Utility,TRTR,0.999983352755119,3.329448976194804e-05,classification,Generators/Experiment with utility data leak/utility results/8. Mushroom dataset/TRTR_TSTR_results_merged.xlsx,utility,0.999983352755119,,0.0,100.0
8. Mushroom dataset,CTGAN,,0.0,Accuracy,0.5475944731146996,Extra Trees,,Utility,TSTR,0.5475944731146996,0.01791938081175807,classification,Generators/Experiment with utility data leak/utility results/8. Mushroom dataset/TRTR_TSTR_results_merged.xlsx,utility,0.5475944731146996,,0.0,100.0
8. Mushroom dataset,CTGAN,,0.0,Accuracy_Gap,0.5475944731146996,Extra Trees,,Utility,Gap,0.4523888796404194,0.01791938081175807,classification,Generators/Experiment with utility data leak/utility results/8. Mushroom dataset/TRTR_TSTR_results_merged.xlsx,utility,0.4523888796404194,,0.0,100.0
8. Mushroom dataset,CTGAN,,0.0,F1,0.9999849996249907,Extra Trees,,Utility,TRTR,0.9999849996249907,3.000075001873271e-05,classification,Generators/Experiment with utility data leak/utility results/8. Mushroom dataset/TRTR_TSTR_results_merged.xlsx,utility,0.9999849996249907,,0.0,100.0
8. Mushroom dataset,CTGAN,,0.0,F1,0.5760815266021424,Extra Trees,,Utility,TSTR,0.5760815266021424,0.02386115287197774,classification,Generators/Experiment with utility data leak/utility results/8. Mushroom dataset/TRTR_TSTR_results_merged.xlsx,utility,0.5760815266021424,,0.0,100.0
8. Mushroom dataset,CTGAN,,0.0,F1_Gap,0.5760815266021424,Extra Trees,,Utility,Gap,0.42390347302284825,0.02386115287197774,classification,Generators/Experiment with utility data leak/utility results/8. Mushroom dataset/TRTR_TSTR_results_merged.xlsx,utility,0.42390347302284825,,0.0,100.0
8. Mushroom dataset,CTGAN,,0.0,Precision,1.0,Extra Trees,,Utility,TRTR,1.0,0.0,classification,Generators/Experiment with utility data leak/utility results/8. Mushroom dataset/TRTR_TSTR_results_merged.xlsx,utility,1.0,,0.0,100.0
8. Mushroom dataset,CTGAN,,0.0,Precision,0.5995620578015465,Extra Trees,,Utility,TSTR,0.5995620578015465,0.01518085796580589,classification,Generators/Experiment with utility data leak/utility results/8. Mushroom dataset/TRTR_TSTR_results_merged.xlsx,utility,0.5995620578015465,,0.0,100.0
8. Mushroom dataset,CTGAN,,0.0,Precision_Gap,0.5995620578015465,Extra Trees,,Utility,Gap,0.4004379421984535,0.01518085796580589,classification,Generators/Experiment with utility data leak/utility results/8. Mushroom dataset/TRTR_TSTR_results_merged.xlsx,utility,0.4004379421984535,,0.0,100.0
8. Mushroom dataset,CTGAN,,0.0,Recall,0.9999700014999249,Extra Trees,,Utility,TRTR,0.9999700014999249,5.999700014998055e-05,classification,Generators/Experiment with utility data leak/utility results/8. Mushroom dataset/TRTR_TSTR_results_merged.xlsx,utility,0.9999700014999249,,0.0,100.0
8. Mushroom dataset,CTGAN,,0.0,Recall,0.5549272536373182,Extra Trees,,Utility,TSTR,0.5549272536373182,0.03375611462570669,classification,Generators/Experiment with utility data leak/utility results/8. Mushroom dataset/TRTR_TSTR_results_merged.xlsx,utility,0.5549272536373182,,0.0,100.0
8. Mushroom dataset,CTGAN,,0.0,Recall_Gap,0.5549272536373182,Extra Trees,,Utility,Gap,0.44504274786260667,0.03375611462570669,classification,Generators/Experiment with utility data leak/utility results/8. Mushroom dataset/TRTR_TSTR_results_merged.xlsx,utility,0.44504274786260667,,0.0,100.0
8. Mushroom dataset,CTGAN,,,Accuracy_Drop,,Extra Trees,,,Gap,0.4523888796404194,,classification,Generators/Experiment with utility data leak/utility results/8. Mushroom dataset/TRTR_TSTR_results_merged.xlsx,utility,0.4523888796404194,,0.0,100.0
8. Mushroom dataset,CTGAN,,,F1_Drop,,Extra Trees,,,Gap,0.4239034730228483,,classification,Generators/Experiment with utility data leak/utility results/8. Mushroom dataset/TRTR_TSTR_results_merged.xlsx,utility,0.4239034730228483,,0.0,100.0
8. Mushroom dataset,CTGAN,,,Precision_Drop,,Extra Trees,,,Gap,0.4004379421984535,,classification,Generators/Experiment with utility data leak/utility results/8. Mushroom dataset/TRTR_TSTR_results_merged.xlsx,utility,0.4004379421984535,,0.0,100.0
8. Mushroom dataset,CTGAN,,,Recall_Drop,,Extra Trees,,,Gap,0.4450427478626067,,classification,Generators/Experiment with utility data leak/utility results/8. Mushroom dataset/TRTR_TSTR_results_merged.xlsx,utility,0.4450427478626067,,0.0,100.0
8. Mushroom dataset,CTGAN,,0.0,Accuracy,0.9998917929082738,Random Forest,,Utility,TRTR,0.9998917929082738,3.814362988976479e-05,classification,Generators/Experiment with utility data leak/utility results/8. Mushroom dataset/TRTR_TSTR_results_merged.xlsx,utility,0.9998917929082738,,0.0,100.0
8. Mushroom dataset,CTGAN,,0.0,Accuracy,0.5432911603129682,Random Forest,,Utility,TSTR,0.5432911603129682,0.01761107976033547,classification,Generators/Experiment with utility data leak/utility results/8. Mushroom dataset/TRTR_TSTR_results_merged.xlsx,utility,0.5432911603129682,,0.0,100.0
8. Mushroom dataset,CTGAN,,0.0,Accuracy_Gap,0.5432911603129682,Random Forest,,Utility,Gap,0.4566006325953056,0.01761107976033547,classification,Generators/Experiment with utility data leak/utility results/8. Mushroom dataset/TRTR_TSTR_results_merged.xlsx,utility,0.4566006325953056,,0.0,100.0
8. Mushroom dataset,CTGAN,,0.0,F1,0.9999025054365672,Random Forest,,Utility,TRTR,0.9999025054365672,3.436305920243479e-05,classification,Generators/Experiment with utility data leak/utility results/8. Mushroom dataset/TRTR_TSTR_results_merged.xlsx,utility,0.9999025054365672,,0.0,100.0
8. Mushroom dataset,CTGAN,,0.0,F1,0.5748216316688086,Random Forest,,Utility,TSTR,0.5748216316688086,0.01635878328577746,classification,Generators/Experiment with utility data leak/utility results/8. Mushroom dataset/TRTR_TSTR_results_merged.xlsx,utility,0.5748216316688086,,0.0,100.0
8. Mushroom dataset,CTGAN,,0.0,F1_Gap,0.5748216316688086,Random Forest,,Utility,Gap,0.4250808737677586,0.01635878328577746,classification,Generators/Experiment with utility data leak/utility results/8. Mushroom dataset/TRTR_TSTR_results_merged.xlsx,utility,0.4250808737677586,,0.0,100.0
8. Mushroom dataset,CTGAN,,0.0,Precision,0.9999100179950515,Random Forest,,Utility,TRTR,0.9999100179950515,9.947206977344203e-05,classification,Generators/Experiment with utility data leak/utility results/8. Mushroom dataset/TRTR_TSTR_results_merged.xlsx,utility,0.9999100179950515,,0.0,100.0
8. Mushroom dataset,CTGAN,,0.0,Precision,0.5950798244380691,Random Forest,,Utility,TSTR,0.5950798244380691,0.01929846096640843,classification,Generators/Experiment with utility data leak/utility results/8. Mushroom dataset/TRTR_TSTR_results_merged.xlsx,utility,0.5950798244380691,,0.0,100.0
8. Mushroom dataset,CTGAN,,0.0,Precision_Gap,0.5950798244380691,Random Forest,,Utility,Gap,0.40483019355698246,0.01929846096640843,classification,Generators/Experiment with utility data leak/utility results/8. Mushroom dataset/TRTR_TSTR_results_merged.xlsx,utility,0.40483019355698246,,0.0,100.0
8. Mushroom dataset,CTGAN,,0.0,Recall,0.9998950052497374,Random Forest,,Utility,TRTR,0.9998950052497374,6.873519866439068e-05,classification,Generators/Experiment with utility data leak/utility results/8. Mushroom dataset/TRTR_TSTR_results_merged.xlsx,utility,0.9998950052497374,,0.0,100.0
8. Mushroom dataset,CTGAN,,0.0,Recall,0.5566371681415929,Random Forest,,Utility,TSTR,0.5566371681415929,0.02456055173284603,classification,Generators/Experiment with utility data leak/utility results/8. Mushroom dataset/TRTR_TSTR_results_merged.xlsx,utility,0.5566371681415929,,0.0,100.0
8. Mushroom dataset,CTGAN,,0.0,Recall_Gap,0.5566371681415929,Random Forest,,Utility,Gap,0.4432578371081445,0.02456055173284603,classification,Generators/Experiment with utility data leak/utility results/8. Mushroom dataset/TRTR_TSTR_results_merged.xlsx,utility,0.4432578371081445,,0.0,100.0
8. Mushroom dataset,CTGAN,,,Accuracy_Drop,,Random Forest,,,Gap,0.4566006325953056,,classification,Generators/Experiment with utility data leak/utility results/8. Mushroom dataset/TRTR_TSTR_results_merged.xlsx,utility,0.4566006325953056,,0.0,100.0
8. Mushroom dataset,CTGAN,,,F1_Drop,,Random Forest,,,Gap,0.4250808737677586,,classification,Generators/Experiment with utility data leak/utility results/8. Mushroom dataset/TRTR_TSTR_results_merged.xlsx,utility,0.4250808737677586,,0.0,100.0
8. Mushroom dataset,CTGAN,,,Precision_Drop,,Random Forest,,,Gap,0.4048301935569825,,classification,Generators/Experiment with utility data leak/utility results/8. Mushroom dataset/TRTR_TSTR_results_merged.xlsx,utility,0.4048301935569825,,0.0,100.0
8. Mushroom dataset,CTGAN,,,Recall_Drop,,Random Forest,,,Gap,0.4432578371081445,,classification,Generators/Experiment with utility data leak/utility results/8. Mushroom dataset/TRTR_TSTR_results_merged.xlsx,utility,0.4432578371081445,,0.0,100.0
8. Mushroom dataset,CTGAN,,0.0,Accuracy,0.9998002330614282,MLP,,Utility,TRTR,0.9998002330614282,0.0001498252039287662,classification,Generators/Experiment with utility data leak/utility results/8. Mushroom dataset/TRTR_TSTR_results_merged.xlsx,utility,0.9998002330614282,,0.0,100.0
8. Mushroom dataset,CTGAN,,0.0,Accuracy,0.518012318961212,MLP,,Utility,TSTR,0.518012318961212,0.01971884250899525,classification,Generators/Experiment with utility data leak/utility results/8. Mushroom dataset/TRTR_TSTR_results_merged.xlsx,utility,0.518012318961212,,0.0,100.0
8. Mushroom dataset,CTGAN,,0.0,Accuracy_Gap,0.518012318961212,MLP,,Utility,Gap,0.48178791410021615,0.01971884250899525,classification,Generators/Experiment with utility data leak/utility results/8. Mushroom dataset/TRTR_TSTR_results_merged.xlsx,utility,0.48178791410021615,,0.0,100.0
8. Mushroom dataset,CTGAN,,0.0,F1,0.9998200033725814,MLP,,Utility,TRTR,0.9998200033725814,0.0001350057549300141,classification,Generators/Experiment with utility data leak/utility results/8. Mushroom dataset/TRTR_TSTR_results_merged.xlsx,utility,0.9998200033725814,,0.0,100.0
8. Mushroom dataset,CTGAN,,0.0,F1,0.5201856790580831,MLP,,Utility,TSTR,0.5201856790580831,0.02011701273547059,classification,Generators/Experiment with utility data leak/utility results/8. Mushroom dataset/TRTR_TSTR_results_merged.xlsx,utility,0.5201856790580831,,0.0,100.0
8. Mushroom dataset,CTGAN,,0.0,F1_Gap,0.5201856790580831,MLP,,Utility,Gap,0.47963432431449826,0.02011701273547059,classification,Generators/Experiment with utility data leak/utility results/8. Mushroom dataset/TRTR_TSTR_results_merged.xlsx,utility,0.47963432431449826,,0.0,100.0
8. Mushroom dataset,CTGAN,,0.0,Precision,0.999835012740364,MLP,,Utility,TRTR,0.999835012740364,0.0001414792911934868,classification,Generators/Experiment with utility data leak/utility results/8. Mushroom dataset/TRTR_TSTR_results_merged.xlsx,utility,0.999835012740364,,0.0,100.0
8. Mushroom dataset,CTGAN,,0.0,Precision,0.5815312717482077,MLP,,Utility,TSTR,0.5815312717482077,0.02354529083611761,classification,Generators/Experiment with utility data leak/utility results/8. Mushroom dataset/TRTR_TSTR_results_merged.xlsx,utility,0.5815312717482077,,0.0,100.0
8. Mushroom dataset,CTGAN,,0.0,Precision_Gap,0.5815312717482077,MLP,,Utility,Gap,0.4183037409921563,0.02354529083611761,classification,Generators/Experiment with utility data leak/utility results/8. Mushroom dataset/TRTR_TSTR_results_merged.xlsx,utility,0.4183037409921563,,0.0,100.0
8. Mushroom dataset,CTGAN,,0.0,Recall,0.9998050097495124,MLP,,Utility,TRTR,0.9998050097495124,0.0001781062259942747,classification,Generators/Experiment with utility data leak/utility results/8. Mushroom dataset/TRTR_TSTR_results_merged.xlsx,utility,0.9998050097495124,,0.0,100.0
8. Mushroom dataset,CTGAN,,0.0,Recall,0.4710814459277036,MLP,,Utility,TSTR,0.4710814459277036,0.02396428164758531,classification,Generators/Experiment with utility data leak/utility results/8. Mushroom dataset/TRTR_TSTR_results_merged.xlsx,utility,0.4710814459277036,,0.0,100.0
8. Mushroom dataset,CTGAN,,0.0,Recall_Gap,0.4710814459277036,MLP,,Utility,Gap,0.5287235638218087,0.02396428164758531,classification,Generators/Experiment with utility data leak/utility results/8. Mushroom dataset/TRTR_TSTR_results_merged.xlsx,utility,0.5287235638218087,,0.0,100.0
8. Mushroom dataset,CTGAN,,,Accuracy_Drop,,MLP,,,Gap,0.4817879141002162,,classification,Generators/Experiment with utility data leak/utility results/8. Mushroom dataset/TRTR_TSTR_results_merged.xlsx,utility,0.4817879141002162,,0.0,100.0
8. Mushroom dataset,CTGAN,,,F1_Drop,,MLP,,,Gap,0.4796343243144983,,classification,Generators/Experiment with utility data leak/utility results/8. Mushroom dataset/TRTR_TSTR_results_merged.xlsx,utility,0.4796343243144983,,0.0,100.0
8. Mushroom dataset,CTGAN,,,Precision_Drop,,MLP,,,Gap,0.4183037409921563,,classification,Generators/Experiment with utility data leak/utility results/8. Mushroom dataset/TRTR_TSTR_results_merged.xlsx,utility,0.4183037409921563,,0.0,100.0
8. Mushroom dataset,CTGAN,,,Recall_Drop,,MLP,,,Gap,0.5287235638218087,,classification,Generators/Experiment with utility data leak/utility results/8. Mushroom dataset/TRTR_TSTR_results_merged.xlsx,utility,0.5287235638218087,,0.0,100.0
8. Mushroom dataset,CTGAN,,0.0,Accuracy,0.9993757283169635,KNN,,Utility,TRTR,0.9993757283169635,0.0001870501502766885,classification,Generators/Experiment with utility data leak/utility results/8. Mushroom dataset/TRTR_TSTR_results_merged.xlsx,utility,0.9993757283169635,,0.0,100.0
8. Mushroom dataset,CTGAN,,0.0,Accuracy,0.4929332445480273,KNN,,Utility,TSTR,0.4929332445480273,0.01249255942265013,classification,Generators/Experiment with utility data leak/utility results/8. Mushroom dataset/TRTR_TSTR_results_merged.xlsx,utility,0.4929332445480273,,0.0,100.0
8. Mushroom dataset,CTGAN,,0.0,Accuracy_Gap,0.4929332445480273,KNN,,Utility,Gap,0.5064424837689363,0.01249255942265013,classification,Generators/Experiment with utility data leak/utility results/8. Mushroom dataset/TRTR_TSTR_results_merged.xlsx,utility,0.5064424837689363,,0.0,100.0
8. Mushroom dataset,CTGAN,,0.0,F1,0.999437537679781,KNN,,Utility,TRTR,0.999437537679781,0.0001685162263673175,classification,Generators/Experiment with utility data leak/utility results/8. Mushroom dataset/TRTR_TSTR_results_merged.xlsx,utility,0.999437537679781,,0.0,100.0
8. Mushroom dataset,CTGAN,,0.0,F1,0.4851080740167791,KNN,,Utility,TSTR,0.4851080740167791,0.01698037211260896,classification,Generators/Experiment with utility data leak/utility results/8. Mushroom dataset/TRTR_TSTR_results_merged.xlsx,utility,0.4851080740167791,,0.0,100.0
8. Mushroom dataset,CTGAN,,0.0,F1_Gap,0.4851080740167791,KNN,,Utility,Gap,0.514329463663002,0.01698037211260896,classification,Generators/Experiment with utility data leak/utility results/8. Mushroom dataset/TRTR_TSTR_results_merged.xlsx,utility,0.514329463663002,,0.0,100.0
8. Mushroom dataset,CTGAN,,0.0,Precision,0.9994300667201221,KNN,,Utility,TRTR,0.9994300667201221,0.0002203628791389911,classification,Generators/Experiment with utility data leak/utility results/8. Mushroom dataset/TRTR_TSTR_results_merged.xlsx,utility,0.9994300667201221,,0.0,100.0
8. Mushroom dataset,CTGAN,,0.0,Precision,0.5558627259934086,KNN,,Utility,TSTR,0.5558627259934086,0.01516009181935729,classification,Generators/Experiment with utility data leak/utility results/8. Mushroom dataset/TRTR_TSTR_results_merged.xlsx,utility,0.5558627259934086,,0.0,100.0
8. Mushroom dataset,CTGAN,,0.0,Precision_Gap,0.5558627259934086,KNN,,Utility,Gap,0.44356734072671355,0.01516009181935729,classification,Generators/Experiment with utility data leak/utility results/8. Mushroom dataset/TRTR_TSTR_results_merged.xlsx,utility,0.44356734072671355,,0.0,100.0
8. Mushroom dataset,CTGAN,,0.0,Recall,0.9994450277486123,KNN,,Utility,TRTR,0.9994450277486123,0.0001649917504124697,classification,Generators/Experiment with utility data leak/utility results/8. Mushroom dataset/TRTR_TSTR_results_merged.xlsx,utility,0.9994450277486123,,0.0,100.0
8. Mushroom dataset,CTGAN,,0.0,Recall,0.4309284535773211,KNN,,Utility,TSTR,0.4309284535773211,0.02373002712121285,classification,Generators/Experiment with utility data leak/utility results/8. Mushroom dataset/TRTR_TSTR_results_merged.xlsx,utility,0.4309284535773211,,0.0,100.0
8. Mushroom dataset,CTGAN,,0.0,Recall_Gap,0.4309284535773211,KNN,,Utility,Gap,0.5685165741712912,0.02373002712121285,classification,Generators/Experiment with utility data leak/utility results/8. Mushroom dataset/TRTR_TSTR_results_merged.xlsx,utility,0.5685165741712912,,0.0,100.0
8. Mushroom dataset,CTGAN,,,Accuracy_Drop,,KNN,,,Gap,0.5064424837689363,,classification,Generators/Experiment with utility data leak/utility results/8. Mushroom dataset/TRTR_TSTR_results_merged.xlsx,utility,0.5064424837689363,,0.0,100.0
8. Mushroom dataset,CTGAN,,,F1_Drop,,KNN,,,Gap,0.514329463663002,,classification,Generators/Experiment with utility data leak/utility results/8. Mushroom dataset/TRTR_TSTR_results_merged.xlsx,utility,0.514329463663002,,0.0,100.0
8. Mushroom dataset,CTGAN,,,Precision_Drop,,KNN,,,Gap,0.4435673407267136,,classification,Generators/Experiment with utility data leak/utility results/8. Mushroom dataset/TRTR_TSTR_results_merged.xlsx,utility,0.4435673407267136,,0.0,100.0
8. Mushroom dataset,CTGAN,,,Recall_Drop,,KNN,,,Gap,0.5685165741712912,,classification,Generators/Experiment with utility data leak/utility results/8. Mushroom dataset/TRTR_TSTR_results_merged.xlsx,utility,0.5685165741712912,,0.0,100.0
8. Mushroom dataset,CTGAN,,0.0,Accuracy,0.9430830697519561,Decision Tree,,Utility,TRTR,0.9430830697519561,0.003054622010995107,classification,Generators/Experiment with utility data leak/utility results/8. Mushroom dataset/TRTR_TSTR_results_merged.xlsx,utility,0.9430830697519561,,0.0,100.0
8. Mushroom dataset,CTGAN,,0.0,Accuracy,0.5327950724155153,Decision Tree,,Utility,TSTR,0.5327950724155153,0.02746041131158687,classification,Generators/Experiment with utility data leak/utility results/8. Mushroom dataset/TRTR_TSTR_results_merged.xlsx,utility,0.5327950724155153,,0.0,100.0
8. Mushroom dataset,CTGAN,,0.0,Accuracy_Gap,0.5327950724155153,Decision Tree,,Utility,Gap,0.41028799733644084,0.02746041131158687,classification,Generators/Experiment with utility data leak/utility results/8. Mushroom dataset/TRTR_TSTR_results_merged.xlsx,utility,0.41028799733644084,,0.0,100.0
8. Mushroom dataset,CTGAN,,0.0,F1,0.9486269064274188,Decision Tree,,Utility,TRTR,0.9486269064274188,0.002733229331666377,classification,Generators/Experiment with utility data leak/utility results/8. Mushroom dataset/TRTR_TSTR_results_merged.xlsx,utility,0.9486269064274188,,0.0,100.0
8. Mushroom dataset,CTGAN,,0.0,F1,0.568184891946037,Decision Tree,,Utility,TSTR,0.568184891946037,0.04262160243926748,classification,Generators/Experiment with utility data leak/utility results/8. Mushroom dataset/TRTR_TSTR_results_merged.xlsx,utility,0.568184891946037,,0.0,100.0
8. Mushroom dataset,CTGAN,,0.0,F1_Gap,0.568184891946037,Decision Tree,,Utility,Gap,0.3804420144813817,0.04262160243926748,classification,Generators/Experiment with utility data leak/utility results/8. Mushroom dataset/TRTR_TSTR_results_merged.xlsx,utility,0.3804420144813817,,0.0,100.0
8. Mushroom dataset,CTGAN,,0.0,Precision,0.9503557108620792,Decision Tree,,Utility,TRTR,0.9503557108620792,0.004797011192999022,classification,Generators/Experiment with utility data leak/utility results/8. Mushroom dataset/TRTR_TSTR_results_merged.xlsx,utility,0.9503557108620792,,0.0,100.0
8. Mushroom dataset,CTGAN,,0.0,Precision,0.5820049922204459,Decision Tree,,Utility,TSTR,0.5820049922204459,0.02215235072434856,classification,Generators/Experiment with utility data leak/utility results/8. Mushroom dataset/TRTR_TSTR_results_merged.xlsx,utility,0.5820049922204459,,0.0,100.0
8. Mushroom dataset,CTGAN,,0.0,Precision_Gap,0.5820049922204459,Decision Tree,,Utility,Gap,0.36835071864163327,0.02215235072434856,classification,Generators/Experiment with utility data leak/utility results/8. Mushroom dataset/TRTR_TSTR_results_merged.xlsx,utility,0.36835071864163327,,0.0,100.0
8. Mushroom dataset,CTGAN,,0.0,Recall,0.9469326533673316,Decision Tree,,Utility,TRTR,0.9469326533673316,0.004340358980694475,classification,Generators/Experiment with utility data leak/utility results/8. Mushroom dataset/TRTR_TSTR_results_merged.xlsx,utility,0.9469326533673316,,0.0,100.0
8. Mushroom dataset,CTGAN,,0.0,Recall,0.5584370781460927,Decision Tree,,Utility,TSTR,0.5584370781460927,0.0692517973186782,classification,Generators/Experiment with utility data leak/utility results/8. Mushroom dataset/TRTR_TSTR_results_merged.xlsx,utility,0.5584370781460927,,0.0,100.0
8. Mushroom dataset,CTGAN,,0.0,Recall_Gap,0.5584370781460927,Decision Tree,,Utility,Gap,0.3884955752212389,0.0692517973186782,classification,Generators/Experiment with utility data leak/utility results/8. Mushroom dataset/TRTR_TSTR_results_merged.xlsx,utility,0.3884955752212389,,0.0,100.0
8. Mushroom dataset,CTGAN,,,Accuracy_Drop,,Decision Tree,,,Gap,0.4102879973364408,,classification,Generators/Experiment with utility data leak/utility results/8. Mushroom dataset/TRTR_TSTR_results_merged.xlsx,utility,0.4102879973364408,,0.0,100.0
8. Mushroom dataset,CTGAN,,,F1_Drop,,Decision Tree,,,Gap,0.3804420144813817,,classification,Generators/Experiment with utility data leak/utility results/8. Mushroom dataset/TRTR_TSTR_results_merged.xlsx,utility,0.3804420144813817,,0.0,100.0
8. Mushroom dataset,CTGAN,,,Precision_Drop,,Decision Tree,,,Gap,0.3683507186416333,,classification,Generators/Experiment with utility data leak/utility results/8. Mushroom dataset/TRTR_TSTR_results_merged.xlsx,utility,0.3683507186416333,,0.0,100.0
8. Mushroom dataset,CTGAN,,,Recall_Drop,,Decision Tree,,,Gap,0.3884955752212389,,classification,Generators/Experiment with utility data leak/utility results/8. Mushroom dataset/TRTR_TSTR_results_merged.xlsx,utility,0.3884955752212389,,0.0,100.0
8. Mushroom dataset,CTGAN,,0.0,Accuracy,0.8177376394206759,Gradient Boosting,,Utility,TRTR,0.8177376394206759,0.009463270545125387,classification,Generators/Experiment with utility data leak/utility results/8. Mushroom dataset/TRTR_TSTR_results_merged.xlsx,utility,0.8177376394206759,,0.0,100.0
8. Mushroom dataset,CTGAN,,0.0,Accuracy,0.5635508573331114,Gradient Boosting,,Utility,TSTR,0.5635508573331114,0.01652054540663991,classification,Generators/Experiment with utility data leak/utility results/8. Mushroom dataset/TRTR_TSTR_results_merged.xlsx,utility,0.5635508573331114,,0.0,100.0
8. Mushroom dataset,CTGAN,,0.0,Accuracy_Gap,0.5635508573331114,Gradient Boosting,,Utility,Gap,0.2541867820875645,0.01652054540663991,classification,Generators/Experiment with utility data leak/utility results/8. Mushroom dataset/TRTR_TSTR_results_merged.xlsx,utility,0.2541867820875645,,0.0,100.0
8. Mushroom dataset,CTGAN,,0.0,F1,0.8351441635674031,Gradient Boosting,,Utility,TRTR,0.8351441635674031,0.009911515687219402,classification,Generators/Experiment with utility data leak/utility results/8. Mushroom dataset/TRTR_TSTR_results_merged.xlsx,utility,0.8351441635674031,,0.0,100.0
8. Mushroom dataset,CTGAN,,0.0,F1,0.6165143642116927,Gradient Boosting,,Utility,TSTR,0.6165143642116927,0.02135967258695158,classification,Generators/Experiment with utility data leak/utility results/8. Mushroom dataset/TRTR_TSTR_results_merged.xlsx,utility,0.6165143642116927,,0.0,100.0
8. Mushroom dataset,CTGAN,,0.0,F1_Gap,0.6165143642116927,Gradient Boosting,,Utility,Gap,0.21862979935571036,0.02135967258695158,classification,Generators/Experiment with utility data leak/utility results/8. Mushroom dataset/TRTR_TSTR_results_merged.xlsx,utility,0.21862979935571036,,0.0,100.0
8. Mushroom dataset,CTGAN,,0.0,Precision,0.8380774142407716,Gradient Boosting,,Utility,TRTR,0.8380774142407716,0.007023800154772467,classification,Generators/Experiment with utility data leak/utility results/8. Mushroom dataset/TRTR_TSTR_results_merged.xlsx,utility,0.8380774142407716,,0.0,100.0
8. Mushroom dataset,CTGAN,,0.0,Precision,0.6017372641286849,Gradient Boosting,,Utility,TSTR,0.6017372641286849,0.01572434021226366,classification,Generators/Experiment with utility data leak/utility results/8. Mushroom dataset/TRTR_TSTR_results_merged.xlsx,utility,0.6017372641286849,,0.0,100.0
8. Mushroom dataset,CTGAN,,0.0,Precision_Gap,0.6017372641286849,Gradient Boosting,,Utility,Gap,0.23634015011208676,0.01572434021226366,classification,Generators/Experiment with utility data leak/utility results/8. Mushroom dataset/TRTR_TSTR_results_merged.xlsx,utility,0.23634015011208676,,0.0,100.0
8. Mushroom dataset,CTGAN,,0.0,Recall,0.8324883755812209,Gradient Boosting,,Utility,TRTR,0.8324883755812209,0.01907263019534354,classification,Generators/Experiment with utility data leak/utility results/8. Mushroom dataset/TRTR_TSTR_results_merged.xlsx,utility,0.8324883755812209,,0.0,100.0
8. Mushroom dataset,CTGAN,,0.0,Recall,0.6337783110844459,Gradient Boosting,,Utility,TSTR,0.6337783110844459,0.04303034666717832,classification,Generators/Experiment with utility data leak/utility results/8. Mushroom dataset/TRTR_TSTR_results_merged.xlsx,utility,0.6337783110844459,,0.0,100.0
8. Mushroom dataset,CTGAN,,0.0,Recall_Gap,0.6337783110844459,Gradient Boosting,,Utility,Gap,0.19871006449677497,0.04303034666717832,classification,Generators/Experiment with utility data leak/utility results/8. Mushroom dataset/TRTR_TSTR_results_merged.xlsx,utility,0.19871006449677497,,0.0,100.0
8. Mushroom dataset,CTGAN,,,Accuracy_Drop,,Gradient Boosting,,,Gap,0.2541867820875645,,classification,Generators/Experiment with utility data leak/utility results/8. Mushroom dataset/TRTR_TSTR_results_merged.xlsx,utility,0.2541867820875645,,0.0,100.0
8. Mushroom dataset,CTGAN,,,F1_Drop,,Gradient Boosting,,,Gap,0.2186297993557104,,classification,Generators/Experiment with utility data leak/utility results/8. Mushroom dataset/TRTR_TSTR_results_merged.xlsx,utility,0.2186297993557104,,0.0,100.0
8. Mushroom dataset,CTGAN,,,Precision_Drop,,Gradient Boosting,,,Gap,0.2363401501120868,,classification,Generators/Experiment with utility data leak/utility results/8. Mushroom dataset/TRTR_TSTR_results_merged.xlsx,utility,0.2363401501120868,,0.0,100.0
8. Mushroom dataset,CTGAN,,,Recall_Drop,,Gradient Boosting,,,Gap,0.198710064496775,,classification,Generators/Experiment with utility data leak/utility results/8. Mushroom dataset/TRTR_TSTR_results_merged.xlsx,utility,0.198710064496775,,0.0,100.0
8. Mushroom dataset,CTGAN,,0.0,Accuracy,0.6532711836191111,Logistic Regression,,Utility,TRTR,0.6532711836191111,0.003432765231763527,classification,Generators/Experiment with utility data leak/utility results/8. Mushroom dataset/TRTR_TSTR_results_merged.xlsx,utility,0.6532711836191111,,0.0,100.0
8. Mushroom dataset,CTGAN,,0.0,Accuracy,0.5579240885633427,Logistic Regression,,Utility,TSTR,0.5579240885633427,0.01263883619990623,classification,Generators/Experiment with utility data leak/utility results/8. Mushroom dataset/TRTR_TSTR_results_merged.xlsx,utility,0.5579240885633427,,0.0,100.0
8. Mushroom dataset,CTGAN,,0.0,Accuracy_Gap,0.5579240885633427,Logistic Regression,,Utility,Gap,0.09534709505576833,0.01263883619990623,classification,Generators/Experiment with utility data leak/utility results/8. Mushroom dataset/TRTR_TSTR_results_merged.xlsx,utility,0.09534709505576833,,0.0,100.0
8. Mushroom dataset,CTGAN,,0.0,F1,0.7102051701755642,Logistic Regression,,Utility,TRTR,0.7102051701755642,0.002525563014958159,classification,Generators/Experiment with utility data leak/utility results/8. Mushroom dataset/TRTR_TSTR_results_merged.xlsx,utility,0.7102051701755642,,0.0,100.0
8. Mushroom dataset,CTGAN,,0.0,F1,0.6029153489609798,Logistic Regression,,Utility,TSTR,0.6029153489609798,0.008947952078123494,classification,Generators/Experiment with utility data leak/utility results/8. Mushroom dataset/TRTR_TSTR_results_merged.xlsx,utility,0.6029153489609798,,0.0,100.0
8. Mushroom dataset,CTGAN,,0.0,F1_Gap,0.6029153489609798,Logistic Regression,,Utility,Gap,0.10728982121458441,0.008947952078123494,classification,Generators/Experiment with utility data leak/utility results/8. Mushroom dataset/TRTR_TSTR_results_merged.xlsx,utility,0.10728982121458441,,0.0,100.0
8. Mushroom dataset,CTGAN,,0.0,Precision,0.6622882541511838,Logistic Regression,,Utility,TRTR,0.6622882541511838,0.003196371629185143,classification,Generators/Experiment with utility data leak/utility results/8. Mushroom dataset/TRTR_TSTR_results_merged.xlsx,utility,0.6622882541511838,,0.0,100.0
8. Mushroom dataset,CTGAN,,0.0,Precision,0.6016916842142102,Logistic Regression,,Utility,TSTR,0.6016916842142102,0.01519280882203648,classification,Generators/Experiment with utility data leak/utility results/8. Mushroom dataset/TRTR_TSTR_results_merged.xlsx,utility,0.6016916842142102,,0.0,100.0
8. Mushroom dataset,CTGAN,,0.0,Precision_Gap,0.6016916842142102,Logistic Regression,,Utility,Gap,0.0605965699369736,0.01519280882203648,classification,Generators/Experiment with utility data leak/utility results/8. Mushroom dataset/TRTR_TSTR_results_merged.xlsx,utility,0.0605965699369736,,0.0,100.0
8. Mushroom dataset,CTGAN,,0.0,Recall,0.7656067196640167,Logistic Regression,,Utility,TRTR,0.7656067196640167,0.002835651757146686,classification,Generators/Experiment with utility data leak/utility results/8. Mushroom dataset/TRTR_TSTR_results_merged.xlsx,utility,0.7656067196640167,,0.0,100.0
8. Mushroom dataset,CTGAN,,0.0,Recall,0.6049797510124495,Logistic Regression,,Utility,TSTR,0.6049797510124495,0.02112746463511145,classification,Generators/Experiment with utility data leak/utility results/8. Mushroom dataset/TRTR_TSTR_results_merged.xlsx,utility,0.6049797510124495,,0.0,100.0
8. Mushroom dataset,CTGAN,,0.0,Recall_Gap,0.6049797510124495,Logistic Regression,,Utility,Gap,0.16062696865156723,0.02112746463511145,classification,Generators/Experiment with utility data leak/utility results/8. Mushroom dataset/TRTR_TSTR_results_merged.xlsx,utility,0.16062696865156723,,0.0,100.0
8. Mushroom dataset,CTGAN,,,Accuracy_Drop,,Logistic Regression,,,Gap,0.09534709505576833,,classification,Generators/Experiment with utility data leak/utility results/8. Mushroom dataset/TRTR_TSTR_results_merged.xlsx,utility,0.09534709505576833,,0.0,100.0
8. Mushroom dataset,CTGAN,,,F1_Drop,,Logistic Regression,,,Gap,0.1072898212145844,,classification,Generators/Experiment with utility data leak/utility results/8. Mushroom dataset/TRTR_TSTR_results_merged.xlsx,utility,0.1072898212145844,,0.0,100.0
8. Mushroom dataset,CTGAN,,,Precision_Drop,,Logistic Regression,,,Gap,0.0605965699369736,,classification,Generators/Experiment with utility data leak/utility results/8. Mushroom dataset/TRTR_TSTR_results_merged.xlsx,utility,0.0605965699369736,,0.0,100.0
8. Mushroom dataset,CTGAN,,,Recall_Drop,,Logistic Regression,,,Gap,0.1606269686515672,,classification,Generators/Experiment with utility data leak/utility results/8. Mushroom dataset/TRTR_TSTR_results_merged.xlsx,utility,0.1606269686515672,,0.0,100.0
8. Mushroom dataset,CTGAN,,0.0,Accuracy,0.6530214749458965,AdaBoost,,Utility,TRTR,0.6530214749458965,0.00911056123636879,classification,Generators/Experiment with utility data leak/utility results/8. Mushroom dataset/TRTR_TSTR_results_merged.xlsx,utility,0.6530214749458965,,0.0,100.0
8. Mushroom dataset,CTGAN,,0.0,Accuracy,0.5610038288663226,AdaBoost,,Utility,TSTR,0.5610038288663226,0.02333853637156441,classification,Generators/Experiment with utility data leak/utility results/8. Mushroom dataset/TRTR_TSTR_results_merged.xlsx,utility,0.5610038288663226,,0.0,100.0
8. Mushroom dataset,CTGAN,,0.0,Accuracy_Gap,0.5610038288663226,AdaBoost,,Utility,Gap,0.09201764607957386,0.02333853637156441,classification,Generators/Experiment with utility data leak/utility results/8. Mushroom dataset/TRTR_TSTR_results_merged.xlsx,utility,0.09201764607957386,,0.0,100.0
8. Mushroom dataset,CTGAN,,0.0,F1,0.6586554205410092,AdaBoost,,Utility,TRTR,0.6586554205410092,0.01000642657450882,classification,Generators/Experiment with utility data leak/utility results/8. Mushroom dataset/TRTR_TSTR_results_merged.xlsx,utility,0.6586554205410092,,0.0,100.0
8. Mushroom dataset,CTGAN,,0.0,F1,0.5852740439567824,AdaBoost,,Utility,TSTR,0.5852740439567824,0.02772538205712655,classification,Generators/Experiment with utility data leak/utility results/8. Mushroom dataset/TRTR_TSTR_results_merged.xlsx,utility,0.5852740439567824,,0.0,100.0
8. Mushroom dataset,CTGAN,,0.0,F1_Gap,0.5852740439567824,AdaBoost,,Utility,Gap,0.07338137658422683,0.02772538205712655,classification,Generators/Experiment with utility data leak/utility results/8. Mushroom dataset/TRTR_TSTR_results_merged.xlsx,utility,0.07338137658422683,,0.0,100.0
8. Mushroom dataset,CTGAN,,0.0,Precision,0.7262195138345482,AdaBoost,,Utility,TRTR,0.7262195138345482,0.02162521657245883,classification,Generators/Experiment with utility data leak/utility results/8. Mushroom dataset/TRTR_TSTR_results_merged.xlsx,utility,0.7262195138345482,,0.0,100.0
8. Mushroom dataset,CTGAN,,0.0,Precision,0.6162737597357916,AdaBoost,,Utility,TSTR,0.6162737597357916,0.02767880282747612,classification,Generators/Experiment with utility data leak/utility results/8. Mushroom dataset/TRTR_TSTR_results_merged.xlsx,utility,0.6162737597357916,,0.0,100.0
8. Mushroom dataset,CTGAN,,0.0,Precision_Gap,0.6162737597357916,AdaBoost,,Utility,Gap,0.10994575409875662,0.02767880282747612,classification,Generators/Experiment with utility data leak/utility results/8. Mushroom dataset/TRTR_TSTR_results_merged.xlsx,utility,0.10994575409875662,,0.0,100.0
8. Mushroom dataset,CTGAN,,0.0,Recall,0.6036898155092245,AdaBoost,,Utility,TRTR,0.6036898155092245,0.02328275950044984,classification,Generators/Experiment with utility data leak/utility results/8. Mushroom dataset/TRTR_TSTR_results_merged.xlsx,utility,0.6036898155092245,,0.0,100.0
8. Mushroom dataset,CTGAN,,0.0,Recall,0.5603569821508925,AdaBoost,,Utility,TSTR,0.5603569821508925,0.05310537166708807,classification,Generators/Experiment with utility data leak/utility results/8. Mushroom dataset/TRTR_TSTR_results_merged.xlsx,utility,0.5603569821508925,,0.0,100.0
8. Mushroom dataset,CTGAN,,0.0,Recall_Gap,0.5603569821508925,AdaBoost,,Utility,Gap,0.043332833358332046,0.05310537166708807,classification,Generators/Experiment with utility data leak/utility results/8. Mushroom dataset/TRTR_TSTR_results_merged.xlsx,utility,0.043332833358332046,,0.0,100.0
8. Mushroom dataset,CTGAN,,,Accuracy_Drop,,AdaBoost,,,Gap,0.09201764607957386,,classification,Generators/Experiment with utility data leak/utility results/8. Mushroom dataset/TRTR_TSTR_results_merged.xlsx,utility,0.09201764607957386,,0.0,100.0
8. Mushroom dataset,CTGAN,,,F1_Drop,,AdaBoost,,,Gap,0.07338137658422683,,classification,Generators/Experiment with utility data leak/utility results/8. Mushroom dataset/TRTR_TSTR_results_merged.xlsx,utility,0.07338137658422683,,0.0,100.0
8. Mushroom dataset,CTGAN,,,Precision_Drop,,AdaBoost,,,Gap,0.1099457540987566,,classification,Generators/Experiment with utility data leak/utility results/8. Mushroom dataset/TRTR_TSTR_results_merged.xlsx,utility,0.1099457540987566,,0.0,100.0
8. Mushroom dataset,CTGAN,,,Recall_Drop,,AdaBoost,,,Gap,0.04333283335833205,,classification,Generators/Experiment with utility data leak/utility results/8. Mushroom dataset/TRTR_TSTR_results_merged.xlsx,utility,0.04333283335833205,,0.0,100.0
8. Mushroom dataset,CTGAN,,0.0,Accuracy,0.652688530048277,SVM-RBF,,Utility,TRTR,0.652688530048277,0.003540466283100108,classification,Generators/Experiment with utility data leak/utility results/8. Mushroom dataset/TRTR_TSTR_results_merged.xlsx,utility,0.652688530048277,,0.0,100.0
8. Mushroom dataset,CTGAN,,0.0,Accuracy,0.5578075578491759,SVM-RBF,,Utility,TSTR,0.5578075578491759,0.01289383925033474,classification,Generators/Experiment with utility data leak/utility results/8. Mushroom dataset/TRTR_TSTR_results_merged.xlsx,utility,0.5578075578491759,,0.0,100.0
8. Mushroom dataset,CTGAN,,0.0,Accuracy_Gap,0.5578075578491759,SVM-RBF,,Utility,Gap,0.09488097219910108,0.01289383925033474,classification,Generators/Experiment with utility data leak/utility results/8. Mushroom dataset/TRTR_TSTR_results_merged.xlsx,utility,0.09488097219910108,,0.0,100.0
8. Mushroom dataset,CTGAN,,0.0,F1,0.7111657290688942,SVM-RBF,,Utility,TRTR,0.7111657290688942,0.002515858645437491,classification,Generators/Experiment with utility data leak/utility results/8. Mushroom dataset/TRTR_TSTR_results_merged.xlsx,utility,0.7111657290688942,,0.0,100.0
8. Mushroom dataset,CTGAN,,0.0,F1,0.6032127658070934,SVM-RBF,,Utility,TSTR,0.6032127658070934,0.00921090804121057,classification,Generators/Experiment with utility data leak/utility results/8. Mushroom dataset/TRTR_TSTR_results_merged.xlsx,utility,0.6032127658070934,,0.0,100.0
8. Mushroom dataset,CTGAN,,0.0,F1_Gap,0.6032127658070934,SVM-RBF,,Utility,Gap,0.10795296326180082,0.00921090804121057,classification,Generators/Experiment with utility data leak/utility results/8. Mushroom dataset/TRTR_TSTR_results_merged.xlsx,utility,0.10795296326180082,,0.0,100.0
8. Mushroom dataset,CTGAN,,0.0,Precision,0.660338278612806,SVM-RBF,,Utility,TRTR,0.660338278612806,0.003326244875037613,classification,Generators/Experiment with utility data leak/utility results/8. Mushroom dataset/TRTR_TSTR_results_merged.xlsx,utility,0.660338278612806,,0.0,100.0
8. Mushroom dataset,CTGAN,,0.0,Precision,0.6013888965202371,SVM-RBF,,Utility,TSTR,0.6013888965202371,0.01537976386083006,classification,Generators/Experiment with utility data leak/utility results/8. Mushroom dataset/TRTR_TSTR_results_merged.xlsx,utility,0.6013888965202371,,0.0,100.0
8. Mushroom dataset,CTGAN,,0.0,Precision_Gap,0.6013888965202371,SVM-RBF,,Utility,Gap,0.05894938209256895,0.01537976386083006,classification,Generators/Experiment with utility data leak/utility results/8. Mushroom dataset/TRTR_TSTR_results_merged.xlsx,utility,0.05894938209256895,,0.0,100.0
8. Mushroom dataset,CTGAN,,0.0,Recall,0.7704814759262038,SVM-RBF,,Utility,TRTR,0.7704814759262038,0.002684656261806534,classification,Generators/Experiment with utility data leak/utility results/8. Mushroom dataset/TRTR_TSTR_results_merged.xlsx,utility,0.7704814759262038,,0.0,100.0
8. Mushroom dataset,CTGAN,,0.0,Recall,0.6058947052647368,SVM-RBF,,Utility,TSTR,0.6058947052647368,0.02138056152246889,classification,Generators/Experiment with utility data leak/utility results/8. Mushroom dataset/TRTR_TSTR_results_merged.xlsx,utility,0.6058947052647368,,0.0,100.0
8. Mushroom dataset,CTGAN,,0.0,Recall_Gap,0.6058947052647368,SVM-RBF,,Utility,Gap,0.16458677066146699,0.02138056152246889,classification,Generators/Experiment with utility data leak/utility results/8. Mushroom dataset/TRTR_TSTR_results_merged.xlsx,utility,0.16458677066146699,,0.0,100.0
8. Mushroom dataset,CTGAN,,,Accuracy_Drop,,SVM-RBF,,,Gap,0.09488097219910108,,classification,Generators/Experiment with utility data leak/utility results/8. Mushroom dataset/TRTR_TSTR_results_merged.xlsx,utility,0.09488097219910108,,0.0,100.0
8. Mushroom dataset,CTGAN,,,F1_Drop,,SVM-RBF,,,Gap,0.1079529632618008,,classification,Generators/Experiment with utility data leak/utility results/8. Mushroom dataset/TRTR_TSTR_results_merged.xlsx,utility,0.1079529632618008,,0.0,100.0
8. Mushroom dataset,CTGAN,,,Precision_Drop,,SVM-RBF,,,Gap,0.05894938209256895,,classification,Generators/Experiment with utility data leak/utility results/8. Mushroom dataset/TRTR_TSTR_results_merged.xlsx,utility,0.05894938209256895,,0.0,100.0
8. Mushroom dataset,CTGAN,,,Recall_Drop,,SVM-RBF,,,Gap,0.164586770661467,,classification,Generators/Experiment with utility data leak/utility results/8. Mushroom dataset/TRTR_TSTR_results_merged.xlsx,utility,0.164586770661467,,0.0,100.0
8. Mushroom dataset,CTGAN,,0.0,Accuracy,0.6093557516231064,Naive Bayes,,Utility,TRTR,0.6093557516231064,0.002206246746399765,classification,Generators/Experiment with utility data leak/utility results/8. Mushroom dataset/TRTR_TSTR_results_merged.xlsx,utility,0.6093557516231064,,0.0,100.0
8. Mushroom dataset,CTGAN,,0.0,Accuracy,0.5532378891293491,Naive Bayes,,Utility,TSTR,0.5532378891293491,0.01102282709517512,classification,Generators/Experiment with utility data leak/utility results/8. Mushroom dataset/TRTR_TSTR_results_merged.xlsx,utility,0.5532378891293491,,0.0,100.0
8. Mushroom dataset,CTGAN,,0.0,Accuracy_Gap,0.5532378891293491,Naive Bayes,,Utility,Gap,0.056117862493757276,0.01102282709517512,classification,Generators/Experiment with utility data leak/utility results/8. Mushroom dataset/TRTR_TSTR_results_merged.xlsx,utility,0.056117862493757276,,0.0,100.0
8. Mushroom dataset,CTGAN,,0.0,F1,0.5471586204572338,Naive Bayes,,Utility,TRTR,0.5471586204572338,0.003948342675541275,classification,Generators/Experiment with utility data leak/utility results/8. Mushroom dataset/TRTR_TSTR_results_merged.xlsx,utility,0.5471586204572338,,0.0,100.0
8. Mushroom dataset,CTGAN,,0.0,F1,0.5621506755864341,Naive Bayes,,Utility,TSTR,0.5621506755864341,0.02321998353513002,classification,Generators/Experiment with utility data leak/utility results/8. Mushroom dataset/TRTR_TSTR_results_merged.xlsx,utility,0.5621506755864341,,0.0,100.0
8. Mushroom dataset,CTGAN,,0.0,F1_Gap,0.5621506755864341,Naive Bayes,,Utility,Gap,-0.01499205512920021,0.02321998353513002,classification,Generators/Experiment with utility data leak/utility results/8. Mushroom dataset/TRTR_TSTR_results_merged.xlsx,utility,-0.01499205512920021,,0.0,100.0
8. Mushroom dataset,CTGAN,,0.0,Precision,0.7669376693867336,Naive Bayes,,Utility,TRTR,0.7669376693867336,0.002744162729666706,classification,Generators/Experiment with utility data leak/utility results/8. Mushroom dataset/TRTR_TSTR_results_merged.xlsx,utility,0.7669376693867336,,0.0,100.0
8. Mushroom dataset,CTGAN,,0.0,Precision,0.6185242585065107,Naive Bayes,,Utility,TSTR,0.6185242585065107,0.02486599762350282,classification,Generators/Experiment with utility data leak/utility results/8. Mushroom dataset/TRTR_TSTR_results_merged.xlsx,utility,0.6185242585065107,,0.0,100.0
8. Mushroom dataset,CTGAN,,0.0,Precision_Gap,0.6185242585065107,Naive Bayes,,Utility,Gap,0.14841341088022286,0.02486599762350282,classification,Generators/Experiment with utility data leak/utility results/8. Mushroom dataset/TRTR_TSTR_results_merged.xlsx,utility,0.14841341088022286,,0.0,100.0
8. Mushroom dataset,CTGAN,,0.0,Recall,0.4253037348132593,Naive Bayes,,Utility,TRTR,0.4253037348132593,0.004574279456311722,classification,Generators/Experiment with utility data leak/utility results/8. Mushroom dataset/TRTR_TSTR_results_merged.xlsx,utility,0.4253037348132593,,0.0,100.0
8. Mushroom dataset,CTGAN,,0.0,Recall,0.5195590220488976,Naive Bayes,,Utility,TSTR,0.5195590220488976,0.05170585236507935,classification,Generators/Experiment with utility data leak/utility results/8. Mushroom dataset/TRTR_TSTR_results_merged.xlsx,utility,0.5195590220488976,,0.0,100.0
8. Mushroom dataset,CTGAN,,0.0,Recall_Gap,0.5195590220488976,Naive Bayes,,Utility,Gap,-0.09425528723563831,0.05170585236507935,classification,Generators/Experiment with utility data leak/utility results/8. Mushroom dataset/TRTR_TSTR_results_merged.xlsx,utility,-0.09425528723563831,,0.0,100.0
8. Mushroom dataset,CTGAN,,,Accuracy_Drop,,Naive Bayes,,,Gap,0.05611786249375728,,classification,Generators/Experiment with utility data leak/utility results/8. Mushroom dataset/TRTR_TSTR_results_merged.xlsx,utility,0.05611786249375728,,0.0,100.0
8. Mushroom dataset,CTGAN,,,F1_Drop,,Naive Bayes,,,Gap,-0.01499205512920021,,classification,Generators/Experiment with utility data leak/utility results/8. Mushroom dataset/TRTR_TSTR_results_merged.xlsx,utility,-0.01499205512920021,,0.0,100.0
8. Mushroom dataset,CTGAN,,,Precision_Drop,,Naive Bayes,,,Gap,0.1484134108802229,,classification,Generators/Experiment with utility data leak/utility results/8. Mushroom dataset/TRTR_TSTR_results_merged.xlsx,utility,0.1484134108802229,,0.0,100.0
8. Mushroom dataset,CTGAN,,,Recall_Drop,,Naive Bayes,,,Gap,-0.09425528723563831,,classification,Generators/Experiment with utility data leak/utility results/8. Mushroom dataset/TRTR_TSTR_results_merged.xlsx,utility,-0.09425528723563831,,0.0,100.0
8. Mushroom dataset,CopulaGAN,,0.0,Accuracy,0.999983352755119,Extra Trees,,Utility,TRTR,0.999983352755119,3.329448976194804e-05,classification,Generators/Experiment with utility data leak/utility results/8. Mushroom dataset/TRTR_TSTR_results_merged.xlsx,utility,0.999983352755119,,0.0,100.0
8. Mushroom dataset,CopulaGAN,,0.0,Accuracy,0.5564757782586982,Extra Trees,,Utility,TSTR,0.5564757782586982,0.01158827917179895,classification,Generators/Experiment with utility data leak/utility results/8. Mushroom dataset/TRTR_TSTR_results_merged.xlsx,utility,0.5564757782586982,,0.0,100.0
8. Mushroom dataset,CopulaGAN,,0.0,Accuracy_Gap,0.5564757782586982,Extra Trees,,Utility,Gap,0.44350757449642075,0.01158827917179895,classification,Generators/Experiment with utility data leak/utility results/8. Mushroom dataset/TRTR_TSTR_results_merged.xlsx,utility,0.44350757449642075,,0.0,100.0
8. Mushroom dataset,CopulaGAN,,0.0,F1,0.9999849996249907,Extra Trees,,Utility,TRTR,0.9999849996249907,3.000075001873271e-05,classification,Generators/Experiment with utility data leak/utility results/8. Mushroom dataset/TRTR_TSTR_results_merged.xlsx,utility,0.9999849996249907,,0.0,100.0
8. Mushroom dataset,CopulaGAN,,0.0,F1,0.6800171253454887,Extra Trees,,Utility,TSTR,0.6800171253454887,0.008499579486332209,classification,Generators/Experiment with utility data leak/utility results/8. Mushroom dataset/TRTR_TSTR_results_merged.xlsx,utility,0.6800171253454887,,0.0,100.0
8. Mushroom dataset,CopulaGAN,,0.0,F1_Gap,0.6800171253454887,Extra Trees,,Utility,Gap,0.3199678742795019,0.008499579486332209,classification,Generators/Experiment with utility data leak/utility results/8. Mushroom dataset/TRTR_TSTR_results_merged.xlsx,utility,0.3199678742795019,,0.0,100.0
8. Mushroom dataset,CopulaGAN,,0.0,Precision,1.0,Extra Trees,,Utility,TRTR,1.0,0.0,classification,Generators/Experiment with utility data leak/utility results/8. Mushroom dataset/TRTR_TSTR_results_merged.xlsx,utility,1.0,,0.0,100.0
8. Mushroom dataset,CopulaGAN,,0.0,Precision,0.5670720916541128,Extra Trees,,Utility,TSTR,0.5670720916541128,0.007427762747439609,classification,Generators/Experiment with utility data leak/utility results/8. Mushroom dataset/TRTR_TSTR_results_merged.xlsx,utility,0.5670720916541128,,0.0,100.0
8. Mushroom dataset,CopulaGAN,,0.0,Precision_Gap,0.5670720916541128,Extra Trees,,Utility,Gap,0.43292790834588724,0.007427762747439609,classification,Generators/Experiment with utility data leak/utility results/8. Mushroom dataset/TRTR_TSTR_results_merged.xlsx,utility,0.43292790834588724,,0.0,100.0
8. Mushroom dataset,CopulaGAN,,0.0,Recall,0.9999700014999249,Extra Trees,,Utility,TRTR,0.9999700014999249,5.999700014998055e-05,classification,Generators/Experiment with utility data leak/utility results/8. Mushroom dataset/TRTR_TSTR_results_merged.xlsx,utility,0.9999700014999249,,0.0,100.0
8. Mushroom dataset,CopulaGAN,,0.0,Recall,0.8493625318734063,Extra Trees,,Utility,TSTR,0.8493625318734063,0.01688092792813279,classification,Generators/Experiment with utility data leak/utility results/8. Mushroom dataset/TRTR_TSTR_results_merged.xlsx,utility,0.8493625318734063,,0.0,100.0
8. Mushroom dataset,CopulaGAN,,0.0,Recall_Gap,0.8493625318734063,Extra Trees,,Utility,Gap,0.1506074696265186,0.01688092792813279,classification,Generators/Experiment with utility data leak/utility results/8. Mushroom dataset/TRTR_TSTR_results_merged.xlsx,utility,0.1506074696265186,,0.0,100.0
8. Mushroom dataset,CopulaGAN,,,Accuracy_Drop,,Extra Trees,,,Gap,0.4435075744964208,,classification,Generators/Experiment with utility data leak/utility results/8. Mushroom dataset/TRTR_TSTR_results_merged.xlsx,utility,0.4435075744964208,,0.0,100.0
8. Mushroom dataset,CopulaGAN,,,F1_Drop,,Extra Trees,,,Gap,0.3199678742795019,,classification,Generators/Experiment with utility data leak/utility results/8. Mushroom dataset/TRTR_TSTR_results_merged.xlsx,utility,0.3199678742795019,,0.0,100.0
8. Mushroom dataset,CopulaGAN,,,Precision_Drop,,Extra Trees,,,Gap,0.4329279083458872,,classification,Generators/Experiment with utility data leak/utility results/8. Mushroom dataset/TRTR_TSTR_results_merged.xlsx,utility,0.4329279083458872,,0.0,100.0
8. Mushroom dataset,CopulaGAN,,,Recall_Drop,,Extra Trees,,,Gap,0.1506074696265186,,classification,Generators/Experiment with utility data leak/utility results/8. Mushroom dataset/TRTR_TSTR_results_merged.xlsx,utility,0.1506074696265186,,0.0,100.0
8. Mushroom dataset,CopulaGAN,,0.0,Accuracy,0.9998917929082738,Random Forest,,Utility,TRTR,0.9998917929082738,3.814362988976479e-05,classification,Generators/Experiment with utility data leak/utility results/8. Mushroom dataset/TRTR_TSTR_results_merged.xlsx,utility,0.9998917929082738,,0.0,100.0
8. Mushroom dataset,CopulaGAN,,0.0,Accuracy,0.5576327617779258,Random Forest,,Utility,TSTR,0.5576327617779258,0.01106272990693034,classification,Generators/Experiment with utility data leak/utility results/8. Mushroom dataset/TRTR_TSTR_results_merged.xlsx,utility,0.5576327617779258,,0.0,100.0
8. Mushroom dataset,CopulaGAN,,0.0,Accuracy_Gap,0.5576327617779258,Random Forest,,Utility,Gap,0.44225903113034803,0.01106272990693034,classification,Generators/Experiment with utility data leak/utility results/8. Mushroom dataset/TRTR_TSTR_results_merged.xlsx,utility,0.44225903113034803,,0.0,100.0
8. Mushroom dataset,CopulaGAN,,0.0,F1,0.9999025054365672,Random Forest,,Utility,TRTR,0.9999025054365672,3.436305920243479e-05,classification,Generators/Experiment with utility data leak/utility results/8. Mushroom dataset/TRTR_TSTR_results_merged.xlsx,utility,0.9999025054365672,,0.0,100.0
8. Mushroom dataset,CopulaGAN,,0.0,F1,0.6819009628755491,Random Forest,,Utility,TSTR,0.6819009628755491,0.01064568963323413,classification,Generators/Experiment with utility data leak/utility results/8. Mushroom dataset/TRTR_TSTR_results_merged.xlsx,utility,0.6819009628755491,,0.0,100.0
8. Mushroom dataset,CopulaGAN,,0.0,F1_Gap,0.6819009628755491,Random Forest,,Utility,Gap,0.3180015425610181,0.01064568963323413,classification,Generators/Experiment with utility data leak/utility results/8. Mushroom dataset/TRTR_TSTR_results_merged.xlsx,utility,0.3180015425610181,,0.0,100.0
8. Mushroom dataset,CopulaGAN,,0.0,Precision,0.9999100179950515,Random Forest,,Utility,TRTR,0.9999100179950515,9.947206977344203e-05,classification,Generators/Experiment with utility data leak/utility results/8. Mushroom dataset/TRTR_TSTR_results_merged.xlsx,utility,0.9999100179950515,,0.0,100.0
8. Mushroom dataset,CopulaGAN,,0.0,Precision,0.567313166115152,Random Forest,,Utility,TSTR,0.567313166115152,0.006398150983585902,classification,Generators/Experiment with utility data leak/utility results/8. Mushroom dataset/TRTR_TSTR_results_merged.xlsx,utility,0.567313166115152,,0.0,100.0
8. Mushroom dataset,CopulaGAN,,0.0,Precision_Gap,0.567313166115152,Random Forest,,Utility,Gap,0.4325968518798995,0.006398150983585902,classification,Generators/Experiment with utility data leak/utility results/8. Mushroom dataset/TRTR_TSTR_results_merged.xlsx,utility,0.4325968518798995,,0.0,100.0
8. Mushroom dataset,CopulaGAN,,0.0,Recall,0.9998950052497374,Random Forest,,Utility,TRTR,0.9998950052497374,6.873519866439068e-05,classification,Generators/Experiment with utility data leak/utility results/8. Mushroom dataset/TRTR_TSTR_results_merged.xlsx,utility,0.9998950052497374,,0.0,100.0
8. Mushroom dataset,CopulaGAN,,0.0,Recall,0.8549122543872807,Random Forest,,Utility,TSTR,0.8549122543872807,0.02581179184935698,classification,Generators/Experiment with utility data leak/utility results/8. Mushroom dataset/TRTR_TSTR_results_merged.xlsx,utility,0.8549122543872807,,0.0,100.0
8. Mushroom dataset,CopulaGAN,,0.0,Recall_Gap,0.8549122543872807,Random Forest,,Utility,Gap,0.1449827508624567,0.02581179184935698,classification,Generators/Experiment with utility data leak/utility results/8. Mushroom dataset/TRTR_TSTR_results_merged.xlsx,utility,0.1449827508624567,,0.0,100.0
8. Mushroom dataset,CopulaGAN,,,Accuracy_Drop,,Random Forest,,,Gap,0.442259031130348,,classification,Generators/Experiment with utility data leak/utility results/8. Mushroom dataset/TRTR_TSTR_results_merged.xlsx,utility,0.442259031130348,,0.0,100.0
8. Mushroom dataset,CopulaGAN,,,F1_Drop,,Random Forest,,,Gap,0.3180015425610181,,classification,Generators/Experiment with utility data leak/utility results/8. Mushroom dataset/TRTR_TSTR_results_merged.xlsx,utility,0.3180015425610181,,0.0,100.0
8. Mushroom dataset,CopulaGAN,,,Precision_Drop,,Random Forest,,,Gap,0.4325968518798995,,classification,Generators/Experiment with utility data leak/utility results/8. Mushroom dataset/TRTR_TSTR_results_merged.xlsx,utility,0.4325968518798995,,0.0,100.0
8. Mushroom dataset,CopulaGAN,,,Recall_Drop,,Random Forest,,,Gap,0.1449827508624567,,classification,Generators/Experiment with utility data leak/utility results/8. Mushroom dataset/TRTR_TSTR_results_merged.xlsx,utility,0.1449827508624567,,0.0,100.0
8. Mushroom dataset,CopulaGAN,,0.0,Accuracy,0.9998002330614282,MLP,,Utility,TRTR,0.9998002330614282,0.0001498252039287662,classification,Generators/Experiment with utility data leak/utility results/8. Mushroom dataset/TRTR_TSTR_results_merged.xlsx,utility,0.9998002330614282,,0.0,100.0
8. Mushroom dataset,CopulaGAN,,0.0,Accuracy,0.5513484268353588,MLP,,Utility,TSTR,0.5513484268353588,0.01633452107363115,classification,Generators/Experiment with utility data leak/utility results/8. Mushroom dataset/TRTR_TSTR_results_merged.xlsx,utility,0.5513484268353588,,0.0,100.0
8. Mushroom dataset,CopulaGAN,,0.0,Accuracy_Gap,0.5513484268353588,MLP,,Utility,Gap,0.4484518062260694,0.01633452107363115,classification,Generators/Experiment with utility data leak/utility results/8. Mushroom dataset/TRTR_TSTR_results_merged.xlsx,utility,0.4484518062260694,,0.0,100.0
8. Mushroom dataset,CopulaGAN,,0.0,F1,0.9998200033725814,MLP,,Utility,TRTR,0.9998200033725814,0.0001350057549300141,classification,Generators/Experiment with utility data leak/utility results/8. Mushroom dataset/TRTR_TSTR_results_merged.xlsx,utility,0.9998200033725814,,0.0,100.0
8. Mushroom dataset,CopulaGAN,,0.0,F1,0.6461456328584388,MLP,,Utility,TSTR,0.6461456328584388,0.01881412751712368,classification,Generators/Experiment with utility data leak/utility results/8. Mushroom dataset/TRTR_TSTR_results_merged.xlsx,utility,0.6461456328584388,,0.0,100.0
8. Mushroom dataset,CopulaGAN,,0.0,F1_Gap,0.6461456328584388,MLP,,Utility,Gap,0.3536743705141425,0.01881412751712368,classification,Generators/Experiment with utility data leak/utility results/8. Mushroom dataset/TRTR_TSTR_results_merged.xlsx,utility,0.3536743705141425,,0.0,100.0
8. Mushroom dataset,CopulaGAN,,0.0,Precision,0.999835012740364,MLP,,Utility,TRTR,0.999835012740364,0.0001414792911934868,classification,Generators/Experiment with utility data leak/utility results/8. Mushroom dataset/TRTR_TSTR_results_merged.xlsx,utility,0.999835012740364,,0.0,100.0
8. Mushroom dataset,CopulaGAN,,0.0,Precision,0.5742175556943734,MLP,,Utility,TSTR,0.5742175556943734,0.01010411067529348,classification,Generators/Experiment with utility data leak/utility results/8. Mushroom dataset/TRTR_TSTR_results_merged.xlsx,utility,0.5742175556943734,,0.0,100.0
8. Mushroom dataset,CopulaGAN,,0.0,Precision_Gap,0.5742175556943734,MLP,,Utility,Gap,0.42561745704599063,0.01010411067529348,classification,Generators/Experiment with utility data leak/utility results/8. Mushroom dataset/TRTR_TSTR_results_merged.xlsx,utility,0.42561745704599063,,0.0,100.0
8. Mushroom dataset,CopulaGAN,,0.0,Recall,0.9998050097495124,MLP,,Utility,TRTR,0.9998050097495124,0.0001781062259942747,classification,Generators/Experiment with utility data leak/utility results/8. Mushroom dataset/TRTR_TSTR_results_merged.xlsx,utility,0.9998050097495124,,0.0,100.0
8. Mushroom dataset,CopulaGAN,,0.0,Recall,0.7391780410979452,MLP,,Utility,TSTR,0.7391780410979452,0.0343615402812965,classification,Generators/Experiment with utility data leak/utility results/8. Mushroom dataset/TRTR_TSTR_results_merged.xlsx,utility,0.7391780410979452,,0.0,100.0
8. Mushroom dataset,CopulaGAN,,0.0,Recall_Gap,0.7391780410979452,MLP,,Utility,Gap,0.2606269686515672,0.0343615402812965,classification,Generators/Experiment with utility data leak/utility results/8. Mushroom dataset/TRTR_TSTR_results_merged.xlsx,utility,0.2606269686515672,,0.0,100.0
8. Mushroom dataset,CopulaGAN,,,Accuracy_Drop,,MLP,,,Gap,0.4484518062260694,,classification,Generators/Experiment with utility data leak/utility results/8. Mushroom dataset/TRTR_TSTR_results_merged.xlsx,utility,0.4484518062260694,,0.0,100.0
8. Mushroom dataset,CopulaGAN,,,F1_Drop,,MLP,,,Gap,0.3536743705141425,,classification,Generators/Experiment with utility data leak/utility results/8. Mushroom dataset/TRTR_TSTR_results_merged.xlsx,utility,0.3536743705141425,,0.0,100.0
8. Mushroom dataset,CopulaGAN,,,Precision_Drop,,MLP,,,Gap,0.4256174570459906,,classification,Generators/Experiment with utility data leak/utility results/8. Mushroom dataset/TRTR_TSTR_results_merged.xlsx,utility,0.4256174570459906,,0.0,100.0
8. Mushroom dataset,CopulaGAN,,,Recall_Drop,,MLP,,,Gap,0.2606269686515672,,classification,Generators/Experiment with utility data leak/utility results/8. Mushroom dataset/TRTR_TSTR_results_merged.xlsx,utility,0.2606269686515672,,0.0,100.0
8. Mushroom dataset,CopulaGAN,,0.0,Accuracy,0.9993757283169635,KNN,,Utility,TRTR,0.9993757283169635,0.0001870501502766885,classification,Generators/Experiment with utility data leak/utility results/8. Mushroom dataset/TRTR_TSTR_results_merged.xlsx,utility,0.9993757283169635,,0.0,100.0
8. Mushroom dataset,CopulaGAN,,0.0,Accuracy,0.5636340935575163,KNN,,Utility,TSTR,0.5636340935575163,0.009603689379772073,classification,Generators/Experiment with utility data leak/utility results/8. Mushroom dataset/TRTR_TSTR_results_merged.xlsx,utility,0.5636340935575163,,0.0,100.0
8. Mushroom dataset,CopulaGAN,,0.0,Accuracy_Gap,0.5636340935575163,KNN,,Utility,Gap,0.43574163475944727,0.009603689379772073,classification,Generators/Experiment with utility data leak/utility results/8. Mushroom dataset/TRTR_TSTR_results_merged.xlsx,utility,0.43574163475944727,,0.0,100.0
8. Mushroom dataset,CopulaGAN,,0.0,F1,0.999437537679781,KNN,,Utility,TRTR,0.999437537679781,0.0001685162263673175,classification,Generators/Experiment with utility data leak/utility results/8. Mushroom dataset/TRTR_TSTR_results_merged.xlsx,utility,0.999437537679781,,0.0,100.0
8. Mushroom dataset,CopulaGAN,,0.0,F1,0.6662669957911382,KNN,,Utility,TSTR,0.6662669957911382,0.009359501314161892,classification,Generators/Experiment with utility data leak/utility results/8. Mushroom dataset/TRTR_TSTR_results_merged.xlsx,utility,0.6662669957911382,,0.0,100.0
8. Mushroom dataset,CopulaGAN,,0.0,F1_Gap,0.6662669957911382,KNN,,Utility,Gap,0.3331705418886428,0.009359501314161892,classification,Generators/Experiment with utility data leak/utility results/8. Mushroom dataset/TRTR_TSTR_results_merged.xlsx,utility,0.3331705418886428,,0.0,100.0
8. Mushroom dataset,CopulaGAN,,0.0,Precision,0.9994300667201221,KNN,,Utility,TRTR,0.9994300667201221,0.0002203628791389911,classification,Generators/Experiment with utility data leak/utility results/8. Mushroom dataset/TRTR_TSTR_results_merged.xlsx,utility,0.9994300667201221,,0.0,100.0
8. Mushroom dataset,CopulaGAN,,0.0,Precision,0.5787659725550133,KNN,,Utility,TSTR,0.5787659725550133,0.0063767313122318,classification,Generators/Experiment with utility data leak/utility results/8. Mushroom dataset/TRTR_TSTR_results_merged.xlsx,utility,0.5787659725550133,,0.0,100.0
8. Mushroom dataset,CopulaGAN,,0.0,Precision_Gap,0.5787659725550133,KNN,,Utility,Gap,0.42066409416510886,0.0063767313122318,classification,Generators/Experiment with utility data leak/utility results/8. Mushroom dataset/TRTR_TSTR_results_merged.xlsx,utility,0.42066409416510886,,0.0,100.0
8. Mushroom dataset,CopulaGAN,,0.0,Recall,0.9994450277486123,KNN,,Utility,TRTR,0.9994450277486123,0.0001649917504124697,classification,Generators/Experiment with utility data leak/utility results/8. Mushroom dataset/TRTR_TSTR_results_merged.xlsx,utility,0.9994450277486123,,0.0,100.0
8. Mushroom dataset,CopulaGAN,,0.0,Recall,0.7852257387130643,KNN,,Utility,TSTR,0.7852257387130643,0.02023381039913529,classification,Generators/Experiment with utility data leak/utility results/8. Mushroom dataset/TRTR_TSTR_results_merged.xlsx,utility,0.7852257387130643,,0.0,100.0
8. Mushroom dataset,CopulaGAN,,0.0,Recall_Gap,0.7852257387130643,KNN,,Utility,Gap,0.214219289035548,0.02023381039913529,classification,Generators/Experiment with utility data leak/utility results/8. Mushroom dataset/TRTR_TSTR_results_merged.xlsx,utility,0.214219289035548,,0.0,100.0
8. Mushroom dataset,CopulaGAN,,,Accuracy_Drop,,KNN,,,Gap,0.4357416347594473,,classification,Generators/Experiment with utility data leak/utility results/8. Mushroom dataset/TRTR_TSTR_results_merged.xlsx,utility,0.4357416347594473,,0.0,100.0
8. Mushroom dataset,CopulaGAN,,,F1_Drop,,KNN,,,Gap,0.3331705418886428,,classification,Generators/Experiment with utility data leak/utility results/8. Mushroom dataset/TRTR_TSTR_results_merged.xlsx,utility,0.3331705418886428,,0.0,100.0
8. Mushroom dataset,CopulaGAN,,,Precision_Drop,,KNN,,,Gap,0.4206640941651089,,classification,Generators/Experiment with utility data leak/utility results/8. Mushroom dataset/TRTR_TSTR_results_merged.xlsx,utility,0.4206640941651089,,0.0,100.0
8. Mushroom dataset,CopulaGAN,,,Recall_Drop,,KNN,,,Gap,0.214219289035548,,classification,Generators/Experiment with utility data leak/utility results/8. Mushroom dataset/TRTR_TSTR_results_merged.xlsx,utility,0.214219289035548,,0.0,100.0
8. Mushroom dataset,CopulaGAN,,0.0,Accuracy,0.9430830697519561,Decision Tree,,Utility,TRTR,0.9430830697519561,0.003054622010995107,classification,Generators/Experiment with utility data leak/utility results/8. Mushroom dataset/TRTR_TSTR_results_merged.xlsx,utility,0.9430830697519561,,0.0,100.0
8. Mushroom dataset,CopulaGAN,,0.0,Accuracy,0.5234226735475278,Decision Tree,,Utility,TSTR,0.5234226735475278,0.03195859578285498,classification,Generators/Experiment with utility data leak/utility results/8. Mushroom dataset/TRTR_TSTR_results_merged.xlsx,utility,0.5234226735475278,,0.0,100.0
8. Mushroom dataset,CopulaGAN,,0.0,Accuracy_Gap,0.5234226735475278,Decision Tree,,Utility,Gap,0.4196603962044283,0.03195859578285498,classification,Generators/Experiment with utility data leak/utility results/8. Mushroom dataset/TRTR_TSTR_results_merged.xlsx,utility,0.4196603962044283,,0.0,100.0
8. Mushroom dataset,CopulaGAN,,0.0,F1,0.9486269064274188,Decision Tree,,Utility,TRTR,0.9486269064274188,0.002733229331666377,classification,Generators/Experiment with utility data leak/utility results/8. Mushroom dataset/TRTR_TSTR_results_merged.xlsx,utility,0.9486269064274188,,0.0,100.0
8. Mushroom dataset,CopulaGAN,,0.0,F1,0.6118598231836925,Decision Tree,,Utility,TSTR,0.6118598231836925,0.02966383212907069,classification,Generators/Experiment with utility data leak/utility results/8. Mushroom dataset/TRTR_TSTR_results_merged.xlsx,utility,0.6118598231836925,,0.0,100.0
8. Mushroom dataset,CopulaGAN,,0.0,F1_Gap,0.6118598231836925,Decision Tree,,Utility,Gap,0.3367670832437263,0.02966383212907069,classification,Generators/Experiment with utility data leak/utility results/8. Mushroom dataset/TRTR_TSTR_results_merged.xlsx,utility,0.3367670832437263,,0.0,100.0
8. Mushroom dataset,CopulaGAN,,0.0,Precision,0.9503557108620792,Decision Tree,,Utility,TRTR,0.9503557108620792,0.004797011192999022,classification,Generators/Experiment with utility data leak/utility results/8. Mushroom dataset/TRTR_TSTR_results_merged.xlsx,utility,0.9503557108620792,,0.0,100.0
8. Mushroom dataset,CopulaGAN,,0.0,Precision,0.5580066335682452,Decision Tree,,Utility,TSTR,0.5580066335682452,0.02331938781583857,classification,Generators/Experiment with utility data leak/utility results/8. Mushroom dataset/TRTR_TSTR_results_merged.xlsx,utility,0.5580066335682452,,0.0,100.0
8. Mushroom dataset,CopulaGAN,,0.0,Precision_Gap,0.5580066335682452,Decision Tree,,Utility,Gap,0.39234907729383395,0.02331938781583857,classification,Generators/Experiment with utility data leak/utility results/8. Mushroom dataset/TRTR_TSTR_results_merged.xlsx,utility,0.39234907729383395,,0.0,100.0
8. Mushroom dataset,CopulaGAN,,0.0,Recall,0.9469326533673316,Decision Tree,,Utility,TRTR,0.9469326533673316,0.004340358980694475,classification,Generators/Experiment with utility data leak/utility results/8. Mushroom dataset/TRTR_TSTR_results_merged.xlsx,utility,0.9469326533673316,,0.0,100.0
8. Mushroom dataset,CopulaGAN,,0.0,Recall,0.6779511024448778,Decision Tree,,Utility,TSTR,0.6779511024448778,0.04324106891973638,classification,Generators/Experiment with utility data leak/utility results/8. Mushroom dataset/TRTR_TSTR_results_merged.xlsx,utility,0.6779511024448778,,0.0,100.0
8. Mushroom dataset,CopulaGAN,,0.0,Recall_Gap,0.6779511024448778,Decision Tree,,Utility,Gap,0.2689815509224538,0.04324106891973638,classification,Generators/Experiment with utility data leak/utility results/8. Mushroom dataset/TRTR_TSTR_results_merged.xlsx,utility,0.2689815509224538,,0.0,100.0
8. Mushroom dataset,CopulaGAN,,,Accuracy_Drop,,Decision Tree,,,Gap,0.4196603962044283,,classification,Generators/Experiment with utility data leak/utility results/8. Mushroom dataset/TRTR_TSTR_results_merged.xlsx,utility,0.4196603962044283,,0.0,100.0
8. Mushroom dataset,CopulaGAN,,,F1_Drop,,Decision Tree,,,Gap,0.3367670832437263,,classification,Generators/Experiment with utility data leak/utility results/8. Mushroom dataset/TRTR_TSTR_results_merged.xlsx,utility,0.3367670832437263,,0.0,100.0
8. Mushroom dataset,CopulaGAN,,,Precision_Drop,,Decision Tree,,,Gap,0.3923490772938339,,classification,Generators/Experiment with utility data leak/utility results/8. Mushroom dataset/TRTR_TSTR_results_merged.xlsx,utility,0.3923490772938339,,0.0,100.0
8. Mushroom dataset,CopulaGAN,,,Recall_Drop,,Decision Tree,,,Gap,0.2689815509224538,,classification,Generators/Experiment with utility data leak/utility results/8. Mushroom dataset/TRTR_TSTR_results_merged.xlsx,utility,0.2689815509224538,,0.0,100.0
8. Mushroom dataset,CopulaGAN,,0.0,Accuracy,0.8177376394206759,Gradient Boosting,,Utility,TRTR,0.8177376394206759,0.009463270545125387,classification,Generators/Experiment with utility data leak/utility results/8. Mushroom dataset/TRTR_TSTR_results_merged.xlsx,utility,0.8177376394206759,,0.0,100.0
8. Mushroom dataset,CopulaGAN,,0.0,Accuracy,0.5640835691693025,Gradient Boosting,,Utility,TSTR,0.5640835691693025,0.006177950477654592,classification,Generators/Experiment with utility data leak/utility results/8. Mushroom dataset/TRTR_TSTR_results_merged.xlsx,utility,0.5640835691693025,,0.0,100.0
8. Mushroom dataset,CopulaGAN,,0.0,Accuracy_Gap,0.5640835691693025,Gradient Boosting,,Utility,Gap,0.25365407025137343,0.006177950477654592,classification,Generators/Experiment with utility data leak/utility results/8. Mushroom dataset/TRTR_TSTR_results_merged.xlsx,utility,0.25365407025137343,,0.0,100.0
8. Mushroom dataset,CopulaGAN,,0.0,F1,0.8351441635674031,Gradient Boosting,,Utility,TRTR,0.8351441635674031,0.009911515687219402,classification,Generators/Experiment with utility data leak/utility results/8. Mushroom dataset/TRTR_TSTR_results_merged.xlsx,utility,0.8351441635674031,,0.0,100.0
8. Mushroom dataset,CopulaGAN,,0.0,F1,0.7064806499324027,Gradient Boosting,,Utility,TSTR,0.7064806499324027,0.005363690101291519,classification,Generators/Experiment with utility data leak/utility results/8. Mushroom dataset/TRTR_TSTR_results_merged.xlsx,utility,0.7064806499324027,,0.0,100.0
8. Mushroom dataset,CopulaGAN,,0.0,F1_Gap,0.7064806499324027,Gradient Boosting,,Utility,Gap,0.1286635136350004,0.005363690101291519,classification,Generators/Experiment with utility data leak/utility results/8. Mushroom dataset/TRTR_TSTR_results_merged.xlsx,utility,0.1286635136350004,,0.0,100.0
8. Mushroom dataset,CopulaGAN,,0.0,Precision,0.8380774142407716,Gradient Boosting,,Utility,TRTR,0.8380774142407716,0.007023800154772467,classification,Generators/Experiment with utility data leak/utility results/8. Mushroom dataset/TRTR_TSTR_results_merged.xlsx,utility,0.8380774142407716,,0.0,100.0
8. Mushroom dataset,CopulaGAN,,0.0,Precision,0.5639986847334606,Gradient Boosting,,Utility,TSTR,0.5639986847334606,0.003733193701920972,classification,Generators/Experiment with utility data leak/utility results/8. Mushroom dataset/TRTR_TSTR_results_merged.xlsx,utility,0.5639986847334606,,0.0,100.0
8. Mushroom dataset,CopulaGAN,,0.0,Precision_Gap,0.5639986847334606,Gradient Boosting,,Utility,Gap,0.27407872950731105,0.003733193701920972,classification,Generators/Experiment with utility data leak/utility results/8. Mushroom dataset/TRTR_TSTR_results_merged.xlsx,utility,0.27407872950731105,,0.0,100.0
8. Mushroom dataset,CopulaGAN,,0.0,Recall,0.8324883755812209,Gradient Boosting,,Utility,TRTR,0.8324883755812209,0.01907263019534354,classification,Generators/Experiment with utility data leak/utility results/8. Mushroom dataset/TRTR_TSTR_results_merged.xlsx,utility,0.8324883755812209,,0.0,100.0
8. Mushroom dataset,CopulaGAN,,0.0,Recall,0.9455677216139191,Gradient Boosting,,Utility,TSTR,0.9455677216139191,0.01833831766465476,classification,Generators/Experiment with utility data leak/utility results/8. Mushroom dataset/TRTR_TSTR_results_merged.xlsx,utility,0.9455677216139191,,0.0,100.0
8. Mushroom dataset,CopulaGAN,,0.0,Recall_Gap,0.9455677216139191,Gradient Boosting,,Utility,Gap,-0.1130793460326982,0.01833831766465476,classification,Generators/Experiment with utility data leak/utility results/8. Mushroom dataset/TRTR_TSTR_results_merged.xlsx,utility,-0.1130793460326982,,0.0,100.0
8. Mushroom dataset,CopulaGAN,,,Accuracy_Drop,,Gradient Boosting,,,Gap,0.2536540702513734,,classification,Generators/Experiment with utility data leak/utility results/8. Mushroom dataset/TRTR_TSTR_results_merged.xlsx,utility,0.2536540702513734,,0.0,100.0
8. Mushroom dataset,CopulaGAN,,,F1_Drop,,Gradient Boosting,,,Gap,0.1286635136350004,,classification,Generators/Experiment with utility data leak/utility results/8. Mushroom dataset/TRTR_TSTR_results_merged.xlsx,utility,0.1286635136350004,,0.0,100.0
8. Mushroom dataset,CopulaGAN,,,Precision_Drop,,Gradient Boosting,,,Gap,0.274078729507311,,classification,Generators/Experiment with utility data leak/utility results/8. Mushroom dataset/TRTR_TSTR_results_merged.xlsx,utility,0.274078729507311,,0.0,100.0
8. Mushroom dataset,CopulaGAN,,,Recall_Drop,,Gradient Boosting,,,Gap,-0.1130793460326982,,classification,Generators/Experiment with utility data leak/utility results/8. Mushroom dataset/TRTR_TSTR_results_merged.xlsx,utility,-0.1130793460326982,,0.0,100.0
8. Mushroom dataset,CopulaGAN,,0.0,Accuracy,0.6532711836191111,Logistic Regression,,Utility,TRTR,0.6532711836191111,0.003432765231763527,classification,Generators/Experiment with utility data leak/utility results/8. Mushroom dataset/TRTR_TSTR_results_merged.xlsx,utility,0.6532711836191111,,0.0,100.0
8. Mushroom dataset,CopulaGAN,,0.0,Accuracy,0.5467204927584485,Logistic Regression,,Utility,TSTR,0.5467204927584485,0.00788946376228619,classification,Generators/Experiment with utility data leak/utility results/8. Mushroom dataset/TRTR_TSTR_results_merged.xlsx,utility,0.5467204927584485,,0.0,100.0
8. Mushroom dataset,CopulaGAN,,0.0,Accuracy_Gap,0.5467204927584485,Logistic Regression,,Utility,Gap,0.1065506908606626,0.00788946376228619,classification,Generators/Experiment with utility data leak/utility results/8. Mushroom dataset/TRTR_TSTR_results_merged.xlsx,utility,0.1065506908606626,,0.0,100.0
8. Mushroom dataset,CopulaGAN,,0.0,F1,0.7102051701755642,Logistic Regression,,Utility,TRTR,0.7102051701755642,0.002525563014958159,classification,Generators/Experiment with utility data leak/utility results/8. Mushroom dataset/TRTR_TSTR_results_merged.xlsx,utility,0.7102051701755642,,0.0,100.0
8. Mushroom dataset,CopulaGAN,,0.0,F1,0.6882905859040489,Logistic Regression,,Utility,TSTR,0.6882905859040489,0.005898789461017772,classification,Generators/Experiment with utility data leak/utility results/8. Mushroom dataset/TRTR_TSTR_results_merged.xlsx,utility,0.6882905859040489,,0.0,100.0
8. Mushroom dataset,CopulaGAN,,0.0,F1_Gap,0.6882905859040489,Logistic Regression,,Utility,Gap,0.02191458427151527,0.005898789461017772,classification,Generators/Experiment with utility data leak/utility results/8. Mushroom dataset/TRTR_TSTR_results_merged.xlsx,utility,0.02191458427151527,,0.0,100.0
8. Mushroom dataset,CopulaGAN,,0.0,Precision,0.6622882541511838,Logistic Regression,,Utility,TRTR,0.6622882541511838,0.003196371629185143,classification,Generators/Experiment with utility data leak/utility results/8. Mushroom dataset/TRTR_TSTR_results_merged.xlsx,utility,0.6622882541511838,,0.0,100.0
8. Mushroom dataset,CopulaGAN,,0.0,Precision,0.5565751628134027,Logistic Regression,,Utility,TSTR,0.5565751628134027,0.004996882753768498,classification,Generators/Experiment with utility data leak/utility results/8. Mushroom dataset/TRTR_TSTR_results_merged.xlsx,utility,0.5565751628134027,,0.0,100.0
8. Mushroom dataset,CopulaGAN,,0.0,Precision_Gap,0.5565751628134027,Logistic Regression,,Utility,Gap,0.10571309133778106,0.004996882753768498,classification,Generators/Experiment with utility data leak/utility results/8. Mushroom dataset/TRTR_TSTR_results_merged.xlsx,utility,0.10571309133778106,,0.0,100.0
8. Mushroom dataset,CopulaGAN,,0.0,Recall,0.7656067196640167,Logistic Regression,,Utility,TRTR,0.7656067196640167,0.002835651757146686,classification,Generators/Experiment with utility data leak/utility results/8. Mushroom dataset/TRTR_TSTR_results_merged.xlsx,utility,0.7656067196640167,,0.0,100.0
8. Mushroom dataset,CopulaGAN,,0.0,Recall,0.9019799010049498,Logistic Regression,,Utility,TSTR,0.9019799010049498,0.01801037719817063,classification,Generators/Experiment with utility data leak/utility results/8. Mushroom dataset/TRTR_TSTR_results_merged.xlsx,utility,0.9019799010049498,,0.0,100.0
8. Mushroom dataset,CopulaGAN,,0.0,Recall_Gap,0.9019799010049498,Logistic Regression,,Utility,Gap,-0.13637318134093313,0.01801037719817063,classification,Generators/Experiment with utility data leak/utility results/8. Mushroom dataset/TRTR_TSTR_results_merged.xlsx,utility,-0.13637318134093313,,0.0,100.0
8. Mushroom dataset,CopulaGAN,,,Accuracy_Drop,,Logistic Regression,,,Gap,0.1065506908606626,,classification,Generators/Experiment with utility data leak/utility results/8. Mushroom dataset/TRTR_TSTR_results_merged.xlsx,utility,0.1065506908606626,,0.0,100.0
8. Mushroom dataset,CopulaGAN,,,F1_Drop,,Logistic Regression,,,Gap,0.02191458427151527,,classification,Generators/Experiment with utility data leak/utility results/8. Mushroom dataset/TRTR_TSTR_results_merged.xlsx,utility,0.02191458427151527,,0.0,100.0
8. Mushroom dataset,CopulaGAN,,,Precision_Drop,,Logistic Regression,,,Gap,0.1057130913377811,,classification,Generators/Experiment with utility data leak/utility results/8. Mushroom dataset/TRTR_TSTR_results_merged.xlsx,utility,0.1057130913377811,,0.0,100.0
8. Mushroom dataset,CopulaGAN,,,Recall_Drop,,Logistic Regression,,,Gap,-0.1363731813409331,,classification,Generators/Experiment with utility data leak/utility results/8. Mushroom dataset/TRTR_TSTR_results_merged.xlsx,utility,-0.1363731813409331,,0.0,100.0
8. Mushroom dataset,CopulaGAN,,0.0,Accuracy,0.6530214749458965,AdaBoost,,Utility,TRTR,0.6530214749458965,0.00911056123636879,classification,Generators/Experiment with utility data leak/utility results/8. Mushroom dataset/TRTR_TSTR_results_merged.xlsx,utility,0.6530214749458965,,0.0,100.0
8. Mushroom dataset,CopulaGAN,,0.0,Accuracy,0.5658814716164475,AdaBoost,,Utility,TSTR,0.5658814716164475,0.006043001484273743,classification,Generators/Experiment with utility data leak/utility results/8. Mushroom dataset/TRTR_TSTR_results_merged.xlsx,utility,0.5658814716164475,,0.0,100.0
8. Mushroom dataset,CopulaGAN,,0.0,Accuracy_Gap,0.5658814716164475,AdaBoost,,Utility,Gap,0.08714000332944893,0.006043001484273743,classification,Generators/Experiment with utility data leak/utility results/8. Mushroom dataset/TRTR_TSTR_results_merged.xlsx,utility,0.08714000332944893,,0.0,100.0
8. Mushroom dataset,CopulaGAN,,0.0,F1,0.6586554205410092,AdaBoost,,Utility,TRTR,0.6586554205410092,0.01000642657450882,classification,Generators/Experiment with utility data leak/utility results/8. Mushroom dataset/TRTR_TSTR_results_merged.xlsx,utility,0.6586554205410092,,0.0,100.0
8. Mushroom dataset,CopulaGAN,,0.0,F1,0.7054272208130199,AdaBoost,,Utility,TSTR,0.7054272208130199,0.007452101553669144,classification,Generators/Experiment with utility data leak/utility results/8. Mushroom dataset/TRTR_TSTR_results_merged.xlsx,utility,0.7054272208130199,,0.0,100.0
8. Mushroom dataset,CopulaGAN,,0.0,F1_Gap,0.7054272208130199,AdaBoost,,Utility,Gap,-0.046771800272010666,0.007452101553669144,classification,Generators/Experiment with utility data leak/utility results/8. Mushroom dataset/TRTR_TSTR_results_merged.xlsx,utility,-0.046771800272010666,,0.0,100.0
8. Mushroom dataset,CopulaGAN,,0.0,Precision,0.7262195138345482,AdaBoost,,Utility,TRTR,0.7262195138345482,0.02162521657245883,classification,Generators/Experiment with utility data leak/utility results/8. Mushroom dataset/TRTR_TSTR_results_merged.xlsx,utility,0.7262195138345482,,0.0,100.0
8. Mushroom dataset,CopulaGAN,,0.0,Precision,0.5658458775850261,AdaBoost,,Utility,TSTR,0.5658458775850261,0.00479103405184462,classification,Generators/Experiment with utility data leak/utility results/8. Mushroom dataset/TRTR_TSTR_results_merged.xlsx,utility,0.5658458775850261,,0.0,100.0
8. Mushroom dataset,CopulaGAN,,0.0,Precision_Gap,0.5658458775850261,AdaBoost,,Utility,Gap,0.16037363624952206,0.00479103405184462,classification,Generators/Experiment with utility data leak/utility results/8. Mushroom dataset/TRTR_TSTR_results_merged.xlsx,utility,0.16037363624952206,,0.0,100.0
8. Mushroom dataset,CopulaGAN,,0.0,Recall,0.6036898155092245,AdaBoost,,Utility,TRTR,0.6036898155092245,0.02328275950044984,classification,Generators/Experiment with utility data leak/utility results/8. Mushroom dataset/TRTR_TSTR_results_merged.xlsx,utility,0.6036898155092245,,0.0,100.0
8. Mushroom dataset,CopulaGAN,,0.0,Recall,0.9374381280935953,AdaBoost,,Utility,TSTR,0.9374381280935953,0.03347955247840662,classification,Generators/Experiment with utility data leak/utility results/8. Mushroom dataset/TRTR_TSTR_results_merged.xlsx,utility,0.9374381280935953,,0.0,100.0
8. Mushroom dataset,CopulaGAN,,0.0,Recall_Gap,0.9374381280935953,AdaBoost,,Utility,Gap,-0.33374831258437077,0.03347955247840662,classification,Generators/Experiment with utility data leak/utility results/8. Mushroom dataset/TRTR_TSTR_results_merged.xlsx,utility,-0.33374831258437077,,0.0,100.0
8. Mushroom dataset,CopulaGAN,,,Accuracy_Drop,,AdaBoost,,,Gap,0.08714000332944893,,classification,Generators/Experiment with utility data leak/utility results/8. Mushroom dataset/TRTR_TSTR_results_merged.xlsx,utility,0.08714000332944893,,0.0,100.0
8. Mushroom dataset,CopulaGAN,,,F1_Drop,,AdaBoost,,,Gap,-0.04677180027201067,,classification,Generators/Experiment with utility data leak/utility results/8. Mushroom dataset/TRTR_TSTR_results_merged.xlsx,utility,-0.04677180027201067,,0.0,100.0
8. Mushroom dataset,CopulaGAN,,,Precision_Drop,,AdaBoost,,,Gap,0.1603736362495221,,classification,Generators/Experiment with utility data leak/utility results/8. Mushroom dataset/TRTR_TSTR_results_merged.xlsx,utility,0.1603736362495221,,0.0,100.0
8. Mushroom dataset,CopulaGAN,,,Recall_Drop,,AdaBoost,,,Gap,-0.3337483125843708,,classification,Generators/Experiment with utility data leak/utility results/8. Mushroom dataset/TRTR_TSTR_results_merged.xlsx,utility,-0.3337483125843708,,0.0,100.0
8. Mushroom dataset,CopulaGAN,,0.0,Accuracy,0.652688530048277,SVM-RBF,,Utility,TRTR,0.652688530048277,0.003540466283100108,classification,Generators/Experiment with utility data leak/utility results/8. Mushroom dataset/TRTR_TSTR_results_merged.xlsx,utility,0.652688530048277,,0.0,100.0
8. Mushroom dataset,CopulaGAN,,0.0,Accuracy,0.5477609455635093,SVM-RBF,,Utility,TSTR,0.5477609455635093,0.006741599799608036,classification,Generators/Experiment with utility data leak/utility results/8. Mushroom dataset/TRTR_TSTR_results_merged.xlsx,utility,0.5477609455635093,,0.0,100.0
8. Mushroom dataset,CopulaGAN,,0.0,Accuracy_Gap,0.5477609455635093,SVM-RBF,,Utility,Gap,0.10492758448476769,0.006741599799608036,classification,Generators/Experiment with utility data leak/utility results/8. Mushroom dataset/TRTR_TSTR_results_merged.xlsx,utility,0.10492758448476769,,0.0,100.0
8. Mushroom dataset,CopulaGAN,,0.0,F1,0.7111657290688942,SVM-RBF,,Utility,TRTR,0.7111657290688942,0.002515858645437491,classification,Generators/Experiment with utility data leak/utility results/8. Mushroom dataset/TRTR_TSTR_results_merged.xlsx,utility,0.7111657290688942,,0.0,100.0
8. Mushroom dataset,CopulaGAN,,0.0,F1,0.6921348917025708,SVM-RBF,,Utility,TSTR,0.6921348917025708,0.005459017715970776,classification,Generators/Experiment with utility data leak/utility results/8. Mushroom dataset/TRTR_TSTR_results_merged.xlsx,utility,0.6921348917025708,,0.0,100.0
8. Mushroom dataset,CopulaGAN,,0.0,F1_Gap,0.6921348917025708,SVM-RBF,,Utility,Gap,0.019030837366323383,0.005459017715970776,classification,Generators/Experiment with utility data leak/utility results/8. Mushroom dataset/TRTR_TSTR_results_merged.xlsx,utility,0.019030837366323383,,0.0,100.0
8. Mushroom dataset,CopulaGAN,,0.0,Precision,0.660338278612806,SVM-RBF,,Utility,TRTR,0.660338278612806,0.003326244875037613,classification,Generators/Experiment with utility data leak/utility results/8. Mushroom dataset/TRTR_TSTR_results_merged.xlsx,utility,0.660338278612806,,0.0,100.0
8. Mushroom dataset,CopulaGAN,,0.0,Precision,0.5562251538910632,SVM-RBF,,Utility,TSTR,0.5562251538910632,0.004306044465888895,classification,Generators/Experiment with utility data leak/utility results/8. Mushroom dataset/TRTR_TSTR_results_merged.xlsx,utility,0.5562251538910632,,0.0,100.0
8. Mushroom dataset,CopulaGAN,,0.0,Precision_Gap,0.5562251538910632,SVM-RBF,,Utility,Gap,0.10411312472174283,0.004306044465888895,classification,Generators/Experiment with utility data leak/utility results/8. Mushroom dataset/TRTR_TSTR_results_merged.xlsx,utility,0.10411312472174283,,0.0,100.0
8. Mushroom dataset,CopulaGAN,,0.0,Recall,0.7704814759262038,SVM-RBF,,Utility,TRTR,0.7704814759262038,0.002684656261806534,classification,Generators/Experiment with utility data leak/utility results/8. Mushroom dataset/TRTR_TSTR_results_merged.xlsx,utility,0.7704814759262038,,0.0,100.0
8. Mushroom dataset,CopulaGAN,,0.0,Recall,0.9162741862906856,SVM-RBF,,Utility,TSTR,0.9162741862906856,0.01905917820538132,classification,Generators/Experiment with utility data leak/utility results/8. Mushroom dataset/TRTR_TSTR_results_merged.xlsx,utility,0.9162741862906856,,0.0,100.0
8. Mushroom dataset,CopulaGAN,,0.0,Recall_Gap,0.9162741862906856,SVM-RBF,,Utility,Gap,-0.14579271036448183,0.01905917820538132,classification,Generators/Experiment with utility data leak/utility results/8. Mushroom dataset/TRTR_TSTR_results_merged.xlsx,utility,-0.14579271036448183,,0.0,100.0
8. Mushroom dataset,CopulaGAN,,,Accuracy_Drop,,SVM-RBF,,,Gap,0.1049275844847677,,classification,Generators/Experiment with utility data leak/utility results/8. Mushroom dataset/TRTR_TSTR_results_merged.xlsx,utility,0.1049275844847677,,0.0,100.0
8. Mushroom dataset,CopulaGAN,,,F1_Drop,,SVM-RBF,,,Gap,0.01903083736632338,,classification,Generators/Experiment with utility data leak/utility results/8. Mushroom dataset/TRTR_TSTR_results_merged.xlsx,utility,0.01903083736632338,,0.0,100.0
8. Mushroom dataset,CopulaGAN,,,Precision_Drop,,SVM-RBF,,,Gap,0.1041131247217428,,classification,Generators/Experiment with utility data leak/utility results/8. Mushroom dataset/TRTR_TSTR_results_merged.xlsx,utility,0.1041131247217428,,0.0,100.0
8. Mushroom dataset,CopulaGAN,,,Recall_Drop,,SVM-RBF,,,Gap,-0.1457927103644818,,classification,Generators/Experiment with utility data leak/utility results/8. Mushroom dataset/TRTR_TSTR_results_merged.xlsx,utility,-0.1457927103644818,,0.0,100.0
8. Mushroom dataset,CopulaGAN,,0.0,Accuracy,0.6093557516231064,Naive Bayes,,Utility,TRTR,0.6093557516231064,0.002206246746399765,classification,Generators/Experiment with utility data leak/utility results/8. Mushroom dataset/TRTR_TSTR_results_merged.xlsx,utility,0.6093557516231064,,0.0,100.0
8. Mushroom dataset,CopulaGAN,,0.0,Accuracy,0.5450391210254704,Naive Bayes,,Utility,TSTR,0.5450391210254704,0.00973425847596451,classification,Generators/Experiment with utility data leak/utility results/8. Mushroom dataset/TRTR_TSTR_results_merged.xlsx,utility,0.5450391210254704,,0.0,100.0
8. Mushroom dataset,CopulaGAN,,0.0,Accuracy_Gap,0.5450391210254704,Naive Bayes,,Utility,Gap,0.06431663059763604,0.00973425847596451,classification,Generators/Experiment with utility data leak/utility results/8. Mushroom dataset/TRTR_TSTR_results_merged.xlsx,utility,0.06431663059763604,,0.0,100.0
8. Mushroom dataset,CopulaGAN,,0.0,F1,0.5471586204572338,Naive Bayes,,Utility,TRTR,0.5471586204572338,0.003948342675541275,classification,Generators/Experiment with utility data leak/utility results/8. Mushroom dataset/TRTR_TSTR_results_merged.xlsx,utility,0.5471586204572338,,0.0,100.0
8. Mushroom dataset,CopulaGAN,,0.0,F1,0.6493128670904976,Naive Bayes,,Utility,TSTR,0.6493128670904976,0.01433879528672734,classification,Generators/Experiment with utility data leak/utility results/8. Mushroom dataset/TRTR_TSTR_results_merged.xlsx,utility,0.6493128670904976,,0.0,100.0
8. Mushroom dataset,CopulaGAN,,0.0,F1_Gap,0.6493128670904976,Naive Bayes,,Utility,Gap,-0.10215424663326378,0.01433879528672734,classification,Generators/Experiment with utility data leak/utility results/8. Mushroom dataset/TRTR_TSTR_results_merged.xlsx,utility,-0.10215424663326378,,0.0,100.0
8. Mushroom dataset,CopulaGAN,,0.0,Precision,0.7669376693867336,Naive Bayes,,Utility,TRTR,0.7669376693867336,0.002744162729666706,classification,Generators/Experiment with utility data leak/utility results/8. Mushroom dataset/TRTR_TSTR_results_merged.xlsx,utility,0.7669376693867336,,0.0,100.0
8. Mushroom dataset,CopulaGAN,,0.0,Precision,0.5672793865264216,Naive Bayes,,Utility,TSTR,0.5672793865264216,0.006289173134854579,classification,Generators/Experiment with utility data leak/utility results/8. Mushroom dataset/TRTR_TSTR_results_merged.xlsx,utility,0.5672793865264216,,0.0,100.0
8. Mushroom dataset,CopulaGAN,,0.0,Precision_Gap,0.5672793865264216,Naive Bayes,,Utility,Gap,0.19965828286031195,0.006289173134854579,classification,Generators/Experiment with utility data leak/utility results/8. Mushroom dataset/TRTR_TSTR_results_merged.xlsx,utility,0.19965828286031195,,0.0,100.0
8. Mushroom dataset,CopulaGAN,,0.0,Recall,0.4253037348132593,Naive Bayes,,Utility,TRTR,0.4253037348132593,0.004574279456311722,classification,Generators/Experiment with utility data leak/utility results/8. Mushroom dataset/TRTR_TSTR_results_merged.xlsx,utility,0.4253037348132593,,0.0,100.0
8. Mushroom dataset,CopulaGAN,,0.0,Recall,0.760161991900405,Naive Bayes,,Utility,TSTR,0.760161991900405,0.03664657827782319,classification,Generators/Experiment with utility data leak/utility results/8. Mushroom dataset/TRTR_TSTR_results_merged.xlsx,utility,0.760161991900405,,0.0,100.0
8. Mushroom dataset,CopulaGAN,,0.0,Recall_Gap,0.760161991900405,Naive Bayes,,Utility,Gap,-0.3348582570871457,0.03664657827782319,classification,Generators/Experiment with utility data leak/utility results/8. Mushroom dataset/TRTR_TSTR_results_merged.xlsx,utility,-0.3348582570871457,,0.0,100.0
8. Mushroom dataset,CopulaGAN,,,Accuracy_Drop,,Naive Bayes,,,Gap,0.06431663059763604,,classification,Generators/Experiment with utility data leak/utility results/8. Mushroom dataset/TRTR_TSTR_results_merged.xlsx,utility,0.06431663059763604,,0.0,100.0
8. Mushroom dataset,CopulaGAN,,,F1_Drop,,Naive Bayes,,,Gap,-0.1021542466332638,,classification,Generators/Experiment with utility data leak/utility results/8. Mushroom dataset/TRTR_TSTR_results_merged.xlsx,utility,-0.1021542466332638,,0.0,100.0
8. Mushroom dataset,CopulaGAN,,,Precision_Drop,,Naive Bayes,,,Gap,0.199658282860312,,classification,Generators/Experiment with utility data leak/utility results/8. Mushroom dataset/TRTR_TSTR_results_merged.xlsx,utility,0.199658282860312,,0.0,100.0
8. Mushroom dataset,CopulaGAN,,,Recall_Drop,,Naive Bayes,,,Gap,-0.3348582570871457,,classification,Generators/Experiment with utility data leak/utility results/8. Mushroom dataset/TRTR_TSTR_results_merged.xlsx,utility,-0.3348582570871457,,0.0,100.0
8. Mushroom dataset,TVAE,,0.0,Accuracy,0.999983352755119,Extra Trees,,Utility,TRTR,0.999983352755119,3.329448976194804e-05,classification,Generators/Experiment with utility data leak/utility results/8. Mushroom dataset/TRTR_TSTR_results_merged.xlsx,utility,0.999983352755119,,0.0,100.0
8. Mushroom dataset,TVAE,,0.0,Accuracy,0.6247128350258032,Extra Trees,,Utility,TSTR,0.6247128350258032,0.006276701237646473,classification,Generators/Experiment with utility data leak/utility results/8. Mushroom dataset/TRTR_TSTR_results_merged.xlsx,utility,0.6247128350258032,,0.0,100.0
8. Mushroom dataset,TVAE,,0.0,Accuracy_Gap,0.6247128350258032,Extra Trees,,Utility,Gap,0.37527051772931574,0.006276701237646473,classification,Generators/Experiment with utility data leak/utility results/8. Mushroom dataset/TRTR_TSTR_results_merged.xlsx,utility,0.37527051772931574,,0.0,100.0
8. Mushroom dataset,TVAE,,0.0,F1,0.9999849996249907,Extra Trees,,Utility,TRTR,0.9999849996249907,3.000075001873271e-05,classification,Generators/Experiment with utility data leak/utility results/8. Mushroom dataset/TRTR_TSTR_results_merged.xlsx,utility,0.9999849996249907,,0.0,100.0
8. Mushroom dataset,TVAE,,0.0,F1,0.6693256794674678,Extra Trees,,Utility,TSTR,0.6693256794674678,0.007719429004665895,classification,Generators/Experiment with utility data leak/utility results/8. Mushroom dataset/TRTR_TSTR_results_merged.xlsx,utility,0.6693256794674678,,0.0,100.0
8. Mushroom dataset,TVAE,,0.0,F1_Gap,0.6693256794674678,Extra Trees,,Utility,Gap,0.33065932015752286,0.007719429004665895,classification,Generators/Experiment with utility data leak/utility results/8. Mushroom dataset/TRTR_TSTR_results_merged.xlsx,utility,0.33065932015752286,,0.0,100.0
8. Mushroom dataset,TVAE,,0.0,Precision,1.0,Extra Trees,,Utility,TRTR,1.0,0.0,classification,Generators/Experiment with utility data leak/utility results/8. Mushroom dataset/TRTR_TSTR_results_merged.xlsx,utility,1.0,,0.0,100.0
8. Mushroom dataset,TVAE,,0.0,Precision,0.6548570450616498,Extra Trees,,Utility,TSTR,0.6548570450616498,0.005453704998550935,classification,Generators/Experiment with utility data leak/utility results/8. Mushroom dataset/TRTR_TSTR_results_merged.xlsx,utility,0.6548570450616498,,0.0,100.0
8. Mushroom dataset,TVAE,,0.0,Precision_Gap,0.6548570450616498,Extra Trees,,Utility,Gap,0.34514295493835023,0.005453704998550935,classification,Generators/Experiment with utility data leak/utility results/8. Mushroom dataset/TRTR_TSTR_results_merged.xlsx,utility,0.34514295493835023,,0.0,100.0
8. Mushroom dataset,TVAE,,0.0,Recall,0.9999700014999249,Extra Trees,,Utility,TRTR,0.9999700014999249,5.999700014998055e-05,classification,Generators/Experiment with utility data leak/utility results/8. Mushroom dataset/TRTR_TSTR_results_merged.xlsx,utility,0.9999700014999249,,0.0,100.0
8. Mushroom dataset,TVAE,,0.0,Recall,0.684640767961602,Extra Trees,,Utility,TSTR,0.684640767961602,0.01511746574831875,classification,Generators/Experiment with utility data leak/utility results/8. Mushroom dataset/TRTR_TSTR_results_merged.xlsx,utility,0.684640767961602,,0.0,100.0
8. Mushroom dataset,TVAE,,0.0,Recall_Gap,0.684640767961602,Extra Trees,,Utility,Gap,0.3153292335383229,0.01511746574831875,classification,Generators/Experiment with utility data leak/utility results/8. Mushroom dataset/TRTR_TSTR_results_merged.xlsx,utility,0.3153292335383229,,0.0,100.0
8. Mushroom dataset,TVAE,,,Accuracy_Drop,,Extra Trees,,,Gap,0.3752705177293157,,classification,Generators/Experiment with utility data leak/utility results/8. Mushroom dataset/TRTR_TSTR_results_merged.xlsx,utility,0.3752705177293157,,0.0,100.0
8. Mushroom dataset,TVAE,,,F1_Drop,,Extra Trees,,,Gap,0.3306593201575229,,classification,Generators/Experiment with utility data leak/utility results/8. Mushroom dataset/TRTR_TSTR_results_merged.xlsx,utility,0.3306593201575229,,0.0,100.0
8. Mushroom dataset,TVAE,,,Precision_Drop,,Extra Trees,,,Gap,0.3451429549383502,,classification,Generators/Experiment with utility data leak/utility results/8. Mushroom dataset/TRTR_TSTR_results_merged.xlsx,utility,0.3451429549383502,,0.0,100.0
8. Mushroom dataset,TVAE,,,Recall_Drop,,Extra Trees,,,Gap,0.3153292335383229,,classification,Generators/Experiment with utility data leak/utility results/8. Mushroom dataset/TRTR_TSTR_results_merged.xlsx,utility,0.3153292335383229,,0.0,100.0
8. Mushroom dataset,TVAE,,0.0,Accuracy,0.9998917929082738,Random Forest,,Utility,TRTR,0.9998917929082738,3.814362988976479e-05,classification,Generators/Experiment with utility data leak/utility results/8. Mushroom dataset/TRTR_TSTR_results_merged.xlsx,utility,0.9998917929082738,,0.0,100.0
8. Mushroom dataset,TVAE,,0.0,Accuracy,0.6162726818711504,Random Forest,,Utility,TSTR,0.6162726818711504,0.004638797427089249,classification,Generators/Experiment with utility data leak/utility results/8. Mushroom dataset/TRTR_TSTR_results_merged.xlsx,utility,0.6162726818711504,,0.0,100.0
8. Mushroom dataset,TVAE,,0.0,Accuracy_Gap,0.6162726818711504,Random Forest,,Utility,Gap,0.38361911103712343,0.004638797427089249,classification,Generators/Experiment with utility data leak/utility results/8. Mushroom dataset/TRTR_TSTR_results_merged.xlsx,utility,0.38361911103712343,,0.0,100.0
8. Mushroom dataset,TVAE,,0.0,F1,0.9999025054365672,Random Forest,,Utility,TRTR,0.9999025054365672,3.436305920243479e-05,classification,Generators/Experiment with utility data leak/utility results/8. Mushroom dataset/TRTR_TSTR_results_merged.xlsx,utility,0.9999025054365672,,0.0,100.0
8. Mushroom dataset,TVAE,,0.0,F1,0.6542632917214106,Random Forest,,Utility,TSTR,0.6542632917214106,0.006155104632616172,classification,Generators/Experiment with utility data leak/utility results/8. Mushroom dataset/TRTR_TSTR_results_merged.xlsx,utility,0.6542632917214106,,0.0,100.0
8. Mushroom dataset,TVAE,,0.0,F1_Gap,0.6542632917214106,Random Forest,,Utility,Gap,0.3456392137151566,0.006155104632616172,classification,Generators/Experiment with utility data leak/utility results/8. Mushroom dataset/TRTR_TSTR_results_merged.xlsx,utility,0.3456392137151566,,0.0,100.0
8. Mushroom dataset,TVAE,,0.0,Precision,0.9999100179950515,Random Forest,,Utility,TRTR,0.9999100179950515,9.947206977344203e-05,classification,Generators/Experiment with utility data leak/utility results/8. Mushroom dataset/TRTR_TSTR_results_merged.xlsx,utility,0.9999100179950515,,0.0,100.0
8. Mushroom dataset,TVAE,,0.0,Precision,0.654294489141197,Random Forest,,Utility,TSTR,0.654294489141197,0.005493201202747776,classification,Generators/Experiment with utility data leak/utility results/8. Mushroom dataset/TRTR_TSTR_results_merged.xlsx,utility,0.654294489141197,,0.0,100.0
8. Mushroom dataset,TVAE,,0.0,Precision_Gap,0.654294489141197,Random Forest,,Utility,Gap,0.3456155288538545,0.005493201202747776,classification,Generators/Experiment with utility data leak/utility results/8. Mushroom dataset/TRTR_TSTR_results_merged.xlsx,utility,0.3456155288538545,,0.0,100.0
8. Mushroom dataset,TVAE,,0.0,Recall,0.9998950052497374,Random Forest,,Utility,TRTR,0.9998950052497374,6.873519866439068e-05,classification,Generators/Experiment with utility data leak/utility results/8. Mushroom dataset/TRTR_TSTR_results_merged.xlsx,utility,0.9998950052497374,,0.0,100.0
8. Mushroom dataset,TVAE,,0.0,Recall,0.6544322783860806,Random Forest,,Utility,TSTR,0.6544322783860806,0.01333372587579918,classification,Generators/Experiment with utility data leak/utility results/8. Mushroom dataset/TRTR_TSTR_results_merged.xlsx,utility,0.6544322783860806,,0.0,100.0
8. Mushroom dataset,TVAE,,0.0,Recall_Gap,0.6544322783860806,Random Forest,,Utility,Gap,0.34546272686365675,0.01333372587579918,classification,Generators/Experiment with utility data leak/utility results/8. Mushroom dataset/TRTR_TSTR_results_merged.xlsx,utility,0.34546272686365675,,0.0,100.0
8. Mushroom dataset,TVAE,,,Accuracy_Drop,,Random Forest,,,Gap,0.3836191110371234,,classification,Generators/Experiment with utility data leak/utility results/8. Mushroom dataset/TRTR_TSTR_results_merged.xlsx,utility,0.3836191110371234,,0.0,100.0
8. Mushroom dataset,TVAE,,,F1_Drop,,Random Forest,,,Gap,0.3456392137151566,,classification,Generators/Experiment with utility data leak/utility results/8. Mushroom dataset/TRTR_TSTR_results_merged.xlsx,utility,0.3456392137151566,,0.0,100.0
8. Mushroom dataset,TVAE,,,Precision_Drop,,Random Forest,,,Gap,0.3456155288538545,,classification,Generators/Experiment with utility data leak/utility results/8. Mushroom dataset/TRTR_TSTR_results_merged.xlsx,utility,0.3456155288538545,,0.0,100.0
8. Mushroom dataset,TVAE,,,Recall_Drop,,Random Forest,,,Gap,0.3454627268636568,,classification,Generators/Experiment with utility data leak/utility results/8. Mushroom dataset/TRTR_TSTR_results_merged.xlsx,utility,0.3454627268636568,,0.0,100.0
8. Mushroom dataset,TVAE,,0.0,Accuracy,0.9998002330614282,MLP,,Utility,TRTR,0.9998002330614282,0.0001498252039287662,classification,Generators/Experiment with utility data leak/utility results/8. Mushroom dataset/TRTR_TSTR_results_merged.xlsx,utility,0.9998002330614282,,0.0,100.0
8. Mushroom dataset,TVAE,,0.0,Accuracy,0.6079157649409023,MLP,,Utility,TSTR,0.6079157649409023,0.006682085688881362,classification,Generators/Experiment with utility data leak/utility results/8. Mushroom dataset/TRTR_TSTR_results_merged.xlsx,utility,0.6079157649409023,,0.0,100.0
8. Mushroom dataset,TVAE,,0.0,Accuracy_Gap,0.6079157649409023,MLP,,Utility,Gap,0.3918844681205259,0.006682085688881362,classification,Generators/Experiment with utility data leak/utility results/8. Mushroom dataset/TRTR_TSTR_results_merged.xlsx,utility,0.3918844681205259,,0.0,100.0
8. Mushroom dataset,TVAE,,0.0,F1,0.9998200033725814,MLP,,Utility,TRTR,0.9998200033725814,0.0001350057549300141,classification,Generators/Experiment with utility data leak/utility results/8. Mushroom dataset/TRTR_TSTR_results_merged.xlsx,utility,0.9998200033725814,,0.0,100.0
8. Mushroom dataset,TVAE,,0.0,F1,0.6410924074522057,MLP,,Utility,TSTR,0.6410924074522057,0.00779993222244019,classification,Generators/Experiment with utility data leak/utility results/8. Mushroom dataset/TRTR_TSTR_results_merged.xlsx,utility,0.6410924074522057,,0.0,100.0
8. Mushroom dataset,TVAE,,0.0,F1_Gap,0.6410924074522057,MLP,,Utility,Gap,0.3587275959203756,0.00779993222244019,classification,Generators/Experiment with utility data leak/utility results/8. Mushroom dataset/TRTR_TSTR_results_merged.xlsx,utility,0.3587275959203756,,0.0,100.0
8. Mushroom dataset,TVAE,,0.0,Precision,0.999835012740364,MLP,,Utility,TRTR,0.999835012740364,0.0001414792911934868,classification,Generators/Experiment with utility data leak/utility results/8. Mushroom dataset/TRTR_TSTR_results_merged.xlsx,utility,0.999835012740364,,0.0,100.0
8. Mushroom dataset,TVAE,,0.0,Precision,0.6516623550800821,MLP,,Utility,TSTR,0.6516623550800821,0.009014988956208522,classification,Generators/Experiment with utility data leak/utility results/8. Mushroom dataset/TRTR_TSTR_results_merged.xlsx,utility,0.6516623550800821,,0.0,100.0
8. Mushroom dataset,TVAE,,0.0,Precision_Gap,0.6516623550800821,MLP,,Utility,Gap,0.34817265766028194,0.009014988956208522,classification,Generators/Experiment with utility data leak/utility results/8. Mushroom dataset/TRTR_TSTR_results_merged.xlsx,utility,0.34817265766028194,,0.0,100.0
8. Mushroom dataset,TVAE,,0.0,Recall,0.9998050097495124,MLP,,Utility,TRTR,0.9998050097495124,0.0001781062259942747,classification,Generators/Experiment with utility data leak/utility results/8. Mushroom dataset/TRTR_TSTR_results_merged.xlsx,utility,0.9998050097495124,,0.0,100.0
8. Mushroom dataset,TVAE,,0.0,Recall,0.6312734363281836,MLP,,Utility,TSTR,0.6312734363281836,0.01734513300277564,classification,Generators/Experiment with utility data leak/utility results/8. Mushroom dataset/TRTR_TSTR_results_merged.xlsx,utility,0.6312734363281836,,0.0,100.0
8. Mushroom dataset,TVAE,,0.0,Recall_Gap,0.6312734363281836,MLP,,Utility,Gap,0.3685315734213288,0.01734513300277564,classification,Generators/Experiment with utility data leak/utility results/8. Mushroom dataset/TRTR_TSTR_results_merged.xlsx,utility,0.3685315734213288,,0.0,100.0
8. Mushroom dataset,TVAE,,,Accuracy_Drop,,MLP,,,Gap,0.3918844681205259,,classification,Generators/Experiment with utility data leak/utility results/8. Mushroom dataset/TRTR_TSTR_results_merged.xlsx,utility,0.3918844681205259,,0.0,100.0
8. Mushroom dataset,TVAE,,,F1_Drop,,MLP,,,Gap,0.3587275959203756,,classification,Generators/Experiment with utility data leak/utility results/8. Mushroom dataset/TRTR_TSTR_results_merged.xlsx,utility,0.3587275959203756,,0.0,100.0
8. Mushroom dataset,TVAE,,,Precision_Drop,,MLP,,,Gap,0.3481726576602819,,classification,Generators/Experiment with utility data leak/utility results/8. Mushroom dataset/TRTR_TSTR_results_merged.xlsx,utility,0.3481726576602819,,0.0,100.0
8. Mushroom dataset,TVAE,,,Recall_Drop,,MLP,,,Gap,0.3685315734213288,,classification,Generators/Experiment with utility data leak/utility results/8. Mushroom dataset/TRTR_TSTR_results_merged.xlsx,utility,0.3685315734213288,,0.0,100.0
8. Mushroom dataset,TVAE,,0.0,Accuracy,0.9993757283169635,KNN,,Utility,TRTR,0.9993757283169635,0.0001870501502766885,classification,Generators/Experiment with utility data leak/utility results/8. Mushroom dataset/TRTR_TSTR_results_merged.xlsx,utility,0.9993757283169635,,0.0,100.0
8. Mushroom dataset,TVAE,,0.0,Accuracy,0.6008323622440486,KNN,,Utility,TSTR,0.6008323622440486,0.00661915893216344,classification,Generators/Experiment with utility data leak/utility results/8. Mushroom dataset/TRTR_TSTR_results_merged.xlsx,utility,0.6008323622440486,,0.0,100.0
8. Mushroom dataset,TVAE,,0.0,Accuracy_Gap,0.6008323622440486,KNN,,Utility,Gap,0.39854336607291496,0.00661915893216344,classification,Generators/Experiment with utility data leak/utility results/8. Mushroom dataset/TRTR_TSTR_results_merged.xlsx,utility,0.39854336607291496,,0.0,100.0
8. Mushroom dataset,TVAE,,0.0,F1,0.999437537679781,KNN,,Utility,TRTR,0.999437537679781,0.0001685162263673175,classification,Generators/Experiment with utility data leak/utility results/8. Mushroom dataset/TRTR_TSTR_results_merged.xlsx,utility,0.999437537679781,,0.0,100.0
8. Mushroom dataset,TVAE,,0.0,F1,0.6442189868589289,KNN,,Utility,TSTR,0.6442189868589289,0.01018643359310747,classification,Generators/Experiment with utility data leak/utility results/8. Mushroom dataset/TRTR_TSTR_results_merged.xlsx,utility,0.6442189868589289,,0.0,100.0
8. Mushroom dataset,TVAE,,0.0,F1_Gap,0.6442189868589289,KNN,,Utility,Gap,0.3552185508208522,0.01018643359310747,classification,Generators/Experiment with utility data leak/utility results/8. Mushroom dataset/TRTR_TSTR_results_merged.xlsx,utility,0.3552185508208522,,0.0,100.0
8. Mushroom dataset,TVAE,,0.0,Precision,0.9994300667201221,KNN,,Utility,TRTR,0.9994300667201221,0.0002203628791389911,classification,Generators/Experiment with utility data leak/utility results/8. Mushroom dataset/TRTR_TSTR_results_merged.xlsx,utility,0.9994300667201221,,0.0,100.0
8. Mushroom dataset,TVAE,,0.0,Precision,0.6378988751042305,KNN,,Utility,TSTR,0.6378988751042305,0.01280477873248795,classification,Generators/Experiment with utility data leak/utility results/8. Mushroom dataset/TRTR_TSTR_results_merged.xlsx,utility,0.6378988751042305,,0.0,100.0
8. Mushroom dataset,TVAE,,0.0,Precision_Gap,0.6378988751042305,KNN,,Utility,Gap,0.36153119161589164,0.01280477873248795,classification,Generators/Experiment with utility data leak/utility results/8. Mushroom dataset/TRTR_TSTR_results_merged.xlsx,utility,0.36153119161589164,,0.0,100.0
8. Mushroom dataset,TVAE,,0.0,Recall,0.9994450277486123,KNN,,Utility,TRTR,0.9994450277486123,0.0001649917504124697,classification,Generators/Experiment with utility data leak/utility results/8. Mushroom dataset/TRTR_TSTR_results_merged.xlsx,utility,0.9994450277486123,,0.0,100.0
8. Mushroom dataset,TVAE,,0.0,Recall,0.6520323983800809,KNN,,Utility,TSTR,0.6520323983800809,0.03027118082054798,classification,Generators/Experiment with utility data leak/utility results/8. Mushroom dataset/TRTR_TSTR_results_merged.xlsx,utility,0.6520323983800809,,0.0,100.0
8. Mushroom dataset,TVAE,,0.0,Recall_Gap,0.6520323983800809,KNN,,Utility,Gap,0.34741262936853146,0.03027118082054798,classification,Generators/Experiment with utility data leak/utility results/8. Mushroom dataset/TRTR_TSTR_results_merged.xlsx,utility,0.34741262936853146,,0.0,100.0
8. Mushroom dataset,TVAE,,,Accuracy_Drop,,KNN,,,Gap,0.398543366072915,,classification,Generators/Experiment with utility data leak/utility results/8. Mushroom dataset/TRTR_TSTR_results_merged.xlsx,utility,0.398543366072915,,0.0,100.0
8. Mushroom dataset,TVAE,,,F1_Drop,,KNN,,,Gap,0.3552185508208522,,classification,Generators/Experiment with utility data leak/utility results/8. Mushroom dataset/TRTR_TSTR_results_merged.xlsx,utility,0.3552185508208522,,0.0,100.0
8. Mushroom dataset,TVAE,,,Precision_Drop,,KNN,,,Gap,0.3615311916158916,,classification,Generators/Experiment with utility data leak/utility results/8. Mushroom dataset/TRTR_TSTR_results_merged.xlsx,utility,0.3615311916158916,,0.0,100.0
8. Mushroom dataset,TVAE,,,Recall_Drop,,KNN,,,Gap,0.3474126293685315,,classification,Generators/Experiment with utility data leak/utility results/8. Mushroom dataset/TRTR_TSTR_results_merged.xlsx,utility,0.3474126293685315,,0.0,100.0
8. Mushroom dataset,TVAE,,0.0,Accuracy,0.9430830697519561,Decision Tree,,Utility,TRTR,0.9430830697519561,0.003054622010995107,classification,Generators/Experiment with utility data leak/utility results/8. Mushroom dataset/TRTR_TSTR_results_merged.xlsx,utility,0.9430830697519561,,0.0,100.0
8. Mushroom dataset,TVAE,,0.0,Accuracy,0.5821458298651574,Decision Tree,,Utility,TSTR,0.5821458298651574,0.01160340733183154,classification,Generators/Experiment with utility data leak/utility results/8. Mushroom dataset/TRTR_TSTR_results_merged.xlsx,utility,0.5821458298651574,,0.0,100.0
8. Mushroom dataset,TVAE,,0.0,Accuracy_Gap,0.5821458298651574,Decision Tree,,Utility,Gap,0.3609372398867987,0.01160340733183154,classification,Generators/Experiment with utility data leak/utility results/8. Mushroom dataset/TRTR_TSTR_results_merged.xlsx,utility,0.3609372398867987,,0.0,100.0
8. Mushroom dataset,TVAE,,0.0,F1,0.9486269064274188,Decision Tree,,Utility,TRTR,0.9486269064274188,0.002733229331666377,classification,Generators/Experiment with utility data leak/utility results/8. Mushroom dataset/TRTR_TSTR_results_merged.xlsx,utility,0.9486269064274188,,0.0,100.0
8. Mushroom dataset,TVAE,,0.0,F1,0.6143338426205494,Decision Tree,,Utility,TSTR,0.6143338426205494,0.009199383997543034,classification,Generators/Experiment with utility data leak/utility results/8. Mushroom dataset/TRTR_TSTR_results_merged.xlsx,utility,0.6143338426205494,,0.0,100.0
8. Mushroom dataset,TVAE,,0.0,F1_Gap,0.6143338426205494,Decision Tree,,Utility,Gap,0.3342930638068694,0.009199383997543034,classification,Generators/Experiment with utility data leak/utility results/8. Mushroom dataset/TRTR_TSTR_results_merged.xlsx,utility,0.3342930638068694,,0.0,100.0
8. Mushroom dataset,TVAE,,0.0,Precision,0.9503557108620792,Decision Tree,,Utility,TRTR,0.9503557108620792,0.004797011192999022,classification,Generators/Experiment with utility data leak/utility results/8. Mushroom dataset/TRTR_TSTR_results_merged.xlsx,utility,0.9503557108620792,,0.0,100.0
8. Mushroom dataset,TVAE,,0.0,Precision,0.6300652067842142,Decision Tree,,Utility,TSTR,0.6300652067842142,0.01430405571495483,classification,Generators/Experiment with utility data leak/utility results/8. Mushroom dataset/TRTR_TSTR_results_merged.xlsx,utility,0.6300652067842142,,0.0,100.0
8. Mushroom dataset,TVAE,,0.0,Precision_Gap,0.6300652067842142,Decision Tree,,Utility,Gap,0.32029050407786497,0.01430405571495483,classification,Generators/Experiment with utility data leak/utility results/8. Mushroom dataset/TRTR_TSTR_results_merged.xlsx,utility,0.32029050407786497,,0.0,100.0
8. Mushroom dataset,TVAE,,0.0,Recall,0.9469326533673316,Decision Tree,,Utility,TRTR,0.9469326533673316,0.004340358980694475,classification,Generators/Experiment with utility data leak/utility results/8. Mushroom dataset/TRTR_TSTR_results_merged.xlsx,utility,0.9469326533673316,,0.0,100.0
8. Mushroom dataset,TVAE,,0.0,Recall,0.5997750112494376,Decision Tree,,Utility,TSTR,0.5997750112494376,0.01506734953235786,classification,Generators/Experiment with utility data leak/utility results/8. Mushroom dataset/TRTR_TSTR_results_merged.xlsx,utility,0.5997750112494376,,0.0,100.0
8. Mushroom dataset,TVAE,,0.0,Recall_Gap,0.5997750112494376,Decision Tree,,Utility,Gap,0.347157642117894,0.01506734953235786,classification,Generators/Experiment with utility data leak/utility results/8. Mushroom dataset/TRTR_TSTR_results_merged.xlsx,utility,0.347157642117894,,0.0,100.0
8. Mushroom dataset,TVAE,,,Accuracy_Drop,,Decision Tree,,,Gap,0.3609372398867987,,classification,Generators/Experiment with utility data leak/utility results/8. Mushroom dataset/TRTR_TSTR_results_merged.xlsx,utility,0.3609372398867987,,0.0,100.0
8. Mushroom dataset,TVAE,,,F1_Drop,,Decision Tree,,,Gap,0.3342930638068694,,classification,Generators/Experiment with utility data leak/utility results/8. Mushroom dataset/TRTR_TSTR_results_merged.xlsx,utility,0.3342930638068694,,0.0,100.0
8. Mushroom dataset,TVAE,,,Precision_Drop,,Decision Tree,,,Gap,0.320290504077865,,classification,Generators/Experiment with utility data leak/utility results/8. Mushroom dataset/TRTR_TSTR_results_merged.xlsx,utility,0.320290504077865,,0.0,100.0
8. Mushroom dataset,TVAE,,,Recall_Drop,,Decision Tree,,,Gap,0.347157642117894,,classification,Generators/Experiment with utility data leak/utility results/8. Mushroom dataset/TRTR_TSTR_results_merged.xlsx,utility,0.347157642117894,,0.0,100.0
8. Mushroom dataset,TVAE,,0.0,Accuracy,0.8177376394206759,Gradient Boosting,,Utility,TRTR,0.8177376394206759,0.009463270545125387,classification,Generators/Experiment with utility data leak/utility results/8. Mushroom dataset/TRTR_TSTR_results_merged.xlsx,utility,0.8177376394206759,,0.0,100.0
8. Mushroom dataset,TVAE,,0.0,Accuracy,0.5960878974529716,Gradient Boosting,,Utility,TSTR,0.5960878974529716,0.006326193997146319,classification,Generators/Experiment with utility data leak/utility results/8. Mushroom dataset/TRTR_TSTR_results_merged.xlsx,utility,0.5960878974529716,,0.0,100.0
8. Mushroom dataset,TVAE,,0.0,Accuracy_Gap,0.5960878974529716,Gradient Boosting,,Utility,Gap,0.22164974196770426,0.006326193997146319,classification,Generators/Experiment with utility data leak/utility results/8. Mushroom dataset/TRTR_TSTR_results_merged.xlsx,utility,0.22164974196770426,,0.0,100.0
8. Mushroom dataset,TVAE,,0.0,F1,0.8351441635674031,Gradient Boosting,,Utility,TRTR,0.8351441635674031,0.009911515687219402,classification,Generators/Experiment with utility data leak/utility results/8. Mushroom dataset/TRTR_TSTR_results_merged.xlsx,utility,0.8351441635674031,,0.0,100.0
8. Mushroom dataset,TVAE,,0.0,F1,0.6446936482565284,Gradient Boosting,,Utility,TSTR,0.6446936482565284,0.008040700272548355,classification,Generators/Experiment with utility data leak/utility results/8. Mushroom dataset/TRTR_TSTR_results_merged.xlsx,utility,0.6446936482565284,,0.0,100.0
8. Mushroom dataset,TVAE,,0.0,F1_Gap,0.6446936482565284,Gradient Boosting,,Utility,Gap,0.19045051531087465,0.008040700272548355,classification,Generators/Experiment with utility data leak/utility results/8. Mushroom dataset/TRTR_TSTR_results_merged.xlsx,utility,0.19045051531087465,,0.0,100.0
8. Mushroom dataset,TVAE,,0.0,Precision,0.8380774142407716,Gradient Boosting,,Utility,TRTR,0.8380774142407716,0.007023800154772467,classification,Generators/Experiment with utility data leak/utility results/8. Mushroom dataset/TRTR_TSTR_results_merged.xlsx,utility,0.8380774142407716,,0.0,100.0
8. Mushroom dataset,TVAE,,0.0,Precision,0.6298040124794175,Gradient Boosting,,Utility,TSTR,0.6298040124794175,0.00631010446940237,classification,Generators/Experiment with utility data leak/utility results/8. Mushroom dataset/TRTR_TSTR_results_merged.xlsx,utility,0.6298040124794175,,0.0,100.0
8. Mushroom dataset,TVAE,,0.0,Precision_Gap,0.6298040124794175,Gradient Boosting,,Utility,Gap,0.20827340176135412,0.00631010446940237,classification,Generators/Experiment with utility data leak/utility results/8. Mushroom dataset/TRTR_TSTR_results_merged.xlsx,utility,0.20827340176135412,,0.0,100.0
8. Mushroom dataset,TVAE,,0.0,Recall,0.8324883755812209,Gradient Boosting,,Utility,TRTR,0.8324883755812209,0.01907263019534354,classification,Generators/Experiment with utility data leak/utility results/8. Mushroom dataset/TRTR_TSTR_results_merged.xlsx,utility,0.8324883755812209,,0.0,100.0
8. Mushroom dataset,TVAE,,0.0,Recall,0.6605819709014551,Gradient Boosting,,Utility,TSTR,0.6605819709014551,0.01669537812504069,classification,Generators/Experiment with utility data leak/utility results/8. Mushroom dataset/TRTR_TSTR_results_merged.xlsx,utility,0.6605819709014551,,0.0,100.0
8. Mushroom dataset,TVAE,,0.0,Recall_Gap,0.6605819709014551,Gradient Boosting,,Utility,Gap,0.1719064046797658,0.01669537812504069,classification,Generators/Experiment with utility data leak/utility results/8. Mushroom dataset/TRTR_TSTR_results_merged.xlsx,utility,0.1719064046797658,,0.0,100.0
8. Mushroom dataset,TVAE,,,Accuracy_Drop,,Gradient Boosting,,,Gap,0.2216497419677043,,classification,Generators/Experiment with utility data leak/utility results/8. Mushroom dataset/TRTR_TSTR_results_merged.xlsx,utility,0.2216497419677043,,0.0,100.0
8. Mushroom dataset,TVAE,,,F1_Drop,,Gradient Boosting,,,Gap,0.1904505153108746,,classification,Generators/Experiment with utility data leak/utility results/8. Mushroom dataset/TRTR_TSTR_results_merged.xlsx,utility,0.1904505153108746,,0.0,100.0
8. Mushroom dataset,TVAE,,,Precision_Drop,,Gradient Boosting,,,Gap,0.2082734017613541,,classification,Generators/Experiment with utility data leak/utility results/8. Mushroom dataset/TRTR_TSTR_results_merged.xlsx,utility,0.2082734017613541,,0.0,100.0
8. Mushroom dataset,TVAE,,,Recall_Drop,,Gradient Boosting,,,Gap,0.1719064046797658,,classification,Generators/Experiment with utility data leak/utility results/8. Mushroom dataset/TRTR_TSTR_results_merged.xlsx,utility,0.1719064046797658,,0.0,100.0
8. Mushroom dataset,TVAE,,0.0,Accuracy,0.6532711836191111,Logistic Regression,,Utility,TRTR,0.6532711836191111,0.003432765231763527,classification,Generators/Experiment with utility data leak/utility results/8. Mushroom dataset/TRTR_TSTR_results_merged.xlsx,utility,0.6532711836191111,,0.0,100.0
8. Mushroom dataset,TVAE,,0.0,Accuracy,0.6100133177959047,Logistic Regression,,Utility,TSTR,0.6100133177959047,0.00784207604568492,classification,Generators/Experiment with utility data leak/utility results/8. Mushroom dataset/TRTR_TSTR_results_merged.xlsx,utility,0.6100133177959047,,0.0,100.0
8. Mushroom dataset,TVAE,,0.0,Accuracy_Gap,0.6100133177959047,Logistic Regression,,Utility,Gap,0.04325786582320634,0.00784207604568492,classification,Generators/Experiment with utility data leak/utility results/8. Mushroom dataset/TRTR_TSTR_results_merged.xlsx,utility,0.04325786582320634,,0.0,100.0
8. Mushroom dataset,TVAE,,0.0,F1,0.7102051701755642,Logistic Regression,,Utility,TRTR,0.7102051701755642,0.002525563014958159,classification,Generators/Experiment with utility data leak/utility results/8. Mushroom dataset/TRTR_TSTR_results_merged.xlsx,utility,0.7102051701755642,,0.0,100.0
8. Mushroom dataset,TVAE,,0.0,F1,0.6561028035631795,Logistic Regression,,Utility,TSTR,0.6561028035631795,0.004329155141736782,classification,Generators/Experiment with utility data leak/utility results/8. Mushroom dataset/TRTR_TSTR_results_merged.xlsx,utility,0.6561028035631795,,0.0,100.0
8. Mushroom dataset,TVAE,,0.0,F1_Gap,0.6561028035631795,Logistic Regression,,Utility,Gap,0.054102366612384656,0.004329155141736782,classification,Generators/Experiment with utility data leak/utility results/8. Mushroom dataset/TRTR_TSTR_results_merged.xlsx,utility,0.054102366612384656,,0.0,100.0
8. Mushroom dataset,TVAE,,0.0,Precision,0.6622882541511838,Logistic Regression,,Utility,TRTR,0.6622882541511838,0.003196371629185143,classification,Generators/Experiment with utility data leak/utility results/8. Mushroom dataset/TRTR_TSTR_results_merged.xlsx,utility,0.6622882541511838,,0.0,100.0
8. Mushroom dataset,TVAE,,0.0,Precision,0.6427332181179617,Logistic Regression,,Utility,TSTR,0.6427332181179617,0.01068482337411416,classification,Generators/Experiment with utility data leak/utility results/8. Mushroom dataset/TRTR_TSTR_results_merged.xlsx,utility,0.6427332181179617,,0.0,100.0
8. Mushroom dataset,TVAE,,0.0,Precision_Gap,0.6427332181179617,Logistic Regression,,Utility,Gap,0.019555036033222062,0.01068482337411416,classification,Generators/Experiment with utility data leak/utility results/8. Mushroom dataset/TRTR_TSTR_results_merged.xlsx,utility,0.019555036033222062,,0.0,100.0
8. Mushroom dataset,TVAE,,0.0,Recall,0.7656067196640167,Logistic Regression,,Utility,TRTR,0.7656067196640167,0.002835651757146686,classification,Generators/Experiment with utility data leak/utility results/8. Mushroom dataset/TRTR_TSTR_results_merged.xlsx,utility,0.7656067196640167,,0.0,100.0
8. Mushroom dataset,TVAE,,0.0,Recall,0.6703914804259787,Logistic Regression,,Utility,TSTR,0.6703914804259787,0.01209487478375372,classification,Generators/Experiment with utility data leak/utility results/8. Mushroom dataset/TRTR_TSTR_results_merged.xlsx,utility,0.6703914804259787,,0.0,100.0
8. Mushroom dataset,TVAE,,0.0,Recall_Gap,0.6703914804259787,Logistic Regression,,Utility,Gap,0.09521523923803799,0.01209487478375372,classification,Generators/Experiment with utility data leak/utility results/8. Mushroom dataset/TRTR_TSTR_results_merged.xlsx,utility,0.09521523923803799,,0.0,100.0
8. Mushroom dataset,TVAE,,,Accuracy_Drop,,Logistic Regression,,,Gap,0.04325786582320634,,classification,Generators/Experiment with utility data leak/utility results/8. Mushroom dataset/TRTR_TSTR_results_merged.xlsx,utility,0.04325786582320634,,0.0,100.0
8. Mushroom dataset,TVAE,,,F1_Drop,,Logistic Regression,,,Gap,0.05410236661238466,,classification,Generators/Experiment with utility data leak/utility results/8. Mushroom dataset/TRTR_TSTR_results_merged.xlsx,utility,0.05410236661238466,,0.0,100.0
8. Mushroom dataset,TVAE,,,Precision_Drop,,Logistic Regression,,,Gap,0.01955503603322206,,classification,Generators/Experiment with utility data leak/utility results/8. Mushroom dataset/TRTR_TSTR_results_merged.xlsx,utility,0.01955503603322206,,0.0,100.0
8. Mushroom dataset,TVAE,,,Recall_Drop,,Logistic Regression,,,Gap,0.09521523923803799,,classification,Generators/Experiment with utility data leak/utility results/8. Mushroom dataset/TRTR_TSTR_results_merged.xlsx,utility,0.09521523923803799,,0.0,100.0
8. Mushroom dataset,TVAE,,0.0,Accuracy,0.6530214749458965,AdaBoost,,Utility,TRTR,0.6530214749458965,0.00911056123636879,classification,Generators/Experiment with utility data leak/utility results/8. Mushroom dataset/TRTR_TSTR_results_merged.xlsx,utility,0.6530214749458965,,0.0,100.0
8. Mushroom dataset,TVAE,,0.0,Accuracy,0.6089312468786415,AdaBoost,,Utility,TSTR,0.6089312468786415,0.004452484514453629,classification,Generators/Experiment with utility data leak/utility results/8. Mushroom dataset/TRTR_TSTR_results_merged.xlsx,utility,0.6089312468786415,,0.0,100.0
8. Mushroom dataset,TVAE,,0.0,Accuracy_Gap,0.6089312468786415,AdaBoost,,Utility,Gap,0.04409022806725493,0.004452484514453629,classification,Generators/Experiment with utility data leak/utility results/8. Mushroom dataset/TRTR_TSTR_results_merged.xlsx,utility,0.04409022806725493,,0.0,100.0
8. Mushroom dataset,TVAE,,0.0,F1,0.6586554205410092,AdaBoost,,Utility,TRTR,0.6586554205410092,0.01000642657450882,classification,Generators/Experiment with utility data leak/utility results/8. Mushroom dataset/TRTR_TSTR_results_merged.xlsx,utility,0.6586554205410092,,0.0,100.0
8. Mushroom dataset,TVAE,,0.0,F1,0.6579251356347994,AdaBoost,,Utility,TSTR,0.6579251356347994,0.005698434427805095,classification,Generators/Experiment with utility data leak/utility results/8. Mushroom dataset/TRTR_TSTR_results_merged.xlsx,utility,0.6579251356347994,,0.0,100.0
8. Mushroom dataset,TVAE,,0.0,F1_Gap,0.6579251356347994,AdaBoost,,Utility,Gap,0.0007302849062098549,0.005698434427805095,classification,Generators/Experiment with utility data leak/utility results/8. Mushroom dataset/TRTR_TSTR_results_merged.xlsx,utility,0.0007302849062098549,,0.0,100.0
8. Mushroom dataset,TVAE,,0.0,Precision,0.7262195138345482,AdaBoost,,Utility,TRTR,0.7262195138345482,0.02162521657245883,classification,Generators/Experiment with utility data leak/utility results/8. Mushroom dataset/TRTR_TSTR_results_merged.xlsx,utility,0.7262195138345482,,0.0,100.0
8. Mushroom dataset,TVAE,,0.0,Precision,0.6393311266263315,AdaBoost,,Utility,TSTR,0.6393311266263315,0.005439579383139315,classification,Generators/Experiment with utility data leak/utility results/8. Mushroom dataset/TRTR_TSTR_results_merged.xlsx,utility,0.6393311266263315,,0.0,100.0
8. Mushroom dataset,TVAE,,0.0,Precision_Gap,0.6393311266263315,AdaBoost,,Utility,Gap,0.08688838720821668,0.005439579383139315,classification,Generators/Experiment with utility data leak/utility results/8. Mushroom dataset/TRTR_TSTR_results_merged.xlsx,utility,0.08688838720821668,,0.0,100.0
8. Mushroom dataset,TVAE,,0.0,Recall,0.6036898155092245,AdaBoost,,Utility,TRTR,0.6036898155092245,0.02328275950044984,classification,Generators/Experiment with utility data leak/utility results/8. Mushroom dataset/TRTR_TSTR_results_merged.xlsx,utility,0.6036898155092245,,0.0,100.0
8. Mushroom dataset,TVAE,,0.0,Recall,0.6778611069446527,AdaBoost,,Utility,TSTR,0.6778611069446527,0.0137488480042976,classification,Generators/Experiment with utility data leak/utility results/8. Mushroom dataset/TRTR_TSTR_results_merged.xlsx,utility,0.6778611069446527,,0.0,100.0
8. Mushroom dataset,TVAE,,0.0,Recall_Gap,0.6778611069446527,AdaBoost,,Utility,Gap,-0.07417129143542822,0.0137488480042976,classification,Generators/Experiment with utility data leak/utility results/8. Mushroom dataset/TRTR_TSTR_results_merged.xlsx,utility,-0.07417129143542822,,0.0,100.0
8. Mushroom dataset,TVAE,,,Accuracy_Drop,,AdaBoost,,,Gap,0.04409022806725493,,classification,Generators/Experiment with utility data leak/utility results/8. Mushroom dataset/TRTR_TSTR_results_merged.xlsx,utility,0.04409022806725493,,0.0,100.0
8. Mushroom dataset,TVAE,,,F1_Drop,,AdaBoost,,,Gap,0.0007302849062098549,,classification,Generators/Experiment with utility data leak/utility results/8. Mushroom dataset/TRTR_TSTR_results_merged.xlsx,utility,0.0007302849062098549,,0.0,100.0
8. Mushroom dataset,TVAE,,,Precision_Drop,,AdaBoost,,,Gap,0.08688838720821668,,classification,Generators/Experiment with utility data leak/utility results/8. Mushroom dataset/TRTR_TSTR_results_merged.xlsx,utility,0.08688838720821668,,0.0,100.0
8. Mushroom dataset,TVAE,,,Recall_Drop,,AdaBoost,,,Gap,-0.07417129143542822,,classification,Generators/Experiment with utility data leak/utility results/8. Mushroom dataset/TRTR_TSTR_results_merged.xlsx,utility,-0.07417129143542822,,0.0,100.0
8. Mushroom dataset,TVAE,,0.0,Accuracy,0.652688530048277,SVM-RBF,,Utility,TRTR,0.652688530048277,0.003540466283100108,classification,Generators/Experiment with utility data leak/utility results/8. Mushroom dataset/TRTR_TSTR_results_merged.xlsx,utility,0.652688530048277,,0.0,100.0
8. Mushroom dataset,TVAE,,0.0,Accuracy,0.608631596470784,SVM-RBF,,Utility,TSTR,0.608631596470784,0.007033480663064667,classification,Generators/Experiment with utility data leak/utility results/8. Mushroom dataset/TRTR_TSTR_results_merged.xlsx,utility,0.608631596470784,,0.0,100.0
8. Mushroom dataset,TVAE,,0.0,Accuracy_Gap,0.608631596470784,SVM-RBF,,Utility,Gap,0.04405693357749296,0.007033480663064667,classification,Generators/Experiment with utility data leak/utility results/8. Mushroom dataset/TRTR_TSTR_results_merged.xlsx,utility,0.04405693357749296,,0.0,100.0
8. Mushroom dataset,TVAE,,0.0,F1,0.7111657290688942,SVM-RBF,,Utility,TRTR,0.7111657290688942,0.002515858645437491,classification,Generators/Experiment with utility data leak/utility results/8. Mushroom dataset/TRTR_TSTR_results_merged.xlsx,utility,0.7111657290688942,,0.0,100.0
8. Mushroom dataset,TVAE,,0.0,F1,0.6576065321044247,SVM-RBF,,Utility,TSTR,0.6576065321044247,0.004794218668630648,classification,Generators/Experiment with utility data leak/utility results/8. Mushroom dataset/TRTR_TSTR_results_merged.xlsx,utility,0.6576065321044247,,0.0,100.0
8. Mushroom dataset,TVAE,,0.0,F1_Gap,0.6576065321044247,SVM-RBF,,Utility,Gap,0.053559196964469535,0.004794218668630648,classification,Generators/Experiment with utility data leak/utility results/8. Mushroom dataset/TRTR_TSTR_results_merged.xlsx,utility,0.053559196964469535,,0.0,100.0
8. Mushroom dataset,TVAE,,0.0,Precision,0.660338278612806,SVM-RBF,,Utility,TRTR,0.660338278612806,0.003326244875037613,classification,Generators/Experiment with utility data leak/utility results/8. Mushroom dataset/TRTR_TSTR_results_merged.xlsx,utility,0.660338278612806,,0.0,100.0
8. Mushroom dataset,TVAE,,0.0,Precision,0.6392796438959043,SVM-RBF,,Utility,TSTR,0.6392796438959043,0.009112821784223577,classification,Generators/Experiment with utility data leak/utility results/8. Mushroom dataset/TRTR_TSTR_results_merged.xlsx,utility,0.6392796438959043,,0.0,100.0
8. Mushroom dataset,TVAE,,0.0,Precision_Gap,0.6392796438959043,SVM-RBF,,Utility,Gap,0.021058634716901725,0.009112821784223577,classification,Generators/Experiment with utility data leak/utility results/8. Mushroom dataset/TRTR_TSTR_results_merged.xlsx,utility,0.021058634716901725,,0.0,100.0
8. Mushroom dataset,TVAE,,0.0,Recall,0.7704814759262038,SVM-RBF,,Utility,TRTR,0.7704814759262038,0.002684656261806534,classification,Generators/Experiment with utility data leak/utility results/8. Mushroom dataset/TRTR_TSTR_results_merged.xlsx,utility,0.7704814759262038,,0.0,100.0
8. Mushroom dataset,TVAE,,0.0,Recall,0.6773061346932653,SVM-RBF,,Utility,TSTR,0.6773061346932653,0.0121610900177257,classification,Generators/Experiment with utility data leak/utility results/8. Mushroom dataset/TRTR_TSTR_results_merged.xlsx,utility,0.6773061346932653,,0.0,100.0
8. Mushroom dataset,TVAE,,0.0,Recall_Gap,0.6773061346932653,SVM-RBF,,Utility,Gap,0.09317534123293847,0.0121610900177257,classification,Generators/Experiment with utility data leak/utility results/8. Mushroom dataset/TRTR_TSTR_results_merged.xlsx,utility,0.09317534123293847,,0.0,100.0
8. Mushroom dataset,TVAE,,,Accuracy_Drop,,SVM-RBF,,,Gap,0.04405693357749296,,classification,Generators/Experiment with utility data leak/utility results/8. Mushroom dataset/TRTR_TSTR_results_merged.xlsx,utility,0.04405693357749296,,0.0,100.0
8. Mushroom dataset,TVAE,,,F1_Drop,,SVM-RBF,,,Gap,0.05355919696446954,,classification,Generators/Experiment with utility data leak/utility results/8. Mushroom dataset/TRTR_TSTR_results_merged.xlsx,utility,0.05355919696446954,,0.0,100.0
8. Mushroom dataset,TVAE,,,Precision_Drop,,SVM-RBF,,,Gap,0.02105863471690173,,classification,Generators/Experiment with utility data leak/utility results/8. Mushroom dataset/TRTR_TSTR_results_merged.xlsx,utility,0.02105863471690173,,0.0,100.0
8. Mushroom dataset,TVAE,,,Recall_Drop,,SVM-RBF,,,Gap,0.09317534123293847,,classification,Generators/Experiment with utility data leak/utility results/8. Mushroom dataset/TRTR_TSTR_results_merged.xlsx,utility,0.09317534123293847,,0.0,100.0
8. Mushroom dataset,TVAE,,0.0,Accuracy,0.6093557516231064,Naive Bayes,,Utility,TRTR,0.6093557516231064,0.002206246746399765,classification,Generators/Experiment with utility data leak/utility results/8. Mushroom dataset/TRTR_TSTR_results_merged.xlsx,utility,0.6093557516231064,,0.0,100.0
8. Mushroom dataset,TVAE,,0.0,Accuracy,0.5786582320625937,Naive Bayes,,Utility,TSTR,0.5786582320625937,0.01264051075755939,classification,Generators/Experiment with utility data leak/utility results/8. Mushroom dataset/TRTR_TSTR_results_merged.xlsx,utility,0.5786582320625937,,0.0,100.0
8. Mushroom dataset,TVAE,,0.0,Accuracy_Gap,0.5786582320625937,Naive Bayes,,Utility,Gap,0.030697519560512698,0.01264051075755939,classification,Generators/Experiment with utility data leak/utility results/8. Mushroom dataset/TRTR_TSTR_results_merged.xlsx,utility,0.030697519560512698,,0.0,100.0
8. Mushroom dataset,TVAE,,0.0,F1,0.5471586204572338,Naive Bayes,,Utility,TRTR,0.5471586204572338,0.003948342675541275,classification,Generators/Experiment with utility data leak/utility results/8. Mushroom dataset/TRTR_TSTR_results_merged.xlsx,utility,0.5471586204572338,,0.0,100.0
8. Mushroom dataset,TVAE,,0.0,F1,0.5713979739163741,Naive Bayes,,Utility,TSTR,0.5713979739163741,0.006498499110508371,classification,Generators/Experiment with utility data leak/utility results/8. Mushroom dataset/TRTR_TSTR_results_merged.xlsx,utility,0.5713979739163741,,0.0,100.0
8. Mushroom dataset,TVAE,,0.0,F1_Gap,0.5713979739163741,Naive Bayes,,Utility,Gap,-0.0242393534591403,0.006498499110508371,classification,Generators/Experiment with utility data leak/utility results/8. Mushroom dataset/TRTR_TSTR_results_merged.xlsx,utility,-0.0242393534591403,,0.0,100.0
8. Mushroom dataset,TVAE,,0.0,Precision,0.7669376693867336,Naive Bayes,,Utility,TRTR,0.7669376693867336,0.002744162729666706,classification,Generators/Experiment with utility data leak/utility results/8. Mushroom dataset/TRTR_TSTR_results_merged.xlsx,utility,0.7669376693867336,,0.0,100.0
8. Mushroom dataset,TVAE,,0.0,Precision,0.6574631754082448,Naive Bayes,,Utility,TSTR,0.6574631754082448,0.02420224053218598,classification,Generators/Experiment with utility data leak/utility results/8. Mushroom dataset/TRTR_TSTR_results_merged.xlsx,utility,0.6574631754082448,,0.0,100.0
8. Mushroom dataset,TVAE,,0.0,Precision_Gap,0.6574631754082448,Naive Bayes,,Utility,Gap,0.10947449397848874,0.02420224053218598,classification,Generators/Experiment with utility data leak/utility results/8. Mushroom dataset/TRTR_TSTR_results_merged.xlsx,utility,0.10947449397848874,,0.0,100.0
8. Mushroom dataset,TVAE,,0.0,Recall,0.4253037348132593,Naive Bayes,,Utility,TRTR,0.4253037348132593,0.004574279456311722,classification,Generators/Experiment with utility data leak/utility results/8. Mushroom dataset/TRTR_TSTR_results_merged.xlsx,utility,0.4253037348132593,,0.0,100.0
8. Mushroom dataset,TVAE,,0.0,Recall,0.5061496925153742,Naive Bayes,,Utility,TSTR,0.5061496925153742,0.01542930063460538,classification,Generators/Experiment with utility data leak/utility results/8. Mushroom dataset/TRTR_TSTR_results_merged.xlsx,utility,0.5061496925153742,,0.0,100.0
8. Mushroom dataset,TVAE,,0.0,Recall_Gap,0.5061496925153742,Naive Bayes,,Utility,Gap,-0.08084595770211495,0.01542930063460538,classification,Generators/Experiment with utility data leak/utility results/8. Mushroom dataset/TRTR_TSTR_results_merged.xlsx,utility,-0.08084595770211495,,0.0,100.0
8. Mushroom dataset,TVAE,,,Accuracy_Drop,,Naive Bayes,,,Gap,0.0306975195605127,,classification,Generators/Experiment with utility data leak/utility results/8. Mushroom dataset/TRTR_TSTR_results_merged.xlsx,utility,0.0306975195605127,,0.0,100.0
8. Mushroom dataset,TVAE,,,F1_Drop,,Naive Bayes,,,Gap,-0.0242393534591403,,classification,Generators/Experiment with utility data leak/utility results/8. Mushroom dataset/TRTR_TSTR_results_merged.xlsx,utility,-0.0242393534591403,,0.0,100.0
8. Mushroom dataset,TVAE,,,Precision_Drop,,Naive Bayes,,,Gap,0.1094744939784887,,classification,Generators/Experiment with utility data leak/utility results/8. Mushroom dataset/TRTR_TSTR_results_merged.xlsx,utility,0.1094744939784887,,0.0,100.0
8. Mushroom dataset,TVAE,,,Recall_Drop,,Naive Bayes,,,Gap,-0.08084595770211495,,classification,Generators/Experiment with utility data leak/utility results/8. Mushroom dataset/TRTR_TSTR_results_merged.xlsx,utility,-0.08084595770211495,,0.0,100.0
8. Mushroom dataset,GaussianCopula,,0.0,Accuracy,0.999983352755119,Extra Trees,,Utility,TRTR,0.999983352755119,3.329448976194804e-05,classification,Generators/Experiment with utility data leak/utility results/8. Mushroom dataset/TRTR_TSTR_results_merged.xlsx,utility,0.999983352755119,,0.0,100.0
8. Mushroom dataset,GaussianCopula,,0.0,Accuracy,0.5888130514399867,Extra Trees,,Utility,TSTR,0.5888130514399867,0.0178575749284664,classification,Generators/Experiment with utility data leak/utility results/8. Mushroom dataset/TRTR_TSTR_results_merged.xlsx,utility,0.5888130514399867,,0.0,100.0
8. Mushroom dataset,GaussianCopula,,0.0,Accuracy_Gap,0.5888130514399867,Extra Trees,,Utility,Gap,0.4111703013151322,0.0178575749284664,classification,Generators/Experiment with utility data leak/utility results/8. Mushroom dataset/TRTR_TSTR_results_merged.xlsx,utility,0.4111703013151322,,0.0,100.0
8. Mushroom dataset,GaussianCopula,,0.0,F1,0.9999849996249907,Extra Trees,,Utility,TRTR,0.9999849996249907,3.000075001873271e-05,classification,Generators/Experiment with utility data leak/utility results/8. Mushroom dataset/TRTR_TSTR_results_merged.xlsx,utility,0.9999849996249907,,0.0,100.0
8. Mushroom dataset,GaussianCopula,,0.0,F1,0.6395562062608107,Extra Trees,,Utility,TSTR,0.6395562062608107,0.0183335979440471,classification,Generators/Experiment with utility data leak/utility results/8. Mushroom dataset/TRTR_TSTR_results_merged.xlsx,utility,0.6395562062608107,,0.0,100.0
8. Mushroom dataset,GaussianCopula,,0.0,F1_Gap,0.6395562062608107,Extra Trees,,Utility,Gap,0.36042879336418,0.0183335979440471,classification,Generators/Experiment with utility data leak/utility results/8. Mushroom dataset/TRTR_TSTR_results_merged.xlsx,utility,0.36042879336418,,0.0,100.0
8. Mushroom dataset,GaussianCopula,,0.0,Precision,1.0,Extra Trees,,Utility,TRTR,1.0,0.0,classification,Generators/Experiment with utility data leak/utility results/8. Mushroom dataset/TRTR_TSTR_results_merged.xlsx,utility,1.0,,0.0,100.0
8. Mushroom dataset,GaussianCopula,,0.0,Precision,0.622506674095409,Extra Trees,,Utility,TSTR,0.622506674095409,0.01429460783745448,classification,Generators/Experiment with utility data leak/utility results/8. Mushroom dataset/TRTR_TSTR_results_merged.xlsx,utility,0.622506674095409,,0.0,100.0
8. Mushroom dataset,GaussianCopula,,0.0,Precision_Gap,0.622506674095409,Extra Trees,,Utility,Gap,0.37749332590459095,0.01429460783745448,classification,Generators/Experiment with utility data leak/utility results/8. Mushroom dataset/TRTR_TSTR_results_merged.xlsx,utility,0.37749332590459095,,0.0,100.0
8. Mushroom dataset,GaussianCopula,,0.0,Recall,0.9999700014999249,Extra Trees,,Utility,TRTR,0.9999700014999249,5.999700014998055e-05,classification,Generators/Experiment with utility data leak/utility results/8. Mushroom dataset/TRTR_TSTR_results_merged.xlsx,utility,0.9999700014999249,,0.0,100.0
8. Mushroom dataset,GaussianCopula,,0.0,Recall,0.6578221088945553,Extra Trees,,Utility,TSTR,0.6578221088945553,0.02556200073895396,classification,Generators/Experiment with utility data leak/utility results/8. Mushroom dataset/TRTR_TSTR_results_merged.xlsx,utility,0.6578221088945553,,0.0,100.0
8. Mushroom dataset,GaussianCopula,,0.0,Recall_Gap,0.6578221088945553,Extra Trees,,Utility,Gap,0.3421478926053696,0.02556200073895396,classification,Generators/Experiment with utility data leak/utility results/8. Mushroom dataset/TRTR_TSTR_results_merged.xlsx,utility,0.3421478926053696,,0.0,100.0
8. Mushroom dataset,GaussianCopula,,,Accuracy_Drop,,Extra Trees,,,Gap,0.4111703013151322,,classification,Generators/Experiment with utility data leak/utility results/8. Mushroom dataset/TRTR_TSTR_results_merged.xlsx,utility,0.4111703013151322,,0.0,100.0
8. Mushroom dataset,GaussianCopula,,,F1_Drop,,Extra Trees,,,Gap,0.36042879336418,,classification,Generators/Experiment with utility data leak/utility results/8. Mushroom dataset/TRTR_TSTR_results_merged.xlsx,utility,0.36042879336418,,0.0,100.0
8. Mushroom dataset,GaussianCopula,,,Precision_Drop,,Extra Trees,,,Gap,0.3774933259045909,,classification,Generators/Experiment with utility data leak/utility results/8. Mushroom dataset/TRTR_TSTR_results_merged.xlsx,utility,0.3774933259045909,,0.0,100.0
8. Mushroom dataset,GaussianCopula,,,Recall_Drop,,Extra Trees,,,Gap,0.3421478926053696,,classification,Generators/Experiment with utility data leak/utility results/8. Mushroom dataset/TRTR_TSTR_results_merged.xlsx,utility,0.3421478926053696,,0.0,100.0
8. Mushroom dataset,GaussianCopula,,0.0,Accuracy,0.9998917929082738,Random Forest,,Utility,TRTR,0.9998917929082738,3.814362988976479e-05,classification,Generators/Experiment with utility data leak/utility results/8. Mushroom dataset/TRTR_TSTR_results_merged.xlsx,utility,0.9998917929082738,,0.0,100.0
8. Mushroom dataset,GaussianCopula,,0.0,Accuracy,0.5762527051772931,Random Forest,,Utility,TSTR,0.5762527051772931,0.02247475011627274,classification,Generators/Experiment with utility data leak/utility results/8. Mushroom dataset/TRTR_TSTR_results_merged.xlsx,utility,0.5762527051772931,,0.0,100.0
8. Mushroom dataset,GaussianCopula,,0.0,Accuracy_Gap,0.5762527051772931,Random Forest,,Utility,Gap,0.4236390877309807,0.02247475011627274,classification,Generators/Experiment with utility data leak/utility results/8. Mushroom dataset/TRTR_TSTR_results_merged.xlsx,utility,0.4236390877309807,,0.0,100.0
8. Mushroom dataset,GaussianCopula,,0.0,F1,0.9999025054365672,Random Forest,,Utility,TRTR,0.9999025054365672,3.436305920243479e-05,classification,Generators/Experiment with utility data leak/utility results/8. Mushroom dataset/TRTR_TSTR_results_merged.xlsx,utility,0.9999025054365672,,0.0,100.0
8. Mushroom dataset,GaussianCopula,,0.0,F1,0.6291839119035896,Random Forest,,Utility,TSTR,0.6291839119035896,0.02239815511939433,classification,Generators/Experiment with utility data leak/utility results/8. Mushroom dataset/TRTR_TSTR_results_merged.xlsx,utility,0.6291839119035896,,0.0,100.0
8. Mushroom dataset,GaussianCopula,,0.0,F1_Gap,0.6291839119035896,Random Forest,,Utility,Gap,0.37071859353297765,0.02239815511939433,classification,Generators/Experiment with utility data leak/utility results/8. Mushroom dataset/TRTR_TSTR_results_merged.xlsx,utility,0.37071859353297765,,0.0,100.0
8. Mushroom dataset,GaussianCopula,,0.0,Precision,0.9999100179950515,Random Forest,,Utility,TRTR,0.9999100179950515,9.947206977344203e-05,classification,Generators/Experiment with utility data leak/utility results/8. Mushroom dataset/TRTR_TSTR_results_merged.xlsx,utility,0.9999100179950515,,0.0,100.0
8. Mushroom dataset,GaussianCopula,,0.0,Precision,0.6117444432381911,Random Forest,,Utility,TSTR,0.6117444432381911,0.02014499517080223,classification,Generators/Experiment with utility data leak/utility results/8. Mushroom dataset/TRTR_TSTR_results_merged.xlsx,utility,0.6117444432381911,,0.0,100.0
8. Mushroom dataset,GaussianCopula,,0.0,Precision_Gap,0.6117444432381911,Random Forest,,Utility,Gap,0.3881655747568604,0.02014499517080223,classification,Generators/Experiment with utility data leak/utility results/8. Mushroom dataset/TRTR_TSTR_results_merged.xlsx,utility,0.3881655747568604,,0.0,100.0
8. Mushroom dataset,GaussianCopula,,0.0,Recall,0.9998950052497374,Random Forest,,Utility,TRTR,0.9998950052497374,6.873519866439068e-05,classification,Generators/Experiment with utility data leak/utility results/8. Mushroom dataset/TRTR_TSTR_results_merged.xlsx,utility,0.9998950052497374,,0.0,100.0
8. Mushroom dataset,GaussianCopula,,0.0,Recall,0.6486575671216439,Random Forest,,Utility,TSTR,0.6486575671216439,0.03558195173547793,classification,Generators/Experiment with utility data leak/utility results/8. Mushroom dataset/TRTR_TSTR_results_merged.xlsx,utility,0.6486575671216439,,0.0,100.0
8. Mushroom dataset,GaussianCopula,,0.0,Recall_Gap,0.6486575671216439,Random Forest,,Utility,Gap,0.3512374381280935,0.03558195173547793,classification,Generators/Experiment with utility data leak/utility results/8. Mushroom dataset/TRTR_TSTR_results_merged.xlsx,utility,0.3512374381280935,,0.0,100.0
8. Mushroom dataset,GaussianCopula,,,Accuracy_Drop,,Random Forest,,,Gap,0.4236390877309807,,classification,Generators/Experiment with utility data leak/utility results/8. Mushroom dataset/TRTR_TSTR_results_merged.xlsx,utility,0.4236390877309807,,0.0,100.0
8. Mushroom dataset,GaussianCopula,,,F1_Drop,,Random Forest,,,Gap,0.3707185935329776,,classification,Generators/Experiment with utility data leak/utility results/8. Mushroom dataset/TRTR_TSTR_results_merged.xlsx,utility,0.3707185935329776,,0.0,100.0
8. Mushroom dataset,GaussianCopula,,,Precision_Drop,,Random Forest,,,Gap,0.3881655747568604,,classification,Generators/Experiment with utility data leak/utility results/8. Mushroom dataset/TRTR_TSTR_results_merged.xlsx,utility,0.3881655747568604,,0.0,100.0
8. Mushroom dataset,GaussianCopula,,,Recall_Drop,,Random Forest,,,Gap,0.3512374381280935,,classification,Generators/Experiment with utility data leak/utility results/8. Mushroom dataset/TRTR_TSTR_results_merged.xlsx,utility,0.3512374381280935,,0.0,100.0
8. Mushroom dataset,GaussianCopula,,0.0,Accuracy,0.9998002330614282,MLP,,Utility,TRTR,0.9998002330614282,0.0001498252039287662,classification,Generators/Experiment with utility data leak/utility results/8. Mushroom dataset/TRTR_TSTR_results_merged.xlsx,utility,0.9998002330614282,,0.0,100.0
8. Mushroom dataset,GaussianCopula,,0.0,Accuracy,0.5755618445147327,MLP,,Utility,TSTR,0.5755618445147327,0.01069543702736046,classification,Generators/Experiment with utility data leak/utility results/8. Mushroom dataset/TRTR_TSTR_results_merged.xlsx,utility,0.5755618445147327,,0.0,100.0
8. Mushroom dataset,GaussianCopula,,0.0,Accuracy_Gap,0.5755618445147327,MLP,,Utility,Gap,0.4242383885466955,0.01069543702736046,classification,Generators/Experiment with utility data leak/utility results/8. Mushroom dataset/TRTR_TSTR_results_merged.xlsx,utility,0.4242383885466955,,0.0,100.0
8. Mushroom dataset,GaussianCopula,,0.0,F1,0.9998200033725814,MLP,,Utility,TRTR,0.9998200033725814,0.0001350057549300141,classification,Generators/Experiment with utility data leak/utility results/8. Mushroom dataset/TRTR_TSTR_results_merged.xlsx,utility,0.9998200033725814,,0.0,100.0
8. Mushroom dataset,GaussianCopula,,0.0,F1,0.62862648769675,MLP,,Utility,TSTR,0.62862648769675,0.01572355225912568,classification,Generators/Experiment with utility data leak/utility results/8. Mushroom dataset/TRTR_TSTR_results_merged.xlsx,utility,0.62862648769675,,0.0,100.0
8. Mushroom dataset,GaussianCopula,,0.0,F1_Gap,0.62862648769675,MLP,,Utility,Gap,0.37119351567583136,0.01572355225912568,classification,Generators/Experiment with utility data leak/utility results/8. Mushroom dataset/TRTR_TSTR_results_merged.xlsx,utility,0.37119351567583136,,0.0,100.0
8. Mushroom dataset,GaussianCopula,,0.0,Precision,0.999835012740364,MLP,,Utility,TRTR,0.999835012740364,0.0001414792911934868,classification,Generators/Experiment with utility data leak/utility results/8. Mushroom dataset/TRTR_TSTR_results_merged.xlsx,utility,0.999835012740364,,0.0,100.0
8. Mushroom dataset,GaussianCopula,,0.0,Precision,0.6107780873589091,MLP,,Utility,TSTR,0.6107780873589091,0.007149942844600607,classification,Generators/Experiment with utility data leak/utility results/8. Mushroom dataset/TRTR_TSTR_results_merged.xlsx,utility,0.6107780873589091,,0.0,100.0
8. Mushroom dataset,GaussianCopula,,0.0,Precision_Gap,0.6107780873589091,MLP,,Utility,Gap,0.38905692538145487,0.007149942844600607,classification,Generators/Experiment with utility data leak/utility results/8. Mushroom dataset/TRTR_TSTR_results_merged.xlsx,utility,0.38905692538145487,,0.0,100.0
8. Mushroom dataset,GaussianCopula,,0.0,Recall,0.9998050097495124,MLP,,Utility,TRTR,0.9998050097495124,0.0001781062259942747,classification,Generators/Experiment with utility data leak/utility results/8. Mushroom dataset/TRTR_TSTR_results_merged.xlsx,utility,0.9998050097495124,,0.0,100.0
8. Mushroom dataset,GaussianCopula,,0.0,Recall,0.6482225888705566,MLP,,Utility,TSTR,0.6482225888705566,0.0306199357381688,classification,Generators/Experiment with utility data leak/utility results/8. Mushroom dataset/TRTR_TSTR_results_merged.xlsx,utility,0.6482225888705566,,0.0,100.0
8. Mushroom dataset,GaussianCopula,,0.0,Recall_Gap,0.6482225888705566,MLP,,Utility,Gap,0.35158242087895575,0.0306199357381688,classification,Generators/Experiment with utility data leak/utility results/8. Mushroom dataset/TRTR_TSTR_results_merged.xlsx,utility,0.35158242087895575,,0.0,100.0
8. Mushroom dataset,GaussianCopula,,,Accuracy_Drop,,MLP,,,Gap,0.4242383885466955,,classification,Generators/Experiment with utility data leak/utility results/8. Mushroom dataset/TRTR_TSTR_results_merged.xlsx,utility,0.4242383885466955,,0.0,100.0
8. Mushroom dataset,GaussianCopula,,,F1_Drop,,MLP,,,Gap,0.3711935156758314,,classification,Generators/Experiment with utility data leak/utility results/8. Mushroom dataset/TRTR_TSTR_results_merged.xlsx,utility,0.3711935156758314,,0.0,100.0
8. Mushroom dataset,GaussianCopula,,,Precision_Drop,,MLP,,,Gap,0.3890569253814549,,classification,Generators/Experiment with utility data leak/utility results/8. Mushroom dataset/TRTR_TSTR_results_merged.xlsx,utility,0.3890569253814549,,0.0,100.0
8. Mushroom dataset,GaussianCopula,,,Recall_Drop,,MLP,,,Gap,0.3515824208789557,,classification,Generators/Experiment with utility data leak/utility results/8. Mushroom dataset/TRTR_TSTR_results_merged.xlsx,utility,0.3515824208789557,,0.0,100.0
8. Mushroom dataset,GaussianCopula,,0.0,Accuracy,0.9993757283169635,KNN,,Utility,TRTR,0.9993757283169635,0.0001870501502766885,classification,Generators/Experiment with utility data leak/utility results/8. Mushroom dataset/TRTR_TSTR_results_merged.xlsx,utility,0.9993757283169635,,0.0,100.0
8. Mushroom dataset,GaussianCopula,,0.0,Accuracy,0.5445480273014816,KNN,,Utility,TSTR,0.5445480273014816,0.01196349826027345,classification,Generators/Experiment with utility data leak/utility results/8. Mushroom dataset/TRTR_TSTR_results_merged.xlsx,utility,0.5445480273014816,,0.0,100.0
8. Mushroom dataset,GaussianCopula,,0.0,Accuracy_Gap,0.5445480273014816,KNN,,Utility,Gap,0.454827701015482,0.01196349826027345,classification,Generators/Experiment with utility data leak/utility results/8. Mushroom dataset/TRTR_TSTR_results_merged.xlsx,utility,0.454827701015482,,0.0,100.0
8. Mushroom dataset,GaussianCopula,,0.0,F1,0.999437537679781,KNN,,Utility,TRTR,0.999437537679781,0.0001685162263673175,classification,Generators/Experiment with utility data leak/utility results/8. Mushroom dataset/TRTR_TSTR_results_merged.xlsx,utility,0.999437537679781,,0.0,100.0
8. Mushroom dataset,GaussianCopula,,0.0,F1,0.5944676971368936,KNN,,Utility,TSTR,0.5944676971368936,0.01223488087375706,classification,Generators/Experiment with utility data leak/utility results/8. Mushroom dataset/TRTR_TSTR_results_merged.xlsx,utility,0.5944676971368936,,0.0,100.0
8. Mushroom dataset,GaussianCopula,,0.0,F1_Gap,0.5944676971368936,KNN,,Utility,Gap,0.4049698405428874,0.01223488087375706,classification,Generators/Experiment with utility data leak/utility results/8. Mushroom dataset/TRTR_TSTR_results_merged.xlsx,utility,0.4049698405428874,,0.0,100.0
8. Mushroom dataset,GaussianCopula,,0.0,Precision,0.9994300667201221,KNN,,Utility,TRTR,0.9994300667201221,0.0002203628791389911,classification,Generators/Experiment with utility data leak/utility results/8. Mushroom dataset/TRTR_TSTR_results_merged.xlsx,utility,0.9994300667201221,,0.0,100.0
8. Mushroom dataset,GaussianCopula,,0.0,Precision,0.587666608002218,KNN,,Utility,TSTR,0.587666608002218,0.01147819071977115,classification,Generators/Experiment with utility data leak/utility results/8. Mushroom dataset/TRTR_TSTR_results_merged.xlsx,utility,0.587666608002218,,0.0,100.0
8. Mushroom dataset,GaussianCopula,,0.0,Precision_Gap,0.587666608002218,KNN,,Utility,Gap,0.4117634587179041,0.01147819071977115,classification,Generators/Experiment with utility data leak/utility results/8. Mushroom dataset/TRTR_TSTR_results_merged.xlsx,utility,0.4117634587179041,,0.0,100.0
8. Mushroom dataset,GaussianCopula,,0.0,Recall,0.9994450277486123,KNN,,Utility,TRTR,0.9994450277486123,0.0001649917504124697,classification,Generators/Experiment with utility data leak/utility results/8. Mushroom dataset/TRTR_TSTR_results_merged.xlsx,utility,0.9994450277486123,,0.0,100.0
8. Mushroom dataset,GaussianCopula,,0.0,Recall,0.6018299085045749,KNN,,Utility,TSTR,0.6018299085045749,0.02020184614140405,classification,Generators/Experiment with utility data leak/utility results/8. Mushroom dataset/TRTR_TSTR_results_merged.xlsx,utility,0.6018299085045749,,0.0,100.0
8. Mushroom dataset,GaussianCopula,,0.0,Recall_Gap,0.6018299085045749,KNN,,Utility,Gap,0.3976151192440375,0.02020184614140405,classification,Generators/Experiment with utility data leak/utility results/8. Mushroom dataset/TRTR_TSTR_results_merged.xlsx,utility,0.3976151192440375,,0.0,100.0
8. Mushroom dataset,GaussianCopula,,,Accuracy_Drop,,KNN,,,Gap,0.454827701015482,,classification,Generators/Experiment with utility data leak/utility results/8. Mushroom dataset/TRTR_TSTR_results_merged.xlsx,utility,0.454827701015482,,0.0,100.0
8. Mushroom dataset,GaussianCopula,,,F1_Drop,,KNN,,,Gap,0.4049698405428874,,classification,Generators/Experiment with utility data leak/utility results/8. Mushroom dataset/TRTR_TSTR_results_merged.xlsx,utility,0.4049698405428874,,0.0,100.0
8. Mushroom dataset,GaussianCopula,,,Precision_Drop,,KNN,,,Gap,0.4117634587179041,,classification,Generators/Experiment with utility data leak/utility results/8. Mushroom dataset/TRTR_TSTR_results_merged.xlsx,utility,0.4117634587179041,,0.0,100.0
8. Mushroom dataset,GaussianCopula,,,Recall_Drop,,KNN,,,Gap,0.3976151192440375,,classification,Generators/Experiment with utility data leak/utility results/8. Mushroom dataset/TRTR_TSTR_results_merged.xlsx,utility,0.3976151192440375,,0.0,100.0
8. Mushroom dataset,GaussianCopula,,0.0,Accuracy,0.9430830697519561,Decision Tree,,Utility,TRTR,0.9430830697519561,0.003054622010995107,classification,Generators/Experiment with utility data leak/utility results/8. Mushroom dataset/TRTR_TSTR_results_merged.xlsx,utility,0.9430830697519561,,0.0,100.0
8. Mushroom dataset,GaussianCopula,,0.0,Accuracy,0.5393873813883802,Decision Tree,,Utility,TSTR,0.5393873813883802,0.02418844681205261,classification,Generators/Experiment with utility data leak/utility results/8. Mushroom dataset/TRTR_TSTR_results_merged.xlsx,utility,0.5393873813883802,,0.0,100.0
8. Mushroom dataset,GaussianCopula,,0.0,Accuracy_Gap,0.5393873813883802,Decision Tree,,Utility,Gap,0.40369568836357594,0.02418844681205261,classification,Generators/Experiment with utility data leak/utility results/8. Mushroom dataset/TRTR_TSTR_results_merged.xlsx,utility,0.40369568836357594,,0.0,100.0
8. Mushroom dataset,GaussianCopula,,0.0,F1,0.9486269064274188,Decision Tree,,Utility,TRTR,0.9486269064274188,0.002733229331666377,classification,Generators/Experiment with utility data leak/utility results/8. Mushroom dataset/TRTR_TSTR_results_merged.xlsx,utility,0.9486269064274188,,0.0,100.0
8. Mushroom dataset,GaussianCopula,,0.0,F1,0.5810708918678696,Decision Tree,,Utility,TSTR,0.5810708918678696,0.02592114735024444,classification,Generators/Experiment with utility data leak/utility results/8. Mushroom dataset/TRTR_TSTR_results_merged.xlsx,utility,0.5810708918678696,,0.0,100.0
8. Mushroom dataset,GaussianCopula,,0.0,F1_Gap,0.5810708918678696,Decision Tree,,Utility,Gap,0.3675560145595491,0.02592114735024444,classification,Generators/Experiment with utility data leak/utility results/8. Mushroom dataset/TRTR_TSTR_results_merged.xlsx,utility,0.3675560145595491,,0.0,100.0
8. Mushroom dataset,GaussianCopula,,0.0,Precision,0.9503557108620792,Decision Tree,,Utility,TRTR,0.9503557108620792,0.004797011192999022,classification,Generators/Experiment with utility data leak/utility results/8. Mushroom dataset/TRTR_TSTR_results_merged.xlsx,utility,0.9503557108620792,,0.0,100.0
8. Mushroom dataset,GaussianCopula,,0.0,Precision,0.5870065416644352,Decision Tree,,Utility,TSTR,0.5870065416644352,0.0234823480968189,classification,Generators/Experiment with utility data leak/utility results/8. Mushroom dataset/TRTR_TSTR_results_merged.xlsx,utility,0.5870065416644352,,0.0,100.0
8. Mushroom dataset,GaussianCopula,,0.0,Precision_Gap,0.5870065416644352,Decision Tree,,Utility,Gap,0.36334916919764393,0.0234823480968189,classification,Generators/Experiment with utility data leak/utility results/8. Mushroom dataset/TRTR_TSTR_results_merged.xlsx,utility,0.36334916919764393,,0.0,100.0
8. Mushroom dataset,GaussianCopula,,0.0,Recall,0.9469326533673316,Decision Tree,,Utility,TRTR,0.9469326533673316,0.004340358980694475,classification,Generators/Experiment with utility data leak/utility results/8. Mushroom dataset/TRTR_TSTR_results_merged.xlsx,utility,0.9469326533673316,,0.0,100.0
8. Mushroom dataset,GaussianCopula,,0.0,Recall,0.5768711564421779,Decision Tree,,Utility,TSTR,0.5768711564421779,0.04165580961900132,classification,Generators/Experiment with utility data leak/utility results/8. Mushroom dataset/TRTR_TSTR_results_merged.xlsx,utility,0.5768711564421779,,0.0,100.0
8. Mushroom dataset,GaussianCopula,,0.0,Recall_Gap,0.5768711564421779,Decision Tree,,Utility,Gap,0.37006149692515367,0.04165580961900132,classification,Generators/Experiment with utility data leak/utility results/8. Mushroom dataset/TRTR_TSTR_results_merged.xlsx,utility,0.37006149692515367,,0.0,100.0
8. Mushroom dataset,GaussianCopula,,,Accuracy_Drop,,Decision Tree,,,Gap,0.4036956883635759,,classification,Generators/Experiment with utility data leak/utility results/8. Mushroom dataset/TRTR_TSTR_results_merged.xlsx,utility,0.4036956883635759,,0.0,100.0
8. Mushroom dataset,GaussianCopula,,,F1_Drop,,Decision Tree,,,Gap,0.3675560145595491,,classification,Generators/Experiment with utility data leak/utility results/8. Mushroom dataset/TRTR_TSTR_results_merged.xlsx,utility,0.3675560145595491,,0.0,100.0
8. Mushroom dataset,GaussianCopula,,,Precision_Drop,,Decision Tree,,,Gap,0.3633491691976439,,classification,Generators/Experiment with utility data leak/utility results/8. Mushroom dataset/TRTR_TSTR_results_merged.xlsx,utility,0.3633491691976439,,0.0,100.0
8. Mushroom dataset,GaussianCopula,,,Recall_Drop,,Decision Tree,,,Gap,0.3700614969251537,,classification,Generators/Experiment with utility data leak/utility results/8. Mushroom dataset/TRTR_TSTR_results_merged.xlsx,utility,0.3700614969251537,,0.0,100.0
8. Mushroom dataset,GaussianCopula,,0.0,Accuracy,0.8177376394206759,Gradient Boosting,,Utility,TRTR,0.8177376394206759,0.009463270545125387,classification,Generators/Experiment with utility data leak/utility results/8. Mushroom dataset/TRTR_TSTR_results_merged.xlsx,utility,0.8177376394206759,,0.0,100.0
8. Mushroom dataset,GaussianCopula,,0.0,Accuracy,0.5854919260862327,Gradient Boosting,,Utility,TSTR,0.5854919260862327,0.01520065071375097,classification,Generators/Experiment with utility data leak/utility results/8. Mushroom dataset/TRTR_TSTR_results_merged.xlsx,utility,0.5854919260862327,,0.0,100.0
8. Mushroom dataset,GaussianCopula,,0.0,Accuracy_Gap,0.5854919260862327,Gradient Boosting,,Utility,Gap,0.23224571333444322,0.01520065071375097,classification,Generators/Experiment with utility data leak/utility results/8. Mushroom dataset/TRTR_TSTR_results_merged.xlsx,utility,0.23224571333444322,,0.0,100.0
8. Mushroom dataset,GaussianCopula,,0.0,F1,0.8351441635674031,Gradient Boosting,,Utility,TRTR,0.8351441635674031,0.009911515687219402,classification,Generators/Experiment with utility data leak/utility results/8. Mushroom dataset/TRTR_TSTR_results_merged.xlsx,utility,0.8351441635674031,,0.0,100.0
8. Mushroom dataset,GaussianCopula,,0.0,F1,0.6610101093010528,Gradient Boosting,,Utility,TSTR,0.6610101093010528,0.01636798488295455,classification,Generators/Experiment with utility data leak/utility results/8. Mushroom dataset/TRTR_TSTR_results_merged.xlsx,utility,0.6610101093010528,,0.0,100.0
8. Mushroom dataset,GaussianCopula,,0.0,F1_Gap,0.6610101093010528,Gradient Boosting,,Utility,Gap,0.1741340542663503,0.01636798488295455,classification,Generators/Experiment with utility data leak/utility results/8. Mushroom dataset/TRTR_TSTR_results_merged.xlsx,utility,0.1741340542663503,,0.0,100.0
8. Mushroom dataset,GaussianCopula,,0.0,Precision,0.8380774142407716,Gradient Boosting,,Utility,TRTR,0.8380774142407716,0.007023800154772467,classification,Generators/Experiment with utility data leak/utility results/8. Mushroom dataset/TRTR_TSTR_results_merged.xlsx,utility,0.8380774142407716,,0.0,100.0
8. Mushroom dataset,GaussianCopula,,0.0,Precision,0.6050453837842082,Gradient Boosting,,Utility,TSTR,0.6050453837842082,0.01094411247094296,classification,Generators/Experiment with utility data leak/utility results/8. Mushroom dataset/TRTR_TSTR_results_merged.xlsx,utility,0.6050453837842082,,0.0,100.0
8. Mushroom dataset,GaussianCopula,,0.0,Precision_Gap,0.6050453837842082,Gradient Boosting,,Utility,Gap,0.2330320304565634,0.01094411247094296,classification,Generators/Experiment with utility data leak/utility results/8. Mushroom dataset/TRTR_TSTR_results_merged.xlsx,utility,0.2330320304565634,,0.0,100.0
8. Mushroom dataset,GaussianCopula,,0.0,Recall,0.8324883755812209,Gradient Boosting,,Utility,TRTR,0.8324883755812209,0.01907263019534354,classification,Generators/Experiment with utility data leak/utility results/8. Mushroom dataset/TRTR_TSTR_results_merged.xlsx,utility,0.8324883755812209,,0.0,100.0
8. Mushroom dataset,GaussianCopula,,0.0,Recall,0.7290385480725964,Gradient Boosting,,Utility,TSTR,0.7290385480725964,0.03066532384372371,classification,Generators/Experiment with utility data leak/utility results/8. Mushroom dataset/TRTR_TSTR_results_merged.xlsx,utility,0.7290385480725964,,0.0,100.0
8. Mushroom dataset,GaussianCopula,,0.0,Recall_Gap,0.7290385480725964,Gradient Boosting,,Utility,Gap,0.10344982750862453,0.03066532384372371,classification,Generators/Experiment with utility data leak/utility results/8. Mushroom dataset/TRTR_TSTR_results_merged.xlsx,utility,0.10344982750862453,,0.0,100.0
8. Mushroom dataset,GaussianCopula,,,Accuracy_Drop,,Gradient Boosting,,,Gap,0.2322457133344432,,classification,Generators/Experiment with utility data leak/utility results/8. Mushroom dataset/TRTR_TSTR_results_merged.xlsx,utility,0.2322457133344432,,0.0,100.0
8. Mushroom dataset,GaussianCopula,,,F1_Drop,,Gradient Boosting,,,Gap,0.1741340542663503,,classification,Generators/Experiment with utility data leak/utility results/8. Mushroom dataset/TRTR_TSTR_results_merged.xlsx,utility,0.1741340542663503,,0.0,100.0
8. Mushroom dataset,GaussianCopula,,,Precision_Drop,,Gradient Boosting,,,Gap,0.2330320304565634,,classification,Generators/Experiment with utility data leak/utility results/8. Mushroom dataset/TRTR_TSTR_results_merged.xlsx,utility,0.2330320304565634,,0.0,100.0
8. Mushroom dataset,GaussianCopula,,,Recall_Drop,,Gradient Boosting,,,Gap,0.1034498275086245,,classification,Generators/Experiment with utility data leak/utility results/8. Mushroom dataset/TRTR_TSTR_results_merged.xlsx,utility,0.1034498275086245,,0.0,100.0
8. Mushroom dataset,GaussianCopula,,0.0,Accuracy,0.6532711836191111,Logistic Regression,,Utility,TRTR,0.6532711836191111,0.003432765231763527,classification,Generators/Experiment with utility data leak/utility results/8. Mushroom dataset/TRTR_TSTR_results_merged.xlsx,utility,0.6532711836191111,,0.0,100.0
8. Mushroom dataset,GaussianCopula,,0.0,Accuracy,0.5705094056933577,Logistic Regression,,Utility,TSTR,0.5705094056933577,0.009975051497526855,classification,Generators/Experiment with utility data leak/utility results/8. Mushroom dataset/TRTR_TSTR_results_merged.xlsx,utility,0.5705094056933577,,0.0,100.0
8. Mushroom dataset,GaussianCopula,,0.0,Accuracy_Gap,0.5705094056933577,Logistic Regression,,Utility,Gap,0.08276177792575334,0.009975051497526855,classification,Generators/Experiment with utility data leak/utility results/8. Mushroom dataset/TRTR_TSTR_results_merged.xlsx,utility,0.08276177792575334,,0.0,100.0
8. Mushroom dataset,GaussianCopula,,0.0,F1,0.7102051701755642,Logistic Regression,,Utility,TRTR,0.7102051701755642,0.002525563014958159,classification,Generators/Experiment with utility data leak/utility results/8. Mushroom dataset/TRTR_TSTR_results_merged.xlsx,utility,0.7102051701755642,,0.0,100.0
8. Mushroom dataset,GaussianCopula,,0.0,F1,0.653111212954159,Logistic Regression,,Utility,TSTR,0.653111212954159,0.01159674547892956,classification,Generators/Experiment with utility data leak/utility results/8. Mushroom dataset/TRTR_TSTR_results_merged.xlsx,utility,0.653111212954159,,0.0,100.0
8. Mushroom dataset,GaussianCopula,,0.0,F1_Gap,0.653111212954159,Logistic Regression,,Utility,Gap,0.0570939572214052,0.01159674547892956,classification,Generators/Experiment with utility data leak/utility results/8. Mushroom dataset/TRTR_TSTR_results_merged.xlsx,utility,0.0570939572214052,,0.0,100.0
8. Mushroom dataset,GaussianCopula,,0.0,Precision,0.6622882541511838,Logistic Regression,,Utility,TRTR,0.6622882541511838,0.003196371629185143,classification,Generators/Experiment with utility data leak/utility results/8. Mushroom dataset/TRTR_TSTR_results_merged.xlsx,utility,0.6622882541511838,,0.0,100.0
8. Mushroom dataset,GaussianCopula,,0.0,Precision,0.5917304458378261,Logistic Regression,,Utility,TSTR,0.5917304458378261,0.006637323570583384,classification,Generators/Experiment with utility data leak/utility results/8. Mushroom dataset/TRTR_TSTR_results_merged.xlsx,utility,0.5917304458378261,,0.0,100.0
8. Mushroom dataset,GaussianCopula,,0.0,Precision_Gap,0.5917304458378261,Logistic Regression,,Utility,Gap,0.07055780831335767,0.006637323570583384,classification,Generators/Experiment with utility data leak/utility results/8. Mushroom dataset/TRTR_TSTR_results_merged.xlsx,utility,0.07055780831335767,,0.0,100.0
8. Mushroom dataset,GaussianCopula,,0.0,Recall,0.7656067196640167,Logistic Regression,,Utility,TRTR,0.7656067196640167,0.002835651757146686,classification,Generators/Experiment with utility data leak/utility results/8. Mushroom dataset/TRTR_TSTR_results_merged.xlsx,utility,0.7656067196640167,,0.0,100.0
8. Mushroom dataset,GaussianCopula,,0.0,Recall,0.7290535473226339,Logistic Regression,,Utility,TSTR,0.7290535473226339,0.02340846220963282,classification,Generators/Experiment with utility data leak/utility results/8. Mushroom dataset/TRTR_TSTR_results_merged.xlsx,utility,0.7290535473226339,,0.0,100.0
8. Mushroom dataset,GaussianCopula,,0.0,Recall_Gap,0.7290535473226339,Logistic Regression,,Utility,Gap,0.03655317234138278,0.02340846220963282,classification,Generators/Experiment with utility data leak/utility results/8. Mushroom dataset/TRTR_TSTR_results_merged.xlsx,utility,0.03655317234138278,,0.0,100.0
8. Mushroom dataset,GaussianCopula,,,Accuracy_Drop,,Logistic Regression,,,Gap,0.08276177792575334,,classification,Generators/Experiment with utility data leak/utility results/8. Mushroom dataset/TRTR_TSTR_results_merged.xlsx,utility,0.08276177792575334,,0.0,100.0
8. Mushroom dataset,GaussianCopula,,,F1_Drop,,Logistic Regression,,,Gap,0.0570939572214052,,classification,Generators/Experiment with utility data leak/utility results/8. Mushroom dataset/TRTR_TSTR_results_merged.xlsx,utility,0.0570939572214052,,0.0,100.0
8. Mushroom dataset,GaussianCopula,,,Precision_Drop,,Logistic Regression,,,Gap,0.07055780831335767,,classification,Generators/Experiment with utility data leak/utility results/8. Mushroom dataset/TRTR_TSTR_results_merged.xlsx,utility,0.07055780831335767,,0.0,100.0
8. Mushroom dataset,GaussianCopula,,,Recall_Drop,,Logistic Regression,,,Gap,0.03655317234138278,,classification,Generators/Experiment with utility data leak/utility results/8. Mushroom dataset/TRTR_TSTR_results_merged.xlsx,utility,0.03655317234138278,,0.0,100.0
8. Mushroom dataset,GaussianCopula,,0.0,Accuracy,0.6530214749458965,AdaBoost,,Utility,TRTR,0.6530214749458965,0.00911056123636879,classification,Generators/Experiment with utility data leak/utility results/8. Mushroom dataset/TRTR_TSTR_results_merged.xlsx,utility,0.6530214749458965,,0.0,100.0
8. Mushroom dataset,GaussianCopula,,0.0,Accuracy,0.5836357582820042,AdaBoost,,Utility,TSTR,0.5836357582820042,0.009376020348600559,classification,Generators/Experiment with utility data leak/utility results/8. Mushroom dataset/TRTR_TSTR_results_merged.xlsx,utility,0.5836357582820042,,0.0,100.0
8. Mushroom dataset,GaussianCopula,,0.0,Accuracy_Gap,0.5836357582820042,AdaBoost,,Utility,Gap,0.06938571666389226,0.009376020348600559,classification,Generators/Experiment with utility data leak/utility results/8. Mushroom dataset/TRTR_TSTR_results_merged.xlsx,utility,0.06938571666389226,,0.0,100.0
8. Mushroom dataset,GaussianCopula,,0.0,F1,0.6586554205410092,AdaBoost,,Utility,TRTR,0.6586554205410092,0.01000642657450882,classification,Generators/Experiment with utility data leak/utility results/8. Mushroom dataset/TRTR_TSTR_results_merged.xlsx,utility,0.6586554205410092,,0.0,100.0
8. Mushroom dataset,GaussianCopula,,0.0,F1,0.6438494508268608,AdaBoost,,Utility,TSTR,0.6438494508268608,0.01347873746988599,classification,Generators/Experiment with utility data leak/utility results/8. Mushroom dataset/TRTR_TSTR_results_merged.xlsx,utility,0.6438494508268608,,0.0,100.0
8. Mushroom dataset,GaussianCopula,,0.0,F1_Gap,0.6438494508268608,AdaBoost,,Utility,Gap,0.014805969714148381,0.01347873746988599,classification,Generators/Experiment with utility data leak/utility results/8. Mushroom dataset/TRTR_TSTR_results_merged.xlsx,utility,0.014805969714148381,,0.0,100.0
8. Mushroom dataset,GaussianCopula,,0.0,Precision,0.7262195138345482,AdaBoost,,Utility,TRTR,0.7262195138345482,0.02162521657245883,classification,Generators/Experiment with utility data leak/utility results/8. Mushroom dataset/TRTR_TSTR_results_merged.xlsx,utility,0.7262195138345482,,0.0,100.0
8. Mushroom dataset,GaussianCopula,,0.0,Precision,0.612921835917633,AdaBoost,,Utility,TSTR,0.612921835917633,0.009165951166029859,classification,Generators/Experiment with utility data leak/utility results/8. Mushroom dataset/TRTR_TSTR_results_merged.xlsx,utility,0.612921835917633,,0.0,100.0
8. Mushroom dataset,GaussianCopula,,0.0,Precision_Gap,0.612921835917633,AdaBoost,,Utility,Gap,0.11329767791691514,0.009165951166029859,classification,Generators/Experiment with utility data leak/utility results/8. Mushroom dataset/TRTR_TSTR_results_merged.xlsx,utility,0.11329767791691514,,0.0,100.0
8. Mushroom dataset,GaussianCopula,,0.0,Recall,0.6036898155092245,AdaBoost,,Utility,TRTR,0.6036898155092245,0.02328275950044984,classification,Generators/Experiment with utility data leak/utility results/8. Mushroom dataset/TRTR_TSTR_results_merged.xlsx,utility,0.6036898155092245,,0.0,100.0
8. Mushroom dataset,GaussianCopula,,0.0,Recall,0.6790910454477276,AdaBoost,,Utility,TSTR,0.6790910454477276,0.03156878939177367,classification,Generators/Experiment with utility data leak/utility results/8. Mushroom dataset/TRTR_TSTR_results_merged.xlsx,utility,0.6790910454477276,,0.0,100.0
8. Mushroom dataset,GaussianCopula,,0.0,Recall_Gap,0.6790910454477276,AdaBoost,,Utility,Gap,-0.07540122993850307,0.03156878939177367,classification,Generators/Experiment with utility data leak/utility results/8. Mushroom dataset/TRTR_TSTR_results_merged.xlsx,utility,-0.07540122993850307,,0.0,100.0
8. Mushroom dataset,GaussianCopula,,,Accuracy_Drop,,AdaBoost,,,Gap,0.06938571666389226,,classification,Generators/Experiment with utility data leak/utility results/8. Mushroom dataset/TRTR_TSTR_results_merged.xlsx,utility,0.06938571666389226,,0.0,100.0
8. Mushroom dataset,GaussianCopula,,,F1_Drop,,AdaBoost,,,Gap,0.01480596971414838,,classification,Generators/Experiment with utility data leak/utility results/8. Mushroom dataset/TRTR_TSTR_results_merged.xlsx,utility,0.01480596971414838,,0.0,100.0
8. Mushroom dataset,GaussianCopula,,,Precision_Drop,,AdaBoost,,,Gap,0.1132976779169151,,classification,Generators/Experiment with utility data leak/utility results/8. Mushroom dataset/TRTR_TSTR_results_merged.xlsx,utility,0.1132976779169151,,0.0,100.0
8. Mushroom dataset,GaussianCopula,,,Recall_Drop,,AdaBoost,,,Gap,-0.07540122993850307,,classification,Generators/Experiment with utility data leak/utility results/8. Mushroom dataset/TRTR_TSTR_results_merged.xlsx,utility,-0.07540122993850307,,0.0,100.0
8. Mushroom dataset,GaussianCopula,,0.0,Accuracy,0.652688530048277,SVM-RBF,,Utility,TRTR,0.652688530048277,0.003540466283100108,classification,Generators/Experiment with utility data leak/utility results/8. Mushroom dataset/TRTR_TSTR_results_merged.xlsx,utility,0.652688530048277,,0.0,100.0
8. Mushroom dataset,GaussianCopula,,0.0,Accuracy,0.5699600466122857,SVM-RBF,,Utility,TSTR,0.5699600466122857,0.01048665770333428,classification,Generators/Experiment with utility data leak/utility results/8. Mushroom dataset/TRTR_TSTR_results_merged.xlsx,utility,0.5699600466122857,,0.0,100.0
8. Mushroom dataset,GaussianCopula,,0.0,Accuracy_Gap,0.5699600466122857,SVM-RBF,,Utility,Gap,0.08272848343599126,0.01048665770333428,classification,Generators/Experiment with utility data leak/utility results/8. Mushroom dataset/TRTR_TSTR_results_merged.xlsx,utility,0.08272848343599126,,0.0,100.0
8. Mushroom dataset,GaussianCopula,,0.0,F1,0.7111657290688942,SVM-RBF,,Utility,TRTR,0.7111657290688942,0.002515858645437491,classification,Generators/Experiment with utility data leak/utility results/8. Mushroom dataset/TRTR_TSTR_results_merged.xlsx,utility,0.7111657290688942,,0.0,100.0
8. Mushroom dataset,GaussianCopula,,0.0,F1,0.6537525334465686,SVM-RBF,,Utility,TSTR,0.6537525334465686,0.01200897050816991,classification,Generators/Experiment with utility data leak/utility results/8. Mushroom dataset/TRTR_TSTR_results_merged.xlsx,utility,0.6537525334465686,,0.0,100.0
8. Mushroom dataset,GaussianCopula,,0.0,F1_Gap,0.6537525334465686,SVM-RBF,,Utility,Gap,0.05741319562232561,0.01200897050816991,classification,Generators/Experiment with utility data leak/utility results/8. Mushroom dataset/TRTR_TSTR_results_merged.xlsx,utility,0.05741319562232561,,0.0,100.0
8. Mushroom dataset,GaussianCopula,,0.0,Precision,0.660338278612806,SVM-RBF,,Utility,TRTR,0.660338278612806,0.003326244875037613,classification,Generators/Experiment with utility data leak/utility results/8. Mushroom dataset/TRTR_TSTR_results_merged.xlsx,utility,0.660338278612806,,0.0,100.0
8. Mushroom dataset,GaussianCopula,,0.0,Precision,0.5907970720441358,SVM-RBF,,Utility,TSTR,0.5907970720441358,0.006837900327013692,classification,Generators/Experiment with utility data leak/utility results/8. Mushroom dataset/TRTR_TSTR_results_merged.xlsx,utility,0.5907970720441358,,0.0,100.0
8. Mushroom dataset,GaussianCopula,,0.0,Precision_Gap,0.5907970720441358,SVM-RBF,,Utility,Gap,0.06954120656867024,0.006837900327013692,classification,Generators/Experiment with utility data leak/utility results/8. Mushroom dataset/TRTR_TSTR_results_merged.xlsx,utility,0.06954120656867024,,0.0,100.0
8. Mushroom dataset,GaussianCopula,,0.0,Recall,0.7704814759262038,SVM-RBF,,Utility,TRTR,0.7704814759262038,0.002684656261806534,classification,Generators/Experiment with utility data leak/utility results/8. Mushroom dataset/TRTR_TSTR_results_merged.xlsx,utility,0.7704814759262038,,0.0,100.0
8. Mushroom dataset,GaussianCopula,,0.0,Recall,0.732068396580171,SVM-RBF,,Utility,TSTR,0.732068396580171,0.02378864505645263,classification,Generators/Experiment with utility data leak/utility results/8. Mushroom dataset/TRTR_TSTR_results_merged.xlsx,utility,0.732068396580171,,0.0,100.0
8. Mushroom dataset,GaussianCopula,,0.0,Recall_Gap,0.732068396580171,SVM-RBF,,Utility,Gap,0.038413079346032775,0.02378864505645263,classification,Generators/Experiment with utility data leak/utility results/8. Mushroom dataset/TRTR_TSTR_results_merged.xlsx,utility,0.038413079346032775,,0.0,100.0
8. Mushroom dataset,GaussianCopula,,,Accuracy_Drop,,SVM-RBF,,,Gap,0.08272848343599126,,classification,Generators/Experiment with utility data leak/utility results/8. Mushroom dataset/TRTR_TSTR_results_merged.xlsx,utility,0.08272848343599126,,0.0,100.0
8. Mushroom dataset,GaussianCopula,,,F1_Drop,,SVM-RBF,,,Gap,0.05741319562232561,,classification,Generators/Experiment with utility data leak/utility results/8. Mushroom dataset/TRTR_TSTR_results_merged.xlsx,utility,0.05741319562232561,,0.0,100.0
8. Mushroom dataset,GaussianCopula,,,Precision_Drop,,SVM-RBF,,,Gap,0.06954120656867024,,classification,Generators/Experiment with utility data leak/utility results/8. Mushroom dataset/TRTR_TSTR_results_merged.xlsx,utility,0.06954120656867024,,0.0,100.0
8. Mushroom dataset,GaussianCopula,,,Recall_Drop,,SVM-RBF,,,Gap,0.03841307934603277,,classification,Generators/Experiment with utility data leak/utility results/8. Mushroom dataset/TRTR_TSTR_results_merged.xlsx,utility,0.03841307934603277,,0.0,100.0
8. Mushroom dataset,GaussianCopula,,0.0,Accuracy,0.6093557516231064,Naive Bayes,,Utility,TRTR,0.6093557516231064,0.002206246746399765,classification,Generators/Experiment with utility data leak/utility results/8. Mushroom dataset/TRTR_TSTR_results_merged.xlsx,utility,0.6093557516231064,,0.0,100.0
8. Mushroom dataset,GaussianCopula,,0.0,Accuracy,0.6021807890794073,Naive Bayes,,Utility,TSTR,0.6021807890794073,0.0192568835557357,classification,Generators/Experiment with utility data leak/utility results/8. Mushroom dataset/TRTR_TSTR_results_merged.xlsx,utility,0.6021807890794073,,0.0,100.0
8. Mushroom dataset,GaussianCopula,,0.0,Accuracy_Gap,0.6021807890794073,Naive Bayes,,Utility,Gap,0.007174962543699093,0.0192568835557357,classification,Generators/Experiment with utility data leak/utility results/8. Mushroom dataset/TRTR_TSTR_results_merged.xlsx,utility,0.007174962543699093,,0.0,100.0
8. Mushroom dataset,GaussianCopula,,0.0,F1,0.5471586204572338,Naive Bayes,,Utility,TRTR,0.5471586204572338,0.003948342675541275,classification,Generators/Experiment with utility data leak/utility results/8. Mushroom dataset/TRTR_TSTR_results_merged.xlsx,utility,0.5471586204572338,,0.0,100.0
8. Mushroom dataset,GaussianCopula,,0.0,F1,0.6587741070041178,Naive Bayes,,Utility,TSTR,0.6587741070041178,0.01711584055477272,classification,Generators/Experiment with utility data leak/utility results/8. Mushroom dataset/TRTR_TSTR_results_merged.xlsx,utility,0.6587741070041178,,0.0,100.0
8. Mushroom dataset,GaussianCopula,,0.0,F1_Gap,0.6587741070041178,Naive Bayes,,Utility,Gap,-0.11161548654688391,0.01711584055477272,classification,Generators/Experiment with utility data leak/utility results/8. Mushroom dataset/TRTR_TSTR_results_merged.xlsx,utility,-0.11161548654688391,,0.0,100.0
8. Mushroom dataset,GaussianCopula,,0.0,Precision,0.7669376693867336,Naive Bayes,,Utility,TRTR,0.7669376693867336,0.002744162729666706,classification,Generators/Experiment with utility data leak/utility results/8. Mushroom dataset/TRTR_TSTR_results_merged.xlsx,utility,0.7669376693867336,,0.0,100.0
8. Mushroom dataset,GaussianCopula,,0.0,Precision,0.6314661564865841,Naive Bayes,,Utility,TSTR,0.6314661564865841,0.03120650363017937,classification,Generators/Experiment with utility data leak/utility results/8. Mushroom dataset/TRTR_TSTR_results_merged.xlsx,utility,0.6314661564865841,,0.0,100.0
8. Mushroom dataset,GaussianCopula,,0.0,Precision_Gap,0.6314661564865841,Naive Bayes,,Utility,Gap,0.13547151290014947,0.03120650363017937,classification,Generators/Experiment with utility data leak/utility results/8. Mushroom dataset/TRTR_TSTR_results_merged.xlsx,utility,0.13547151290014947,,0.0,100.0
8. Mushroom dataset,GaussianCopula,,0.0,Recall,0.4253037348132593,Naive Bayes,,Utility,TRTR,0.4253037348132593,0.004574279456311722,classification,Generators/Experiment with utility data leak/utility results/8. Mushroom dataset/TRTR_TSTR_results_merged.xlsx,utility,0.4253037348132593,,0.0,100.0
8. Mushroom dataset,GaussianCopula,,0.0,Recall,0.6940902954852258,Naive Bayes,,Utility,TSTR,0.6940902954852258,0.05348734456154031,classification,Generators/Experiment with utility data leak/utility results/8. Mushroom dataset/TRTR_TSTR_results_merged.xlsx,utility,0.6940902954852258,,0.0,100.0
8. Mushroom dataset,GaussianCopula,,0.0,Recall_Gap,0.6940902954852258,Naive Bayes,,Utility,Gap,-0.26878656067196655,0.05348734456154031,classification,Generators/Experiment with utility data leak/utility results/8. Mushroom dataset/TRTR_TSTR_results_merged.xlsx,utility,-0.26878656067196655,,0.0,100.0
8. Mushroom dataset,GaussianCopula,,,Accuracy_Drop,,Naive Bayes,,,Gap,0.007174962543699093,,classification,Generators/Experiment with utility data leak/utility results/8. Mushroom dataset/TRTR_TSTR_results_merged.xlsx,utility,0.007174962543699093,,0.0,100.0
8. Mushroom dataset,GaussianCopula,,,F1_Drop,,Naive Bayes,,,Gap,-0.1116154865468839,,classification,Generators/Experiment with utility data leak/utility results/8. Mushroom dataset/TRTR_TSTR_results_merged.xlsx,utility,-0.1116154865468839,,0.0,100.0
8. Mushroom dataset,GaussianCopula,,,Precision_Drop,,Naive Bayes,,,Gap,0.1354715129001495,,classification,Generators/Experiment with utility data leak/utility results/8. Mushroom dataset/TRTR_TSTR_results_merged.xlsx,utility,0.1354715129001495,,0.0,100.0
8. Mushroom dataset,GaussianCopula,,,Recall_Drop,,Naive Bayes,,,Gap,-0.2687865606719665,,classification,Generators/Experiment with utility data leak/utility results/8. Mushroom dataset/TRTR_TSTR_results_merged.xlsx,utility,-0.2687865606719665,,0.0,100.0
8. Mushroom dataset,WGAN_GP,,0.0,Accuracy,0.999983352755119,Extra Trees,,Utility,TRTR,0.999983352755119,3.329448976194804e-05,classification,Generators/Experiment with utility data leak/utility results/8. Mushroom dataset/TRTR_TSTR_results_merged.xlsx,utility,0.999983352755119,,0.0,100.0
8. Mushroom dataset,WGAN_GP,,0.0,Accuracy,0.6977942400532712,Extra Trees,,Utility,TSTR,0.6977942400532712,0.009379067959934003,classification,Generators/Experiment with utility data leak/utility results/8. Mushroom dataset/TRTR_TSTR_results_merged.xlsx,utility,0.6977942400532712,,0.0,100.0
8. Mushroom dataset,WGAN_GP,,0.0,Accuracy_Gap,0.6977942400532712,Extra Trees,,Utility,Gap,0.3021891127018478,0.009379067959934003,classification,Generators/Experiment with utility data leak/utility results/8. Mushroom dataset/TRTR_TSTR_results_merged.xlsx,utility,0.3021891127018478,,0.0,100.0
8. Mushroom dataset,WGAN_GP,,0.0,F1,0.9999849996249907,Extra Trees,,Utility,TRTR,0.9999849996249907,3.000075001873271e-05,classification,Generators/Experiment with utility data leak/utility results/8. Mushroom dataset/TRTR_TSTR_results_merged.xlsx,utility,0.9999849996249907,,0.0,100.0
8. Mushroom dataset,WGAN_GP,,0.0,F1,0.7481929854676885,Extra Trees,,Utility,TSTR,0.7481929854676885,0.007753991216450693,classification,Generators/Experiment with utility data leak/utility results/8. Mushroom dataset/TRTR_TSTR_results_merged.xlsx,utility,0.7481929854676885,,0.0,100.0
8. Mushroom dataset,WGAN_GP,,0.0,F1_Gap,0.7481929854676885,Extra Trees,,Utility,Gap,0.2517920141573021,0.007753991216450693,classification,Generators/Experiment with utility data leak/utility results/8. Mushroom dataset/TRTR_TSTR_results_merged.xlsx,utility,0.2517920141573021,,0.0,100.0
8. Mushroom dataset,WGAN_GP,,0.0,Precision,1.0,Extra Trees,,Utility,TRTR,1.0,0.0,classification,Generators/Experiment with utility data leak/utility results/8. Mushroom dataset/TRTR_TSTR_results_merged.xlsx,utility,1.0,,0.0,100.0
8. Mushroom dataset,WGAN_GP,,0.0,Precision,0.6958866827293754,Extra Trees,,Utility,TSTR,0.6958866827293754,0.008003272229701526,classification,Generators/Experiment with utility data leak/utility results/8. Mushroom dataset/TRTR_TSTR_results_merged.xlsx,utility,0.6958866827293754,,0.0,100.0
8. Mushroom dataset,WGAN_GP,,0.0,Precision_Gap,0.6958866827293754,Extra Trees,,Utility,Gap,0.30411331727062463,0.008003272229701526,classification,Generators/Experiment with utility data leak/utility results/8. Mushroom dataset/TRTR_TSTR_results_merged.xlsx,utility,0.30411331727062463,,0.0,100.0
8. Mushroom dataset,WGAN_GP,,0.0,Recall,0.9999700014999249,Extra Trees,,Utility,TRTR,0.9999700014999249,5.999700014998055e-05,classification,Generators/Experiment with utility data leak/utility results/8. Mushroom dataset/TRTR_TSTR_results_merged.xlsx,utility,0.9999700014999249,,0.0,100.0
8. Mushroom dataset,WGAN_GP,,0.0,Recall,0.8090595470226489,Extra Trees,,Utility,TSTR,0.8090595470226489,0.009941459474909563,classification,Generators/Experiment with utility data leak/utility results/8. Mushroom dataset/TRTR_TSTR_results_merged.xlsx,utility,0.8090595470226489,,0.0,100.0
8. Mushroom dataset,WGAN_GP,,0.0,Recall_Gap,0.8090595470226489,Extra Trees,,Utility,Gap,0.19091045447727595,0.009941459474909563,classification,Generators/Experiment with utility data leak/utility results/8. Mushroom dataset/TRTR_TSTR_results_merged.xlsx,utility,0.19091045447727595,,0.0,100.0
8. Mushroom dataset,WGAN_GP,,,Accuracy_Drop,,Extra Trees,,,Gap,0.3021891127018478,,classification,Generators/Experiment with utility data leak/utility results/8. Mushroom dataset/TRTR_TSTR_results_merged.xlsx,utility,0.3021891127018478,,0.0,100.0
8. Mushroom dataset,WGAN_GP,,,F1_Drop,,Extra Trees,,,Gap,0.2517920141573021,,classification,Generators/Experiment with utility data leak/utility results/8. Mushroom dataset/TRTR_TSTR_results_merged.xlsx,utility,0.2517920141573021,,0.0,100.0
8. Mushroom dataset,WGAN_GP,,,Precision_Drop,,Extra Trees,,,Gap,0.3041133172706246,,classification,Generators/Experiment with utility data leak/utility results/8. Mushroom dataset/TRTR_TSTR_results_merged.xlsx,utility,0.3041133172706246,,0.0,100.0
8. Mushroom dataset,WGAN_GP,,,Recall_Drop,,Extra Trees,,,Gap,0.1909104544772759,,classification,Generators/Experiment with utility data leak/utility results/8. Mushroom dataset/TRTR_TSTR_results_merged.xlsx,utility,0.1909104544772759,,0.0,100.0
8. Mushroom dataset,WGAN_GP,,0.0,Accuracy,0.9998917929082738,Random Forest,,Utility,TRTR,0.9998917929082738,3.814362988976479e-05,classification,Generators/Experiment with utility data leak/utility results/8. Mushroom dataset/TRTR_TSTR_results_merged.xlsx,utility,0.9998917929082738,,0.0,100.0
8. Mushroom dataset,WGAN_GP,,0.0,Accuracy,0.6969535541867821,Random Forest,,Utility,TSTR,0.6969535541867821,0.01033154358573321,classification,Generators/Experiment with utility data leak/utility results/8. Mushroom dataset/TRTR_TSTR_results_merged.xlsx,utility,0.6969535541867821,,0.0,100.0
8. Mushroom dataset,WGAN_GP,,0.0,Accuracy_Gap,0.6969535541867821,Random Forest,,Utility,Gap,0.3029382387214917,0.01033154358573321,classification,Generators/Experiment with utility data leak/utility results/8. Mushroom dataset/TRTR_TSTR_results_merged.xlsx,utility,0.3029382387214917,,0.0,100.0
8. Mushroom dataset,WGAN_GP,,0.0,F1,0.9999025054365672,Random Forest,,Utility,TRTR,0.9999025054365672,3.436305920243479e-05,classification,Generators/Experiment with utility data leak/utility results/8. Mushroom dataset/TRTR_TSTR_results_merged.xlsx,utility,0.9999025054365672,,0.0,100.0
8. Mushroom dataset,WGAN_GP,,0.0,F1,0.7480211962325126,Random Forest,,Utility,TSTR,0.7480211962325126,0.008379050915437133,classification,Generators/Experiment with utility data leak/utility results/8. Mushroom dataset/TRTR_TSTR_results_merged.xlsx,utility,0.7480211962325126,,0.0,100.0
8. Mushroom dataset,WGAN_GP,,0.0,F1_Gap,0.7480211962325126,Random Forest,,Utility,Gap,0.2518813092040546,0.008379050915437133,classification,Generators/Experiment with utility data leak/utility results/8. Mushroom dataset/TRTR_TSTR_results_merged.xlsx,utility,0.2518813092040546,,0.0,100.0
8. Mushroom dataset,WGAN_GP,,0.0,Precision,0.9999100179950515,Random Forest,,Utility,TRTR,0.9999100179950515,9.947206977344203e-05,classification,Generators/Experiment with utility data leak/utility results/8. Mushroom dataset/TRTR_TSTR_results_merged.xlsx,utility,0.9999100179950515,,0.0,100.0
8. Mushroom dataset,WGAN_GP,,0.0,Precision,0.6945013312872933,Random Forest,,Utility,TSTR,0.6945013312872933,0.00892408547456936,classification,Generators/Experiment with utility data leak/utility results/8. Mushroom dataset/TRTR_TSTR_results_merged.xlsx,utility,0.6945013312872933,,0.0,100.0
8. Mushroom dataset,WGAN_GP,,0.0,Precision_Gap,0.6945013312872933,Random Forest,,Utility,Gap,0.3054086867077582,0.00892408547456936,classification,Generators/Experiment with utility data leak/utility results/8. Mushroom dataset/TRTR_TSTR_results_merged.xlsx,utility,0.3054086867077582,,0.0,100.0
8. Mushroom dataset,WGAN_GP,,0.0,Recall,0.9998950052497374,Random Forest,,Utility,TRTR,0.9998950052497374,6.873519866439068e-05,classification,Generators/Experiment with utility data leak/utility results/8. Mushroom dataset/TRTR_TSTR_results_merged.xlsx,utility,0.9998950052497374,,0.0,100.0
8. Mushroom dataset,WGAN_GP,,0.0,Recall,0.8105594720263987,Random Forest,,Utility,TSTR,0.8105594720263987,0.01076962864819004,classification,Generators/Experiment with utility data leak/utility results/8. Mushroom dataset/TRTR_TSTR_results_merged.xlsx,utility,0.8105594720263987,,0.0,100.0
8. Mushroom dataset,WGAN_GP,,0.0,Recall_Gap,0.8105594720263987,Random Forest,,Utility,Gap,0.18933553322333874,0.01076962864819004,classification,Generators/Experiment with utility data leak/utility results/8. Mushroom dataset/TRTR_TSTR_results_merged.xlsx,utility,0.18933553322333874,,0.0,100.0
8. Mushroom dataset,WGAN_GP,,,Accuracy_Drop,,Random Forest,,,Gap,0.3029382387214917,,classification,Generators/Experiment with utility data leak/utility results/8. Mushroom dataset/TRTR_TSTR_results_merged.xlsx,utility,0.3029382387214917,,0.0,100.0
8. Mushroom dataset,WGAN_GP,,,F1_Drop,,Random Forest,,,Gap,0.2518813092040546,,classification,Generators/Experiment with utility data leak/utility results/8. Mushroom dataset/TRTR_TSTR_results_merged.xlsx,utility,0.2518813092040546,,0.0,100.0
8. Mushroom dataset,WGAN_GP,,,Precision_Drop,,Random Forest,,,Gap,0.3054086867077582,,classification,Generators/Experiment with utility data leak/utility results/8. Mushroom dataset/TRTR_TSTR_results_merged.xlsx,utility,0.3054086867077582,,0.0,100.0
8. Mushroom dataset,WGAN_GP,,,Recall_Drop,,Random Forest,,,Gap,0.1893355332233387,,classification,Generators/Experiment with utility data leak/utility results/8. Mushroom dataset/TRTR_TSTR_results_merged.xlsx,utility,0.1893355332233387,,0.0,100.0
8. Mushroom dataset,WGAN_GP,,0.0,Accuracy,0.9998002330614282,MLP,,Utility,TRTR,0.9998002330614282,0.0001498252039287662,classification,Generators/Experiment with utility data leak/utility results/8. Mushroom dataset/TRTR_TSTR_results_merged.xlsx,utility,0.9998002330614282,,0.0,100.0
8. Mushroom dataset,WGAN_GP,,0.0,Accuracy,0.7105626768769768,MLP,,Utility,TSTR,0.7105626768769768,0.0113747135435117,classification,Generators/Experiment with utility data leak/utility results/8. Mushroom dataset/TRTR_TSTR_results_merged.xlsx,utility,0.7105626768769768,,0.0,100.0
8. Mushroom dataset,WGAN_GP,,0.0,Accuracy_Gap,0.7105626768769768,MLP,,Utility,Gap,0.28923755618445135,0.0113747135435117,classification,Generators/Experiment with utility data leak/utility results/8. Mushroom dataset/TRTR_TSTR_results_merged.xlsx,utility,0.28923755618445135,,0.0,100.0
8. Mushroom dataset,WGAN_GP,,0.0,F1,0.9998200033725814,MLP,,Utility,TRTR,0.9998200033725814,0.0001350057549300141,classification,Generators/Experiment with utility data leak/utility results/8. Mushroom dataset/TRTR_TSTR_results_merged.xlsx,utility,0.9998200033725814,,0.0,100.0
8. Mushroom dataset,WGAN_GP,,0.0,F1,0.7567736807782725,MLP,,Utility,TSTR,0.7567736807782725,0.008128758161720772,classification,Generators/Experiment with utility data leak/utility results/8. Mushroom dataset/TRTR_TSTR_results_merged.xlsx,utility,0.7567736807782725,,0.0,100.0
8. Mushroom dataset,WGAN_GP,,0.0,F1_Gap,0.7567736807782725,MLP,,Utility,Gap,0.24304632259430892,0.008128758161720772,classification,Generators/Experiment with utility data leak/utility results/8. Mushroom dataset/TRTR_TSTR_results_merged.xlsx,utility,0.24304632259430892,,0.0,100.0
8. Mushroom dataset,WGAN_GP,,0.0,Precision,0.999835012740364,MLP,,Utility,TRTR,0.999835012740364,0.0001414792911934868,classification,Generators/Experiment with utility data leak/utility results/8. Mushroom dataset/TRTR_TSTR_results_merged.xlsx,utility,0.999835012740364,,0.0,100.0
8. Mushroom dataset,WGAN_GP,,0.0,Precision,0.7092908035127825,MLP,,Utility,TSTR,0.7092908035127825,0.0119772335008588,classification,Generators/Experiment with utility data leak/utility results/8. Mushroom dataset/TRTR_TSTR_results_merged.xlsx,utility,0.7092908035127825,,0.0,100.0
8. Mushroom dataset,WGAN_GP,,0.0,Precision_Gap,0.7092908035127825,MLP,,Utility,Gap,0.2905442092275815,0.0119772335008588,classification,Generators/Experiment with utility data leak/utility results/8. Mushroom dataset/TRTR_TSTR_results_merged.xlsx,utility,0.2905442092275815,,0.0,100.0
8. Mushroom dataset,WGAN_GP,,0.0,Recall,0.9998050097495124,MLP,,Utility,TRTR,0.9998050097495124,0.0001781062259942747,classification,Generators/Experiment with utility data leak/utility results/8. Mushroom dataset/TRTR_TSTR_results_merged.xlsx,utility,0.9998050097495124,,0.0,100.0
8. Mushroom dataset,WGAN_GP,,0.0,Recall,0.8112494375281237,MLP,,Utility,TSTR,0.8112494375281237,0.00962063636690411,classification,Generators/Experiment with utility data leak/utility results/8. Mushroom dataset/TRTR_TSTR_results_merged.xlsx,utility,0.8112494375281237,,0.0,100.0
8. Mushroom dataset,WGAN_GP,,0.0,Recall_Gap,0.8112494375281237,MLP,,Utility,Gap,0.18855557222138863,0.00962063636690411,classification,Generators/Experiment with utility data leak/utility results/8. Mushroom dataset/TRTR_TSTR_results_merged.xlsx,utility,0.18855557222138863,,0.0,100.0
8. Mushroom dataset,WGAN_GP,,,Accuracy_Drop,,MLP,,,Gap,0.2892375561844513,,classification,Generators/Experiment with utility data leak/utility results/8. Mushroom dataset/TRTR_TSTR_results_merged.xlsx,utility,0.2892375561844513,,0.0,100.0
8. Mushroom dataset,WGAN_GP,,,F1_Drop,,MLP,,,Gap,0.2430463225943089,,classification,Generators/Experiment with utility data leak/utility results/8. Mushroom dataset/TRTR_TSTR_results_merged.xlsx,utility,0.2430463225943089,,0.0,100.0
8. Mushroom dataset,WGAN_GP,,,Precision_Drop,,MLP,,,Gap,0.2905442092275815,,classification,Generators/Experiment with utility data leak/utility results/8. Mushroom dataset/TRTR_TSTR_results_merged.xlsx,utility,0.2905442092275815,,0.0,100.0
8. Mushroom dataset,WGAN_GP,,,Recall_Drop,,MLP,,,Gap,0.1885555722213886,,classification,Generators/Experiment with utility data leak/utility results/8. Mushroom dataset/TRTR_TSTR_results_merged.xlsx,utility,0.1885555722213886,,0.0,100.0
8. Mushroom dataset,WGAN_GP,,0.0,Accuracy,0.9993757283169635,KNN,,Utility,TRTR,0.9993757283169635,0.0001870501502766885,classification,Generators/Experiment with utility data leak/utility results/8. Mushroom dataset/TRTR_TSTR_results_merged.xlsx,utility,0.9993757283169635,,0.0,100.0
8. Mushroom dataset,WGAN_GP,,0.0,Accuracy,0.678733144664558,KNN,,Utility,TSTR,0.678733144664558,0.007630455867887208,classification,Generators/Experiment with utility data leak/utility results/8. Mushroom dataset/TRTR_TSTR_results_merged.xlsx,utility,0.678733144664558,,0.0,100.0
8. Mushroom dataset,WGAN_GP,,0.0,Accuracy_Gap,0.678733144664558,KNN,,Utility,Gap,0.3206425836524055,0.007630455867887208,classification,Generators/Experiment with utility data leak/utility results/8. Mushroom dataset/TRTR_TSTR_results_merged.xlsx,utility,0.3206425836524055,,0.0,100.0
8. Mushroom dataset,WGAN_GP,,0.0,F1,0.999437537679781,KNN,,Utility,TRTR,0.999437537679781,0.0001685162263673175,classification,Generators/Experiment with utility data leak/utility results/8. Mushroom dataset/TRTR_TSTR_results_merged.xlsx,utility,0.999437537679781,,0.0,100.0
8. Mushroom dataset,WGAN_GP,,0.0,F1,0.7274942512773158,KNN,,Utility,TSTR,0.7274942512773158,0.006365404202174484,classification,Generators/Experiment with utility data leak/utility results/8. Mushroom dataset/TRTR_TSTR_results_merged.xlsx,utility,0.7274942512773158,,0.0,100.0
8. Mushroom dataset,WGAN_GP,,0.0,F1_Gap,0.7274942512773158,KNN,,Utility,Gap,0.27194328640246523,0.006365404202174484,classification,Generators/Experiment with utility data leak/utility results/8. Mushroom dataset/TRTR_TSTR_results_merged.xlsx,utility,0.27194328640246523,,0.0,100.0
8. Mushroom dataset,WGAN_GP,,0.0,Precision,0.9994300667201221,KNN,,Utility,TRTR,0.9994300667201221,0.0002203628791389911,classification,Generators/Experiment with utility data leak/utility results/8. Mushroom dataset/TRTR_TSTR_results_merged.xlsx,utility,0.9994300667201221,,0.0,100.0
8. Mushroom dataset,WGAN_GP,,0.0,Precision,0.6872544711274788,KNN,,Utility,TSTR,0.6872544711274788,0.006535775487995791,classification,Generators/Experiment with utility data leak/utility results/8. Mushroom dataset/TRTR_TSTR_results_merged.xlsx,utility,0.6872544711274788,,0.0,100.0
8. Mushroom dataset,WGAN_GP,,0.0,Precision_Gap,0.6872544711274788,KNN,,Utility,Gap,0.3121755955926433,0.006535775487995791,classification,Generators/Experiment with utility data leak/utility results/8. Mushroom dataset/TRTR_TSTR_results_merged.xlsx,utility,0.3121755955926433,,0.0,100.0
8. Mushroom dataset,WGAN_GP,,0.0,Recall,0.9994450277486123,KNN,,Utility,TRTR,0.9994450277486123,0.0001649917504124697,classification,Generators/Experiment with utility data leak/utility results/8. Mushroom dataset/TRTR_TSTR_results_merged.xlsx,utility,0.9994450277486123,,0.0,100.0
8. Mushroom dataset,WGAN_GP,,0.0,Recall,0.7727613619319034,KNN,,Utility,TSTR,0.7727613619319034,0.007305420107720163,classification,Generators/Experiment with utility data leak/utility results/8. Mushroom dataset/TRTR_TSTR_results_merged.xlsx,utility,0.7727613619319034,,0.0,100.0
8. Mushroom dataset,WGAN_GP,,0.0,Recall_Gap,0.7727613619319034,KNN,,Utility,Gap,0.22668366581670896,0.007305420107720163,classification,Generators/Experiment with utility data leak/utility results/8. Mushroom dataset/TRTR_TSTR_results_merged.xlsx,utility,0.22668366581670896,,0.0,100.0
8. Mushroom dataset,WGAN_GP,,,Accuracy_Drop,,KNN,,,Gap,0.3206425836524055,,classification,Generators/Experiment with utility data leak/utility results/8. Mushroom dataset/TRTR_TSTR_results_merged.xlsx,utility,0.3206425836524055,,0.0,100.0
8. Mushroom dataset,WGAN_GP,,,F1_Drop,,KNN,,,Gap,0.2719432864024652,,classification,Generators/Experiment with utility data leak/utility results/8. Mushroom dataset/TRTR_TSTR_results_merged.xlsx,utility,0.2719432864024652,,0.0,100.0
8. Mushroom dataset,WGAN_GP,,,Precision_Drop,,KNN,,,Gap,0.3121755955926433,,classification,Generators/Experiment with utility data leak/utility results/8. Mushroom dataset/TRTR_TSTR_results_merged.xlsx,utility,0.3121755955926433,,0.0,100.0
8. Mushroom dataset,WGAN_GP,,,Recall_Drop,,KNN,,,Gap,0.226683665816709,,classification,Generators/Experiment with utility data leak/utility results/8. Mushroom dataset/TRTR_TSTR_results_merged.xlsx,utility,0.226683665816709,,0.0,100.0
8. Mushroom dataset,WGAN_GP,,0.0,Accuracy,0.9430830697519561,Decision Tree,,Utility,TRTR,0.9430830697519561,0.003054622010995107,classification,Generators/Experiment with utility data leak/utility results/8. Mushroom dataset/TRTR_TSTR_results_merged.xlsx,utility,0.9430830697519561,,0.0,100.0
8. Mushroom dataset,WGAN_GP,,0.0,Accuracy,0.6167887464624604,Decision Tree,,Utility,TSTR,0.6167887464624604,0.01823631214670124,classification,Generators/Experiment with utility data leak/utility results/8. Mushroom dataset/TRTR_TSTR_results_merged.xlsx,utility,0.6167887464624604,,0.0,100.0
8. Mushroom dataset,WGAN_GP,,0.0,Accuracy_Gap,0.6167887464624604,Decision Tree,,Utility,Gap,0.3262943232894957,0.01823631214670124,classification,Generators/Experiment with utility data leak/utility results/8. Mushroom dataset/TRTR_TSTR_results_merged.xlsx,utility,0.3262943232894957,,0.0,100.0
8. Mushroom dataset,WGAN_GP,,0.0,F1,0.9486269064274188,Decision Tree,,Utility,TRTR,0.9486269064274188,0.002733229331666377,classification,Generators/Experiment with utility data leak/utility results/8. Mushroom dataset/TRTR_TSTR_results_merged.xlsx,utility,0.9486269064274188,,0.0,100.0
8. Mushroom dataset,WGAN_GP,,0.0,F1,0.6529291993223665,Decision Tree,,Utility,TSTR,0.6529291993223665,0.02638657889060569,classification,Generators/Experiment with utility data leak/utility results/8. Mushroom dataset/TRTR_TSTR_results_merged.xlsx,utility,0.6529291993223665,,0.0,100.0
8. Mushroom dataset,WGAN_GP,,0.0,F1_Gap,0.6529291993223665,Decision Tree,,Utility,Gap,0.2956977071050523,0.02638657889060569,classification,Generators/Experiment with utility data leak/utility results/8. Mushroom dataset/TRTR_TSTR_results_merged.xlsx,utility,0.2956977071050523,,0.0,100.0
8. Mushroom dataset,WGAN_GP,,0.0,Precision,0.9503557108620792,Decision Tree,,Utility,TRTR,0.9503557108620792,0.004797011192999022,classification,Generators/Experiment with utility data leak/utility results/8. Mushroom dataset/TRTR_TSTR_results_merged.xlsx,utility,0.9503557108620792,,0.0,100.0
8. Mushroom dataset,WGAN_GP,,0.0,Precision,0.6556482034522862,Decision Tree,,Utility,TSTR,0.6556482034522862,0.01330172890593402,classification,Generators/Experiment with utility data leak/utility results/8. Mushroom dataset/TRTR_TSTR_results_merged.xlsx,utility,0.6556482034522862,,0.0,100.0
8. Mushroom dataset,WGAN_GP,,0.0,Precision_Gap,0.6556482034522862,Decision Tree,,Utility,Gap,0.2947075074097929,0.01330172890593402,classification,Generators/Experiment with utility data leak/utility results/8. Mushroom dataset/TRTR_TSTR_results_merged.xlsx,utility,0.2947075074097929,,0.0,100.0
8. Mushroom dataset,WGAN_GP,,0.0,Recall,0.9469326533673316,Decision Tree,,Utility,TRTR,0.9469326533673316,0.004340358980694475,classification,Generators/Experiment with utility data leak/utility results/8. Mushroom dataset/TRTR_TSTR_results_merged.xlsx,utility,0.9469326533673316,,0.0,100.0
8. Mushroom dataset,WGAN_GP,,0.0,Recall,0.6519274036298185,Decision Tree,,Utility,TSTR,0.6519274036298185,0.04805560279645481,classification,Generators/Experiment with utility data leak/utility results/8. Mushroom dataset/TRTR_TSTR_results_merged.xlsx,utility,0.6519274036298185,,0.0,100.0
8. Mushroom dataset,WGAN_GP,,0.0,Recall_Gap,0.6519274036298185,Decision Tree,,Utility,Gap,0.2950052497375131,0.04805560279645481,classification,Generators/Experiment with utility data leak/utility results/8. Mushroom dataset/TRTR_TSTR_results_merged.xlsx,utility,0.2950052497375131,,0.0,100.0
8. Mushroom dataset,WGAN_GP,,,Accuracy_Drop,,Decision Tree,,,Gap,0.3262943232894957,,classification,Generators/Experiment with utility data leak/utility results/8. Mushroom dataset/TRTR_TSTR_results_merged.xlsx,utility,0.3262943232894957,,0.0,100.0
8. Mushroom dataset,WGAN_GP,,,F1_Drop,,Decision Tree,,,Gap,0.2956977071050523,,classification,Generators/Experiment with utility data leak/utility results/8. Mushroom dataset/TRTR_TSTR_results_merged.xlsx,utility,0.2956977071050523,,0.0,100.0
8. Mushroom dataset,WGAN_GP,,,Precision_Drop,,Decision Tree,,,Gap,0.2947075074097929,,classification,Generators/Experiment with utility data leak/utility results/8. Mushroom dataset/TRTR_TSTR_results_merged.xlsx,utility,0.2947075074097929,,0.0,100.0
8. Mushroom dataset,WGAN_GP,,,Recall_Drop,,Decision Tree,,,Gap,0.2950052497375131,,classification,Generators/Experiment with utility data leak/utility results/8. Mushroom dataset/TRTR_TSTR_results_merged.xlsx,utility,0.2950052497375131,,0.0,100.0
8. Mushroom dataset,WGAN_GP,,0.0,Accuracy,0.8177376394206759,Gradient Boosting,,Utility,TRTR,0.8177376394206759,0.009463270545125387,classification,Generators/Experiment with utility data leak/utility results/8. Mushroom dataset/TRTR_TSTR_results_merged.xlsx,utility,0.8177376394206759,,0.0,100.0
8. Mushroom dataset,WGAN_GP,,0.0,Accuracy,0.6841601464957549,Gradient Boosting,,Utility,TSTR,0.6841601464957549,0.01114061749778954,classification,Generators/Experiment with utility data leak/utility results/8. Mushroom dataset/TRTR_TSTR_results_merged.xlsx,utility,0.6841601464957549,,0.0,100.0
8. Mushroom dataset,WGAN_GP,,0.0,Accuracy_Gap,0.6841601464957549,Gradient Boosting,,Utility,Gap,0.13357749292492105,0.01114061749778954,classification,Generators/Experiment with utility data leak/utility results/8. Mushroom dataset/TRTR_TSTR_results_merged.xlsx,utility,0.13357749292492105,,0.0,100.0
8. Mushroom dataset,WGAN_GP,,0.0,F1,0.8351441635674031,Gradient Boosting,,Utility,TRTR,0.8351441635674031,0.009911515687219402,classification,Generators/Experiment with utility data leak/utility results/8. Mushroom dataset/TRTR_TSTR_results_merged.xlsx,utility,0.8351441635674031,,0.0,100.0
8. Mushroom dataset,WGAN_GP,,0.0,F1,0.7456213402658332,Gradient Boosting,,Utility,TSTR,0.7456213402658332,0.008933858013403432,classification,Generators/Experiment with utility data leak/utility results/8. Mushroom dataset/TRTR_TSTR_results_merged.xlsx,utility,0.7456213402658332,,0.0,100.0
8. Mushroom dataset,WGAN_GP,,0.0,F1_Gap,0.7456213402658332,Gradient Boosting,,Utility,Gap,0.08952282330156991,0.008933858013403432,classification,Generators/Experiment with utility data leak/utility results/8. Mushroom dataset/TRTR_TSTR_results_merged.xlsx,utility,0.08952282330156991,,0.0,100.0
8. Mushroom dataset,WGAN_GP,,0.0,Precision,0.8380774142407716,Gradient Boosting,,Utility,TRTR,0.8380774142407716,0.007023800154772467,classification,Generators/Experiment with utility data leak/utility results/8. Mushroom dataset/TRTR_TSTR_results_merged.xlsx,utility,0.8380774142407716,,0.0,100.0
8. Mushroom dataset,WGAN_GP,,0.0,Precision,0.6741925716192184,Gradient Boosting,,Utility,TSTR,0.6741925716192184,0.009579703013277962,classification,Generators/Experiment with utility data leak/utility results/8. Mushroom dataset/TRTR_TSTR_results_merged.xlsx,utility,0.6741925716192184,,0.0,100.0
8. Mushroom dataset,WGAN_GP,,0.0,Precision_Gap,0.6741925716192184,Gradient Boosting,,Utility,Gap,0.16388484262155323,0.009579703013277962,classification,Generators/Experiment with utility data leak/utility results/8. Mushroom dataset/TRTR_TSTR_results_merged.xlsx,utility,0.16388484262155323,,0.0,100.0
8. Mushroom dataset,WGAN_GP,,0.0,Recall,0.8324883755812209,Gradient Boosting,,Utility,TRTR,0.8324883755812209,0.01907263019534354,classification,Generators/Experiment with utility data leak/utility results/8. Mushroom dataset/TRTR_TSTR_results_merged.xlsx,utility,0.8324883755812209,,0.0,100.0
8. Mushroom dataset,WGAN_GP,,0.0,Recall,0.8341982900854956,Gradient Boosting,,Utility,TSTR,0.8341982900854956,0.01515046024982678,classification,Generators/Experiment with utility data leak/utility results/8. Mushroom dataset/TRTR_TSTR_results_merged.xlsx,utility,0.8341982900854956,,0.0,100.0
8. Mushroom dataset,WGAN_GP,,0.0,Recall_Gap,0.8341982900854956,Gradient Boosting,,Utility,Gap,-0.0017099145042747121,0.01515046024982678,classification,Generators/Experiment with utility data leak/utility results/8. Mushroom dataset/TRTR_TSTR_results_merged.xlsx,utility,-0.0017099145042747121,,0.0,100.0
8. Mushroom dataset,WGAN_GP,,,Accuracy_Drop,,Gradient Boosting,,,Gap,0.133577492924921,,classification,Generators/Experiment with utility data leak/utility results/8. Mushroom dataset/TRTR_TSTR_results_merged.xlsx,utility,0.133577492924921,,0.0,100.0
8. Mushroom dataset,WGAN_GP,,,F1_Drop,,Gradient Boosting,,,Gap,0.08952282330156991,,classification,Generators/Experiment with utility data leak/utility results/8. Mushroom dataset/TRTR_TSTR_results_merged.xlsx,utility,0.08952282330156991,,0.0,100.0
8. Mushroom dataset,WGAN_GP,,,Precision_Drop,,Gradient Boosting,,,Gap,0.1638848426215532,,classification,Generators/Experiment with utility data leak/utility results/8. Mushroom dataset/TRTR_TSTR_results_merged.xlsx,utility,0.1638848426215532,,0.0,100.0
8. Mushroom dataset,WGAN_GP,,,Recall_Drop,,Gradient Boosting,,,Gap,-0.001709914504274712,,classification,Generators/Experiment with utility data leak/utility results/8. Mushroom dataset/TRTR_TSTR_results_merged.xlsx,utility,-0.001709914504274712,,0.0,100.0
8. Mushroom dataset,WGAN_GP,,0.0,Accuracy,0.6532711836191111,Logistic Regression,,Utility,TRTR,0.6532711836191111,0.003432765231763527,classification,Generators/Experiment with utility data leak/utility results/8. Mushroom dataset/TRTR_TSTR_results_merged.xlsx,utility,0.6532711836191111,,0.0,100.0
8. Mushroom dataset,WGAN_GP,,0.0,Accuracy,0.6309222573664058,Logistic Regression,,Utility,TSTR,0.6309222573664058,0.006095307499623616,classification,Generators/Experiment with utility data leak/utility results/8. Mushroom dataset/TRTR_TSTR_results_merged.xlsx,utility,0.6309222573664058,,0.0,100.0
8. Mushroom dataset,WGAN_GP,,0.0,Accuracy_Gap,0.6309222573664058,Logistic Regression,,Utility,Gap,0.022348926252705237,0.006095307499623616,classification,Generators/Experiment with utility data leak/utility results/8. Mushroom dataset/TRTR_TSTR_results_merged.xlsx,utility,0.022348926252705237,,0.0,100.0
8. Mushroom dataset,WGAN_GP,,0.0,F1,0.7102051701755642,Logistic Regression,,Utility,TRTR,0.7102051701755642,0.002525563014958159,classification,Generators/Experiment with utility data leak/utility results/8. Mushroom dataset/TRTR_TSTR_results_merged.xlsx,utility,0.7102051701755642,,0.0,100.0
8. Mushroom dataset,WGAN_GP,,0.0,F1,0.6853648762826213,Logistic Regression,,Utility,TSTR,0.6853648762826213,0.007067531285070305,classification,Generators/Experiment with utility data leak/utility results/8. Mushroom dataset/TRTR_TSTR_results_merged.xlsx,utility,0.6853648762826213,,0.0,100.0
8. Mushroom dataset,WGAN_GP,,0.0,F1_Gap,0.6853648762826213,Logistic Regression,,Utility,Gap,0.024840293892942844,0.007067531285070305,classification,Generators/Experiment with utility data leak/utility results/8. Mushroom dataset/TRTR_TSTR_results_merged.xlsx,utility,0.024840293892942844,,0.0,100.0
8. Mushroom dataset,WGAN_GP,,0.0,Precision,0.6622882541511838,Logistic Regression,,Utility,TRTR,0.6622882541511838,0.003196371629185143,classification,Generators/Experiment with utility data leak/utility results/8. Mushroom dataset/TRTR_TSTR_results_merged.xlsx,utility,0.6622882541511838,,0.0,100.0
8. Mushroom dataset,WGAN_GP,,0.0,Precision,0.6502979004959352,Logistic Regression,,Utility,TSTR,0.6502979004959352,0.004138260392668358,classification,Generators/Experiment with utility data leak/utility results/8. Mushroom dataset/TRTR_TSTR_results_merged.xlsx,utility,0.6502979004959352,,0.0,100.0
8. Mushroom dataset,WGAN_GP,,0.0,Precision_Gap,0.6502979004959352,Logistic Regression,,Utility,Gap,0.011990353655248587,0.004138260392668358,classification,Generators/Experiment with utility data leak/utility results/8. Mushroom dataset/TRTR_TSTR_results_merged.xlsx,utility,0.011990353655248587,,0.0,100.0
8. Mushroom dataset,WGAN_GP,,0.0,Recall,0.7656067196640167,Logistic Regression,,Utility,TRTR,0.7656067196640167,0.002835651757146686,classification,Generators/Experiment with utility data leak/utility results/8. Mushroom dataset/TRTR_TSTR_results_merged.xlsx,utility,0.7656067196640167,,0.0,100.0
8. Mushroom dataset,WGAN_GP,,0.0,Recall,0.7245237738113094,Logistic Regression,,Utility,TSTR,0.7245237738113094,0.0126763098224683,classification,Generators/Experiment with utility data leak/utility results/8. Mushroom dataset/TRTR_TSTR_results_merged.xlsx,utility,0.7245237738113094,,0.0,100.0
8. Mushroom dataset,WGAN_GP,,0.0,Recall_Gap,0.7245237738113094,Logistic Regression,,Utility,Gap,0.04108294585270733,0.0126763098224683,classification,Generators/Experiment with utility data leak/utility results/8. Mushroom dataset/TRTR_TSTR_results_merged.xlsx,utility,0.04108294585270733,,0.0,100.0
8. Mushroom dataset,WGAN_GP,,,Accuracy_Drop,,Logistic Regression,,,Gap,0.02234892625270524,,classification,Generators/Experiment with utility data leak/utility results/8. Mushroom dataset/TRTR_TSTR_results_merged.xlsx,utility,0.02234892625270524,,0.0,100.0
8. Mushroom dataset,WGAN_GP,,,F1_Drop,,Logistic Regression,,,Gap,0.02484029389294284,,classification,Generators/Experiment with utility data leak/utility results/8. Mushroom dataset/TRTR_TSTR_results_merged.xlsx,utility,0.02484029389294284,,0.0,100.0
8. Mushroom dataset,WGAN_GP,,,Precision_Drop,,Logistic Regression,,,Gap,0.01199035365524859,,classification,Generators/Experiment with utility data leak/utility results/8. Mushroom dataset/TRTR_TSTR_results_merged.xlsx,utility,0.01199035365524859,,0.0,100.0
8. Mushroom dataset,WGAN_GP,,,Recall_Drop,,Logistic Regression,,,Gap,0.04108294585270733,,classification,Generators/Experiment with utility data leak/utility results/8. Mushroom dataset/TRTR_TSTR_results_merged.xlsx,utility,0.04108294585270733,,0.0,100.0
8. Mushroom dataset,WGAN_GP,,0.0,Accuracy,0.6530214749458965,AdaBoost,,Utility,TRTR,0.6530214749458965,0.00911056123636879,classification,Generators/Experiment with utility data leak/utility results/8. Mushroom dataset/TRTR_TSTR_results_merged.xlsx,utility,0.6530214749458965,,0.0,100.0
8. Mushroom dataset,WGAN_GP,,0.0,Accuracy,0.661661395039121,AdaBoost,,Utility,TSTR,0.661661395039121,0.01286158856582996,classification,Generators/Experiment with utility data leak/utility results/8. Mushroom dataset/TRTR_TSTR_results_merged.xlsx,utility,0.661661395039121,,0.0,100.0
8. Mushroom dataset,WGAN_GP,,0.0,Accuracy_Gap,0.661661395039121,AdaBoost,,Utility,Gap,-0.008639920093224562,0.01286158856582996,classification,Generators/Experiment with utility data leak/utility results/8. Mushroom dataset/TRTR_TSTR_results_merged.xlsx,utility,-0.008639920093224562,,0.0,100.0
8. Mushroom dataset,WGAN_GP,,0.0,F1,0.6586554205410092,AdaBoost,,Utility,TRTR,0.6586554205410092,0.01000642657450882,classification,Generators/Experiment with utility data leak/utility results/8. Mushroom dataset/TRTR_TSTR_results_merged.xlsx,utility,0.6586554205410092,,0.0,100.0
8. Mushroom dataset,WGAN_GP,,0.0,F1,0.7186660168218497,AdaBoost,,Utility,TSTR,0.7186660168218497,0.009470380710432163,classification,Generators/Experiment with utility data leak/utility results/8. Mushroom dataset/TRTR_TSTR_results_merged.xlsx,utility,0.7186660168218497,,0.0,100.0
8. Mushroom dataset,WGAN_GP,,0.0,F1_Gap,0.7186660168218497,AdaBoost,,Utility,Gap,-0.06001059628084049,0.009470380710432163,classification,Generators/Experiment with utility data leak/utility results/8. Mushroom dataset/TRTR_TSTR_results_merged.xlsx,utility,-0.06001059628084049,,0.0,100.0
8. Mushroom dataset,WGAN_GP,,0.0,Precision,0.7262195138345482,AdaBoost,,Utility,TRTR,0.7262195138345482,0.02162521657245883,classification,Generators/Experiment with utility data leak/utility results/8. Mushroom dataset/TRTR_TSTR_results_merged.xlsx,utility,0.7262195138345482,,0.0,100.0
8. Mushroom dataset,WGAN_GP,,0.0,Precision,0.6677573247817434,AdaBoost,,Utility,TSTR,0.6677573247817434,0.0157099384346699,classification,Generators/Experiment with utility data leak/utility results/8. Mushroom dataset/TRTR_TSTR_results_merged.xlsx,utility,0.6677573247817434,,0.0,100.0
8. Mushroom dataset,WGAN_GP,,0.0,Precision_Gap,0.6677573247817434,AdaBoost,,Utility,Gap,0.05846218905280476,0.0157099384346699,classification,Generators/Experiment with utility data leak/utility results/8. Mushroom dataset/TRTR_TSTR_results_merged.xlsx,utility,0.05846218905280476,,0.0,100.0
8. Mushroom dataset,WGAN_GP,,0.0,Recall,0.6036898155092245,AdaBoost,,Utility,TRTR,0.6036898155092245,0.02328275950044984,classification,Generators/Experiment with utility data leak/utility results/8. Mushroom dataset/TRTR_TSTR_results_merged.xlsx,utility,0.6036898155092245,,0.0,100.0
8. Mushroom dataset,WGAN_GP,,0.0,Recall,0.7788660566971652,AdaBoost,,Utility,TSTR,0.7788660566971652,0.02308472294017011,classification,Generators/Experiment with utility data leak/utility results/8. Mushroom dataset/TRTR_TSTR_results_merged.xlsx,utility,0.7788660566971652,,0.0,100.0
8. Mushroom dataset,WGAN_GP,,0.0,Recall_Gap,0.7788660566971652,AdaBoost,,Utility,Gap,-0.17517624118794073,0.02308472294017011,classification,Generators/Experiment with utility data leak/utility results/8. Mushroom dataset/TRTR_TSTR_results_merged.xlsx,utility,-0.17517624118794073,,0.0,100.0
8. Mushroom dataset,WGAN_GP,,,Accuracy_Drop,,AdaBoost,,,Gap,-0.008639920093224562,,classification,Generators/Experiment with utility data leak/utility results/8. Mushroom dataset/TRTR_TSTR_results_merged.xlsx,utility,-0.008639920093224562,,0.0,100.0
8. Mushroom dataset,WGAN_GP,,,F1_Drop,,AdaBoost,,,Gap,-0.06001059628084049,,classification,Generators/Experiment with utility data leak/utility results/8. Mushroom dataset/TRTR_TSTR_results_merged.xlsx,utility,-0.06001059628084049,,0.0,100.0
8. Mushroom dataset,WGAN_GP,,,Precision_Drop,,AdaBoost,,,Gap,0.05846218905280476,,classification,Generators/Experiment with utility data leak/utility results/8. Mushroom dataset/TRTR_TSTR_results_merged.xlsx,utility,0.05846218905280476,,0.0,100.0
8. Mushroom dataset,WGAN_GP,,,Recall_Drop,,AdaBoost,,,Gap,-0.1751762411879407,,classification,Generators/Experiment with utility data leak/utility results/8. Mushroom dataset/TRTR_TSTR_results_merged.xlsx,utility,-0.1751762411879407,,0.0,100.0
8. Mushroom dataset,WGAN_GP,,0.0,Accuracy,0.652688530048277,SVM-RBF,,Utility,TRTR,0.652688530048277,0.003540466283100108,classification,Generators/Experiment with utility data leak/utility results/8. Mushroom dataset/TRTR_TSTR_results_merged.xlsx,utility,0.652688530048277,,0.0,100.0
8. Mushroom dataset,WGAN_GP,,0.0,Accuracy,0.629573830531047,SVM-RBF,,Utility,TSTR,0.629573830531047,0.006539004096288202,classification,Generators/Experiment with utility data leak/utility results/8. Mushroom dataset/TRTR_TSTR_results_merged.xlsx,utility,0.629573830531047,,0.0,100.0
8. Mushroom dataset,WGAN_GP,,0.0,Accuracy_Gap,0.629573830531047,SVM-RBF,,Utility,Gap,0.023114699517229997,0.006539004096288202,classification,Generators/Experiment with utility data leak/utility results/8. Mushroom dataset/TRTR_TSTR_results_merged.xlsx,utility,0.023114699517229997,,0.0,100.0
8. Mushroom dataset,WGAN_GP,,0.0,F1,0.7111657290688942,SVM-RBF,,Utility,TRTR,0.7111657290688942,0.002515858645437491,classification,Generators/Experiment with utility data leak/utility results/8. Mushroom dataset/TRTR_TSTR_results_merged.xlsx,utility,0.7111657290688942,,0.0,100.0
8. Mushroom dataset,WGAN_GP,,0.0,F1,0.6852391542801071,SVM-RBF,,Utility,TSTR,0.6852391542801071,0.00744543107188284,classification,Generators/Experiment with utility data leak/utility results/8. Mushroom dataset/TRTR_TSTR_results_merged.xlsx,utility,0.6852391542801071,,0.0,100.0
8. Mushroom dataset,WGAN_GP,,0.0,F1_Gap,0.6852391542801071,SVM-RBF,,Utility,Gap,0.025926574788787127,0.00744543107188284,classification,Generators/Experiment with utility data leak/utility results/8. Mushroom dataset/TRTR_TSTR_results_merged.xlsx,utility,0.025926574788787127,,0.0,100.0
8. Mushroom dataset,WGAN_GP,,0.0,Precision,0.660338278612806,SVM-RBF,,Utility,TRTR,0.660338278612806,0.003326244875037613,classification,Generators/Experiment with utility data leak/utility results/8. Mushroom dataset/TRTR_TSTR_results_merged.xlsx,utility,0.660338278612806,,0.0,100.0
8. Mushroom dataset,WGAN_GP,,0.0,Precision,0.6482915773169938,SVM-RBF,,Utility,TSTR,0.6482915773169938,0.00457715555363305,classification,Generators/Experiment with utility data leak/utility results/8. Mushroom dataset/TRTR_TSTR_results_merged.xlsx,utility,0.6482915773169938,,0.0,100.0
8. Mushroom dataset,WGAN_GP,,0.0,Precision_Gap,0.6482915773169938,SVM-RBF,,Utility,Gap,0.012046701295812201,0.00457715555363305,classification,Generators/Experiment with utility data leak/utility results/8. Mushroom dataset/TRTR_TSTR_results_merged.xlsx,utility,0.012046701295812201,,0.0,100.0
8. Mushroom dataset,WGAN_GP,,0.0,Recall,0.7704814759262038,SVM-RBF,,Utility,TRTR,0.7704814759262038,0.002684656261806534,classification,Generators/Experiment with utility data leak/utility results/8. Mushroom dataset/TRTR_TSTR_results_merged.xlsx,utility,0.7704814759262038,,0.0,100.0
8. Mushroom dataset,WGAN_GP,,0.0,Recall,0.7267586620668967,SVM-RBF,,Utility,TSTR,0.7267586620668967,0.013306634356799,classification,Generators/Experiment with utility data leak/utility results/8. Mushroom dataset/TRTR_TSTR_results_merged.xlsx,utility,0.7267586620668967,,0.0,100.0
8. Mushroom dataset,WGAN_GP,,0.0,Recall_Gap,0.7267586620668967,SVM-RBF,,Utility,Gap,0.0437228138593071,0.013306634356799,classification,Generators/Experiment with utility data leak/utility results/8. Mushroom dataset/TRTR_TSTR_results_merged.xlsx,utility,0.0437228138593071,,0.0,100.0
8. Mushroom dataset,WGAN_GP,,,Accuracy_Drop,,SVM-RBF,,,Gap,0.02311469951723,,classification,Generators/Experiment with utility data leak/utility results/8. Mushroom dataset/TRTR_TSTR_results_merged.xlsx,utility,0.02311469951723,,0.0,100.0
8. Mushroom dataset,WGAN_GP,,,F1_Drop,,SVM-RBF,,,Gap,0.02592657478878713,,classification,Generators/Experiment with utility data leak/utility results/8. Mushroom dataset/TRTR_TSTR_results_merged.xlsx,utility,0.02592657478878713,,0.0,100.0
8. Mushroom dataset,WGAN_GP,,,Precision_Drop,,SVM-RBF,,,Gap,0.0120467012958122,,classification,Generators/Experiment with utility data leak/utility results/8. Mushroom dataset/TRTR_TSTR_results_merged.xlsx,utility,0.0120467012958122,,0.0,100.0
8. Mushroom dataset,WGAN_GP,,,Recall_Drop,,SVM-RBF,,,Gap,0.0437228138593071,,classification,Generators/Experiment with utility data leak/utility results/8. Mushroom dataset/TRTR_TSTR_results_merged.xlsx,utility,0.0437228138593071,,0.0,100.0
8. Mushroom dataset,WGAN_GP,,0.0,Accuracy,0.6093557516231064,Naive Bayes,,Utility,TRTR,0.6093557516231064,0.002206246746399765,classification,Generators/Experiment with utility data leak/utility results/8. Mushroom dataset/TRTR_TSTR_results_merged.xlsx,utility,0.6093557516231064,,0.0,100.0
8. Mushroom dataset,WGAN_GP,,0.0,Accuracy,0.6315382054270019,Naive Bayes,,Utility,TSTR,0.6315382054270019,0.006299948522068798,classification,Generators/Experiment with utility data leak/utility results/8. Mushroom dataset/TRTR_TSTR_results_merged.xlsx,utility,0.6315382054270019,,0.0,100.0
8. Mushroom dataset,WGAN_GP,,0.0,Accuracy_Gap,0.6315382054270019,Naive Bayes,,Utility,Gap,-0.022182453803895497,0.006299948522068798,classification,Generators/Experiment with utility data leak/utility results/8. Mushroom dataset/TRTR_TSTR_results_merged.xlsx,utility,-0.022182453803895497,,0.0,100.0
8. Mushroom dataset,WGAN_GP,,0.0,F1,0.5471586204572338,Naive Bayes,,Utility,TRTR,0.5471586204572338,0.003948342675541275,classification,Generators/Experiment with utility data leak/utility results/8. Mushroom dataset/TRTR_TSTR_results_merged.xlsx,utility,0.5471586204572338,,0.0,100.0
8. Mushroom dataset,WGAN_GP,,0.0,F1,0.6333724341937998,Naive Bayes,,Utility,TSTR,0.6333724341937998,0.009721742730076616,classification,Generators/Experiment with utility data leak/utility results/8. Mushroom dataset/TRTR_TSTR_results_merged.xlsx,utility,0.6333724341937998,,0.0,100.0
8. Mushroom dataset,WGAN_GP,,0.0,F1_Gap,0.6333724341937998,Naive Bayes,,Utility,Gap,-0.086213813736566,0.009721742730076616,classification,Generators/Experiment with utility data leak/utility results/8. Mushroom dataset/TRTR_TSTR_results_merged.xlsx,utility,-0.086213813736566,,0.0,100.0
8. Mushroom dataset,WGAN_GP,,0.0,Precision,0.7669376693867336,Naive Bayes,,Utility,TRTR,0.7669376693867336,0.002744162729666706,classification,Generators/Experiment with utility data leak/utility results/8. Mushroom dataset/TRTR_TSTR_results_merged.xlsx,utility,0.7669376693867336,,0.0,100.0
8. Mushroom dataset,WGAN_GP,,0.0,Precision,0.7072403940411494,Naive Bayes,,Utility,TSTR,0.7072403940411494,0.009172094391323356,classification,Generators/Experiment with utility data leak/utility results/8. Mushroom dataset/TRTR_TSTR_results_merged.xlsx,utility,0.7072403940411494,,0.0,100.0
8. Mushroom dataset,WGAN_GP,,0.0,Precision_Gap,0.7072403940411494,Naive Bayes,,Utility,Gap,0.05969727534558422,0.009172094391323356,classification,Generators/Experiment with utility data leak/utility results/8. Mushroom dataset/TRTR_TSTR_results_merged.xlsx,utility,0.05969727534558422,,0.0,100.0
8. Mushroom dataset,WGAN_GP,,0.0,Recall,0.4253037348132593,Naive Bayes,,Utility,TRTR,0.4253037348132593,0.004574279456311722,classification,Generators/Experiment with utility data leak/utility results/8. Mushroom dataset/TRTR_TSTR_results_merged.xlsx,utility,0.4253037348132593,,0.0,100.0
8. Mushroom dataset,WGAN_GP,,0.0,Recall,0.5738413079346033,Naive Bayes,,Utility,TSTR,0.5738413079346033,0.01742649508557863,classification,Generators/Experiment with utility data leak/utility results/8. Mushroom dataset/TRTR_TSTR_results_merged.xlsx,utility,0.5738413079346033,,0.0,100.0
8. Mushroom dataset,WGAN_GP,,0.0,Recall_Gap,0.5738413079346033,Naive Bayes,,Utility,Gap,-0.14853757312134402,0.01742649508557863,classification,Generators/Experiment with utility data leak/utility results/8. Mushroom dataset/TRTR_TSTR_results_merged.xlsx,utility,-0.14853757312134402,,0.0,100.0
8. Mushroom dataset,WGAN_GP,,,Accuracy_Drop,,Naive Bayes,,,Gap,-0.0221824538038955,,classification,Generators/Experiment with utility data leak/utility results/8. Mushroom dataset/TRTR_TSTR_results_merged.xlsx,utility,-0.0221824538038955,,0.0,100.0
8. Mushroom dataset,WGAN_GP,,,F1_Drop,,Naive Bayes,,,Gap,-0.086213813736566,,classification,Generators/Experiment with utility data leak/utility results/8. Mushroom dataset/TRTR_TSTR_results_merged.xlsx,utility,-0.086213813736566,,0.0,100.0
8. Mushroom dataset,WGAN_GP,,,Precision_Drop,,Naive Bayes,,,Gap,0.05969727534558422,,classification,Generators/Experiment with utility data leak/utility results/8. Mushroom dataset/TRTR_TSTR_results_merged.xlsx,utility,0.05969727534558422,,0.0,100.0
8. Mushroom dataset,WGAN_GP,,,Recall_Drop,,Naive Bayes,,,Gap,-0.148537573121344,,classification,Generators/Experiment with utility data leak/utility results/8. Mushroom dataset/TRTR_TSTR_results_merged.xlsx,utility,-0.148537573121344,,0.0,100.0
8. Mushroom dataset,CTABGAN,,0.0,Accuracy,0.999983352755119,Extra Trees,,Utility,TRTR,0.999983352755119,3.329448976194804e-05,classification,Generators/Experiment with utility data leak/utility results/8. Mushroom dataset/TRTR_TSTR_results_merged.xlsx,utility,0.999983352755119,,0.0,100.0
8. Mushroom dataset,CTABGAN,,0.0,Accuracy,0.5379806891959381,Extra Trees,,Utility,TSTR,0.5379806891959381,0.0103561418600684,classification,Generators/Experiment with utility data leak/utility results/8. Mushroom dataset/TRTR_TSTR_results_merged.xlsx,utility,0.5379806891959381,,0.0,100.0
8. Mushroom dataset,CTABGAN,,0.0,Accuracy_Gap,0.5379806891959381,Extra Trees,,Utility,Gap,0.46200266355918085,0.0103561418600684,classification,Generators/Experiment with utility data leak/utility results/8. Mushroom dataset/TRTR_TSTR_results_merged.xlsx,utility,0.46200266355918085,,0.0,100.0
8. Mushroom dataset,CTABGAN,,0.0,F1,0.9999849996249907,Extra Trees,,Utility,TRTR,0.9999849996249907,3.000075001873271e-05,classification,Generators/Experiment with utility data leak/utility results/8. Mushroom dataset/TRTR_TSTR_results_merged.xlsx,utility,0.9999849996249907,,0.0,100.0
8. Mushroom dataset,CTABGAN,,0.0,F1,0.6415147053034511,Extra Trees,,Utility,TSTR,0.6415147053034511,0.01122906548477385,classification,Generators/Experiment with utility data leak/utility results/8. Mushroom dataset/TRTR_TSTR_results_merged.xlsx,utility,0.6415147053034511,,0.0,100.0
8. Mushroom dataset,CTABGAN,,0.0,F1_Gap,0.6415147053034511,Extra Trees,,Utility,Gap,0.35847029432153954,0.01122906548477385,classification,Generators/Experiment with utility data leak/utility results/8. Mushroom dataset/TRTR_TSTR_results_merged.xlsx,utility,0.35847029432153954,,0.0,100.0
8. Mushroom dataset,CTABGAN,,0.0,Precision,1.0,Extra Trees,,Utility,TRTR,1.0,0.0,classification,Generators/Experiment with utility data leak/utility results/8. Mushroom dataset/TRTR_TSTR_results_merged.xlsx,utility,1.0,,0.0,100.0
8. Mushroom dataset,CTABGAN,,0.0,Precision,0.5631982213911898,Extra Trees,,Utility,TSTR,0.5631982213911898,0.006210063491570435,classification,Generators/Experiment with utility data leak/utility results/8. Mushroom dataset/TRTR_TSTR_results_merged.xlsx,utility,0.5631982213911898,,0.0,100.0
8. Mushroom dataset,CTABGAN,,0.0,Precision_Gap,0.5631982213911898,Extra Trees,,Utility,Gap,0.4368017786088102,0.006210063491570435,classification,Generators/Experiment with utility data leak/utility results/8. Mushroom dataset/TRTR_TSTR_results_merged.xlsx,utility,0.4368017786088102,,0.0,100.0
8. Mushroom dataset,CTABGAN,,0.0,Recall,0.9999700014999249,Extra Trees,,Utility,TRTR,0.9999700014999249,5.999700014998055e-05,classification,Generators/Experiment with utility data leak/utility results/8. Mushroom dataset/TRTR_TSTR_results_merged.xlsx,utility,0.9999700014999249,,0.0,100.0
8. Mushroom dataset,CTABGAN,,0.0,Recall,0.7452977351132443,Extra Trees,,Utility,TSTR,0.7452977351132443,0.02083529728497845,classification,Generators/Experiment with utility data leak/utility results/8. Mushroom dataset/TRTR_TSTR_results_merged.xlsx,utility,0.7452977351132443,,0.0,100.0
8. Mushroom dataset,CTABGAN,,0.0,Recall_Gap,0.7452977351132443,Extra Trees,,Utility,Gap,0.2546722663866806,0.02083529728497845,classification,Generators/Experiment with utility data leak/utility results/8. Mushroom dataset/TRTR_TSTR_results_merged.xlsx,utility,0.2546722663866806,,0.0,100.0
8. Mushroom dataset,CTABGAN,,,Accuracy_Drop,,Extra Trees,,,Gap,0.4620026635591808,,classification,Generators/Experiment with utility data leak/utility results/8. Mushroom dataset/TRTR_TSTR_results_merged.xlsx,utility,0.4620026635591808,,0.0,100.0
8. Mushroom dataset,CTABGAN,,,F1_Drop,,Extra Trees,,,Gap,0.3584702943215395,,classification,Generators/Experiment with utility data leak/utility results/8. Mushroom dataset/TRTR_TSTR_results_merged.xlsx,utility,0.3584702943215395,,0.0,100.0
8. Mushroom dataset,CTABGAN,,,Precision_Drop,,Extra Trees,,,Gap,0.4368017786088102,,classification,Generators/Experiment with utility data leak/utility results/8. Mushroom dataset/TRTR_TSTR_results_merged.xlsx,utility,0.4368017786088102,,0.0,100.0
8. Mushroom dataset,CTABGAN,,,Recall_Drop,,Extra Trees,,,Gap,0.2546722663866806,,classification,Generators/Experiment with utility data leak/utility results/8. Mushroom dataset/TRTR_TSTR_results_merged.xlsx,utility,0.2546722663866806,,0.0,100.0
8. Mushroom dataset,CTABGAN,,0.0,Accuracy,0.9998917929082738,Random Forest,,Utility,TRTR,0.9998917929082738,3.814362988976479e-05,classification,Generators/Experiment with utility data leak/utility results/8. Mushroom dataset/TRTR_TSTR_results_merged.xlsx,utility,0.9998917929082738,,0.0,100.0
8. Mushroom dataset,CTABGAN,,0.0,Accuracy,0.5413434326618944,Random Forest,,Utility,TSTR,0.5413434326618944,0.01548784593639103,classification,Generators/Experiment with utility data leak/utility results/8. Mushroom dataset/TRTR_TSTR_results_merged.xlsx,utility,0.5413434326618944,,0.0,100.0
8. Mushroom dataset,CTABGAN,,0.0,Accuracy_Gap,0.5413434326618944,Random Forest,,Utility,Gap,0.45854836024637935,0.01548784593639103,classification,Generators/Experiment with utility data leak/utility results/8. Mushroom dataset/TRTR_TSTR_results_merged.xlsx,utility,0.45854836024637935,,0.0,100.0
8. Mushroom dataset,CTABGAN,,0.0,F1,0.9999025054365672,Random Forest,,Utility,TRTR,0.9999025054365672,3.436305920243479e-05,classification,Generators/Experiment with utility data leak/utility results/8. Mushroom dataset/TRTR_TSTR_results_merged.xlsx,utility,0.9999025054365672,,0.0,100.0
8. Mushroom dataset,CTABGAN,,0.0,F1,0.6477158409952097,Random Forest,,Utility,TSTR,0.6477158409952097,0.01318527108983074,classification,Generators/Experiment with utility data leak/utility results/8. Mushroom dataset/TRTR_TSTR_results_merged.xlsx,utility,0.6477158409952097,,0.0,100.0
8. Mushroom dataset,CTABGAN,,0.0,F1_Gap,0.6477158409952097,Random Forest,,Utility,Gap,0.3521866644413575,0.01318527108983074,classification,Generators/Experiment with utility data leak/utility results/8. Mushroom dataset/TRTR_TSTR_results_merged.xlsx,utility,0.3521866644413575,,0.0,100.0
8. Mushroom dataset,CTABGAN,,0.0,Precision,0.9999100179950515,Random Forest,,Utility,TRTR,0.9999100179950515,9.947206977344203e-05,classification,Generators/Experiment with utility data leak/utility results/8. Mushroom dataset/TRTR_TSTR_results_merged.xlsx,utility,0.9999100179950515,,0.0,100.0
8. Mushroom dataset,CTABGAN,,0.0,Precision,0.5646707699316579,Random Forest,,Utility,TSTR,0.5646707699316579,0.01184179449104982,classification,Generators/Experiment with utility data leak/utility results/8. Mushroom dataset/TRTR_TSTR_results_merged.xlsx,utility,0.5646707699316579,,0.0,100.0
8. Mushroom dataset,CTABGAN,,0.0,Precision_Gap,0.5646707699316579,Random Forest,,Utility,Gap,0.43523924806339365,0.01184179449104982,classification,Generators/Experiment with utility data leak/utility results/8. Mushroom dataset/TRTR_TSTR_results_merged.xlsx,utility,0.43523924806339365,,0.0,100.0
8. Mushroom dataset,CTABGAN,,0.0,Recall,0.9998950052497374,Random Forest,,Utility,TRTR,0.9998950052497374,6.873519866439068e-05,classification,Generators/Experiment with utility data leak/utility results/8. Mushroom dataset/TRTR_TSTR_results_merged.xlsx,utility,0.9998950052497374,,0.0,100.0
8. Mushroom dataset,CTABGAN,,0.0,Recall,0.7604169791510424,Random Forest,,Utility,TSTR,0.7604169791510424,0.0318020924651673,classification,Generators/Experiment with utility data leak/utility results/8. Mushroom dataset/TRTR_TSTR_results_merged.xlsx,utility,0.7604169791510424,,0.0,100.0
8. Mushroom dataset,CTABGAN,,0.0,Recall_Gap,0.7604169791510424,Random Forest,,Utility,Gap,0.23947802609869495,0.0318020924651673,classification,Generators/Experiment with utility data leak/utility results/8. Mushroom dataset/TRTR_TSTR_results_merged.xlsx,utility,0.23947802609869495,,0.0,100.0
8. Mushroom dataset,CTABGAN,,,Accuracy_Drop,,Random Forest,,,Gap,0.4585483602463793,,classification,Generators/Experiment with utility data leak/utility results/8. Mushroom dataset/TRTR_TSTR_results_merged.xlsx,utility,0.4585483602463793,,0.0,100.0
8. Mushroom dataset,CTABGAN,,,F1_Drop,,Random Forest,,,Gap,0.3521866644413575,,classification,Generators/Experiment with utility data leak/utility results/8. Mushroom dataset/TRTR_TSTR_results_merged.xlsx,utility,0.3521866644413575,,0.0,100.0
8. Mushroom dataset,CTABGAN,,,Precision_Drop,,Random Forest,,,Gap,0.4352392480633936,,classification,Generators/Experiment with utility data leak/utility results/8. Mushroom dataset/TRTR_TSTR_results_merged.xlsx,utility,0.4352392480633936,,0.0,100.0
8. Mushroom dataset,CTABGAN,,,Recall_Drop,,Random Forest,,,Gap,0.239478026098695,,classification,Generators/Experiment with utility data leak/utility results/8. Mushroom dataset/TRTR_TSTR_results_merged.xlsx,utility,0.239478026098695,,0.0,100.0
8. Mushroom dataset,CTABGAN,,0.0,Accuracy,0.9998002330614282,MLP,,Utility,TRTR,0.9998002330614282,0.0001498252039287662,classification,Generators/Experiment with utility data leak/utility results/8. Mushroom dataset/TRTR_TSTR_results_merged.xlsx,utility,0.9998002330614282,,0.0,100.0
8. Mushroom dataset,CTABGAN,,0.0,Accuracy,0.5294822706842017,MLP,,Utility,TSTR,0.5294822706842017,0.01079068968530469,classification,Generators/Experiment with utility data leak/utility results/8. Mushroom dataset/TRTR_TSTR_results_merged.xlsx,utility,0.5294822706842017,,0.0,100.0
8. Mushroom dataset,CTABGAN,,0.0,Accuracy_Gap,0.5294822706842017,MLP,,Utility,Gap,0.47031796237722645,0.01079068968530469,classification,Generators/Experiment with utility data leak/utility results/8. Mushroom dataset/TRTR_TSTR_results_merged.xlsx,utility,0.47031796237722645,,0.0,100.0
8. Mushroom dataset,CTABGAN,,0.0,F1,0.9998200033725814,MLP,,Utility,TRTR,0.9998200033725814,0.0001350057549300141,classification,Generators/Experiment with utility data leak/utility results/8. Mushroom dataset/TRTR_TSTR_results_merged.xlsx,utility,0.9998200033725814,,0.0,100.0
8. Mushroom dataset,CTABGAN,,0.0,F1,0.6001515117231162,MLP,,Utility,TSTR,0.6001515117231162,0.01167490525378964,classification,Generators/Experiment with utility data leak/utility results/8. Mushroom dataset/TRTR_TSTR_results_merged.xlsx,utility,0.6001515117231162,,0.0,100.0
8. Mushroom dataset,CTABGAN,,0.0,F1_Gap,0.6001515117231162,MLP,,Utility,Gap,0.39966849164946516,0.01167490525378964,classification,Generators/Experiment with utility data leak/utility results/8. Mushroom dataset/TRTR_TSTR_results_merged.xlsx,utility,0.39966849164946516,,0.0,100.0
8. Mushroom dataset,CTABGAN,,0.0,Precision,0.999835012740364,MLP,,Utility,TRTR,0.999835012740364,0.0001414792911934868,classification,Generators/Experiment with utility data leak/utility results/8. Mushroom dataset/TRTR_TSTR_results_merged.xlsx,utility,0.999835012740364,,0.0,100.0
8. Mushroom dataset,CTABGAN,,0.0,Precision,0.567867845247364,MLP,,Utility,TSTR,0.567867845247364,0.008673965922454013,classification,Generators/Experiment with utility data leak/utility results/8. Mushroom dataset/TRTR_TSTR_results_merged.xlsx,utility,0.567867845247364,,0.0,100.0
8. Mushroom dataset,CTABGAN,,0.0,Precision_Gap,0.567867845247364,MLP,,Utility,Gap,0.431967167493,0.008673965922454013,classification,Generators/Experiment with utility data leak/utility results/8. Mushroom dataset/TRTR_TSTR_results_merged.xlsx,utility,0.431967167493,,0.0,100.0
8. Mushroom dataset,CTABGAN,,0.0,Recall,0.9998050097495124,MLP,,Utility,TRTR,0.9998050097495124,0.0001781062259942747,classification,Generators/Experiment with utility data leak/utility results/8. Mushroom dataset/TRTR_TSTR_results_merged.xlsx,utility,0.9998050097495124,,0.0,100.0
8. Mushroom dataset,CTABGAN,,0.0,Recall,0.6365981700914953,MLP,,Utility,TSTR,0.6365981700914953,0.01965849570512758,classification,Generators/Experiment with utility data leak/utility results/8. Mushroom dataset/TRTR_TSTR_results_merged.xlsx,utility,0.6365981700914953,,0.0,100.0
8. Mushroom dataset,CTABGAN,,0.0,Recall_Gap,0.6365981700914953,MLP,,Utility,Gap,0.36320683965801703,0.01965849570512758,classification,Generators/Experiment with utility data leak/utility results/8. Mushroom dataset/TRTR_TSTR_results_merged.xlsx,utility,0.36320683965801703,,0.0,100.0
8. Mushroom dataset,CTABGAN,,,Accuracy_Drop,,MLP,,,Gap,0.4703179623772265,,classification,Generators/Experiment with utility data leak/utility results/8. Mushroom dataset/TRTR_TSTR_results_merged.xlsx,utility,0.4703179623772265,,0.0,100.0
8. Mushroom dataset,CTABGAN,,,F1_Drop,,MLP,,,Gap,0.3996684916494652,,classification,Generators/Experiment with utility data leak/utility results/8. Mushroom dataset/TRTR_TSTR_results_merged.xlsx,utility,0.3996684916494652,,0.0,100.0
8. Mushroom dataset,CTABGAN,,,Precision_Drop,,MLP,,,Gap,0.431967167493,,classification,Generators/Experiment with utility data leak/utility results/8. Mushroom dataset/TRTR_TSTR_results_merged.xlsx,utility,0.431967167493,,0.0,100.0
8. Mushroom dataset,CTABGAN,,,Recall_Drop,,MLP,,,Gap,0.363206839658017,,classification,Generators/Experiment with utility data leak/utility results/8. Mushroom dataset/TRTR_TSTR_results_merged.xlsx,utility,0.363206839658017,,0.0,100.0
8. Mushroom dataset,CTABGAN,,0.0,Accuracy,0.9993757283169635,KNN,,Utility,TRTR,0.9993757283169635,0.0001870501502766885,classification,Generators/Experiment with utility data leak/utility results/8. Mushroom dataset/TRTR_TSTR_results_merged.xlsx,utility,0.9993757283169635,,0.0,100.0
8. Mushroom dataset,CTABGAN,,0.0,Accuracy,0.5353421008823039,KNN,,Utility,TSTR,0.5353421008823039,0.01070038490697255,classification,Generators/Experiment with utility data leak/utility results/8. Mushroom dataset/TRTR_TSTR_results_merged.xlsx,utility,0.5353421008823039,,0.0,100.0
8. Mushroom dataset,CTABGAN,,0.0,Accuracy_Gap,0.5353421008823039,KNN,,Utility,Gap,0.4640336274346596,0.01070038490697255,classification,Generators/Experiment with utility data leak/utility results/8. Mushroom dataset/TRTR_TSTR_results_merged.xlsx,utility,0.4640336274346596,,0.0,100.0
8. Mushroom dataset,CTABGAN,,0.0,F1,0.999437537679781,KNN,,Utility,TRTR,0.999437537679781,0.0001685162263673175,classification,Generators/Experiment with utility data leak/utility results/8. Mushroom dataset/TRTR_TSTR_results_merged.xlsx,utility,0.999437537679781,,0.0,100.0
8. Mushroom dataset,CTABGAN,,0.0,F1,0.6040735538814609,KNN,,Utility,TSTR,0.6040735538814609,0.01405691654101111,classification,Generators/Experiment with utility data leak/utility results/8. Mushroom dataset/TRTR_TSTR_results_merged.xlsx,utility,0.6040735538814609,,0.0,100.0
8. Mushroom dataset,CTABGAN,,0.0,F1_Gap,0.6040735538814609,KNN,,Utility,Gap,0.39536398379832016,0.01405691654101111,classification,Generators/Experiment with utility data leak/utility results/8. Mushroom dataset/TRTR_TSTR_results_merged.xlsx,utility,0.39536398379832016,,0.0,100.0
8. Mushroom dataset,CTABGAN,,0.0,Precision,0.9994300667201221,KNN,,Utility,TRTR,0.9994300667201221,0.0002203628791389911,classification,Generators/Experiment with utility data leak/utility results/8. Mushroom dataset/TRTR_TSTR_results_merged.xlsx,utility,0.9994300667201221,,0.0,100.0
8. Mushroom dataset,CTABGAN,,0.0,Precision,0.5729320735293169,KNN,,Utility,TSTR,0.5729320735293169,0.008494118928680384,classification,Generators/Experiment with utility data leak/utility results/8. Mushroom dataset/TRTR_TSTR_results_merged.xlsx,utility,0.5729320735293169,,0.0,100.0
8. Mushroom dataset,CTABGAN,,0.0,Precision_Gap,0.5729320735293169,KNN,,Utility,Gap,0.4264979931908053,0.008494118928680384,classification,Generators/Experiment with utility data leak/utility results/8. Mushroom dataset/TRTR_TSTR_results_merged.xlsx,utility,0.4264979931908053,,0.0,100.0
8. Mushroom dataset,CTABGAN,,0.0,Recall,0.9994450277486123,KNN,,Utility,TRTR,0.9994450277486123,0.0001649917504124697,classification,Generators/Experiment with utility data leak/utility results/8. Mushroom dataset/TRTR_TSTR_results_merged.xlsx,utility,0.9994450277486123,,0.0,100.0
8. Mushroom dataset,CTABGAN,,0.0,Recall,0.6394180290985451,KNN,,Utility,TSTR,0.6394180290985451,0.02770422793828814,classification,Generators/Experiment with utility data leak/utility results/8. Mushroom dataset/TRTR_TSTR_results_merged.xlsx,utility,0.6394180290985451,,0.0,100.0
8. Mushroom dataset,CTABGAN,,0.0,Recall_Gap,0.6394180290985451,KNN,,Utility,Gap,0.36002699865006726,0.02770422793828814,classification,Generators/Experiment with utility data leak/utility results/8. Mushroom dataset/TRTR_TSTR_results_merged.xlsx,utility,0.36002699865006726,,0.0,100.0
8. Mushroom dataset,CTABGAN,,,Accuracy_Drop,,KNN,,,Gap,0.4640336274346596,,classification,Generators/Experiment with utility data leak/utility results/8. Mushroom dataset/TRTR_TSTR_results_merged.xlsx,utility,0.4640336274346596,,0.0,100.0
8. Mushroom dataset,CTABGAN,,,F1_Drop,,KNN,,,Gap,0.3953639837983202,,classification,Generators/Experiment with utility data leak/utility results/8. Mushroom dataset/TRTR_TSTR_results_merged.xlsx,utility,0.3953639837983202,,0.0,100.0
8. Mushroom dataset,CTABGAN,,,Precision_Drop,,KNN,,,Gap,0.4264979931908053,,classification,Generators/Experiment with utility data leak/utility results/8. Mushroom dataset/TRTR_TSTR_results_merged.xlsx,utility,0.4264979931908053,,0.0,100.0
8. Mushroom dataset,CTABGAN,,,Recall_Drop,,KNN,,,Gap,0.3600269986500673,,classification,Generators/Experiment with utility data leak/utility results/8. Mushroom dataset/TRTR_TSTR_results_merged.xlsx,utility,0.3600269986500673,,0.0,100.0
8. Mushroom dataset,CTABGAN,,0.0,Accuracy,0.9430830697519561,Decision Tree,,Utility,TRTR,0.9430830697519561,0.003054622010995107,classification,Generators/Experiment with utility data leak/utility results/8. Mushroom dataset/TRTR_TSTR_results_merged.xlsx,utility,0.9430830697519561,,0.0,100.0
8. Mushroom dataset,CTABGAN,,0.0,Accuracy,0.5099633760612619,Decision Tree,,Utility,TSTR,0.5099633760612619,0.03616914316283894,classification,Generators/Experiment with utility data leak/utility results/8. Mushroom dataset/TRTR_TSTR_results_merged.xlsx,utility,0.5099633760612619,,0.0,100.0
8. Mushroom dataset,CTABGAN,,0.0,Accuracy_Gap,0.5099633760612619,Decision Tree,,Utility,Gap,0.43311969369069425,0.03616914316283894,classification,Generators/Experiment with utility data leak/utility results/8. Mushroom dataset/TRTR_TSTR_results_merged.xlsx,utility,0.43311969369069425,,0.0,100.0
8. Mushroom dataset,CTABGAN,,0.0,F1,0.9486269064274188,Decision Tree,,Utility,TRTR,0.9486269064274188,0.002733229331666377,classification,Generators/Experiment with utility data leak/utility results/8. Mushroom dataset/TRTR_TSTR_results_merged.xlsx,utility,0.9486269064274188,,0.0,100.0
8. Mushroom dataset,CTABGAN,,0.0,F1,0.5684888803996545,Decision Tree,,Utility,TSTR,0.5684888803996545,0.06366104950028353,classification,Generators/Experiment with utility data leak/utility results/8. Mushroom dataset/TRTR_TSTR_results_merged.xlsx,utility,0.5684888803996545,,0.0,100.0
8. Mushroom dataset,CTABGAN,,0.0,F1_Gap,0.5684888803996545,Decision Tree,,Utility,Gap,0.38013802602776425,0.06366104950028353,classification,Generators/Experiment with utility data leak/utility results/8. Mushroom dataset/TRTR_TSTR_results_merged.xlsx,utility,0.38013802602776425,,0.0,100.0
8. Mushroom dataset,CTABGAN,,0.0,Precision,0.9503557108620792,Decision Tree,,Utility,TRTR,0.9503557108620792,0.004797011192999022,classification,Generators/Experiment with utility data leak/utility results/8. Mushroom dataset/TRTR_TSTR_results_merged.xlsx,utility,0.9503557108620792,,0.0,100.0
8. Mushroom dataset,CTABGAN,,0.0,Precision,0.5529248105507187,Decision Tree,,Utility,TSTR,0.5529248105507187,0.02883975915678716,classification,Generators/Experiment with utility data leak/utility results/8. Mushroom dataset/TRTR_TSTR_results_merged.xlsx,utility,0.5529248105507187,,0.0,100.0
8. Mushroom dataset,CTABGAN,,0.0,Precision_Gap,0.5529248105507187,Decision Tree,,Utility,Gap,0.3974309003113604,0.02883975915678716,classification,Generators/Experiment with utility data leak/utility results/8. Mushroom dataset/TRTR_TSTR_results_merged.xlsx,utility,0.3974309003113604,,0.0,100.0
8. Mushroom dataset,CTABGAN,,0.0,Recall,0.9469326533673316,Decision Tree,,Utility,TRTR,0.9469326533673316,0.004340358980694475,classification,Generators/Experiment with utility data leak/utility results/8. Mushroom dataset/TRTR_TSTR_results_merged.xlsx,utility,0.9469326533673316,,0.0,100.0
8. Mushroom dataset,CTABGAN,,0.0,Recall,0.5928903554822259,Decision Tree,,Utility,TSTR,0.5928903554822259,0.1063789237780041,classification,Generators/Experiment with utility data leak/utility results/8. Mushroom dataset/TRTR_TSTR_results_merged.xlsx,utility,0.5928903554822259,,0.0,100.0
8. Mushroom dataset,CTABGAN,,0.0,Recall_Gap,0.5928903554822259,Decision Tree,,Utility,Gap,0.35404229788510566,0.1063789237780041,classification,Generators/Experiment with utility data leak/utility results/8. Mushroom dataset/TRTR_TSTR_results_merged.xlsx,utility,0.35404229788510566,,0.0,100.0
8. Mushroom dataset,CTABGAN,,,Accuracy_Drop,,Decision Tree,,,Gap,0.4331196936906943,,classification,Generators/Experiment with utility data leak/utility results/8. Mushroom dataset/TRTR_TSTR_results_merged.xlsx,utility,0.4331196936906943,,0.0,100.0
8. Mushroom dataset,CTABGAN,,,F1_Drop,,Decision Tree,,,Gap,0.3801380260277643,,classification,Generators/Experiment with utility data leak/utility results/8. Mushroom dataset/TRTR_TSTR_results_merged.xlsx,utility,0.3801380260277643,,0.0,100.0
8. Mushroom dataset,CTABGAN,,,Precision_Drop,,Decision Tree,,,Gap,0.3974309003113604,,classification,Generators/Experiment with utility data leak/utility results/8. Mushroom dataset/TRTR_TSTR_results_merged.xlsx,utility,0.3974309003113604,,0.0,100.0
8. Mushroom dataset,CTABGAN,,,Recall_Drop,,Decision Tree,,,Gap,0.3540422978851057,,classification,Generators/Experiment with utility data leak/utility results/8. Mushroom dataset/TRTR_TSTR_results_merged.xlsx,utility,0.3540422978851057,,0.0,100.0
8. Mushroom dataset,CTABGAN,,0.0,Accuracy,0.8177376394206759,Gradient Boosting,,Utility,TRTR,0.8177376394206759,0.009463270545125387,classification,Generators/Experiment with utility data leak/utility results/8. Mushroom dataset/TRTR_TSTR_results_merged.xlsx,utility,0.8177376394206759,,0.0,100.0
8. Mushroom dataset,CTABGAN,,0.0,Accuracy,0.5483768936241051,Gradient Boosting,,Utility,TSTR,0.5483768936241051,0.01491925677574574,classification,Generators/Experiment with utility data leak/utility results/8. Mushroom dataset/TRTR_TSTR_results_merged.xlsx,utility,0.5483768936241051,,0.0,100.0
8. Mushroom dataset,CTABGAN,,0.0,Accuracy_Gap,0.5483768936241051,Gradient Boosting,,Utility,Gap,0.26936074579657077,0.01491925677574574,classification,Generators/Experiment with utility data leak/utility results/8. Mushroom dataset/TRTR_TSTR_results_merged.xlsx,utility,0.26936074579657077,,0.0,100.0
8. Mushroom dataset,CTABGAN,,0.0,F1,0.8351441635674031,Gradient Boosting,,Utility,TRTR,0.8351441635674031,0.009911515687219402,classification,Generators/Experiment with utility data leak/utility results/8. Mushroom dataset/TRTR_TSTR_results_merged.xlsx,utility,0.8351441635674031,,0.0,100.0
8. Mushroom dataset,CTABGAN,,0.0,F1,0.6924349854617781,Gradient Boosting,,Utility,TSTR,0.6924349854617781,0.0136072396092447,classification,Generators/Experiment with utility data leak/utility results/8. Mushroom dataset/TRTR_TSTR_results_merged.xlsx,utility,0.6924349854617781,,0.0,100.0
8. Mushroom dataset,CTABGAN,,0.0,F1_Gap,0.6924349854617781,Gradient Boosting,,Utility,Gap,0.142709178105625,0.0136072396092447,classification,Generators/Experiment with utility data leak/utility results/8. Mushroom dataset/TRTR_TSTR_results_merged.xlsx,utility,0.142709178105625,,0.0,100.0
8. Mushroom dataset,CTABGAN,,0.0,Precision,0.8380774142407716,Gradient Boosting,,Utility,TRTR,0.8380774142407716,0.007023800154772467,classification,Generators/Experiment with utility data leak/utility results/8. Mushroom dataset/TRTR_TSTR_results_merged.xlsx,utility,0.8380774142407716,,0.0,100.0
8. Mushroom dataset,CTABGAN,,0.0,Precision,0.5564468513501388,Gradient Boosting,,Utility,TSTR,0.5564468513501388,0.007682327133072874,classification,Generators/Experiment with utility data leak/utility results/8. Mushroom dataset/TRTR_TSTR_results_merged.xlsx,utility,0.5564468513501388,,0.0,100.0
8. Mushroom dataset,CTABGAN,,0.0,Precision_Gap,0.5564468513501388,Gradient Boosting,,Utility,Gap,0.2816305628906328,0.007682327133072874,classification,Generators/Experiment with utility data leak/utility results/8. Mushroom dataset/TRTR_TSTR_results_merged.xlsx,utility,0.2816305628906328,,0.0,100.0
8. Mushroom dataset,CTABGAN,,0.0,Recall,0.8324883755812209,Gradient Boosting,,Utility,TRTR,0.8324883755812209,0.01907263019534354,classification,Generators/Experiment with utility data leak/utility results/8. Mushroom dataset/TRTR_TSTR_results_merged.xlsx,utility,0.8324883755812209,,0.0,100.0
8. Mushroom dataset,CTABGAN,,0.0,Recall,0.9168741562921854,Gradient Boosting,,Utility,TSTR,0.9168741562921854,0.0317937967679482,classification,Generators/Experiment with utility data leak/utility results/8. Mushroom dataset/TRTR_TSTR_results_merged.xlsx,utility,0.9168741562921854,,0.0,100.0
8. Mushroom dataset,CTABGAN,,0.0,Recall_Gap,0.9168741562921854,Gradient Boosting,,Utility,Gap,-0.08438578071096448,0.0317937967679482,classification,Generators/Experiment with utility data leak/utility results/8. Mushroom dataset/TRTR_TSTR_results_merged.xlsx,utility,-0.08438578071096448,,0.0,100.0
8. Mushroom dataset,CTABGAN,,,Accuracy_Drop,,Gradient Boosting,,,Gap,0.2693607457965708,,classification,Generators/Experiment with utility data leak/utility results/8. Mushroom dataset/TRTR_TSTR_results_merged.xlsx,utility,0.2693607457965708,,0.0,100.0
8. Mushroom dataset,CTABGAN,,,F1_Drop,,Gradient Boosting,,,Gap,0.142709178105625,,classification,Generators/Experiment with utility data leak/utility results/8. Mushroom dataset/TRTR_TSTR_results_merged.xlsx,utility,0.142709178105625,,0.0,100.0
8. Mushroom dataset,CTABGAN,,,Precision_Drop,,Gradient Boosting,,,Gap,0.2816305628906328,,classification,Generators/Experiment with utility data leak/utility results/8. Mushroom dataset/TRTR_TSTR_results_merged.xlsx,utility,0.2816305628906328,,0.0,100.0
8. Mushroom dataset,CTABGAN,,,Recall_Drop,,Gradient Boosting,,,Gap,-0.08438578071096448,,classification,Generators/Experiment with utility data leak/utility results/8. Mushroom dataset/TRTR_TSTR_results_merged.xlsx,utility,-0.08438578071096448,,0.0,100.0
8. Mushroom dataset,CTABGAN,,0.0,Accuracy,0.6532711836191111,Logistic Regression,,Utility,TRTR,0.6532711836191111,0.003432765231763527,classification,Generators/Experiment with utility data leak/utility results/8. Mushroom dataset/TRTR_TSTR_results_merged.xlsx,utility,0.6532711836191111,,0.0,100.0
8. Mushroom dataset,CTABGAN,,0.0,Accuracy,0.5837439653737306,Logistic Regression,,Utility,TSTR,0.5837439653737306,0.008306328796969605,classification,Generators/Experiment with utility data leak/utility results/8. Mushroom dataset/TRTR_TSTR_results_merged.xlsx,utility,0.5837439653737306,,0.0,100.0
8. Mushroom dataset,CTABGAN,,0.0,Accuracy_Gap,0.5837439653737306,Logistic Regression,,Utility,Gap,0.06952721824538044,0.008306328796969605,classification,Generators/Experiment with utility data leak/utility results/8. Mushroom dataset/TRTR_TSTR_results_merged.xlsx,utility,0.06952721824538044,,0.0,100.0
8. Mushroom dataset,CTABGAN,,0.0,F1,0.7102051701755642,Logistic Regression,,Utility,TRTR,0.7102051701755642,0.002525563014958159,classification,Generators/Experiment with utility data leak/utility results/8. Mushroom dataset/TRTR_TSTR_results_merged.xlsx,utility,0.7102051701755642,,0.0,100.0
8. Mushroom dataset,CTABGAN,,0.0,F1,0.7157021320624016,Logistic Regression,,Utility,TSTR,0.7157021320624016,0.006593884150590422,classification,Generators/Experiment with utility data leak/utility results/8. Mushroom dataset/TRTR_TSTR_results_merged.xlsx,utility,0.7157021320624016,,0.0,100.0
8. Mushroom dataset,CTABGAN,,0.0,F1_Gap,0.7157021320624016,Logistic Regression,,Utility,Gap,-0.005496961886837459,0.006593884150590422,classification,Generators/Experiment with utility data leak/utility results/8. Mushroom dataset/TRTR_TSTR_results_merged.xlsx,utility,-0.005496961886837459,,0.0,100.0
8. Mushroom dataset,CTABGAN,,0.0,Precision,0.6622882541511838,Logistic Regression,,Utility,TRTR,0.6622882541511838,0.003196371629185143,classification,Generators/Experiment with utility data leak/utility results/8. Mushroom dataset/TRTR_TSTR_results_merged.xlsx,utility,0.6622882541511838,,0.0,100.0
8. Mushroom dataset,CTABGAN,,0.0,Precision,0.5762652765633081,Logistic Regression,,Utility,TSTR,0.5762652765633081,0.00473641943143524,classification,Generators/Experiment with utility data leak/utility results/8. Mushroom dataset/TRTR_TSTR_results_merged.xlsx,utility,0.5762652765633081,,0.0,100.0
8. Mushroom dataset,CTABGAN,,0.0,Precision_Gap,0.5762652765633081,Logistic Regression,,Utility,Gap,0.08602297758787569,0.00473641943143524,classification,Generators/Experiment with utility data leak/utility results/8. Mushroom dataset/TRTR_TSTR_results_merged.xlsx,utility,0.08602297758787569,,0.0,100.0
8. Mushroom dataset,CTABGAN,,0.0,Recall,0.7656067196640167,Logistic Regression,,Utility,TRTR,0.7656067196640167,0.002835651757146686,classification,Generators/Experiment with utility data leak/utility results/8. Mushroom dataset/TRTR_TSTR_results_merged.xlsx,utility,0.7656067196640167,,0.0,100.0
8. Mushroom dataset,CTABGAN,,0.0,Recall,0.9443227838608068,Logistic Regression,,Utility,TSTR,0.9443227838608068,0.01609508291941835,classification,Generators/Experiment with utility data leak/utility results/8. Mushroom dataset/TRTR_TSTR_results_merged.xlsx,utility,0.9443227838608068,,0.0,100.0
8. Mushroom dataset,CTABGAN,,0.0,Recall_Gap,0.9443227838608068,Logistic Regression,,Utility,Gap,-0.1787160641967901,0.01609508291941835,classification,Generators/Experiment with utility data leak/utility results/8. Mushroom dataset/TRTR_TSTR_results_merged.xlsx,utility,-0.1787160641967901,,0.0,100.0
8. Mushroom dataset,CTABGAN,,,Accuracy_Drop,,Logistic Regression,,,Gap,0.06952721824538044,,classification,Generators/Experiment with utility data leak/utility results/8. Mushroom dataset/TRTR_TSTR_results_merged.xlsx,utility,0.06952721824538044,,0.0,100.0
8. Mushroom dataset,CTABGAN,,,F1_Drop,,Logistic Regression,,,Gap,-0.005496961886837459,,classification,Generators/Experiment with utility data leak/utility results/8. Mushroom dataset/TRTR_TSTR_results_merged.xlsx,utility,-0.005496961886837459,,0.0,100.0
8. Mushroom dataset,CTABGAN,,,Precision_Drop,,Logistic Regression,,,Gap,0.08602297758787569,,classification,Generators/Experiment with utility data leak/utility results/8. Mushroom dataset/TRTR_TSTR_results_merged.xlsx,utility,0.08602297758787569,,0.0,100.0
8. Mushroom dataset,CTABGAN,,,Recall_Drop,,Logistic Regression,,,Gap,-0.1787160641967901,,classification,Generators/Experiment with utility data leak/utility results/8. Mushroom dataset/TRTR_TSTR_results_merged.xlsx,utility,-0.1787160641967901,,0.0,100.0
8. Mushroom dataset,CTABGAN,,0.0,Accuracy,0.6530214749458965,AdaBoost,,Utility,TRTR,0.6530214749458965,0.00911056123636879,classification,Generators/Experiment with utility data leak/utility results/8. Mushroom dataset/TRTR_TSTR_results_merged.xlsx,utility,0.6530214749458965,,0.0,100.0
8. Mushroom dataset,CTABGAN,,0.0,Accuracy,0.5572914932578659,AdaBoost,,Utility,TSTR,0.5572914932578659,0.0126539348298571,classification,Generators/Experiment with utility data leak/utility results/8. Mushroom dataset/TRTR_TSTR_results_merged.xlsx,utility,0.5572914932578659,,0.0,100.0
8. Mushroom dataset,CTABGAN,,0.0,Accuracy_Gap,0.5572914932578659,AdaBoost,,Utility,Gap,0.0957299816880306,0.0126539348298571,classification,Generators/Experiment with utility data leak/utility results/8. Mushroom dataset/TRTR_TSTR_results_merged.xlsx,utility,0.0957299816880306,,0.0,100.0
8. Mushroom dataset,CTABGAN,,0.0,F1,0.6586554205410092,AdaBoost,,Utility,TRTR,0.6586554205410092,0.01000642657450882,classification,Generators/Experiment with utility data leak/utility results/8. Mushroom dataset/TRTR_TSTR_results_merged.xlsx,utility,0.6586554205410092,,0.0,100.0
8. Mushroom dataset,CTABGAN,,0.0,F1,0.7019831020483078,AdaBoost,,Utility,TSTR,0.7019831020483078,0.01332057079977538,classification,Generators/Experiment with utility data leak/utility results/8. Mushroom dataset/TRTR_TSTR_results_merged.xlsx,utility,0.7019831020483078,,0.0,100.0
8. Mushroom dataset,CTABGAN,,0.0,F1_Gap,0.7019831020483078,AdaBoost,,Utility,Gap,-0.0433276815072986,0.01332057079977538,classification,Generators/Experiment with utility data leak/utility results/8. Mushroom dataset/TRTR_TSTR_results_merged.xlsx,utility,-0.0433276815072986,,0.0,100.0
8. Mushroom dataset,CTABGAN,,0.0,Precision,0.7262195138345482,AdaBoost,,Utility,TRTR,0.7262195138345482,0.02162521657245883,classification,Generators/Experiment with utility data leak/utility results/8. Mushroom dataset/TRTR_TSTR_results_merged.xlsx,utility,0.7262195138345482,,0.0,100.0
8. Mushroom dataset,CTABGAN,,0.0,Precision,0.560348623395936,AdaBoost,,Utility,TSTR,0.560348623395936,0.007696090297827085,classification,Generators/Experiment with utility data leak/utility results/8. Mushroom dataset/TRTR_TSTR_results_merged.xlsx,utility,0.560348623395936,,0.0,100.0
8. Mushroom dataset,CTABGAN,,0.0,Precision_Gap,0.560348623395936,AdaBoost,,Utility,Gap,0.16587089043861214,0.007696090297827085,classification,Generators/Experiment with utility data leak/utility results/8. Mushroom dataset/TRTR_TSTR_results_merged.xlsx,utility,0.16587089043861214,,0.0,100.0
8. Mushroom dataset,CTABGAN,,0.0,Recall,0.6036898155092245,AdaBoost,,Utility,TRTR,0.6036898155092245,0.02328275950044984,classification,Generators/Experiment with utility data leak/utility results/8. Mushroom dataset/TRTR_TSTR_results_merged.xlsx,utility,0.6036898155092245,,0.0,100.0
8. Mushroom dataset,CTABGAN,,0.0,Recall,0.9410379481025947,AdaBoost,,Utility,TSTR,0.9410379481025947,0.04531364791316147,classification,Generators/Experiment with utility data leak/utility results/8. Mushroom dataset/TRTR_TSTR_results_merged.xlsx,utility,0.9410379481025947,,0.0,100.0
8. Mushroom dataset,CTABGAN,,0.0,Recall_Gap,0.9410379481025947,AdaBoost,,Utility,Gap,-0.33734813259337015,0.04531364791316147,classification,Generators/Experiment with utility data leak/utility results/8. Mushroom dataset/TRTR_TSTR_results_merged.xlsx,utility,-0.33734813259337015,,0.0,100.0
8. Mushroom dataset,CTABGAN,,,Accuracy_Drop,,AdaBoost,,,Gap,0.0957299816880306,,classification,Generators/Experiment with utility data leak/utility results/8. Mushroom dataset/TRTR_TSTR_results_merged.xlsx,utility,0.0957299816880306,,0.0,100.0
8. Mushroom dataset,CTABGAN,,,F1_Drop,,AdaBoost,,,Gap,-0.0433276815072986,,classification,Generators/Experiment with utility data leak/utility results/8. Mushroom dataset/TRTR_TSTR_results_merged.xlsx,utility,-0.0433276815072986,,0.0,100.0
8. Mushroom dataset,CTABGAN,,,Precision_Drop,,AdaBoost,,,Gap,0.1658708904386121,,classification,Generators/Experiment with utility data leak/utility results/8. Mushroom dataset/TRTR_TSTR_results_merged.xlsx,utility,0.1658708904386121,,0.0,100.0
8. Mushroom dataset,CTABGAN,,,Recall_Drop,,AdaBoost,,,Gap,-0.3373481325933702,,classification,Generators/Experiment with utility data leak/utility results/8. Mushroom dataset/TRTR_TSTR_results_merged.xlsx,utility,-0.3373481325933702,,0.0,100.0
8. Mushroom dataset,CTABGAN,,0.0,Accuracy,0.652688530048277,SVM-RBF,,Utility,TRTR,0.652688530048277,0.003540466283100108,classification,Generators/Experiment with utility data leak/utility results/8. Mushroom dataset/TRTR_TSTR_results_merged.xlsx,utility,0.652688530048277,,0.0,100.0
8. Mushroom dataset,CTABGAN,,0.0,Accuracy,0.5837023472615284,SVM-RBF,,Utility,TSTR,0.5837023472615284,0.007862823487773094,classification,Generators/Experiment with utility data leak/utility results/8. Mushroom dataset/TRTR_TSTR_results_merged.xlsx,utility,0.5837023472615284,,0.0,100.0
8. Mushroom dataset,CTABGAN,,0.0,Accuracy_Gap,0.5837023472615284,SVM-RBF,,Utility,Gap,0.06898618278674862,0.007862823487773094,classification,Generators/Experiment with utility data leak/utility results/8. Mushroom dataset/TRTR_TSTR_results_merged.xlsx,utility,0.06898618278674862,,0.0,100.0
8. Mushroom dataset,CTABGAN,,0.0,F1,0.7111657290688942,SVM-RBF,,Utility,TRTR,0.7111657290688942,0.002515858645437491,classification,Generators/Experiment with utility data leak/utility results/8. Mushroom dataset/TRTR_TSTR_results_merged.xlsx,utility,0.7111657290688942,,0.0,100.0
8. Mushroom dataset,CTABGAN,,0.0,F1,0.7162014873579946,SVM-RBF,,Utility,TSTR,0.7162014873579946,0.00620926508693567,classification,Generators/Experiment with utility data leak/utility results/8. Mushroom dataset/TRTR_TSTR_results_merged.xlsx,utility,0.7162014873579946,,0.0,100.0
8. Mushroom dataset,CTABGAN,,0.0,F1_Gap,0.7162014873579946,SVM-RBF,,Utility,Gap,-0.005035758289100412,0.00620926508693567,classification,Generators/Experiment with utility data leak/utility results/8. Mushroom dataset/TRTR_TSTR_results_merged.xlsx,utility,-0.005035758289100412,,0.0,100.0
8. Mushroom dataset,CTABGAN,,0.0,Precision,0.660338278612806,SVM-RBF,,Utility,TRTR,0.660338278612806,0.003326244875037613,classification,Generators/Experiment with utility data leak/utility results/8. Mushroom dataset/TRTR_TSTR_results_merged.xlsx,utility,0.660338278612806,,0.0,100.0
8. Mushroom dataset,CTABGAN,,0.0,Precision,0.5760164223863615,SVM-RBF,,Utility,TSTR,0.5760164223863615,0.00449391676569353,classification,Generators/Experiment with utility data leak/utility results/8. Mushroom dataset/TRTR_TSTR_results_merged.xlsx,utility,0.5760164223863615,,0.0,100.0
8. Mushroom dataset,CTABGAN,,0.0,Precision_Gap,0.5760164223863615,SVM-RBF,,Utility,Gap,0.0843218562264445,0.00449391676569353,classification,Generators/Experiment with utility data leak/utility results/8. Mushroom dataset/TRTR_TSTR_results_merged.xlsx,utility,0.0843218562264445,,0.0,100.0
8. Mushroom dataset,CTABGAN,,0.0,Recall,0.7704814759262038,SVM-RBF,,Utility,TRTR,0.7704814759262038,0.002684656261806534,classification,Generators/Experiment with utility data leak/utility results/8. Mushroom dataset/TRTR_TSTR_results_merged.xlsx,utility,0.7704814759262038,,0.0,100.0
8. Mushroom dataset,CTABGAN,,0.0,Recall,0.9467226638668066,SVM-RBF,,Utility,TSTR,0.9467226638668066,0.01536567567700291,classification,Generators/Experiment with utility data leak/utility results/8. Mushroom dataset/TRTR_TSTR_results_merged.xlsx,utility,0.9467226638668066,,0.0,100.0
8. Mushroom dataset,CTABGAN,,0.0,Recall_Gap,0.9467226638668066,SVM-RBF,,Utility,Gap,-0.17624118794060284,0.01536567567700291,classification,Generators/Experiment with utility data leak/utility results/8. Mushroom dataset/TRTR_TSTR_results_merged.xlsx,utility,-0.17624118794060284,,0.0,100.0
8. Mushroom dataset,CTABGAN,,,Accuracy_Drop,,SVM-RBF,,,Gap,0.06898618278674862,,classification,Generators/Experiment with utility data leak/utility results/8. Mushroom dataset/TRTR_TSTR_results_merged.xlsx,utility,0.06898618278674862,,0.0,100.0
8. Mushroom dataset,CTABGAN,,,F1_Drop,,SVM-RBF,,,Gap,-0.005035758289100412,,classification,Generators/Experiment with utility data leak/utility results/8. Mushroom dataset/TRTR_TSTR_results_merged.xlsx,utility,-0.005035758289100412,,0.0,100.0
8. Mushroom dataset,CTABGAN,,,Precision_Drop,,SVM-RBF,,,Gap,0.0843218562264445,,classification,Generators/Experiment with utility data leak/utility results/8. Mushroom dataset/TRTR_TSTR_results_merged.xlsx,utility,0.0843218562264445,,0.0,100.0
8. Mushroom dataset,CTABGAN,,,Recall_Drop,,SVM-RBF,,,Gap,-0.1762411879406028,,classification,Generators/Experiment with utility data leak/utility results/8. Mushroom dataset/TRTR_TSTR_results_merged.xlsx,utility,-0.1762411879406028,,0.0,100.0
8. Mushroom dataset,CTABGAN,,0.0,Accuracy,0.6093557516231064,Naive Bayes,,Utility,TRTR,0.6093557516231064,0.002206246746399765,classification,Generators/Experiment with utility data leak/utility results/8. Mushroom dataset/TRTR_TSTR_results_merged.xlsx,utility,0.6093557516231064,,0.0,100.0
8. Mushroom dataset,CTABGAN,,0.0,Accuracy,0.5852172465456966,Naive Bayes,,Utility,TSTR,0.5852172465456966,0.008408325472368545,classification,Generators/Experiment with utility data leak/utility results/8. Mushroom dataset/TRTR_TSTR_results_merged.xlsx,utility,0.5852172465456966,,0.0,100.0
8. Mushroom dataset,CTABGAN,,0.0,Accuracy_Gap,0.5852172465456966,Naive Bayes,,Utility,Gap,0.024138505077409778,0.008408325472368545,classification,Generators/Experiment with utility data leak/utility results/8. Mushroom dataset/TRTR_TSTR_results_merged.xlsx,utility,0.024138505077409778,,0.0,100.0
8. Mushroom dataset,CTABGAN,,0.0,F1,0.5471586204572338,Naive Bayes,,Utility,TRTR,0.5471586204572338,0.003948342675541275,classification,Generators/Experiment with utility data leak/utility results/8. Mushroom dataset/TRTR_TSTR_results_merged.xlsx,utility,0.5471586204572338,,0.0,100.0
8. Mushroom dataset,CTABGAN,,0.0,F1,0.7090515601932112,Naive Bayes,,Utility,TSTR,0.7090515601932112,0.01025528782441334,classification,Generators/Experiment with utility data leak/utility results/8. Mushroom dataset/TRTR_TSTR_results_merged.xlsx,utility,0.7090515601932112,,0.0,100.0
8. Mushroom dataset,CTABGAN,,0.0,F1_Gap,0.7090515601932112,Naive Bayes,,Utility,Gap,-0.1618929397359774,0.01025528782441334,classification,Generators/Experiment with utility data leak/utility results/8. Mushroom dataset/TRTR_TSTR_results_merged.xlsx,utility,-0.1618929397359774,,0.0,100.0
8. Mushroom dataset,CTABGAN,,0.0,Precision,0.7669376693867336,Naive Bayes,,Utility,TRTR,0.7669376693867336,0.002744162729666706,classification,Generators/Experiment with utility data leak/utility results/8. Mushroom dataset/TRTR_TSTR_results_merged.xlsx,utility,0.7669376693867336,,0.0,100.0
8. Mushroom dataset,CTABGAN,,0.0,Precision,0.580654557969962,Naive Bayes,,Utility,TSTR,0.580654557969962,0.007344265114102169,classification,Generators/Experiment with utility data leak/utility results/8. Mushroom dataset/TRTR_TSTR_results_merged.xlsx,utility,0.580654557969962,,0.0,100.0
8. Mushroom dataset,CTABGAN,,0.0,Precision_Gap,0.580654557969962,Naive Bayes,,Utility,Gap,0.18628311141677156,0.007344265114102169,classification,Generators/Experiment with utility data leak/utility results/8. Mushroom dataset/TRTR_TSTR_results_merged.xlsx,utility,0.18628311141677156,,0.0,100.0
8. Mushroom dataset,CTABGAN,,0.0,Recall,0.4253037348132593,Naive Bayes,,Utility,TRTR,0.4253037348132593,0.004574279456311722,classification,Generators/Experiment with utility data leak/utility results/8. Mushroom dataset/TRTR_TSTR_results_merged.xlsx,utility,0.4253037348132593,,0.0,100.0
8. Mushroom dataset,CTABGAN,,0.0,Recall,0.9119544022798859,Naive Bayes,,Utility,TSTR,0.9119544022798859,0.03976776142255755,classification,Generators/Experiment with utility data leak/utility results/8. Mushroom dataset/TRTR_TSTR_results_merged.xlsx,utility,0.9119544022798859,,0.0,100.0
8. Mushroom dataset,CTABGAN,,0.0,Recall_Gap,0.9119544022798859,Naive Bayes,,Utility,Gap,-0.4866506674666266,0.03976776142255755,classification,Generators/Experiment with utility data leak/utility results/8. Mushroom dataset/TRTR_TSTR_results_merged.xlsx,utility,-0.4866506674666266,,0.0,100.0
8. Mushroom dataset,CTABGAN,,,Accuracy_Drop,,Naive Bayes,,,Gap,0.02413850507740978,,classification,Generators/Experiment with utility data leak/utility results/8. Mushroom dataset/TRTR_TSTR_results_merged.xlsx,utility,0.02413850507740978,,0.0,100.0
8. Mushroom dataset,CTABGAN,,,F1_Drop,,Naive Bayes,,,Gap,-0.1618929397359774,,classification,Generators/Experiment with utility data leak/utility results/8. Mushroom dataset/TRTR_TSTR_results_merged.xlsx,utility,-0.1618929397359774,,0.0,100.0
8. Mushroom dataset,CTABGAN,,,Precision_Drop,,Naive Bayes,,,Gap,0.1862831114167716,,classification,Generators/Experiment with utility data leak/utility results/8. Mushroom dataset/TRTR_TSTR_results_merged.xlsx,utility,0.1862831114167716,,0.0,100.0
8. Mushroom dataset,CTABGAN,,,Recall_Drop,,Naive Bayes,,,Gap,-0.4866506674666266,,classification,Generators/Experiment with utility data leak/utility results/8. Mushroom dataset/TRTR_TSTR_results_merged.xlsx,utility,-0.4866506674666266,,0.0,100.0
8. Mushroom dataset,ForestDiffusion,,0.0,Accuracy,0.999983352755119,Extra Trees,,Utility,TRTR,0.999983352755119,3.329448976194804e-05,classification,Generators/Experiment with utility data leak/utility results/8. Mushroom dataset/TRTR_TSTR_results_merged.xlsx,utility,0.999983352755119,,0.0,100.0
8. Mushroom dataset,ForestDiffusion,,0.0,Accuracy,0.9139836857000165,Extra Trees,,Utility,TSTR,0.9139836857000165,0.005142112712232631,classification,Generators/Experiment with utility data leak/utility results/8. Mushroom dataset/TRTR_TSTR_results_merged.xlsx,utility,0.9139836857000165,,0.0,100.0
8. Mushroom dataset,ForestDiffusion,,0.0,Accuracy_Gap,0.9139836857000165,Extra Trees,,Utility,Gap,0.08599966705510242,0.005142112712232631,classification,Generators/Experiment with utility data leak/utility results/8. Mushroom dataset/TRTR_TSTR_results_merged.xlsx,utility,0.08599966705510242,,0.0,100.0
8. Mushroom dataset,ForestDiffusion,,0.0,F1,0.9999849996249907,Extra Trees,,Utility,TRTR,0.9999849996249907,3.000075001873271e-05,classification,Generators/Experiment with utility data leak/utility results/8. Mushroom dataset/TRTR_TSTR_results_merged.xlsx,utility,0.9999849996249907,,0.0,100.0
8. Mushroom dataset,ForestDiffusion,,0.0,F1,0.9233865186622043,Extra Trees,,Utility,TSTR,0.9233865186622043,0.00481176833110665,classification,Generators/Experiment with utility data leak/utility results/8. Mushroom dataset/TRTR_TSTR_results_merged.xlsx,utility,0.9233865186622043,,0.0,100.0
8. Mushroom dataset,ForestDiffusion,,0.0,F1_Gap,0.9233865186622043,Extra Trees,,Utility,Gap,0.07659848096278632,0.00481176833110665,classification,Generators/Experiment with utility data leak/utility results/8. Mushroom dataset/TRTR_TSTR_results_merged.xlsx,utility,0.07659848096278632,,0.0,100.0
8. Mushroom dataset,ForestDiffusion,,0.0,Precision,1.0,Extra Trees,,Utility,TRTR,1.0,0.0,classification,Generators/Experiment with utility data leak/utility results/8. Mushroom dataset/TRTR_TSTR_results_merged.xlsx,utility,1.0,,0.0,100.0
8. Mushroom dataset,ForestDiffusion,,0.0,Precision,0.9127879296386381,Extra Trees,,Utility,TSTR,0.9127879296386381,0.004335323832998748,classification,Generators/Experiment with utility data leak/utility results/8. Mushroom dataset/TRTR_TSTR_results_merged.xlsx,utility,0.9127879296386381,,0.0,100.0
8. Mushroom dataset,ForestDiffusion,,0.0,Precision_Gap,0.9127879296386381,Extra Trees,,Utility,Gap,0.08721207036136192,0.004335323832998748,classification,Generators/Experiment with utility data leak/utility results/8. Mushroom dataset/TRTR_TSTR_results_merged.xlsx,utility,0.08721207036136192,,0.0,100.0
8. Mushroom dataset,ForestDiffusion,,0.0,Recall,0.9999700014999249,Extra Trees,,Utility,TRTR,0.9999700014999249,5.999700014998055e-05,classification,Generators/Experiment with utility data leak/utility results/8. Mushroom dataset/TRTR_TSTR_results_merged.xlsx,utility,0.9999700014999249,,0.0,100.0
8. Mushroom dataset,ForestDiffusion,,0.0,Recall,0.9342882855857206,Extra Trees,,Utility,TSTR,0.9342882855857206,0.008863643065170833,classification,Generators/Experiment with utility data leak/utility results/8. Mushroom dataset/TRTR_TSTR_results_merged.xlsx,utility,0.9342882855857206,,0.0,100.0
8. Mushroom dataset,ForestDiffusion,,0.0,Recall_Gap,0.9342882855857206,Extra Trees,,Utility,Gap,0.06568171591420424,0.008863643065170833,classification,Generators/Experiment with utility data leak/utility results/8. Mushroom dataset/TRTR_TSTR_results_merged.xlsx,utility,0.06568171591420424,,0.0,100.0
8. Mushroom dataset,ForestDiffusion,,,Accuracy_Drop,,Extra Trees,,,Gap,0.08599966705510242,,classification,Generators/Experiment with utility data leak/utility results/8. Mushroom dataset/TRTR_TSTR_results_merged.xlsx,utility,0.08599966705510242,,0.0,100.0
8. Mushroom dataset,ForestDiffusion,,,F1_Drop,,Extra Trees,,,Gap,0.07659848096278632,,classification,Generators/Experiment with utility data leak/utility results/8. Mushroom dataset/TRTR_TSTR_results_merged.xlsx,utility,0.07659848096278632,,0.0,100.0
8. Mushroom dataset,ForestDiffusion,,,Precision_Drop,,Extra Trees,,,Gap,0.08721207036136192,,classification,Generators/Experiment with utility data leak/utility results/8. Mushroom dataset/TRTR_TSTR_results_merged.xlsx,utility,0.08721207036136192,,0.0,100.0
8. Mushroom dataset,ForestDiffusion,,,Recall_Drop,,Extra Trees,,,Gap,0.06568171591420424,,classification,Generators/Experiment with utility data leak/utility results/8. Mushroom dataset/TRTR_TSTR_results_merged.xlsx,utility,0.06568171591420424,,0.0,100.0
8. Mushroom dataset,ForestDiffusion,,0.0,Accuracy,0.9998917929082738,Random Forest,,Utility,TRTR,0.9998917929082738,3.814362988976479e-05,classification,Generators/Experiment with utility data leak/utility results/8. Mushroom dataset/TRTR_TSTR_results_merged.xlsx,utility,0.9998917929082738,,0.0,100.0
8. Mushroom dataset,ForestDiffusion,,0.0,Accuracy,0.8865656733810553,Random Forest,,Utility,TSTR,0.8865656733810553,0.005322147880907117,classification,Generators/Experiment with utility data leak/utility results/8. Mushroom dataset/TRTR_TSTR_results_merged.xlsx,utility,0.8865656733810553,,0.0,100.0
8. Mushroom dataset,ForestDiffusion,,0.0,Accuracy_Gap,0.8865656733810553,Random Forest,,Utility,Gap,0.1133261195272185,0.005322147880907117,classification,Generators/Experiment with utility data leak/utility results/8. Mushroom dataset/TRTR_TSTR_results_merged.xlsx,utility,0.1133261195272185,,0.0,100.0
8. Mushroom dataset,ForestDiffusion,,0.0,F1,0.9999025054365672,Random Forest,,Utility,TRTR,0.9999025054365672,3.436305920243479e-05,classification,Generators/Experiment with utility data leak/utility results/8. Mushroom dataset/TRTR_TSTR_results_merged.xlsx,utility,0.9999025054365672,,0.0,100.0
8. Mushroom dataset,ForestDiffusion,,0.0,F1,0.902003909679925,Random Forest,,Utility,TSTR,0.902003909679925,0.004685498851967715,classification,Generators/Experiment with utility data leak/utility results/8. Mushroom dataset/TRTR_TSTR_results_merged.xlsx,utility,0.902003909679925,,0.0,100.0
8. Mushroom dataset,ForestDiffusion,,0.0,F1_Gap,0.902003909679925,Random Forest,,Utility,Gap,0.09789859575664217,0.004685498851967715,classification,Generators/Experiment with utility data leak/utility results/8. Mushroom dataset/TRTR_TSTR_results_merged.xlsx,utility,0.09789859575664217,,0.0,100.0
8. Mushroom dataset,ForestDiffusion,,0.0,Precision,0.9999100179950515,Random Forest,,Utility,TRTR,0.9999100179950515,9.947206977344203e-05,classification,Generators/Experiment with utility data leak/utility results/8. Mushroom dataset/TRTR_TSTR_results_merged.xlsx,utility,0.9999100179950515,,0.0,100.0
8. Mushroom dataset,ForestDiffusion,,0.0,Precision,0.8663325184399048,Random Forest,,Utility,TSTR,0.8663325184399048,0.006056613095878596,classification,Generators/Experiment with utility data leak/utility results/8. Mushroom dataset/TRTR_TSTR_results_merged.xlsx,utility,0.8663325184399048,,0.0,100.0
8. Mushroom dataset,ForestDiffusion,,0.0,Precision_Gap,0.8663325184399048,Random Forest,,Utility,Gap,0.13357749955514675,0.006056613095878596,classification,Generators/Experiment with utility data leak/utility results/8. Mushroom dataset/TRTR_TSTR_results_merged.xlsx,utility,0.13357749955514675,,0.0,100.0
8. Mushroom dataset,ForestDiffusion,,0.0,Recall,0.9998950052497374,Random Forest,,Utility,TRTR,0.9998950052497374,6.873519866439068e-05,classification,Generators/Experiment with utility data leak/utility results/8. Mushroom dataset/TRTR_TSTR_results_merged.xlsx,utility,0.9998950052497374,,0.0,100.0
8. Mushroom dataset,ForestDiffusion,,0.0,Recall,0.9408129593520325,Random Forest,,Utility,TSTR,0.9408129593520325,0.008526173248019027,classification,Generators/Experiment with utility data leak/utility results/8. Mushroom dataset/TRTR_TSTR_results_merged.xlsx,utility,0.9408129593520325,,0.0,100.0
8. Mushroom dataset,ForestDiffusion,,0.0,Recall_Gap,0.9408129593520325,Random Forest,,Utility,Gap,0.05908204589770494,0.008526173248019027,classification,Generators/Experiment with utility data leak/utility results/8. Mushroom dataset/TRTR_TSTR_results_merged.xlsx,utility,0.05908204589770494,,0.0,100.0
8. Mushroom dataset,ForestDiffusion,,,Accuracy_Drop,,Random Forest,,,Gap,0.1133261195272185,,classification,Generators/Experiment with utility data leak/utility results/8. Mushroom dataset/TRTR_TSTR_results_merged.xlsx,utility,0.1133261195272185,,0.0,100.0
8. Mushroom dataset,ForestDiffusion,,,F1_Drop,,Random Forest,,,Gap,0.09789859575664217,,classification,Generators/Experiment with utility data leak/utility results/8. Mushroom dataset/TRTR_TSTR_results_merged.xlsx,utility,0.09789859575664217,,0.0,100.0
8. Mushroom dataset,ForestDiffusion,,,Precision_Drop,,Random Forest,,,Gap,0.1335774995551468,,classification,Generators/Experiment with utility data leak/utility results/8. Mushroom dataset/TRTR_TSTR_results_merged.xlsx,utility,0.1335774995551468,,0.0,100.0
8. Mushroom dataset,ForestDiffusion,,,Recall_Drop,,Random Forest,,,Gap,0.05908204589770494,,classification,Generators/Experiment with utility data leak/utility results/8. Mushroom dataset/TRTR_TSTR_results_merged.xlsx,utility,0.05908204589770494,,0.0,100.0
8. Mushroom dataset,ForestDiffusion,,0.0,Accuracy,0.9998002330614282,MLP,,Utility,TRTR,0.9998002330614282,0.0001498252039287662,classification,Generators/Experiment with utility data leak/utility results/8. Mushroom dataset/TRTR_TSTR_results_merged.xlsx,utility,0.9998002330614282,,0.0,100.0
8. Mushroom dataset,ForestDiffusion,,0.0,Accuracy,0.8373064757782587,MLP,,Utility,TSTR,0.8373064757782587,0.007921202748569733,classification,Generators/Experiment with utility data leak/utility results/8. Mushroom dataset/TRTR_TSTR_results_merged.xlsx,utility,0.8373064757782587,,0.0,100.0
8. Mushroom dataset,ForestDiffusion,,0.0,Accuracy_Gap,0.8373064757782587,MLP,,Utility,Gap,0.1624937572831695,0.007921202748569733,classification,Generators/Experiment with utility data leak/utility results/8. Mushroom dataset/TRTR_TSTR_results_merged.xlsx,utility,0.1624937572831695,,0.0,100.0
8. Mushroom dataset,ForestDiffusion,,0.0,F1,0.9998200033725814,MLP,,Utility,TRTR,0.9998200033725814,0.0001350057549300141,classification,Generators/Experiment with utility data leak/utility results/8. Mushroom dataset/TRTR_TSTR_results_merged.xlsx,utility,0.9998200033725814,,0.0,100.0
8. Mushroom dataset,ForestDiffusion,,0.0,F1,0.8574179044210599,MLP,,Utility,TSTR,0.8574179044210599,0.006791646007118555,classification,Generators/Experiment with utility data leak/utility results/8. Mushroom dataset/TRTR_TSTR_results_merged.xlsx,utility,0.8574179044210599,,0.0,100.0
8. Mushroom dataset,ForestDiffusion,,0.0,F1_Gap,0.8574179044210599,MLP,,Utility,Gap,0.14240209895152145,0.006791646007118555,classification,Generators/Experiment with utility data leak/utility results/8. Mushroom dataset/TRTR_TSTR_results_merged.xlsx,utility,0.14240209895152145,,0.0,100.0
8. Mushroom dataset,ForestDiffusion,,0.0,Precision,0.999835012740364,MLP,,Utility,TRTR,0.999835012740364,0.0001414792911934868,classification,Generators/Experiment with utility data leak/utility results/8. Mushroom dataset/TRTR_TSTR_results_merged.xlsx,utility,0.999835012740364,,0.0,100.0
8. Mushroom dataset,ForestDiffusion,,0.0,Precision,0.8347593528327172,MLP,,Utility,TSTR,0.8347593528327172,0.01018178979785542,classification,Generators/Experiment with utility data leak/utility results/8. Mushroom dataset/TRTR_TSTR_results_merged.xlsx,utility,0.8347593528327172,,0.0,100.0
8. Mushroom dataset,ForestDiffusion,,0.0,Precision_Gap,0.8347593528327172,MLP,,Utility,Gap,0.16507565990764683,0.01018178979785542,classification,Generators/Experiment with utility data leak/utility results/8. Mushroom dataset/TRTR_TSTR_results_merged.xlsx,utility,0.16507565990764683,,0.0,100.0
8. Mushroom dataset,ForestDiffusion,,0.0,Recall,0.9998050097495124,MLP,,Utility,TRTR,0.9998050097495124,0.0001781062259942747,classification,Generators/Experiment with utility data leak/utility results/8. Mushroom dataset/TRTR_TSTR_results_merged.xlsx,utility,0.9998050097495124,,0.0,100.0
8. Mushroom dataset,ForestDiffusion,,0.0,Recall,0.8815059247037649,MLP,,Utility,TSTR,0.8815059247037649,0.01113081803728929,classification,Generators/Experiment with utility data leak/utility results/8. Mushroom dataset/TRTR_TSTR_results_merged.xlsx,utility,0.8815059247037649,,0.0,100.0
8. Mushroom dataset,ForestDiffusion,,0.0,Recall_Gap,0.8815059247037649,MLP,,Utility,Gap,0.11829908504574749,0.01113081803728929,classification,Generators/Experiment with utility data leak/utility results/8. Mushroom dataset/TRTR_TSTR_results_merged.xlsx,utility,0.11829908504574749,,0.0,100.0
8. Mushroom dataset,ForestDiffusion,,,Accuracy_Drop,,MLP,,,Gap,0.1624937572831695,,classification,Generators/Experiment with utility data leak/utility results/8. Mushroom dataset/TRTR_TSTR_results_merged.xlsx,utility,0.1624937572831695,,0.0,100.0
8. Mushroom dataset,ForestDiffusion,,,F1_Drop,,MLP,,,Gap,0.1424020989515214,,classification,Generators/Experiment with utility data leak/utility results/8. Mushroom dataset/TRTR_TSTR_results_merged.xlsx,utility,0.1424020989515214,,0.0,100.0
8. Mushroom dataset,ForestDiffusion,,,Precision_Drop,,MLP,,,Gap,0.1650756599076468,,classification,Generators/Experiment with utility data leak/utility results/8. Mushroom dataset/TRTR_TSTR_results_merged.xlsx,utility,0.1650756599076468,,0.0,100.0
8. Mushroom dataset,ForestDiffusion,,,Recall_Drop,,MLP,,,Gap,0.1182990850457475,,classification,Generators/Experiment with utility data leak/utility results/8. Mushroom dataset/TRTR_TSTR_results_merged.xlsx,utility,0.1182990850457475,,0.0,100.0
8. Mushroom dataset,ForestDiffusion,,0.0,Accuracy,0.9993757283169635,KNN,,Utility,TRTR,0.9993757283169635,0.0001870501502766885,classification,Generators/Experiment with utility data leak/utility results/8. Mushroom dataset/TRTR_TSTR_results_merged.xlsx,utility,0.9993757283169635,,0.0,100.0
8. Mushroom dataset,ForestDiffusion,,0.0,Accuracy,0.8545446978525055,KNN,,Utility,TSTR,0.8545446978525055,0.006035774246015561,classification,Generators/Experiment with utility data leak/utility results/8. Mushroom dataset/TRTR_TSTR_results_merged.xlsx,utility,0.8545446978525055,,0.0,100.0
8. Mushroom dataset,ForestDiffusion,,0.0,Accuracy_Gap,0.8545446978525055,KNN,,Utility,Gap,0.144831030464458,0.006035774246015561,classification,Generators/Experiment with utility data leak/utility results/8. Mushroom dataset/TRTR_TSTR_results_merged.xlsx,utility,0.144831030464458,,0.0,100.0
8. Mushroom dataset,ForestDiffusion,,0.0,F1,0.999437537679781,KNN,,Utility,TRTR,0.999437537679781,0.0001685162263673175,classification,Generators/Experiment with utility data leak/utility results/8. Mushroom dataset/TRTR_TSTR_results_merged.xlsx,utility,0.999437537679781,,0.0,100.0
8. Mushroom dataset,ForestDiffusion,,0.0,F1,0.8658002442902049,KNN,,Utility,TSTR,0.8658002442902049,0.005834059766358549,classification,Generators/Experiment with utility data leak/utility results/8. Mushroom dataset/TRTR_TSTR_results_merged.xlsx,utility,0.8658002442902049,,0.0,100.0
8. Mushroom dataset,ForestDiffusion,,0.0,F1_Gap,0.8658002442902049,KNN,,Utility,Gap,0.1336372933895762,0.005834059766358549,classification,Generators/Experiment with utility data leak/utility results/8. Mushroom dataset/TRTR_TSTR_results_merged.xlsx,utility,0.1336372933895762,,0.0,100.0
8. Mushroom dataset,ForestDiffusion,,0.0,Precision,0.9994300667201221,KNN,,Utility,TRTR,0.9994300667201221,0.0002203628791389911,classification,Generators/Experiment with utility data leak/utility results/8. Mushroom dataset/TRTR_TSTR_results_merged.xlsx,utility,0.9994300667201221,,0.0,100.0
8. Mushroom dataset,ForestDiffusion,,0.0,Precision,0.8870320336820333,KNN,,Utility,TSTR,0.8870320336820333,0.006014897645580653,classification,Generators/Experiment with utility data leak/utility results/8. Mushroom dataset/TRTR_TSTR_results_merged.xlsx,utility,0.8870320336820333,,0.0,100.0
8. Mushroom dataset,ForestDiffusion,,0.0,Precision_Gap,0.8870320336820333,KNN,,Utility,Gap,0.11239803303808882,0.006014897645580653,classification,Generators/Experiment with utility data leak/utility results/8. Mushroom dataset/TRTR_TSTR_results_merged.xlsx,utility,0.11239803303808882,,0.0,100.0
8. Mushroom dataset,ForestDiffusion,,0.0,Recall,0.9994450277486123,KNN,,Utility,TRTR,0.9994450277486123,0.0001649917504124697,classification,Generators/Experiment with utility data leak/utility results/8. Mushroom dataset/TRTR_TSTR_results_merged.xlsx,utility,0.9994450277486123,,0.0,100.0
8. Mushroom dataset,ForestDiffusion,,0.0,Recall,0.8456127193640318,KNN,,Utility,TSTR,0.8456127193640318,0.00864666110925219,classification,Generators/Experiment with utility data leak/utility results/8. Mushroom dataset/TRTR_TSTR_results_merged.xlsx,utility,0.8456127193640318,,0.0,100.0
8. Mushroom dataset,ForestDiffusion,,0.0,Recall_Gap,0.8456127193640318,KNN,,Utility,Gap,0.1538323083845805,0.00864666110925219,classification,Generators/Experiment with utility data leak/utility results/8. Mushroom dataset/TRTR_TSTR_results_merged.xlsx,utility,0.1538323083845805,,0.0,100.0
8. Mushroom dataset,ForestDiffusion,,,Accuracy_Drop,,KNN,,,Gap,0.144831030464458,,classification,Generators/Experiment with utility data leak/utility results/8. Mushroom dataset/TRTR_TSTR_results_merged.xlsx,utility,0.144831030464458,,0.0,100.0
8. Mushroom dataset,ForestDiffusion,,,F1_Drop,,KNN,,,Gap,0.1336372933895762,,classification,Generators/Experiment with utility data leak/utility results/8. Mushroom dataset/TRTR_TSTR_results_merged.xlsx,utility,0.1336372933895762,,0.0,100.0
8. Mushroom dataset,ForestDiffusion,,,Precision_Drop,,KNN,,,Gap,0.1123980330380888,,classification,Generators/Experiment with utility data leak/utility results/8. Mushroom dataset/TRTR_TSTR_results_merged.xlsx,utility,0.1123980330380888,,0.0,100.0
8. Mushroom dataset,ForestDiffusion,,,Recall_Drop,,KNN,,,Gap,0.1538323083845805,,classification,Generators/Experiment with utility data leak/utility results/8. Mushroom dataset/TRTR_TSTR_results_merged.xlsx,utility,0.1538323083845805,,0.0,100.0
8. Mushroom dataset,ForestDiffusion,,0.0,Accuracy,0.9430830697519561,Decision Tree,,Utility,TRTR,0.9430830697519561,0.003054622010995107,classification,Generators/Experiment with utility data leak/utility results/8. Mushroom dataset/TRTR_TSTR_results_merged.xlsx,utility,0.9430830697519561,,0.0,100.0
8. Mushroom dataset,ForestDiffusion,,0.0,Accuracy,0.7802896620609289,Decision Tree,,Utility,TSTR,0.7802896620609289,0.02365755075624813,classification,Generators/Experiment with utility data leak/utility results/8. Mushroom dataset/TRTR_TSTR_results_merged.xlsx,utility,0.7802896620609289,,0.0,100.0
8. Mushroom dataset,ForestDiffusion,,0.0,Accuracy_Gap,0.7802896620609289,Decision Tree,,Utility,Gap,0.16279340769102724,0.02365755075624813,classification,Generators/Experiment with utility data leak/utility results/8. Mushroom dataset/TRTR_TSTR_results_merged.xlsx,utility,0.16279340769102724,,0.0,100.0
8. Mushroom dataset,ForestDiffusion,,0.0,F1,0.9486269064274188,Decision Tree,,Utility,TRTR,0.9486269064274188,0.002733229331666377,classification,Generators/Experiment with utility data leak/utility results/8. Mushroom dataset/TRTR_TSTR_results_merged.xlsx,utility,0.9486269064274188,,0.0,100.0
8. Mushroom dataset,ForestDiffusion,,0.0,F1,0.8034912472240883,Decision Tree,,Utility,TSTR,0.8034912472240883,0.02117157621373452,classification,Generators/Experiment with utility data leak/utility results/8. Mushroom dataset/TRTR_TSTR_results_merged.xlsx,utility,0.8034912472240883,,0.0,100.0
8. Mushroom dataset,ForestDiffusion,,0.0,F1_Gap,0.8034912472240883,Decision Tree,,Utility,Gap,0.1451356592033305,0.02117157621373452,classification,Generators/Experiment with utility data leak/utility results/8. Mushroom dataset/TRTR_TSTR_results_merged.xlsx,utility,0.1451356592033305,,0.0,100.0
8. Mushroom dataset,ForestDiffusion,,0.0,Precision,0.9503557108620792,Decision Tree,,Utility,TRTR,0.9503557108620792,0.004797011192999022,classification,Generators/Experiment with utility data leak/utility results/8. Mushroom dataset/TRTR_TSTR_results_merged.xlsx,utility,0.9503557108620792,,0.0,100.0
8. Mushroom dataset,ForestDiffusion,,0.0,Precision,0.7978041374525189,Decision Tree,,Utility,TSTR,0.7978041374525189,0.022863200634055,classification,Generators/Experiment with utility data leak/utility results/8. Mushroom dataset/TRTR_TSTR_results_merged.xlsx,utility,0.7978041374525189,,0.0,100.0
8. Mushroom dataset,ForestDiffusion,,0.0,Precision_Gap,0.7978041374525189,Decision Tree,,Utility,Gap,0.15255157340956027,0.022863200634055,classification,Generators/Experiment with utility data leak/utility results/8. Mushroom dataset/TRTR_TSTR_results_merged.xlsx,utility,0.15255157340956027,,0.0,100.0
8. Mushroom dataset,ForestDiffusion,,0.0,Recall,0.9469326533673316,Decision Tree,,Utility,TRTR,0.9469326533673316,0.004340358980694475,classification,Generators/Experiment with utility data leak/utility results/8. Mushroom dataset/TRTR_TSTR_results_merged.xlsx,utility,0.9469326533673316,,0.0,100.0
8. Mushroom dataset,ForestDiffusion,,0.0,Recall,0.8095845207739613,Decision Tree,,Utility,TSTR,0.8095845207739613,0.02531687241731768,classification,Generators/Experiment with utility data leak/utility results/8. Mushroom dataset/TRTR_TSTR_results_merged.xlsx,utility,0.8095845207739613,,0.0,100.0
8. Mushroom dataset,ForestDiffusion,,0.0,Recall_Gap,0.8095845207739613,Decision Tree,,Utility,Gap,0.1373481325933703,0.02531687241731768,classification,Generators/Experiment with utility data leak/utility results/8. Mushroom dataset/TRTR_TSTR_results_merged.xlsx,utility,0.1373481325933703,,0.0,100.0
8. Mushroom dataset,ForestDiffusion,,,Accuracy_Drop,,Decision Tree,,,Gap,0.1627934076910272,,classification,Generators/Experiment with utility data leak/utility results/8. Mushroom dataset/TRTR_TSTR_results_merged.xlsx,utility,0.1627934076910272,,0.0,100.0
8. Mushroom dataset,ForestDiffusion,,,F1_Drop,,Decision Tree,,,Gap,0.1451356592033305,,classification,Generators/Experiment with utility data leak/utility results/8. Mushroom dataset/TRTR_TSTR_results_merged.xlsx,utility,0.1451356592033305,,0.0,100.0
8. Mushroom dataset,ForestDiffusion,,,Precision_Drop,,Decision Tree,,,Gap,0.1525515734095603,,classification,Generators/Experiment with utility data leak/utility results/8. Mushroom dataset/TRTR_TSTR_results_merged.xlsx,utility,0.1525515734095603,,0.0,100.0
8. Mushroom dataset,ForestDiffusion,,,Recall_Drop,,Decision Tree,,,Gap,0.1373481325933703,,classification,Generators/Experiment with utility data leak/utility results/8. Mushroom dataset/TRTR_TSTR_results_merged.xlsx,utility,0.1373481325933703,,0.0,100.0
8. Mushroom dataset,ForestDiffusion,,0.0,Accuracy,0.8177376394206759,Gradient Boosting,,Utility,TRTR,0.8177376394206759,0.009463270545125387,classification,Generators/Experiment with utility data leak/utility results/8. Mushroom dataset/TRTR_TSTR_results_merged.xlsx,utility,0.8177376394206759,,0.0,100.0
8. Mushroom dataset,ForestDiffusion,,0.0,Accuracy,0.7879473947061761,Gradient Boosting,,Utility,TSTR,0.7879473947061761,0.01187750298864832,classification,Generators/Experiment with utility data leak/utility results/8. Mushroom dataset/TRTR_TSTR_results_merged.xlsx,utility,0.7879473947061761,,0.0,100.0
8. Mushroom dataset,ForestDiffusion,,0.0,Accuracy_Gap,0.7879473947061761,Gradient Boosting,,Utility,Gap,0.02979024471449976,0.01187750298864832,classification,Generators/Experiment with utility data leak/utility results/8. Mushroom dataset/TRTR_TSTR_results_merged.xlsx,utility,0.02979024471449976,,0.0,100.0
8. Mushroom dataset,ForestDiffusion,,0.0,F1,0.8351441635674031,Gradient Boosting,,Utility,TRTR,0.8351441635674031,0.009911515687219402,classification,Generators/Experiment with utility data leak/utility results/8. Mushroom dataset/TRTR_TSTR_results_merged.xlsx,utility,0.8351441635674031,,0.0,100.0
8. Mushroom dataset,ForestDiffusion,,0.0,F1,0.8152343871639589,Gradient Boosting,,Utility,TSTR,0.8152343871639589,0.0126440930466092,classification,Generators/Experiment with utility data leak/utility results/8. Mushroom dataset/TRTR_TSTR_results_merged.xlsx,utility,0.8152343871639589,,0.0,100.0
8. Mushroom dataset,ForestDiffusion,,0.0,F1_Gap,0.8152343871639589,Gradient Boosting,,Utility,Gap,0.019909776403444157,0.0126440930466092,classification,Generators/Experiment with utility data leak/utility results/8. Mushroom dataset/TRTR_TSTR_results_merged.xlsx,utility,0.019909776403444157,,0.0,100.0
8. Mushroom dataset,ForestDiffusion,,0.0,Precision,0.8380774142407716,Gradient Boosting,,Utility,TRTR,0.8380774142407716,0.007023800154772467,classification,Generators/Experiment with utility data leak/utility results/8. Mushroom dataset/TRTR_TSTR_results_merged.xlsx,utility,0.8380774142407716,,0.0,100.0
8. Mushroom dataset,ForestDiffusion,,0.0,Precision,0.7887885942352234,Gradient Boosting,,Utility,TSTR,0.7887885942352234,0.006890938677445141,classification,Generators/Experiment with utility data leak/utility results/8. Mushroom dataset/TRTR_TSTR_results_merged.xlsx,utility,0.7887885942352234,,0.0,100.0
8. Mushroom dataset,ForestDiffusion,,0.0,Precision_Gap,0.7887885942352234,Gradient Boosting,,Utility,Gap,0.04928882000554824,0.006890938677445141,classification,Generators/Experiment with utility data leak/utility results/8. Mushroom dataset/TRTR_TSTR_results_merged.xlsx,utility,0.04928882000554824,,0.0,100.0
8. Mushroom dataset,ForestDiffusion,,0.0,Recall,0.8324883755812209,Gradient Boosting,,Utility,TRTR,0.8324883755812209,0.01907263019534354,classification,Generators/Experiment with utility data leak/utility results/8. Mushroom dataset/TRTR_TSTR_results_merged.xlsx,utility,0.8324883755812209,,0.0,100.0
8. Mushroom dataset,ForestDiffusion,,0.0,Recall,0.8438878056097195,Gradient Boosting,,Utility,TSTR,0.8438878056097195,0.02446228235832,classification,Generators/Experiment with utility data leak/utility results/8. Mushroom dataset/TRTR_TSTR_results_merged.xlsx,utility,0.8438878056097195,,0.0,100.0
8. Mushroom dataset,ForestDiffusion,,0.0,Recall_Gap,0.8438878056097195,Gradient Boosting,,Utility,Gap,-0.011399430028498636,0.02446228235832,classification,Generators/Experiment with utility data leak/utility results/8. Mushroom dataset/TRTR_TSTR_results_merged.xlsx,utility,-0.011399430028498636,,0.0,100.0
8. Mushroom dataset,ForestDiffusion,,,Accuracy_Drop,,Gradient Boosting,,,Gap,0.02979024471449976,,classification,Generators/Experiment with utility data leak/utility results/8. Mushroom dataset/TRTR_TSTR_results_merged.xlsx,utility,0.02979024471449976,,0.0,100.0
8. Mushroom dataset,ForestDiffusion,,,F1_Drop,,Gradient Boosting,,,Gap,0.01990977640344416,,classification,Generators/Experiment with utility data leak/utility results/8. Mushroom dataset/TRTR_TSTR_results_merged.xlsx,utility,0.01990977640344416,,0.0,100.0
8. Mushroom dataset,ForestDiffusion,,,Precision_Drop,,Gradient Boosting,,,Gap,0.04928882000554824,,classification,Generators/Experiment with utility data leak/utility results/8. Mushroom dataset/TRTR_TSTR_results_merged.xlsx,utility,0.04928882000554824,,0.0,100.0
8. Mushroom dataset,ForestDiffusion,,,Recall_Drop,,Gradient Boosting,,,Gap,-0.01139943002849864,,classification,Generators/Experiment with utility data leak/utility results/8. Mushroom dataset/TRTR_TSTR_results_merged.xlsx,utility,-0.01139943002849864,,0.0,100.0
8. Mushroom dataset,ForestDiffusion,,0.0,Accuracy,0.6532711836191111,Logistic Regression,,Utility,TRTR,0.6532711836191111,0.003432765231763527,classification,Generators/Experiment with utility data leak/utility results/8. Mushroom dataset/TRTR_TSTR_results_merged.xlsx,utility,0.6532711836191111,,0.0,100.0
8. Mushroom dataset,ForestDiffusion,,0.0,Accuracy,0.6629432328949559,Logistic Regression,,Utility,TSTR,0.6629432328949559,0.00567524574843845,classification,Generators/Experiment with utility data leak/utility results/8. Mushroom dataset/TRTR_TSTR_results_merged.xlsx,utility,0.6629432328949559,,0.0,100.0
8. Mushroom dataset,ForestDiffusion,,0.0,Accuracy_Gap,0.6629432328949559,Logistic Regression,,Utility,Gap,-0.009672049275844863,0.00567524574843845,classification,Generators/Experiment with utility data leak/utility results/8. Mushroom dataset/TRTR_TSTR_results_merged.xlsx,utility,-0.009672049275844863,,0.0,100.0
8. Mushroom dataset,ForestDiffusion,,0.0,F1,0.7102051701755642,Logistic Regression,,Utility,TRTR,0.7102051701755642,0.002525563014958159,classification,Generators/Experiment with utility data leak/utility results/8. Mushroom dataset/TRTR_TSTR_results_merged.xlsx,utility,0.7102051701755642,,0.0,100.0
8. Mushroom dataset,ForestDiffusion,,0.0,F1,0.6987984491408717,Logistic Regression,,Utility,TSTR,0.6987984491408717,0.005611616993817419,classification,Generators/Experiment with utility data leak/utility results/8. Mushroom dataset/TRTR_TSTR_results_merged.xlsx,utility,0.6987984491408717,,0.0,100.0
8. Mushroom dataset,ForestDiffusion,,0.0,F1_Gap,0.6987984491408717,Logistic Regression,,Utility,Gap,0.011406721034692424,0.005611616993817419,classification,Generators/Experiment with utility data leak/utility results/8. Mushroom dataset/TRTR_TSTR_results_merged.xlsx,utility,0.011406721034692424,,0.0,100.0
8. Mushroom dataset,ForestDiffusion,,0.0,Precision,0.6622882541511838,Logistic Regression,,Utility,TRTR,0.6622882541511838,0.003196371629185143,classification,Generators/Experiment with utility data leak/utility results/8. Mushroom dataset/TRTR_TSTR_results_merged.xlsx,utility,0.6622882541511838,,0.0,100.0
8. Mushroom dataset,ForestDiffusion,,0.0,Precision,0.6931200354970773,Logistic Regression,,Utility,TSTR,0.6931200354970773,0.005281692239706439,classification,Generators/Experiment with utility data leak/utility results/8. Mushroom dataset/TRTR_TSTR_results_merged.xlsx,utility,0.6931200354970773,,0.0,100.0
8. Mushroom dataset,ForestDiffusion,,0.0,Precision_Gap,0.6931200354970773,Logistic Regression,,Utility,Gap,-0.030831781345893594,0.005281692239706439,classification,Generators/Experiment with utility data leak/utility results/8. Mushroom dataset/TRTR_TSTR_results_merged.xlsx,utility,-0.030831781345893594,,0.0,100.0
8. Mushroom dataset,ForestDiffusion,,0.0,Recall,0.7656067196640167,Logistic Regression,,Utility,TRTR,0.7656067196640167,0.002835651757146686,classification,Generators/Experiment with utility data leak/utility results/8. Mushroom dataset/TRTR_TSTR_results_merged.xlsx,utility,0.7656067196640167,,0.0,100.0
8. Mushroom dataset,ForestDiffusion,,0.0,Recall,0.7046197690115493,Logistic Regression,,Utility,TSTR,0.7046197690115493,0.00835231995919257,classification,Generators/Experiment with utility data leak/utility results/8. Mushroom dataset/TRTR_TSTR_results_merged.xlsx,utility,0.7046197690115493,,0.0,100.0
8. Mushroom dataset,ForestDiffusion,,0.0,Recall_Gap,0.7046197690115493,Logistic Regression,,Utility,Gap,0.0609869506524674,0.00835231995919257,classification,Generators/Experiment with utility data leak/utility results/8. Mushroom dataset/TRTR_TSTR_results_merged.xlsx,utility,0.0609869506524674,,0.0,100.0
8. Mushroom dataset,ForestDiffusion,,,Accuracy_Drop,,Logistic Regression,,,Gap,-0.009672049275844863,,classification,Generators/Experiment with utility data leak/utility results/8. Mushroom dataset/TRTR_TSTR_results_merged.xlsx,utility,-0.009672049275844863,,0.0,100.0
8. Mushroom dataset,ForestDiffusion,,,F1_Drop,,Logistic Regression,,,Gap,0.01140672103469242,,classification,Generators/Experiment with utility data leak/utility results/8. Mushroom dataset/TRTR_TSTR_results_merged.xlsx,utility,0.01140672103469242,,0.0,100.0
8. Mushroom dataset,ForestDiffusion,,,Precision_Drop,,Logistic Regression,,,Gap,-0.03083178134589359,,classification,Generators/Experiment with utility data leak/utility results/8. Mushroom dataset/TRTR_TSTR_results_merged.xlsx,utility,-0.03083178134589359,,0.0,100.0
8. Mushroom dataset,ForestDiffusion,,,Recall_Drop,,Logistic Regression,,,Gap,0.0609869506524674,,classification,Generators/Experiment with utility data leak/utility results/8. Mushroom dataset/TRTR_TSTR_results_merged.xlsx,utility,0.0609869506524674,,0.0,100.0
8. Mushroom dataset,ForestDiffusion,,0.0,Accuracy,0.6530214749458965,AdaBoost,,Utility,TRTR,0.6530214749458965,0.00911056123636879,classification,Generators/Experiment with utility data leak/utility results/8. Mushroom dataset/TRTR_TSTR_results_merged.xlsx,utility,0.6530214749458965,,0.0,100.0
8. Mushroom dataset,ForestDiffusion,,0.0,Accuracy,0.6569668719826869,AdaBoost,,Utility,TSTR,0.6569668719826869,0.0109464844492528,classification,Generators/Experiment with utility data leak/utility results/8. Mushroom dataset/TRTR_TSTR_results_merged.xlsx,utility,0.6569668719826869,,0.0,100.0
8. Mushroom dataset,ForestDiffusion,,0.0,Accuracy_Gap,0.6569668719826869,AdaBoost,,Utility,Gap,-0.003945397036790421,0.0109464844492528,classification,Generators/Experiment with utility data leak/utility results/8. Mushroom dataset/TRTR_TSTR_results_merged.xlsx,utility,-0.003945397036790421,,0.0,100.0
8. Mushroom dataset,ForestDiffusion,,0.0,F1,0.6586554205410092,AdaBoost,,Utility,TRTR,0.6586554205410092,0.01000642657450882,classification,Generators/Experiment with utility data leak/utility results/8. Mushroom dataset/TRTR_TSTR_results_merged.xlsx,utility,0.6586554205410092,,0.0,100.0
8. Mushroom dataset,ForestDiffusion,,0.0,F1,0.7054501163275078,AdaBoost,,Utility,TSTR,0.7054501163275078,0.005909802092955805,classification,Generators/Experiment with utility data leak/utility results/8. Mushroom dataset/TRTR_TSTR_results_merged.xlsx,utility,0.7054501163275078,,0.0,100.0
8. Mushroom dataset,ForestDiffusion,,0.0,F1_Gap,0.7054501163275078,AdaBoost,,Utility,Gap,-0.04679469578649853,0.005909802092955805,classification,Generators/Experiment with utility data leak/utility results/8. Mushroom dataset/TRTR_TSTR_results_merged.xlsx,utility,-0.04679469578649853,,0.0,100.0
8. Mushroom dataset,ForestDiffusion,,0.0,Precision,0.7262195138345482,AdaBoost,,Utility,TRTR,0.7262195138345482,0.02162521657245883,classification,Generators/Experiment with utility data leak/utility results/8. Mushroom dataset/TRTR_TSTR_results_merged.xlsx,utility,0.7262195138345482,,0.0,100.0
8. Mushroom dataset,ForestDiffusion,,0.0,Precision,0.6749553590245572,AdaBoost,,Utility,TSTR,0.6749553590245572,0.02014059479190419,classification,Generators/Experiment with utility data leak/utility results/8. Mushroom dataset/TRTR_TSTR_results_merged.xlsx,utility,0.6749553590245572,,0.0,100.0
8. Mushroom dataset,ForestDiffusion,,0.0,Precision_Gap,0.6749553590245572,AdaBoost,,Utility,Gap,0.051264154809991025,0.02014059479190419,classification,Generators/Experiment with utility data leak/utility results/8. Mushroom dataset/TRTR_TSTR_results_merged.xlsx,utility,0.051264154809991025,,0.0,100.0
8. Mushroom dataset,ForestDiffusion,,0.0,Recall,0.6036898155092245,AdaBoost,,Utility,TRTR,0.6036898155092245,0.02328275950044984,classification,Generators/Experiment with utility data leak/utility results/8. Mushroom dataset/TRTR_TSTR_results_merged.xlsx,utility,0.6036898155092245,,0.0,100.0
8. Mushroom dataset,ForestDiffusion,,0.0,Recall,0.7405129743512825,AdaBoost,,Utility,TSTR,0.7405129743512825,0.02783700788809631,classification,Generators/Experiment with utility data leak/utility results/8. Mushroom dataset/TRTR_TSTR_results_merged.xlsx,utility,0.7405129743512825,,0.0,100.0
8. Mushroom dataset,ForestDiffusion,,0.0,Recall_Gap,0.7405129743512825,AdaBoost,,Utility,Gap,-0.13682315884205798,0.02783700788809631,classification,Generators/Experiment with utility data leak/utility results/8. Mushroom dataset/TRTR_TSTR_results_merged.xlsx,utility,-0.13682315884205798,,0.0,100.0
8. Mushroom dataset,ForestDiffusion,,,Accuracy_Drop,,AdaBoost,,,Gap,-0.003945397036790421,,classification,Generators/Experiment with utility data leak/utility results/8. Mushroom dataset/TRTR_TSTR_results_merged.xlsx,utility,-0.003945397036790421,,0.0,100.0
8. Mushroom dataset,ForestDiffusion,,,F1_Drop,,AdaBoost,,,Gap,-0.04679469578649853,,classification,Generators/Experiment with utility data leak/utility results/8. Mushroom dataset/TRTR_TSTR_results_merged.xlsx,utility,-0.04679469578649853,,0.0,100.0
8. Mushroom dataset,ForestDiffusion,,,Precision_Drop,,AdaBoost,,,Gap,0.05126415480999102,,classification,Generators/Experiment with utility data leak/utility results/8. Mushroom dataset/TRTR_TSTR_results_merged.xlsx,utility,0.05126415480999102,,0.0,100.0
8. Mushroom dataset,ForestDiffusion,,,Recall_Drop,,AdaBoost,,,Gap,-0.136823158842058,,classification,Generators/Experiment with utility data leak/utility results/8. Mushroom dataset/TRTR_TSTR_results_merged.xlsx,utility,-0.136823158842058,,0.0,100.0
8. Mushroom dataset,ForestDiffusion,,0.0,Accuracy,0.652688530048277,SVM-RBF,,Utility,TRTR,0.652688530048277,0.003540466283100108,classification,Generators/Experiment with utility data leak/utility results/8. Mushroom dataset/TRTR_TSTR_results_merged.xlsx,utility,0.652688530048277,,0.0,100.0
8. Mushroom dataset,ForestDiffusion,,0.0,Accuracy,0.6626602297319792,SVM-RBF,,Utility,TSTR,0.6626602297319792,0.005627384388638883,classification,Generators/Experiment with utility data leak/utility results/8. Mushroom dataset/TRTR_TSTR_results_merged.xlsx,utility,0.6626602297319792,,0.0,100.0
8. Mushroom dataset,ForestDiffusion,,0.0,Accuracy_Gap,0.6626602297319792,SVM-RBF,,Utility,Gap,-0.009971699683702262,0.005627384388638883,classification,Generators/Experiment with utility data leak/utility results/8. Mushroom dataset/TRTR_TSTR_results_merged.xlsx,utility,-0.009971699683702262,,0.0,100.0
8. Mushroom dataset,ForestDiffusion,,0.0,F1,0.7111657290688942,SVM-RBF,,Utility,TRTR,0.7111657290688942,0.002515858645437491,classification,Generators/Experiment with utility data leak/utility results/8. Mushroom dataset/TRTR_TSTR_results_merged.xlsx,utility,0.7111657290688942,,0.0,100.0
8. Mushroom dataset,ForestDiffusion,,0.0,F1,0.6988185941478678,SVM-RBF,,Utility,TSTR,0.6988185941478678,0.005350444122233014,classification,Generators/Experiment with utility data leak/utility results/8. Mushroom dataset/TRTR_TSTR_results_merged.xlsx,utility,0.6988185941478678,,0.0,100.0
8. Mushroom dataset,ForestDiffusion,,0.0,F1_Gap,0.6988185941478678,SVM-RBF,,Utility,Gap,0.012347134921026348,0.005350444122233014,classification,Generators/Experiment with utility data leak/utility results/8. Mushroom dataset/TRTR_TSTR_results_merged.xlsx,utility,0.012347134921026348,,0.0,100.0
8. Mushroom dataset,ForestDiffusion,,0.0,Precision,0.660338278612806,SVM-RBF,,Utility,TRTR,0.660338278612806,0.003326244875037613,classification,Generators/Experiment with utility data leak/utility results/8. Mushroom dataset/TRTR_TSTR_results_merged.xlsx,utility,0.660338278612806,,0.0,100.0
8. Mushroom dataset,ForestDiffusion,,0.0,Precision,0.6925340588965098,SVM-RBF,,Utility,TSTR,0.6925340588965098,0.005459372229371497,classification,Generators/Experiment with utility data leak/utility results/8. Mushroom dataset/TRTR_TSTR_results_merged.xlsx,utility,0.6925340588965098,,0.0,100.0
8. Mushroom dataset,ForestDiffusion,,0.0,Precision_Gap,0.6925340588965098,SVM-RBF,,Utility,Gap,-0.032195780283703734,0.005459372229371497,classification,Generators/Experiment with utility data leak/utility results/8. Mushroom dataset/TRTR_TSTR_results_merged.xlsx,utility,-0.032195780283703734,,0.0,100.0
8. Mushroom dataset,ForestDiffusion,,0.0,Recall,0.7704814759262038,SVM-RBF,,Utility,TRTR,0.7704814759262038,0.002684656261806534,classification,Generators/Experiment with utility data leak/utility results/8. Mushroom dataset/TRTR_TSTR_results_merged.xlsx,utility,0.7704814759262038,,0.0,100.0
8. Mushroom dataset,ForestDiffusion,,0.0,Recall,0.7052647367631618,SVM-RBF,,Utility,TSTR,0.7052647367631618,0.007750128605416733,classification,Generators/Experiment with utility data leak/utility results/8. Mushroom dataset/TRTR_TSTR_results_merged.xlsx,utility,0.7052647367631618,,0.0,100.0
8. Mushroom dataset,ForestDiffusion,,0.0,Recall_Gap,0.7052647367631618,SVM-RBF,,Utility,Gap,0.06521673916304194,0.007750128605416733,classification,Generators/Experiment with utility data leak/utility results/8. Mushroom dataset/TRTR_TSTR_results_merged.xlsx,utility,0.06521673916304194,,0.0,100.0
8. Mushroom dataset,ForestDiffusion,,,Accuracy_Drop,,SVM-RBF,,,Gap,-0.009971699683702262,,classification,Generators/Experiment with utility data leak/utility results/8. Mushroom dataset/TRTR_TSTR_results_merged.xlsx,utility,-0.009971699683702262,,0.0,100.0
8. Mushroom dataset,ForestDiffusion,,,F1_Drop,,SVM-RBF,,,Gap,0.01234713492102635,,classification,Generators/Experiment with utility data leak/utility results/8. Mushroom dataset/TRTR_TSTR_results_merged.xlsx,utility,0.01234713492102635,,0.0,100.0
8. Mushroom dataset,ForestDiffusion,,,Precision_Drop,,SVM-RBF,,,Gap,-0.03219578028370373,,classification,Generators/Experiment with utility data leak/utility results/8. Mushroom dataset/TRTR_TSTR_results_merged.xlsx,utility,-0.03219578028370373,,0.0,100.0
8. Mushroom dataset,ForestDiffusion,,,Recall_Drop,,SVM-RBF,,,Gap,0.06521673916304194,,classification,Generators/Experiment with utility data leak/utility results/8. Mushroom dataset/TRTR_TSTR_results_merged.xlsx,utility,0.06521673916304194,,0.0,100.0
8. Mushroom dataset,ForestDiffusion,,0.0,Accuracy,0.6093557516231064,Naive Bayes,,Utility,TRTR,0.6093557516231064,0.002206246746399765,classification,Generators/Experiment with utility data leak/utility results/8. Mushroom dataset/TRTR_TSTR_results_merged.xlsx,utility,0.6093557516231064,,0.0,100.0
8. Mushroom dataset,ForestDiffusion,,0.0,Accuracy,0.5940069918428501,Naive Bayes,,Utility,TSTR,0.5940069918428501,0.004325593662813265,classification,Generators/Experiment with utility data leak/utility results/8. Mushroom dataset/TRTR_TSTR_results_merged.xlsx,utility,0.5940069918428501,,0.0,100.0
8. Mushroom dataset,ForestDiffusion,,0.0,Accuracy_Gap,0.5940069918428501,Naive Bayes,,Utility,Gap,0.015348759780256294,0.004325593662813265,classification,Generators/Experiment with utility data leak/utility results/8. Mushroom dataset/TRTR_TSTR_results_merged.xlsx,utility,0.015348759780256294,,0.0,100.0
8. Mushroom dataset,ForestDiffusion,,0.0,F1,0.5471586204572338,Naive Bayes,,Utility,TRTR,0.5471586204572338,0.003948342675541275,classification,Generators/Experiment with utility data leak/utility results/8. Mushroom dataset/TRTR_TSTR_results_merged.xlsx,utility,0.5471586204572338,,0.0,100.0
8. Mushroom dataset,ForestDiffusion,,0.0,F1,0.5258634247519973,Naive Bayes,,Utility,TSTR,0.5258634247519973,0.00787705473555553,classification,Generators/Experiment with utility data leak/utility results/8. Mushroom dataset/TRTR_TSTR_results_merged.xlsx,utility,0.5258634247519973,,0.0,100.0
8. Mushroom dataset,ForestDiffusion,,0.0,F1_Gap,0.5258634247519973,Naive Bayes,,Utility,Gap,0.021295195705236525,0.00787705473555553,classification,Generators/Experiment with utility data leak/utility results/8. Mushroom dataset/TRTR_TSTR_results_merged.xlsx,utility,0.021295195705236525,,0.0,100.0
8. Mushroom dataset,ForestDiffusion,,0.0,Precision,0.7669376693867336,Naive Bayes,,Utility,TRTR,0.7669376693867336,0.002744162729666706,classification,Generators/Experiment with utility data leak/utility results/8. Mushroom dataset/TRTR_TSTR_results_merged.xlsx,utility,0.7669376693867336,,0.0,100.0
8. Mushroom dataset,ForestDiffusion,,0.0,Precision,0.7471363260614226,Naive Bayes,,Utility,TSTR,0.7471363260614226,0.007472677631446342,classification,Generators/Experiment with utility data leak/utility results/8. Mushroom dataset/TRTR_TSTR_results_merged.xlsx,utility,0.7471363260614226,,0.0,100.0
8. Mushroom dataset,ForestDiffusion,,0.0,Precision_Gap,0.7471363260614226,Naive Bayes,,Utility,Gap,0.019801343325311027,0.007472677631446342,classification,Generators/Experiment with utility data leak/utility results/8. Mushroom dataset/TRTR_TSTR_results_merged.xlsx,utility,0.019801343325311027,,0.0,100.0
8. Mushroom dataset,ForestDiffusion,,0.0,Recall,0.4253037348132593,Naive Bayes,,Utility,TRTR,0.4253037348132593,0.004574279456311722,classification,Generators/Experiment with utility data leak/utility results/8. Mushroom dataset/TRTR_TSTR_results_merged.xlsx,utility,0.4253037348132593,,0.0,100.0
8. Mushroom dataset,ForestDiffusion,,0.0,Recall,0.4058047097645117,Naive Bayes,,Utility,TSTR,0.4058047097645117,0.009362764476637342,classification,Generators/Experiment with utility data leak/utility results/8. Mushroom dataset/TRTR_TSTR_results_merged.xlsx,utility,0.4058047097645117,,0.0,100.0
8. Mushroom dataset,ForestDiffusion,,0.0,Recall_Gap,0.4058047097645117,Naive Bayes,,Utility,Gap,0.019499025048747565,0.009362764476637342,classification,Generators/Experiment with utility data leak/utility results/8. Mushroom dataset/TRTR_TSTR_results_merged.xlsx,utility,0.019499025048747565,,0.0,100.0
8. Mushroom dataset,ForestDiffusion,,,Accuracy_Drop,,Naive Bayes,,,Gap,0.01534875978025629,,classification,Generators/Experiment with utility data leak/utility results/8. Mushroom dataset/TRTR_TSTR_results_merged.xlsx,utility,0.01534875978025629,,0.0,100.0
8. Mushroom dataset,ForestDiffusion,,,F1_Drop,,Naive Bayes,,,Gap,0.02129519570523652,,classification,Generators/Experiment with utility data leak/utility results/8. Mushroom dataset/TRTR_TSTR_results_merged.xlsx,utility,0.02129519570523652,,0.0,100.0
8. Mushroom dataset,ForestDiffusion,,,Precision_Drop,,Naive Bayes,,,Gap,0.01980134332531103,,classification,Generators/Experiment with utility data leak/utility results/8. Mushroom dataset/TRTR_TSTR_results_merged.xlsx,utility,0.01980134332531103,,0.0,100.0
8. Mushroom dataset,ForestDiffusion,,,Recall_Drop,,Naive Bayes,,,Gap,0.01949902504874756,,classification,Generators/Experiment with utility data leak/utility results/8. Mushroom dataset/TRTR_TSTR_results_merged.xlsx,utility,0.01949902504874756,,0.0,100.0
8. Mushroom dataset,TabDDPM,,0.0,Accuracy,0.999983352755119,Extra Trees,,Utility,TRTR,0.999983352755119,3.329448976194804e-05,classification,Generators/Experiment with utility data leak/utility results/8. Mushroom dataset/TRTR_TSTR_results_merged.xlsx,utility,0.999983352755119,,0.0,100.0
8. Mushroom dataset,TabDDPM,,0.0,Accuracy,0.4556517396370901,Extra Trees,,Utility,TSTR,0.4556517396370901,0.01505916985844268,classification,Generators/Experiment with utility data leak/utility results/8. Mushroom dataset/TRTR_TSTR_results_merged.xlsx,utility,0.4556517396370901,,0.0,100.0
8. Mushroom dataset,TabDDPM,,0.0,Accuracy_Gap,0.4556517396370901,Extra Trees,,Utility,Gap,0.5443316131180289,0.01505916985844268,classification,Generators/Experiment with utility data leak/utility results/8. Mushroom dataset/TRTR_TSTR_results_merged.xlsx,utility,0.5443316131180289,,0.0,100.0
8. Mushroom dataset,TabDDPM,,0.0,F1,0.9999849996249907,Extra Trees,,Utility,TRTR,0.9999849996249907,3.000075001873271e-05,classification,Generators/Experiment with utility data leak/utility results/8. Mushroom dataset/TRTR_TSTR_results_merged.xlsx,utility,0.9999849996249907,,0.0,100.0
8. Mushroom dataset,TabDDPM,,0.0,F1,0.5251324138567903,Extra Trees,,Utility,TSTR,0.5251324138567903,0.02965203013303199,classification,Generators/Experiment with utility data leak/utility results/8. Mushroom dataset/TRTR_TSTR_results_merged.xlsx,utility,0.5251324138567903,,0.0,100.0
8. Mushroom dataset,TabDDPM,,0.0,F1_Gap,0.5251324138567903,Extra Trees,,Utility,Gap,0.47485258576820033,0.02965203013303199,classification,Generators/Experiment with utility data leak/utility results/8. Mushroom dataset/TRTR_TSTR_results_merged.xlsx,utility,0.47485258576820033,,0.0,100.0
8. Mushroom dataset,TabDDPM,,0.0,Precision,1.0,Extra Trees,,Utility,TRTR,1.0,0.0,classification,Generators/Experiment with utility data leak/utility results/8. Mushroom dataset/TRTR_TSTR_results_merged.xlsx,utility,1.0,,0.0,100.0
8. Mushroom dataset,TabDDPM,,0.0,Precision,0.508293849138358,Extra Trees,,Utility,TSTR,0.508293849138358,0.01220628429477217,classification,Generators/Experiment with utility data leak/utility results/8. Mushroom dataset/TRTR_TSTR_results_merged.xlsx,utility,0.508293849138358,,0.0,100.0
8. Mushroom dataset,TabDDPM,,0.0,Precision_Gap,0.508293849138358,Extra Trees,,Utility,Gap,0.49170615086164204,0.01220628429477217,classification,Generators/Experiment with utility data leak/utility results/8. Mushroom dataset/TRTR_TSTR_results_merged.xlsx,utility,0.49170615086164204,,0.0,100.0
8. Mushroom dataset,TabDDPM,,0.0,Recall,0.9999700014999249,Extra Trees,,Utility,TRTR,0.9999700014999249,5.999700014998055e-05,classification,Generators/Experiment with utility data leak/utility results/8. Mushroom dataset/TRTR_TSTR_results_merged.xlsx,utility,0.9999700014999249,,0.0,100.0
8. Mushroom dataset,TabDDPM,,0.0,Recall,0.5448927553622319,Extra Trees,,Utility,TSTR,0.5448927553622319,0.05282670278344706,classification,Generators/Experiment with utility data leak/utility results/8. Mushroom dataset/TRTR_TSTR_results_merged.xlsx,utility,0.5448927553622319,,0.0,100.0
8. Mushroom dataset,TabDDPM,,0.0,Recall_Gap,0.5448927553622319,Extra Trees,,Utility,Gap,0.45507724613769296,0.05282670278344706,classification,Generators/Experiment with utility data leak/utility results/8. Mushroom dataset/TRTR_TSTR_results_merged.xlsx,utility,0.45507724613769296,,0.0,100.0
8. Mushroom dataset,TabDDPM,,,Accuracy_Drop,,Extra Trees,,,Gap,0.5443316131180289,,classification,Generators/Experiment with utility data leak/utility results/8. Mushroom dataset/TRTR_TSTR_results_merged.xlsx,utility,0.5443316131180289,,0.0,100.0
8. Mushroom dataset,TabDDPM,,,F1_Drop,,Extra Trees,,,Gap,0.4748525857682003,,classification,Generators/Experiment with utility data leak/utility results/8. Mushroom dataset/TRTR_TSTR_results_merged.xlsx,utility,0.4748525857682003,,0.0,100.0
8. Mushroom dataset,TabDDPM,,,Precision_Drop,,Extra Trees,,,Gap,0.491706150861642,,classification,Generators/Experiment with utility data leak/utility results/8. Mushroom dataset/TRTR_TSTR_results_merged.xlsx,utility,0.491706150861642,,0.0,100.0
8. Mushroom dataset,TabDDPM,,,Recall_Drop,,Extra Trees,,,Gap,0.455077246137693,,classification,Generators/Experiment with utility data leak/utility results/8. Mushroom dataset/TRTR_TSTR_results_merged.xlsx,utility,0.455077246137693,,0.0,100.0
8. Mushroom dataset,TabDDPM,,0.0,Accuracy,0.9998917929082738,Random Forest,,Utility,TRTR,0.9998917929082738,3.814362988976479e-05,classification,Generators/Experiment with utility data leak/utility results/8. Mushroom dataset/TRTR_TSTR_results_merged.xlsx,utility,0.9998917929082738,,0.0,100.0
8. Mushroom dataset,TabDDPM,,0.0,Accuracy,0.4495172298984518,Random Forest,,Utility,TSTR,0.4495172298984518,0.02139291607747043,classification,Generators/Experiment with utility data leak/utility results/8. Mushroom dataset/TRTR_TSTR_results_merged.xlsx,utility,0.4495172298984518,,0.0,100.0
8. Mushroom dataset,TabDDPM,,0.0,Accuracy_Gap,0.4495172298984518,Random Forest,,Utility,Gap,0.550374563009822,0.02139291607747043,classification,Generators/Experiment with utility data leak/utility results/8. Mushroom dataset/TRTR_TSTR_results_merged.xlsx,utility,0.550374563009822,,0.0,100.0
8. Mushroom dataset,TabDDPM,,0.0,F1,0.9999025054365672,Random Forest,,Utility,TRTR,0.9999025054365672,3.436305920243479e-05,classification,Generators/Experiment with utility data leak/utility results/8. Mushroom dataset/TRTR_TSTR_results_merged.xlsx,utility,0.9999025054365672,,0.0,100.0
8. Mushroom dataset,TabDDPM,,0.0,F1,0.5120664063038667,Random Forest,,Utility,TSTR,0.5120664063038667,0.03596609091386745,classification,Generators/Experiment with utility data leak/utility results/8. Mushroom dataset/TRTR_TSTR_results_merged.xlsx,utility,0.5120664063038667,,0.0,100.0
8. Mushroom dataset,TabDDPM,,0.0,F1_Gap,0.5120664063038667,Random Forest,,Utility,Gap,0.48783609913270054,0.03596609091386745,classification,Generators/Experiment with utility data leak/utility results/8. Mushroom dataset/TRTR_TSTR_results_merged.xlsx,utility,0.48783609913270054,,0.0,100.0
8. Mushroom dataset,TabDDPM,,0.0,Precision,0.9999100179950515,Random Forest,,Utility,TRTR,0.9999100179950515,9.947206977344203e-05,classification,Generators/Experiment with utility data leak/utility results/8. Mushroom dataset/TRTR_TSTR_results_merged.xlsx,utility,0.9999100179950515,,0.0,100.0
8. Mushroom dataset,TabDDPM,,0.0,Precision,0.5027788184560051,Random Forest,,Utility,TSTR,0.5027788184560051,0.01709804903862116,classification,Generators/Experiment with utility data leak/utility results/8. Mushroom dataset/TRTR_TSTR_results_merged.xlsx,utility,0.5027788184560051,,0.0,100.0
8. Mushroom dataset,TabDDPM,,0.0,Precision_Gap,0.5027788184560051,Random Forest,,Utility,Gap,0.4971311995390464,0.01709804903862116,classification,Generators/Experiment with utility data leak/utility results/8. Mushroom dataset/TRTR_TSTR_results_merged.xlsx,utility,0.4971311995390464,,0.0,100.0
8. Mushroom dataset,TabDDPM,,0.0,Recall,0.9998950052497374,Random Forest,,Utility,TRTR,0.9998950052497374,6.873519866439068e-05,classification,Generators/Experiment with utility data leak/utility results/8. Mushroom dataset/TRTR_TSTR_results_merged.xlsx,utility,0.9998950052497374,,0.0,100.0
8. Mushroom dataset,TabDDPM,,0.0,Recall,0.523638818059097,Random Forest,,Utility,TSTR,0.523638818059097,0.06097158979582164,classification,Generators/Experiment with utility data leak/utility results/8. Mushroom dataset/TRTR_TSTR_results_merged.xlsx,utility,0.523638818059097,,0.0,100.0
8. Mushroom dataset,TabDDPM,,0.0,Recall_Gap,0.523638818059097,Random Forest,,Utility,Gap,0.47625618719064045,0.06097158979582164,classification,Generators/Experiment with utility data leak/utility results/8. Mushroom dataset/TRTR_TSTR_results_merged.xlsx,utility,0.47625618719064045,,0.0,100.0
8. Mushroom dataset,TabDDPM,,,Accuracy_Drop,,Random Forest,,,Gap,0.550374563009822,,classification,Generators/Experiment with utility data leak/utility results/8. Mushroom dataset/TRTR_TSTR_results_merged.xlsx,utility,0.550374563009822,,0.0,100.0
8. Mushroom dataset,TabDDPM,,,F1_Drop,,Random Forest,,,Gap,0.4878360991327005,,classification,Generators/Experiment with utility data leak/utility results/8. Mushroom dataset/TRTR_TSTR_results_merged.xlsx,utility,0.4878360991327005,,0.0,100.0
8. Mushroom dataset,TabDDPM,,,Precision_Drop,,Random Forest,,,Gap,0.4971311995390464,,classification,Generators/Experiment with utility data leak/utility results/8. Mushroom dataset/TRTR_TSTR_results_merged.xlsx,utility,0.4971311995390464,,0.0,100.0
8. Mushroom dataset,TabDDPM,,,Recall_Drop,,Random Forest,,,Gap,0.4762561871906404,,classification,Generators/Experiment with utility data leak/utility results/8. Mushroom dataset/TRTR_TSTR_results_merged.xlsx,utility,0.4762561871906404,,0.0,100.0
8. Mushroom dataset,TabDDPM,,0.0,Accuracy,0.9998002330614282,MLP,,Utility,TRTR,0.9998002330614282,0.0001498252039287662,classification,Generators/Experiment with utility data leak/utility results/8. Mushroom dataset/TRTR_TSTR_results_merged.xlsx,utility,0.9998002330614282,,0.0,100.0
8. Mushroom dataset,TabDDPM,,0.0,Accuracy,0.4774346595638422,MLP,,Utility,TSTR,0.4774346595638422,0.01317277090397607,classification,Generators/Experiment with utility data leak/utility results/8. Mushroom dataset/TRTR_TSTR_results_merged.xlsx,utility,0.4774346595638422,,0.0,100.0
8. Mushroom dataset,TabDDPM,,0.0,Accuracy_Gap,0.4774346595638422,MLP,,Utility,Gap,0.522365573497586,0.01317277090397607,classification,Generators/Experiment with utility data leak/utility results/8. Mushroom dataset/TRTR_TSTR_results_merged.xlsx,utility,0.522365573497586,,0.0,100.0
8. Mushroom dataset,TabDDPM,,0.0,F1,0.9998200033725814,MLP,,Utility,TRTR,0.9998200033725814,0.0001350057549300141,classification,Generators/Experiment with utility data leak/utility results/8. Mushroom dataset/TRTR_TSTR_results_merged.xlsx,utility,0.9998200033725814,,0.0,100.0
8. Mushroom dataset,TabDDPM,,0.0,F1,0.532965592982555,MLP,,Utility,TSTR,0.532965592982555,0.02309132836844926,classification,Generators/Experiment with utility data leak/utility results/8. Mushroom dataset/TRTR_TSTR_results_merged.xlsx,utility,0.532965592982555,,0.0,100.0
8. Mushroom dataset,TabDDPM,,0.0,F1_Gap,0.532965592982555,MLP,,Utility,Gap,0.4668544103900264,0.02309132836844926,classification,Generators/Experiment with utility data leak/utility results/8. Mushroom dataset/TRTR_TSTR_results_merged.xlsx,utility,0.4668544103900264,,0.0,100.0
8. Mushroom dataset,TabDDPM,,0.0,Precision,0.999835012740364,MLP,,Utility,TRTR,0.999835012740364,0.0001414792911934868,classification,Generators/Experiment with utility data leak/utility results/8. Mushroom dataset/TRTR_TSTR_results_merged.xlsx,utility,0.999835012740364,,0.0,100.0
8. Mushroom dataset,TabDDPM,,0.0,Precision,0.5283299879552034,MLP,,Utility,TSTR,0.5283299879552034,0.01015192567167587,classification,Generators/Experiment with utility data leak/utility results/8. Mushroom dataset/TRTR_TSTR_results_merged.xlsx,utility,0.5283299879552034,,0.0,100.0
8. Mushroom dataset,TabDDPM,,0.0,Precision_Gap,0.5283299879552034,MLP,,Utility,Gap,0.47150502478516065,0.01015192567167587,classification,Generators/Experiment with utility data leak/utility results/8. Mushroom dataset/TRTR_TSTR_results_merged.xlsx,utility,0.47150502478516065,,0.0,100.0
8. Mushroom dataset,TabDDPM,,0.0,Recall,0.9998050097495124,MLP,,Utility,TRTR,0.9998050097495124,0.0001781062259942747,classification,Generators/Experiment with utility data leak/utility results/8. Mushroom dataset/TRTR_TSTR_results_merged.xlsx,utility,0.9998050097495124,,0.0,100.0
8. Mushroom dataset,TabDDPM,,0.0,Recall,0.5387730613469327,MLP,,Utility,TSTR,0.5387730613469327,0.04045400898828645,classification,Generators/Experiment with utility data leak/utility results/8. Mushroom dataset/TRTR_TSTR_results_merged.xlsx,utility,0.5387730613469327,,0.0,100.0
8. Mushroom dataset,TabDDPM,,0.0,Recall_Gap,0.5387730613469327,MLP,,Utility,Gap,0.46103194840257966,0.04045400898828645,classification,Generators/Experiment with utility data leak/utility results/8. Mushroom dataset/TRTR_TSTR_results_merged.xlsx,utility,0.46103194840257966,,0.0,100.0
8. Mushroom dataset,TabDDPM,,,Accuracy_Drop,,MLP,,,Gap,0.522365573497586,,classification,Generators/Experiment with utility data leak/utility results/8. Mushroom dataset/TRTR_TSTR_results_merged.xlsx,utility,0.522365573497586,,0.0,100.0
8. Mushroom dataset,TabDDPM,,,F1_Drop,,MLP,,,Gap,0.4668544103900264,,classification,Generators/Experiment with utility data leak/utility results/8. Mushroom dataset/TRTR_TSTR_results_merged.xlsx,utility,0.4668544103900264,,0.0,100.0
8. Mushroom dataset,TabDDPM,,,Precision_Drop,,MLP,,,Gap,0.4715050247851607,,classification,Generators/Experiment with utility data leak/utility results/8. Mushroom dataset/TRTR_TSTR_results_merged.xlsx,utility,0.4715050247851607,,0.0,100.0
8. Mushroom dataset,TabDDPM,,,Recall_Drop,,MLP,,,Gap,0.4610319484025797,,classification,Generators/Experiment with utility data leak/utility results/8. Mushroom dataset/TRTR_TSTR_results_merged.xlsx,utility,0.4610319484025797,,0.0,100.0
8. Mushroom dataset,TabDDPM,,0.0,Accuracy,0.9993757283169635,KNN,,Utility,TRTR,0.9993757283169635,0.0001870501502766885,classification,Generators/Experiment with utility data leak/utility results/8. Mushroom dataset/TRTR_TSTR_results_merged.xlsx,utility,0.9993757283169635,,0.0,100.0
8. Mushroom dataset,TabDDPM,,0.0,Accuracy,0.4854752788413517,KNN,,Utility,TSTR,0.4854752788413517,0.01105508989160575,classification,Generators/Experiment with utility data leak/utility results/8. Mushroom dataset/TRTR_TSTR_results_merged.xlsx,utility,0.4854752788413517,,0.0,100.0
8. Mushroom dataset,TabDDPM,,0.0,Accuracy_Gap,0.4854752788413517,KNN,,Utility,Gap,0.5139004494756119,0.01105508989160575,classification,Generators/Experiment with utility data leak/utility results/8. Mushroom dataset/TRTR_TSTR_results_merged.xlsx,utility,0.5139004494756119,,0.0,100.0
8. Mushroom dataset,TabDDPM,,0.0,F1,0.999437537679781,KNN,,Utility,TRTR,0.999437537679781,0.0001685162263673175,classification,Generators/Experiment with utility data leak/utility results/8. Mushroom dataset/TRTR_TSTR_results_merged.xlsx,utility,0.999437537679781,,0.0,100.0
8. Mushroom dataset,TabDDPM,,0.0,F1,0.5406892133463262,KNN,,Utility,TSTR,0.5406892133463262,0.01837093492391009,classification,Generators/Experiment with utility data leak/utility results/8. Mushroom dataset/TRTR_TSTR_results_merged.xlsx,utility,0.5406892133463262,,0.0,100.0
8. Mushroom dataset,TabDDPM,,0.0,F1_Gap,0.5406892133463262,KNN,,Utility,Gap,0.4587483243334548,0.01837093492391009,classification,Generators/Experiment with utility data leak/utility results/8. Mushroom dataset/TRTR_TSTR_results_merged.xlsx,utility,0.4587483243334548,,0.0,100.0
8. Mushroom dataset,TabDDPM,,0.0,Precision,0.9994300667201221,KNN,,Utility,TRTR,0.9994300667201221,0.0002203628791389911,classification,Generators/Experiment with utility data leak/utility results/8. Mushroom dataset/TRTR_TSTR_results_merged.xlsx,utility,0.9994300667201221,,0.0,100.0
8. Mushroom dataset,TabDDPM,,0.0,Precision,0.5355723318112794,KNN,,Utility,TSTR,0.5355723318112794,0.009172088815241492,classification,Generators/Experiment with utility data leak/utility results/8. Mushroom dataset/TRTR_TSTR_results_merged.xlsx,utility,0.5355723318112794,,0.0,100.0
8. Mushroom dataset,TabDDPM,,0.0,Precision_Gap,0.5355723318112794,KNN,,Utility,Gap,0.46385773490884274,0.009172088815241492,classification,Generators/Experiment with utility data leak/utility results/8. Mushroom dataset/TRTR_TSTR_results_merged.xlsx,utility,0.46385773490884274,,0.0,100.0
8. Mushroom dataset,TabDDPM,,0.0,Recall,0.9994450277486123,KNN,,Utility,TRTR,0.9994450277486123,0.0001649917504124697,classification,Generators/Experiment with utility data leak/utility results/8. Mushroom dataset/TRTR_TSTR_results_merged.xlsx,utility,0.9994450277486123,,0.0,100.0
8. Mushroom dataset,TabDDPM,,0.0,Recall,0.5466776661166942,KNN,,Utility,TSTR,0.5466776661166942,0.03266208874412134,classification,Generators/Experiment with utility data leak/utility results/8. Mushroom dataset/TRTR_TSTR_results_merged.xlsx,utility,0.5466776661166942,,0.0,100.0
8. Mushroom dataset,TabDDPM,,0.0,Recall_Gap,0.5466776661166942,KNN,,Utility,Gap,0.4527673616319181,0.03266208874412134,classification,Generators/Experiment with utility data leak/utility results/8. Mushroom dataset/TRTR_TSTR_results_merged.xlsx,utility,0.4527673616319181,,0.0,100.0
8. Mushroom dataset,TabDDPM,,,Accuracy_Drop,,KNN,,,Gap,0.5139004494756119,,classification,Generators/Experiment with utility data leak/utility results/8. Mushroom dataset/TRTR_TSTR_results_merged.xlsx,utility,0.5139004494756119,,0.0,100.0
8. Mushroom dataset,TabDDPM,,,F1_Drop,,KNN,,,Gap,0.4587483243334548,,classification,Generators/Experiment with utility data leak/utility results/8. Mushroom dataset/TRTR_TSTR_results_merged.xlsx,utility,0.4587483243334548,,0.0,100.0
8. Mushroom dataset,TabDDPM,,,Precision_Drop,,KNN,,,Gap,0.4638577349088427,,classification,Generators/Experiment with utility data leak/utility results/8. Mushroom dataset/TRTR_TSTR_results_merged.xlsx,utility,0.4638577349088427,,0.0,100.0
8. Mushroom dataset,TabDDPM,,,Recall_Drop,,KNN,,,Gap,0.4527673616319181,,classification,Generators/Experiment with utility data leak/utility results/8. Mushroom dataset/TRTR_TSTR_results_merged.xlsx,utility,0.4527673616319181,,0.0,100.0
8. Mushroom dataset,TabDDPM,,0.0,Accuracy,0.9430830697519561,Decision Tree,,Utility,TRTR,0.9430830697519561,0.003054622010995107,classification,Generators/Experiment with utility data leak/utility results/8. Mushroom dataset/TRTR_TSTR_results_merged.xlsx,utility,0.9430830697519561,,0.0,100.0
8. Mushroom dataset,TabDDPM,,0.0,Accuracy,0.4905859830198102,Decision Tree,,Utility,TSTR,0.4905859830198102,0.03061241057693206,classification,Generators/Experiment with utility data leak/utility results/8. Mushroom dataset/TRTR_TSTR_results_merged.xlsx,utility,0.4905859830198102,,0.0,100.0
8. Mushroom dataset,TabDDPM,,0.0,Accuracy_Gap,0.4905859830198102,Decision Tree,,Utility,Gap,0.4524970867321459,0.03061241057693206,classification,Generators/Experiment with utility data leak/utility results/8. Mushroom dataset/TRTR_TSTR_results_merged.xlsx,utility,0.4524970867321459,,0.0,100.0
8. Mushroom dataset,TabDDPM,,0.0,F1,0.9486269064274188,Decision Tree,,Utility,TRTR,0.9486269064274188,0.002733229331666377,classification,Generators/Experiment with utility data leak/utility results/8. Mushroom dataset/TRTR_TSTR_results_merged.xlsx,utility,0.9486269064274188,,0.0,100.0
8. Mushroom dataset,TabDDPM,,0.0,F1,0.537626157168307,Decision Tree,,Utility,TSTR,0.537626157168307,0.04062901712061393,classification,Generators/Experiment with utility data leak/utility results/8. Mushroom dataset/TRTR_TSTR_results_merged.xlsx,utility,0.537626157168307,,0.0,100.0
8. Mushroom dataset,TabDDPM,,0.0,F1_Gap,0.537626157168307,Decision Tree,,Utility,Gap,0.4110007492591118,0.04062901712061393,classification,Generators/Experiment with utility data leak/utility results/8. Mushroom dataset/TRTR_TSTR_results_merged.xlsx,utility,0.4110007492591118,,0.0,100.0
8. Mushroom dataset,TabDDPM,,0.0,Precision,0.9503557108620792,Decision Tree,,Utility,TRTR,0.9503557108620792,0.004797011192999022,classification,Generators/Experiment with utility data leak/utility results/8. Mushroom dataset/TRTR_TSTR_results_merged.xlsx,utility,0.9503557108620792,,0.0,100.0
8. Mushroom dataset,TabDDPM,,0.0,Precision,0.5409967231367535,Decision Tree,,Utility,TSTR,0.5409967231367535,0.02728335831242973,classification,Generators/Experiment with utility data leak/utility results/8. Mushroom dataset/TRTR_TSTR_results_merged.xlsx,utility,0.5409967231367535,,0.0,100.0
8. Mushroom dataset,TabDDPM,,0.0,Precision_Gap,0.5409967231367535,Decision Tree,,Utility,Gap,0.40935898772532564,0.02728335831242973,classification,Generators/Experiment with utility data leak/utility results/8. Mushroom dataset/TRTR_TSTR_results_merged.xlsx,utility,0.40935898772532564,,0.0,100.0
8. Mushroom dataset,TabDDPM,,0.0,Recall,0.9469326533673316,Decision Tree,,Utility,TRTR,0.9469326533673316,0.004340358980694475,classification,Generators/Experiment with utility data leak/utility results/8. Mushroom dataset/TRTR_TSTR_results_merged.xlsx,utility,0.9469326533673316,,0.0,100.0
8. Mushroom dataset,TabDDPM,,0.0,Recall,0.5367181640917955,Decision Tree,,Utility,TSTR,0.5367181640917955,0.05949013622880233,classification,Generators/Experiment with utility data leak/utility results/8. Mushroom dataset/TRTR_TSTR_results_merged.xlsx,utility,0.5367181640917955,,0.0,100.0
8. Mushroom dataset,TabDDPM,,0.0,Recall_Gap,0.5367181640917955,Decision Tree,,Utility,Gap,0.41021448927553605,0.05949013622880233,classification,Generators/Experiment with utility data leak/utility results/8. Mushroom dataset/TRTR_TSTR_results_merged.xlsx,utility,0.41021448927553605,,0.0,100.0
8. Mushroom dataset,TabDDPM,,,Accuracy_Drop,,Decision Tree,,,Gap,0.4524970867321459,,classification,Generators/Experiment with utility data leak/utility results/8. Mushroom dataset/TRTR_TSTR_results_merged.xlsx,utility,0.4524970867321459,,0.0,100.0
8. Mushroom dataset,TabDDPM,,,F1_Drop,,Decision Tree,,,Gap,0.4110007492591118,,classification,Generators/Experiment with utility data leak/utility results/8. Mushroom dataset/TRTR_TSTR_results_merged.xlsx,utility,0.4110007492591118,,0.0,100.0
8. Mushroom dataset,TabDDPM,,,Precision_Drop,,Decision Tree,,,Gap,0.4093589877253256,,classification,Generators/Experiment with utility data leak/utility results/8. Mushroom dataset/TRTR_TSTR_results_merged.xlsx,utility,0.4093589877253256,,0.0,100.0
8. Mushroom dataset,TabDDPM,,,Recall_Drop,,Decision Tree,,,Gap,0.4102144892755361,,classification,Generators/Experiment with utility data leak/utility results/8. Mushroom dataset/TRTR_TSTR_results_merged.xlsx,utility,0.4102144892755361,,0.0,100.0
8. Mushroom dataset,TabDDPM,,0.0,Accuracy,0.8177376394206759,Gradient Boosting,,Utility,TRTR,0.8177376394206759,0.009463270545125387,classification,Generators/Experiment with utility data leak/utility results/8. Mushroom dataset/TRTR_TSTR_results_merged.xlsx,utility,0.8177376394206759,,0.0,100.0
8. Mushroom dataset,TabDDPM,,0.0,Accuracy,0.4827201598135508,Gradient Boosting,,Utility,TSTR,0.4827201598135508,0.018763379920189,classification,Generators/Experiment with utility data leak/utility results/8. Mushroom dataset/TRTR_TSTR_results_merged.xlsx,utility,0.4827201598135508,,0.0,100.0
8. Mushroom dataset,TabDDPM,,0.0,Accuracy_Gap,0.4827201598135508,Gradient Boosting,,Utility,Gap,0.3350174796071251,0.018763379920189,classification,Generators/Experiment with utility data leak/utility results/8. Mushroom dataset/TRTR_TSTR_results_merged.xlsx,utility,0.3350174796071251,,0.0,100.0
8. Mushroom dataset,TabDDPM,,0.0,F1,0.8351441635674031,Gradient Boosting,,Utility,TRTR,0.8351441635674031,0.009911515687219402,classification,Generators/Experiment with utility data leak/utility results/8. Mushroom dataset/TRTR_TSTR_results_merged.xlsx,utility,0.8351441635674031,,0.0,100.0
8. Mushroom dataset,TabDDPM,,0.0,F1,0.5697167428891527,Gradient Boosting,,Utility,TSTR,0.5697167428891527,0.03232527873997269,classification,Generators/Experiment with utility data leak/utility results/8. Mushroom dataset/TRTR_TSTR_results_merged.xlsx,utility,0.5697167428891527,,0.0,100.0
8. Mushroom dataset,TabDDPM,,0.0,F1_Gap,0.5697167428891527,Gradient Boosting,,Utility,Gap,0.2654274206782503,0.03232527873997269,classification,Generators/Experiment with utility data leak/utility results/8. Mushroom dataset/TRTR_TSTR_results_merged.xlsx,utility,0.2654274206782503,,0.0,100.0
8. Mushroom dataset,TabDDPM,,0.0,Precision,0.8380774142407716,Gradient Boosting,,Utility,TRTR,0.8380774142407716,0.007023800154772467,classification,Generators/Experiment with utility data leak/utility results/8. Mushroom dataset/TRTR_TSTR_results_merged.xlsx,utility,0.8380774142407716,,0.0,100.0
8. Mushroom dataset,TabDDPM,,0.0,Precision,0.5283304352657389,Gradient Boosting,,Utility,TSTR,0.5283304352657389,0.01280385704440608,classification,Generators/Experiment with utility data leak/utility results/8. Mushroom dataset/TRTR_TSTR_results_merged.xlsx,utility,0.5283304352657389,,0.0,100.0
8. Mushroom dataset,TabDDPM,,0.0,Precision_Gap,0.5283304352657389,Gradient Boosting,,Utility,Gap,0.3097469789750328,0.01280385704440608,classification,Generators/Experiment with utility data leak/utility results/8. Mushroom dataset/TRTR_TSTR_results_merged.xlsx,utility,0.3097469789750328,,0.0,100.0
8. Mushroom dataset,TabDDPM,,0.0,Recall,0.8324883755812209,Gradient Boosting,,Utility,TRTR,0.8324883755812209,0.01907263019534354,classification,Generators/Experiment with utility data leak/utility results/8. Mushroom dataset/TRTR_TSTR_results_merged.xlsx,utility,0.8324883755812209,,0.0,100.0
8. Mushroom dataset,TabDDPM,,0.0,Recall,0.6208339583020848,Gradient Boosting,,Utility,TSTR,0.6208339583020848,0.06568566855493009,classification,Generators/Experiment with utility data leak/utility results/8. Mushroom dataset/TRTR_TSTR_results_merged.xlsx,utility,0.6208339583020848,,0.0,100.0
8. Mushroom dataset,TabDDPM,,0.0,Recall_Gap,0.6208339583020848,Gradient Boosting,,Utility,Gap,0.21165441727913614,0.06568566855493009,classification,Generators/Experiment with utility data leak/utility results/8. Mushroom dataset/TRTR_TSTR_results_merged.xlsx,utility,0.21165441727913614,,0.0,100.0
8. Mushroom dataset,TabDDPM,,,Accuracy_Drop,,Gradient Boosting,,,Gap,0.3350174796071251,,classification,Generators/Experiment with utility data leak/utility results/8. Mushroom dataset/TRTR_TSTR_results_merged.xlsx,utility,0.3350174796071251,,0.0,100.0
8. Mushroom dataset,TabDDPM,,,F1_Drop,,Gradient Boosting,,,Gap,0.2654274206782503,,classification,Generators/Experiment with utility data leak/utility results/8. Mushroom dataset/TRTR_TSTR_results_merged.xlsx,utility,0.2654274206782503,,0.0,100.0
8. Mushroom dataset,TabDDPM,,,Precision_Drop,,Gradient Boosting,,,Gap,0.3097469789750328,,classification,Generators/Experiment with utility data leak/utility results/8. Mushroom dataset/TRTR_TSTR_results_merged.xlsx,utility,0.3097469789750328,,0.0,100.0
8. Mushroom dataset,TabDDPM,,,Recall_Drop,,Gradient Boosting,,,Gap,0.2116544172791361,,classification,Generators/Experiment with utility data leak/utility results/8. Mushroom dataset/TRTR_TSTR_results_merged.xlsx,utility,0.2116544172791361,,0.0,100.0
8. Mushroom dataset,TabDDPM,,0.0,Accuracy,0.6532711836191111,Logistic Regression,,Utility,TRTR,0.6532711836191111,0.003432765231763527,classification,Generators/Experiment with utility data leak/utility results/8. Mushroom dataset/TRTR_TSTR_results_merged.xlsx,utility,0.6532711836191111,,0.0,100.0
8. Mushroom dataset,TabDDPM,,0.0,Accuracy,0.5085983019810223,Logistic Regression,,Utility,TSTR,0.5085983019810223,0.01367199263763621,classification,Generators/Experiment with utility data leak/utility results/8. Mushroom dataset/TRTR_TSTR_results_merged.xlsx,utility,0.5085983019810223,,0.0,100.0
8. Mushroom dataset,TabDDPM,,0.0,Accuracy_Gap,0.5085983019810223,Logistic Regression,,Utility,Gap,0.14467288163808878,0.01367199263763621,classification,Generators/Experiment with utility data leak/utility results/8. Mushroom dataset/TRTR_TSTR_results_merged.xlsx,utility,0.14467288163808878,,0.0,100.0
8. Mushroom dataset,TabDDPM,,0.0,F1,0.7102051701755642,Logistic Regression,,Utility,TRTR,0.7102051701755642,0.002525563014958159,classification,Generators/Experiment with utility data leak/utility results/8. Mushroom dataset/TRTR_TSTR_results_merged.xlsx,utility,0.7102051701755642,,0.0,100.0
8. Mushroom dataset,TabDDPM,,0.0,F1,0.5999205800676521,Logistic Regression,,Utility,TSTR,0.5999205800676521,0.02213500022359702,classification,Generators/Experiment with utility data leak/utility results/8. Mushroom dataset/TRTR_TSTR_results_merged.xlsx,utility,0.5999205800676521,,0.0,100.0
8. Mushroom dataset,TabDDPM,,0.0,F1_Gap,0.5999205800676521,Logistic Regression,,Utility,Gap,0.11028459010791203,0.02213500022359702,classification,Generators/Experiment with utility data leak/utility results/8. Mushroom dataset/TRTR_TSTR_results_merged.xlsx,utility,0.11028459010791203,,0.0,100.0
8. Mushroom dataset,TabDDPM,,0.0,Precision,0.6622882541511838,Logistic Regression,,Utility,TRTR,0.6622882541511838,0.003196371629185143,classification,Generators/Experiment with utility data leak/utility results/8. Mushroom dataset/TRTR_TSTR_results_merged.xlsx,utility,0.6622882541511838,,0.0,100.0
8. Mushroom dataset,TabDDPM,,0.0,Precision,0.5469010613505055,Logistic Regression,,Utility,TSTR,0.5469010613505055,0.009478453950554485,classification,Generators/Experiment with utility data leak/utility results/8. Mushroom dataset/TRTR_TSTR_results_merged.xlsx,utility,0.5469010613505055,,0.0,100.0
8. Mushroom dataset,TabDDPM,,0.0,Precision_Gap,0.5469010613505055,Logistic Regression,,Utility,Gap,0.11538719280067822,0.009478453950554485,classification,Generators/Experiment with utility data leak/utility results/8. Mushroom dataset/TRTR_TSTR_results_merged.xlsx,utility,0.11538719280067822,,0.0,100.0
8. Mushroom dataset,TabDDPM,,0.0,Recall,0.7656067196640167,Logistic Regression,,Utility,TRTR,0.7656067196640167,0.002835651757146686,classification,Generators/Experiment with utility data leak/utility results/8. Mushroom dataset/TRTR_TSTR_results_merged.xlsx,utility,0.7656067196640167,,0.0,100.0
8. Mushroom dataset,TabDDPM,,0.0,Recall,0.6659217039148043,Logistic Regression,,Utility,TSTR,0.6659217039148043,0.04799516502372499,classification,Generators/Experiment with utility data leak/utility results/8. Mushroom dataset/TRTR_TSTR_results_merged.xlsx,utility,0.6659217039148043,,0.0,100.0
8. Mushroom dataset,TabDDPM,,0.0,Recall_Gap,0.6659217039148043,Logistic Regression,,Utility,Gap,0.0996850157492124,0.04799516502372499,classification,Generators/Experiment with utility data leak/utility results/8. Mushroom dataset/TRTR_TSTR_results_merged.xlsx,utility,0.0996850157492124,,0.0,100.0
8. Mushroom dataset,TabDDPM,,,Accuracy_Drop,,Logistic Regression,,,Gap,0.1446728816380888,,classification,Generators/Experiment with utility data leak/utility results/8. Mushroom dataset/TRTR_TSTR_results_merged.xlsx,utility,0.1446728816380888,,0.0,100.0
8. Mushroom dataset,TabDDPM,,,F1_Drop,,Logistic Regression,,,Gap,0.110284590107912,,classification,Generators/Experiment with utility data leak/utility results/8. Mushroom dataset/TRTR_TSTR_results_merged.xlsx,utility,0.110284590107912,,0.0,100.0
8. Mushroom dataset,TabDDPM,,,Precision_Drop,,Logistic Regression,,,Gap,0.1153871928006782,,classification,Generators/Experiment with utility data leak/utility results/8. Mushroom dataset/TRTR_TSTR_results_merged.xlsx,utility,0.1153871928006782,,0.0,100.0
8. Mushroom dataset,TabDDPM,,,Recall_Drop,,Logistic Regression,,,Gap,0.0996850157492124,,classification,Generators/Experiment with utility data leak/utility results/8. Mushroom dataset/TRTR_TSTR_results_merged.xlsx,utility,0.0996850157492124,,0.0,100.0
8. Mushroom dataset,TabDDPM,,0.0,Accuracy,0.6530214749458965,AdaBoost,,Utility,TRTR,0.6530214749458965,0.00911056123636879,classification,Generators/Experiment with utility data leak/utility results/8. Mushroom dataset/TRTR_TSTR_results_merged.xlsx,utility,0.6530214749458965,,0.0,100.0
8. Mushroom dataset,TabDDPM,,0.0,Accuracy,0.4825703346096221,AdaBoost,,Utility,TSTR,0.4825703346096221,0.01330375279247198,classification,Generators/Experiment with utility data leak/utility results/8. Mushroom dataset/TRTR_TSTR_results_merged.xlsx,utility,0.4825703346096221,,0.0,100.0
8. Mushroom dataset,TabDDPM,,0.0,Accuracy_Gap,0.4825703346096221,AdaBoost,,Utility,Gap,0.17045114033627434,0.01330375279247198,classification,Generators/Experiment with utility data leak/utility results/8. Mushroom dataset/TRTR_TSTR_results_merged.xlsx,utility,0.17045114033627434,,0.0,100.0
8. Mushroom dataset,TabDDPM,,0.0,F1,0.6586554205410092,AdaBoost,,Utility,TRTR,0.6586554205410092,0.01000642657450882,classification,Generators/Experiment with utility data leak/utility results/8. Mushroom dataset/TRTR_TSTR_results_merged.xlsx,utility,0.6586554205410092,,0.0,100.0
8. Mushroom dataset,TabDDPM,,0.0,F1,0.5632326588237714,AdaBoost,,Utility,TSTR,0.5632326588237714,0.03500931331399579,classification,Generators/Experiment with utility data leak/utility results/8. Mushroom dataset/TRTR_TSTR_results_merged.xlsx,utility,0.5632326588237714,,0.0,100.0
8. Mushroom dataset,TabDDPM,,0.0,F1_Gap,0.5632326588237714,AdaBoost,,Utility,Gap,0.09542276171723785,0.03500931331399579,classification,Generators/Experiment with utility data leak/utility results/8. Mushroom dataset/TRTR_TSTR_results_merged.xlsx,utility,0.09542276171723785,,0.0,100.0
8. Mushroom dataset,TabDDPM,,0.0,Precision,0.7262195138345482,AdaBoost,,Utility,TRTR,0.7262195138345482,0.02162521657245883,classification,Generators/Experiment with utility data leak/utility results/8. Mushroom dataset/TRTR_TSTR_results_merged.xlsx,utility,0.7262195138345482,,0.0,100.0
8. Mushroom dataset,TabDDPM,,0.0,Precision,0.5292177139210736,AdaBoost,,Utility,TSTR,0.5292177139210736,0.009308951685638384,classification,Generators/Experiment with utility data leak/utility results/8. Mushroom dataset/TRTR_TSTR_results_merged.xlsx,utility,0.5292177139210736,,0.0,100.0
8. Mushroom dataset,TabDDPM,,0.0,Precision_Gap,0.5292177139210736,AdaBoost,,Utility,Gap,0.19700179991347455,0.009308951685638384,classification,Generators/Experiment with utility data leak/utility results/8. Mushroom dataset/TRTR_TSTR_results_merged.xlsx,utility,0.19700179991347455,,0.0,100.0
8. Mushroom dataset,TabDDPM,,0.0,Recall,0.6036898155092245,AdaBoost,,Utility,TRTR,0.6036898155092245,0.02328275950044984,classification,Generators/Experiment with utility data leak/utility results/8. Mushroom dataset/TRTR_TSTR_results_merged.xlsx,utility,0.6036898155092245,,0.0,100.0
8. Mushroom dataset,TabDDPM,,0.0,Recall,0.6064196790160492,AdaBoost,,Utility,TSTR,0.6064196790160492,0.07512839714970289,classification,Generators/Experiment with utility data leak/utility results/8. Mushroom dataset/TRTR_TSTR_results_merged.xlsx,utility,0.6064196790160492,,0.0,100.0
8. Mushroom dataset,TabDDPM,,0.0,Recall_Gap,0.6064196790160492,AdaBoost,,Utility,Gap,-0.0027298635068246924,0.07512839714970289,classification,Generators/Experiment with utility data leak/utility results/8. Mushroom dataset/TRTR_TSTR_results_merged.xlsx,utility,-0.0027298635068246924,,0.0,100.0
8. Mushroom dataset,TabDDPM,,,Accuracy_Drop,,AdaBoost,,,Gap,0.1704511403362744,,classification,Generators/Experiment with utility data leak/utility results/8. Mushroom dataset/TRTR_TSTR_results_merged.xlsx,utility,0.1704511403362744,,0.0,100.0
8. Mushroom dataset,TabDDPM,,,F1_Drop,,AdaBoost,,,Gap,0.09542276171723785,,classification,Generators/Experiment with utility data leak/utility results/8. Mushroom dataset/TRTR_TSTR_results_merged.xlsx,utility,0.09542276171723785,,0.0,100.0
8. Mushroom dataset,TabDDPM,,,Precision_Drop,,AdaBoost,,,Gap,0.1970017999134746,,classification,Generators/Experiment with utility data leak/utility results/8. Mushroom dataset/TRTR_TSTR_results_merged.xlsx,utility,0.1970017999134746,,0.0,100.0
8. Mushroom dataset,TabDDPM,,,Recall_Drop,,AdaBoost,,,Gap,-0.002729863506824692,,classification,Generators/Experiment with utility data leak/utility results/8. Mushroom dataset/TRTR_TSTR_results_merged.xlsx,utility,-0.002729863506824692,,0.0,100.0
8. Mushroom dataset,TabDDPM,,0.0,Accuracy,0.652688530048277,SVM-RBF,,Utility,TRTR,0.652688530048277,0.003540466283100108,classification,Generators/Experiment with utility data leak/utility results/8. Mushroom dataset/TRTR_TSTR_results_merged.xlsx,utility,0.652688530048277,,0.0,100.0
8. Mushroom dataset,TabDDPM,,0.0,Accuracy,0.5084984185117364,SVM-RBF,,Utility,TSTR,0.5084984185117364,0.01407019435272617,classification,Generators/Experiment with utility data leak/utility results/8. Mushroom dataset/TRTR_TSTR_results_merged.xlsx,utility,0.5084984185117364,,0.0,100.0
8. Mushroom dataset,TabDDPM,,0.0,Accuracy_Gap,0.5084984185117364,SVM-RBF,,Utility,Gap,0.1441901115365406,0.01407019435272617,classification,Generators/Experiment with utility data leak/utility results/8. Mushroom dataset/TRTR_TSTR_results_merged.xlsx,utility,0.1441901115365406,,0.0,100.0
8. Mushroom dataset,TabDDPM,,0.0,F1,0.7111657290688942,SVM-RBF,,Utility,TRTR,0.7111657290688942,0.002515858645437491,classification,Generators/Experiment with utility data leak/utility results/8. Mushroom dataset/TRTR_TSTR_results_merged.xlsx,utility,0.7111657290688942,,0.0,100.0
8. Mushroom dataset,TabDDPM,,0.0,F1,0.5991782477315457,SVM-RBF,,Utility,TSTR,0.5991782477315457,0.02241384616919643,classification,Generators/Experiment with utility data leak/utility results/8. Mushroom dataset/TRTR_TSTR_results_merged.xlsx,utility,0.5991782477315457,,0.0,100.0
8. Mushroom dataset,TabDDPM,,0.0,F1_Gap,0.5991782477315457,SVM-RBF,,Utility,Gap,0.11198748133734848,0.02241384616919643,classification,Generators/Experiment with utility data leak/utility results/8. Mushroom dataset/TRTR_TSTR_results_merged.xlsx,utility,0.11198748133734848,,0.0,100.0
8. Mushroom dataset,TabDDPM,,0.0,Precision,0.660338278612806,SVM-RBF,,Utility,TRTR,0.660338278612806,0.003326244875037613,classification,Generators/Experiment with utility data leak/utility results/8. Mushroom dataset/TRTR_TSTR_results_merged.xlsx,utility,0.660338278612806,,0.0,100.0
8. Mushroom dataset,TabDDPM,,0.0,Precision,0.5469659598092009,SVM-RBF,,Utility,TSTR,0.5469659598092009,0.00985408369532533,classification,Generators/Experiment with utility data leak/utility results/8. Mushroom dataset/TRTR_TSTR_results_merged.xlsx,utility,0.5469659598092009,,0.0,100.0
8. Mushroom dataset,TabDDPM,,0.0,Precision_Gap,0.5469659598092009,SVM-RBF,,Utility,Gap,0.1133723188036051,0.00985408369532533,classification,Generators/Experiment with utility data leak/utility results/8. Mushroom dataset/TRTR_TSTR_results_merged.xlsx,utility,0.1133723188036051,,0.0,100.0
8. Mushroom dataset,TabDDPM,,0.0,Recall,0.7704814759262038,SVM-RBF,,Utility,TRTR,0.7704814759262038,0.002684656261806534,classification,Generators/Experiment with utility data leak/utility results/8. Mushroom dataset/TRTR_TSTR_results_merged.xlsx,utility,0.7704814759262038,,0.0,100.0
8. Mushroom dataset,TabDDPM,,0.0,Recall,0.6640167991600421,SVM-RBF,,Utility,TSTR,0.6640167991600421,0.04816324349956423,classification,Generators/Experiment with utility data leak/utility results/8. Mushroom dataset/TRTR_TSTR_results_merged.xlsx,utility,0.6640167991600421,,0.0,100.0
8. Mushroom dataset,TabDDPM,,0.0,Recall_Gap,0.6640167991600421,SVM-RBF,,Utility,Gap,0.10646467676616167,0.04816324349956423,classification,Generators/Experiment with utility data leak/utility results/8. Mushroom dataset/TRTR_TSTR_results_merged.xlsx,utility,0.10646467676616167,,0.0,100.0
8. Mushroom dataset,TabDDPM,,,Accuracy_Drop,,SVM-RBF,,,Gap,0.1441901115365406,,classification,Generators/Experiment with utility data leak/utility results/8. Mushroom dataset/TRTR_TSTR_results_merged.xlsx,utility,0.1441901115365406,,0.0,100.0
8. Mushroom dataset,TabDDPM,,,F1_Drop,,SVM-RBF,,,Gap,0.1119874813373485,,classification,Generators/Experiment with utility data leak/utility results/8. Mushroom dataset/TRTR_TSTR_results_merged.xlsx,utility,0.1119874813373485,,0.0,100.0
8. Mushroom dataset,TabDDPM,,,Precision_Drop,,SVM-RBF,,,Gap,0.1133723188036051,,classification,Generators/Experiment with utility data leak/utility results/8. Mushroom dataset/TRTR_TSTR_results_merged.xlsx,utility,0.1133723188036051,,0.0,100.0
8. Mushroom dataset,TabDDPM,,,Recall_Drop,,SVM-RBF,,,Gap,0.1064646767661617,,classification,Generators/Experiment with utility data leak/utility results/8. Mushroom dataset/TRTR_TSTR_results_merged.xlsx,utility,0.1064646767661617,,0.0,100.0
8. Mushroom dataset,TabDDPM,,0.0,Accuracy,0.6093557516231064,Naive Bayes,,Utility,TRTR,0.6093557516231064,0.002206246746399765,classification,Generators/Experiment with utility data leak/utility results/8. Mushroom dataset/TRTR_TSTR_results_merged.xlsx,utility,0.6093557516231064,,0.0,100.0
8. Mushroom dataset,TabDDPM,,0.0,Accuracy,0.5128849675378724,Naive Bayes,,Utility,TSTR,0.5128849675378724,0.0129711738548142,classification,Generators/Experiment with utility data leak/utility results/8. Mushroom dataset/TRTR_TSTR_results_merged.xlsx,utility,0.5128849675378724,,0.0,100.0
8. Mushroom dataset,TabDDPM,,0.0,Accuracy_Gap,0.5128849675378724,Naive Bayes,,Utility,Gap,0.09647078408523402,0.0129711738548142,classification,Generators/Experiment with utility data leak/utility results/8. Mushroom dataset/TRTR_TSTR_results_merged.xlsx,utility,0.09647078408523402,,0.0,100.0
8. Mushroom dataset,TabDDPM,,0.0,F1,0.5471586204572338,Naive Bayes,,Utility,TRTR,0.5471586204572338,0.003948342675541275,classification,Generators/Experiment with utility data leak/utility results/8. Mushroom dataset/TRTR_TSTR_results_merged.xlsx,utility,0.5471586204572338,,0.0,100.0
8. Mushroom dataset,TabDDPM,,0.0,F1,0.6408896636018478,Naive Bayes,,Utility,TSTR,0.6408896636018478,0.02136845704392922,classification,Generators/Experiment with utility data leak/utility results/8. Mushroom dataset/TRTR_TSTR_results_merged.xlsx,utility,0.6408896636018478,,0.0,100.0
8. Mushroom dataset,TabDDPM,,0.0,F1_Gap,0.6408896636018478,Naive Bayes,,Utility,Gap,-0.093731043144614,0.02136845704392922,classification,Generators/Experiment with utility data leak/utility results/8. Mushroom dataset/TRTR_TSTR_results_merged.xlsx,utility,-0.093731043144614,,0.0,100.0
8. Mushroom dataset,TabDDPM,,0.0,Precision,0.7669376693867336,Naive Bayes,,Utility,TRTR,0.7669376693867336,0.002744162729666706,classification,Generators/Experiment with utility data leak/utility results/8. Mushroom dataset/TRTR_TSTR_results_merged.xlsx,utility,0.7669376693867336,,0.0,100.0
8. Mushroom dataset,TabDDPM,,0.0,Precision,0.5421369235868775,Naive Bayes,,Utility,TSTR,0.5421369235868775,0.007397371420856608,classification,Generators/Experiment with utility data leak/utility results/8. Mushroom dataset/TRTR_TSTR_results_merged.xlsx,utility,0.5421369235868775,,0.0,100.0
8. Mushroom dataset,TabDDPM,,0.0,Precision_Gap,0.5421369235868775,Naive Bayes,,Utility,Gap,0.2248007457998561,0.007397371420856608,classification,Generators/Experiment with utility data leak/utility results/8. Mushroom dataset/TRTR_TSTR_results_merged.xlsx,utility,0.2248007457998561,,0.0,100.0
8. Mushroom dataset,TabDDPM,,0.0,Recall,0.4253037348132593,Naive Bayes,,Utility,TRTR,0.4253037348132593,0.004574279456311722,classification,Generators/Experiment with utility data leak/utility results/8. Mushroom dataset/TRTR_TSTR_results_merged.xlsx,utility,0.4253037348132593,,0.0,100.0
8. Mushroom dataset,TabDDPM,,0.0,Recall,0.7862906854657268,Naive Bayes,,Utility,TSTR,0.7862906854657268,0.06096997914441964,classification,Generators/Experiment with utility data leak/utility results/8. Mushroom dataset/TRTR_TSTR_results_merged.xlsx,utility,0.7862906854657268,,0.0,100.0
8. Mushroom dataset,TabDDPM,,0.0,Recall_Gap,0.7862906854657268,Naive Bayes,,Utility,Gap,-0.3609869506524675,0.06096997914441964,classification,Generators/Experiment with utility data leak/utility results/8. Mushroom dataset/TRTR_TSTR_results_merged.xlsx,utility,-0.3609869506524675,,0.0,100.0
8. Mushroom dataset,TabDDPM,,,Accuracy_Drop,,Naive Bayes,,,Gap,0.09647078408523402,,classification,Generators/Experiment with utility data leak/utility results/8. Mushroom dataset/TRTR_TSTR_results_merged.xlsx,utility,0.09647078408523402,,0.0,100.0
8. Mushroom dataset,TabDDPM,,,F1_Drop,,Naive Bayes,,,Gap,-0.093731043144614,,classification,Generators/Experiment with utility data leak/utility results/8. Mushroom dataset/TRTR_TSTR_results_merged.xlsx,utility,-0.093731043144614,,0.0,100.0
8. Mushroom dataset,TabDDPM,,,Precision_Drop,,Naive Bayes,,,Gap,0.2248007457998561,,classification,Generators/Experiment with utility data leak/utility results/8. Mushroom dataset/TRTR_TSTR_results_merged.xlsx,utility,0.2248007457998561,,0.0,100.0
8. Mushroom dataset,TabDDPM,,,Recall_Drop,,Naive Bayes,,,Gap,-0.3609869506524675,,classification,Generators/Experiment with utility data leak/utility results/8. Mushroom dataset/TRTR_TSTR_results_merged.xlsx,utility,-0.3609869506524675,,0.0,100.0
8. Mushroom dataset,CTGAN,,0.0,Accuracy,0.999983352755119,Extra Trees,,Utility,TRTR,0.999983352755119,3.329448976194804e-05,classification,Generators/Experiment with utility data leak/utility results/8. Mushroom dataset/TRTR_TSTR_results_merged.xlsx,utility,0.999983352755119,,0.0,100.0
8. Mushroom dataset,CTGAN,,0.0,Accuracy,0.5475944731146996,Extra Trees,,Utility,TSTR,0.5475944731146996,0.01791938081175807,classification,Generators/Experiment with utility data leak/utility results/8. Mushroom dataset/TRTR_TSTR_results_merged.xlsx,utility,0.5475944731146996,,0.0,100.0
8. Mushroom dataset,CTGAN,,0.0,Accuracy_Gap,0.5475944731146996,Extra Trees,,Utility,Gap,0.4523888796404194,0.01791938081175807,classification,Generators/Experiment with utility data leak/utility results/8. Mushroom dataset/TRTR_TSTR_results_merged.xlsx,utility,0.4523888796404194,,0.0,100.0
8. Mushroom dataset,CTGAN,,0.0,F1,0.9999849996249907,Extra Trees,,Utility,TRTR,0.9999849996249907,3.000075001873271e-05,classification,Generators/Experiment with utility data leak/utility results/8. Mushroom dataset/TRTR_TSTR_results_merged.xlsx,utility,0.9999849996249907,,0.0,100.0
8. Mushroom dataset,CTGAN,,0.0,F1,0.5760815266021424,Extra Trees,,Utility,TSTR,0.5760815266021424,0.02386115287197774,classification,Generators/Experiment with utility data leak/utility results/8. Mushroom dataset/TRTR_TSTR_results_merged.xlsx,utility,0.5760815266021424,,0.0,100.0
8. Mushroom dataset,CTGAN,,0.0,F1_Gap,0.5760815266021424,Extra Trees,,Utility,Gap,0.42390347302284825,0.02386115287197774,classification,Generators/Experiment with utility data leak/utility results/8. Mushroom dataset/TRTR_TSTR_results_merged.xlsx,utility,0.42390347302284825,,0.0,100.0
8. Mushroom dataset,CTGAN,,0.0,Precision,1.0,Extra Trees,,Utility,TRTR,1.0,0.0,classification,Generators/Experiment with utility data leak/utility results/8. Mushroom dataset/TRTR_TSTR_results_merged.xlsx,utility,1.0,,0.0,100.0
8. Mushroom dataset,CTGAN,,0.0,Precision,0.5995620578015465,Extra Trees,,Utility,TSTR,0.5995620578015465,0.01518085796580589,classification,Generators/Experiment with utility data leak/utility results/8. Mushroom dataset/TRTR_TSTR_results_merged.xlsx,utility,0.5995620578015465,,0.0,100.0
8. Mushroom dataset,CTGAN,,0.0,Precision_Gap,0.5995620578015465,Extra Trees,,Utility,Gap,0.4004379421984535,0.01518085796580589,classification,Generators/Experiment with utility data leak/utility results/8. Mushroom dataset/TRTR_TSTR_results_merged.xlsx,utility,0.4004379421984535,,0.0,100.0
8. Mushroom dataset,CTGAN,,0.0,Recall,0.9999700014999249,Extra Trees,,Utility,TRTR,0.9999700014999249,5.999700014998055e-05,classification,Generators/Experiment with utility data leak/utility results/8. Mushroom dataset/TRTR_TSTR_results_merged.xlsx,utility,0.9999700014999249,,0.0,100.0
8. Mushroom dataset,CTGAN,,0.0,Recall,0.5549272536373182,Extra Trees,,Utility,TSTR,0.5549272536373182,0.03375611462570669,classification,Generators/Experiment with utility data leak/utility results/8. Mushroom dataset/TRTR_TSTR_results_merged.xlsx,utility,0.5549272536373182,,0.0,100.0
8. Mushroom dataset,CTGAN,,0.0,Recall_Gap,0.5549272536373182,Extra Trees,,Utility,Gap,0.44504274786260667,0.03375611462570669,classification,Generators/Experiment with utility data leak/utility results/8. Mushroom dataset/TRTR_TSTR_results_merged.xlsx,utility,0.44504274786260667,,0.0,100.0
8. Mushroom dataset,CTGAN,,,Accuracy_Drop,,Extra Trees,,,Gap,0.4523888796404194,,classification,Generators/Experiment with utility data leak/utility results/8. Mushroom dataset/TRTR_TSTR_results_merged.xlsx,utility,0.4523888796404194,,0.0,100.0
8. Mushroom dataset,CTGAN,,,F1_Drop,,Extra Trees,,,Gap,0.4239034730228483,,classification,Generators/Experiment with utility data leak/utility results/8. Mushroom dataset/TRTR_TSTR_results_merged.xlsx,utility,0.4239034730228483,,0.0,100.0
8. Mushroom dataset,CTGAN,,,Precision_Drop,,Extra Trees,,,Gap,0.4004379421984535,,classification,Generators/Experiment with utility data leak/utility results/8. Mushroom dataset/TRTR_TSTR_results_merged.xlsx,utility,0.4004379421984535,,0.0,100.0
8. Mushroom dataset,CTGAN,,,Recall_Drop,,Extra Trees,,,Gap,0.4450427478626067,,classification,Generators/Experiment with utility data leak/utility results/8. Mushroom dataset/TRTR_TSTR_results_merged.xlsx,utility,0.4450427478626067,,0.0,100.0
8. Mushroom dataset,CTGAN,,0.0,Accuracy,0.9998917929082738,Random Forest,,Utility,TRTR,0.9998917929082738,3.814362988976479e-05,classification,Generators/Experiment with utility data leak/utility results/8. Mushroom dataset/TRTR_TSTR_results_merged.xlsx,utility,0.9998917929082738,,0.0,100.0
8. Mushroom dataset,CTGAN,,0.0,Accuracy,0.5432911603129682,Random Forest,,Utility,TSTR,0.5432911603129682,0.01761107976033547,classification,Generators/Experiment with utility data leak/utility results/8. Mushroom dataset/TRTR_TSTR_results_merged.xlsx,utility,0.5432911603129682,,0.0,100.0
8. Mushroom dataset,CTGAN,,0.0,Accuracy_Gap,0.5432911603129682,Random Forest,,Utility,Gap,0.4566006325953056,0.01761107976033547,classification,Generators/Experiment with utility data leak/utility results/8. Mushroom dataset/TRTR_TSTR_results_merged.xlsx,utility,0.4566006325953056,,0.0,100.0
8. Mushroom dataset,CTGAN,,0.0,F1,0.9999025054365672,Random Forest,,Utility,TRTR,0.9999025054365672,3.436305920243479e-05,classification,Generators/Experiment with utility data leak/utility results/8. Mushroom dataset/TRTR_TSTR_results_merged.xlsx,utility,0.9999025054365672,,0.0,100.0
8. Mushroom dataset,CTGAN,,0.0,F1,0.5748216316688086,Random Forest,,Utility,TSTR,0.5748216316688086,0.01635878328577746,classification,Generators/Experiment with utility data leak/utility results/8. Mushroom dataset/TRTR_TSTR_results_merged.xlsx,utility,0.5748216316688086,,0.0,100.0
8. Mushroom dataset,CTGAN,,0.0,F1_Gap,0.5748216316688086,Random Forest,,Utility,Gap,0.4250808737677586,0.01635878328577746,classification,Generators/Experiment with utility data leak/utility results/8. Mushroom dataset/TRTR_TSTR_results_merged.xlsx,utility,0.4250808737677586,,0.0,100.0
8. Mushroom dataset,CTGAN,,0.0,Precision,0.9999100179950515,Random Forest,,Utility,TRTR,0.9999100179950515,9.947206977344203e-05,classification,Generators/Experiment with utility data leak/utility results/8. Mushroom dataset/TRTR_TSTR_results_merged.xlsx,utility,0.9999100179950515,,0.0,100.0
8. Mushroom dataset,CTGAN,,0.0,Precision,0.5950798244380691,Random Forest,,Utility,TSTR,0.5950798244380691,0.01929846096640843,classification,Generators/Experiment with utility data leak/utility results/8. Mushroom dataset/TRTR_TSTR_results_merged.xlsx,utility,0.5950798244380691,,0.0,100.0
8. Mushroom dataset,CTGAN,,0.0,Precision_Gap,0.5950798244380691,Random Forest,,Utility,Gap,0.40483019355698246,0.01929846096640843,classification,Generators/Experiment with utility data leak/utility results/8. Mushroom dataset/TRTR_TSTR_results_merged.xlsx,utility,0.40483019355698246,,0.0,100.0
8. Mushroom dataset,CTGAN,,0.0,Recall,0.9998950052497374,Random Forest,,Utility,TRTR,0.9998950052497374,6.873519866439068e-05,classification,Generators/Experiment with utility data leak/utility results/8. Mushroom dataset/TRTR_TSTR_results_merged.xlsx,utility,0.9998950052497374,,0.0,100.0
8. Mushroom dataset,CTGAN,,0.0,Recall,0.5566371681415929,Random Forest,,Utility,TSTR,0.5566371681415929,0.02456055173284603,classification,Generators/Experiment with utility data leak/utility results/8. Mushroom dataset/TRTR_TSTR_results_merged.xlsx,utility,0.5566371681415929,,0.0,100.0
8. Mushroom dataset,CTGAN,,0.0,Recall_Gap,0.5566371681415929,Random Forest,,Utility,Gap,0.4432578371081445,0.02456055173284603,classification,Generators/Experiment with utility data leak/utility results/8. Mushroom dataset/TRTR_TSTR_results_merged.xlsx,utility,0.4432578371081445,,0.0,100.0
8. Mushroom dataset,CTGAN,,,Accuracy_Drop,,Random Forest,,,Gap,0.4566006325953056,,classification,Generators/Experiment with utility data leak/utility results/8. Mushroom dataset/TRTR_TSTR_results_merged.xlsx,utility,0.4566006325953056,,0.0,100.0
8. Mushroom dataset,CTGAN,,,F1_Drop,,Random Forest,,,Gap,0.4250808737677586,,classification,Generators/Experiment with utility data leak/utility results/8. Mushroom dataset/TRTR_TSTR_results_merged.xlsx,utility,0.4250808737677586,,0.0,100.0
8. Mushroom dataset,CTGAN,,,Precision_Drop,,Random Forest,,,Gap,0.4048301935569825,,classification,Generators/Experiment with utility data leak/utility results/8. Mushroom dataset/TRTR_TSTR_results_merged.xlsx,utility,0.4048301935569825,,0.0,100.0
8. Mushroom dataset,CTGAN,,,Recall_Drop,,Random Forest,,,Gap,0.4432578371081445,,classification,Generators/Experiment with utility data leak/utility results/8. Mushroom dataset/TRTR_TSTR_results_merged.xlsx,utility,0.4432578371081445,,0.0,100.0
8. Mushroom dataset,CTGAN,,0.0,Accuracy,0.9998002330614282,MLP,,Utility,TRTR,0.9998002330614282,0.0001498252039287662,classification,Generators/Experiment with utility data leak/utility results/8. Mushroom dataset/TRTR_TSTR_results_merged.xlsx,utility,0.9998002330614282,,0.0,100.0
8. Mushroom dataset,CTGAN,,0.0,Accuracy,0.518012318961212,MLP,,Utility,TSTR,0.518012318961212,0.01971884250899525,classification,Generators/Experiment with utility data leak/utility results/8. Mushroom dataset/TRTR_TSTR_results_merged.xlsx,utility,0.518012318961212,,0.0,100.0
8. Mushroom dataset,CTGAN,,0.0,Accuracy_Gap,0.518012318961212,MLP,,Utility,Gap,0.48178791410021615,0.01971884250899525,classification,Generators/Experiment with utility data leak/utility results/8. Mushroom dataset/TRTR_TSTR_results_merged.xlsx,utility,0.48178791410021615,,0.0,100.0
8. Mushroom dataset,CTGAN,,0.0,F1,0.9998200033725814,MLP,,Utility,TRTR,0.9998200033725814,0.0001350057549300141,classification,Generators/Experiment with utility data leak/utility results/8. Mushroom dataset/TRTR_TSTR_results_merged.xlsx,utility,0.9998200033725814,,0.0,100.0
8. Mushroom dataset,CTGAN,,0.0,F1,0.5201856790580831,MLP,,Utility,TSTR,0.5201856790580831,0.02011701273547059,classification,Generators/Experiment with utility data leak/utility results/8. Mushroom dataset/TRTR_TSTR_results_merged.xlsx,utility,0.5201856790580831,,0.0,100.0
8. Mushroom dataset,CTGAN,,0.0,F1_Gap,0.5201856790580831,MLP,,Utility,Gap,0.47963432431449826,0.02011701273547059,classification,Generators/Experiment with utility data leak/utility results/8. Mushroom dataset/TRTR_TSTR_results_merged.xlsx,utility,0.47963432431449826,,0.0,100.0
8. Mushroom dataset,CTGAN,,0.0,Precision,0.999835012740364,MLP,,Utility,TRTR,0.999835012740364,0.0001414792911934868,classification,Generators/Experiment with utility data leak/utility results/8. Mushroom dataset/TRTR_TSTR_results_merged.xlsx,utility,0.999835012740364,,0.0,100.0
8. Mushroom dataset,CTGAN,,0.0,Precision,0.5815312717482077,MLP,,Utility,TSTR,0.5815312717482077,0.02354529083611761,classification,Generators/Experiment with utility data leak/utility results/8. Mushroom dataset/TRTR_TSTR_results_merged.xlsx,utility,0.5815312717482077,,0.0,100.0
8. Mushroom dataset,CTGAN,,0.0,Precision_Gap,0.5815312717482077,MLP,,Utility,Gap,0.4183037409921563,0.02354529083611761,classification,Generators/Experiment with utility data leak/utility results/8. Mushroom dataset/TRTR_TSTR_results_merged.xlsx,utility,0.4183037409921563,,0.0,100.0
8. Mushroom dataset,CTGAN,,0.0,Recall,0.9998050097495124,MLP,,Utility,TRTR,0.9998050097495124,0.0001781062259942747,classification,Generators/Experiment with utility data leak/utility results/8. Mushroom dataset/TRTR_TSTR_results_merged.xlsx,utility,0.9998050097495124,,0.0,100.0
8. Mushroom dataset,CTGAN,,0.0,Recall,0.4710814459277036,MLP,,Utility,TSTR,0.4710814459277036,0.02396428164758531,classification,Generators/Experiment with utility data leak/utility results/8. Mushroom dataset/TRTR_TSTR_results_merged.xlsx,utility,0.4710814459277036,,0.0,100.0
8. Mushroom dataset,CTGAN,,0.0,Recall_Gap,0.4710814459277036,MLP,,Utility,Gap,0.5287235638218087,0.02396428164758531,classification,Generators/Experiment with utility data leak/utility results/8. Mushroom dataset/TRTR_TSTR_results_merged.xlsx,utility,0.5287235638218087,,0.0,100.0
8. Mushroom dataset,CTGAN,,,Accuracy_Drop,,MLP,,,Gap,0.4817879141002162,,classification,Generators/Experiment with utility data leak/utility results/8. Mushroom dataset/TRTR_TSTR_results_merged.xlsx,utility,0.4817879141002162,,0.0,100.0
8. Mushroom dataset,CTGAN,,,F1_Drop,,MLP,,,Gap,0.4796343243144983,,classification,Generators/Experiment with utility data leak/utility results/8. Mushroom dataset/TRTR_TSTR_results_merged.xlsx,utility,0.4796343243144983,,0.0,100.0
8. Mushroom dataset,CTGAN,,,Precision_Drop,,MLP,,,Gap,0.4183037409921563,,classification,Generators/Experiment with utility data leak/utility results/8. Mushroom dataset/TRTR_TSTR_results_merged.xlsx,utility,0.4183037409921563,,0.0,100.0
8. Mushroom dataset,CTGAN,,,Recall_Drop,,MLP,,,Gap,0.5287235638218087,,classification,Generators/Experiment with utility data leak/utility results/8. Mushroom dataset/TRTR_TSTR_results_merged.xlsx,utility,0.5287235638218087,,0.0,100.0
8. Mushroom dataset,CTGAN,,0.0,Accuracy,0.9993757283169635,KNN,,Utility,TRTR,0.9993757283169635,0.0001870501502766885,classification,Generators/Experiment with utility data leak/utility results/8. Mushroom dataset/TRTR_TSTR_results_merged.xlsx,utility,0.9993757283169635,,0.0,100.0
8. Mushroom dataset,CTGAN,,0.0,Accuracy,0.4929332445480273,KNN,,Utility,TSTR,0.4929332445480273,0.01249255942265013,classification,Generators/Experiment with utility data leak/utility results/8. Mushroom dataset/TRTR_TSTR_results_merged.xlsx,utility,0.4929332445480273,,0.0,100.0
8. Mushroom dataset,CTGAN,,0.0,Accuracy_Gap,0.4929332445480273,KNN,,Utility,Gap,0.5064424837689363,0.01249255942265013,classification,Generators/Experiment with utility data leak/utility results/8. Mushroom dataset/TRTR_TSTR_results_merged.xlsx,utility,0.5064424837689363,,0.0,100.0
8. Mushroom dataset,CTGAN,,0.0,F1,0.999437537679781,KNN,,Utility,TRTR,0.999437537679781,0.0001685162263673175,classification,Generators/Experiment with utility data leak/utility results/8. Mushroom dataset/TRTR_TSTR_results_merged.xlsx,utility,0.999437537679781,,0.0,100.0
8. Mushroom dataset,CTGAN,,0.0,F1,0.4851080740167791,KNN,,Utility,TSTR,0.4851080740167791,0.01698037211260896,classification,Generators/Experiment with utility data leak/utility results/8. Mushroom dataset/TRTR_TSTR_results_merged.xlsx,utility,0.4851080740167791,,0.0,100.0
8. Mushroom dataset,CTGAN,,0.0,F1_Gap,0.4851080740167791,KNN,,Utility,Gap,0.514329463663002,0.01698037211260896,classification,Generators/Experiment with utility data leak/utility results/8. Mushroom dataset/TRTR_TSTR_results_merged.xlsx,utility,0.514329463663002,,0.0,100.0
8. Mushroom dataset,CTGAN,,0.0,Precision,0.9994300667201221,KNN,,Utility,TRTR,0.9994300667201221,0.0002203628791389911,classification,Generators/Experiment with utility data leak/utility results/8. Mushroom dataset/TRTR_TSTR_results_merged.xlsx,utility,0.9994300667201221,,0.0,100.0
8. Mushroom dataset,CTGAN,,0.0,Precision,0.5558627259934086,KNN,,Utility,TSTR,0.5558627259934086,0.01516009181935729,classification,Generators/Experiment with utility data leak/utility results/8. Mushroom dataset/TRTR_TSTR_results_merged.xlsx,utility,0.5558627259934086,,0.0,100.0
8. Mushroom dataset,CTGAN,,0.0,Precision_Gap,0.5558627259934086,KNN,,Utility,Gap,0.44356734072671355,0.01516009181935729,classification,Generators/Experiment with utility data leak/utility results/8. Mushroom dataset/TRTR_TSTR_results_merged.xlsx,utility,0.44356734072671355,,0.0,100.0
8. Mushroom dataset,CTGAN,,0.0,Recall,0.9994450277486123,KNN,,Utility,TRTR,0.9994450277486123,0.0001649917504124697,classification,Generators/Experiment with utility data leak/utility results/8. Mushroom dataset/TRTR_TSTR_results_merged.xlsx,utility,0.9994450277486123,,0.0,100.0
8. Mushroom dataset,CTGAN,,0.0,Recall,0.4309284535773211,KNN,,Utility,TSTR,0.4309284535773211,0.02373002712121285,classification,Generators/Experiment with utility data leak/utility results/8. Mushroom dataset/TRTR_TSTR_results_merged.xlsx,utility,0.4309284535773211,,0.0,100.0
8. Mushroom dataset,CTGAN,,0.0,Recall_Gap,0.4309284535773211,KNN,,Utility,Gap,0.5685165741712912,0.02373002712121285,classification,Generators/Experiment with utility data leak/utility results/8. Mushroom dataset/TRTR_TSTR_results_merged.xlsx,utility,0.5685165741712912,,0.0,100.0
8. Mushroom dataset,CTGAN,,,Accuracy_Drop,,KNN,,,Gap,0.5064424837689363,,classification,Generators/Experiment with utility data leak/utility results/8. Mushroom dataset/TRTR_TSTR_results_merged.xlsx,utility,0.5064424837689363,,0.0,100.0
8. Mushroom dataset,CTGAN,,,F1_Drop,,KNN,,,Gap,0.514329463663002,,classification,Generators/Experiment with utility data leak/utility results/8. Mushroom dataset/TRTR_TSTR_results_merged.xlsx,utility,0.514329463663002,,0.0,100.0
8. Mushroom dataset,CTGAN,,,Precision_Drop,,KNN,,,Gap,0.4435673407267136,,classification,Generators/Experiment with utility data leak/utility results/8. Mushroom dataset/TRTR_TSTR_results_merged.xlsx,utility,0.4435673407267136,,0.0,100.0
8. Mushroom dataset,CTGAN,,,Recall_Drop,,KNN,,,Gap,0.5685165741712912,,classification,Generators/Experiment with utility data leak/utility results/8. Mushroom dataset/TRTR_TSTR_results_merged.xlsx,utility,0.5685165741712912,,0.0,100.0
8. Mushroom dataset,CTGAN,,0.0,Accuracy,0.9430830697519561,Decision Tree,,Utility,TRTR,0.9430830697519561,0.003054622010995107,classification,Generators/Experiment with utility data leak/utility results/8. Mushroom dataset/TRTR_TSTR_results_merged.xlsx,utility,0.9430830697519561,,0.0,100.0
8. Mushroom dataset,CTGAN,,0.0,Accuracy,0.5327950724155153,Decision Tree,,Utility,TSTR,0.5327950724155153,0.02746041131158687,classification,Generators/Experiment with utility data leak/utility results/8. Mushroom dataset/TRTR_TSTR_results_merged.xlsx,utility,0.5327950724155153,,0.0,100.0
8. Mushroom dataset,CTGAN,,0.0,Accuracy_Gap,0.5327950724155153,Decision Tree,,Utility,Gap,0.41028799733644084,0.02746041131158687,classification,Generators/Experiment with utility data leak/utility results/8. Mushroom dataset/TRTR_TSTR_results_merged.xlsx,utility,0.41028799733644084,,0.0,100.0
8. Mushroom dataset,CTGAN,,0.0,F1,0.9486269064274188,Decision Tree,,Utility,TRTR,0.9486269064274188,0.002733229331666377,classification,Generators/Experiment with utility data leak/utility results/8. Mushroom dataset/TRTR_TSTR_results_merged.xlsx,utility,0.9486269064274188,,0.0,100.0
8. Mushroom dataset,CTGAN,,0.0,F1,0.568184891946037,Decision Tree,,Utility,TSTR,0.568184891946037,0.04262160243926748,classification,Generators/Experiment with utility data leak/utility results/8. Mushroom dataset/TRTR_TSTR_results_merged.xlsx,utility,0.568184891946037,,0.0,100.0
8. Mushroom dataset,CTGAN,,0.0,F1_Gap,0.568184891946037,Decision Tree,,Utility,Gap,0.3804420144813817,0.04262160243926748,classification,Generators/Experiment with utility data leak/utility results/8. Mushroom dataset/TRTR_TSTR_results_merged.xlsx,utility,0.3804420144813817,,0.0,100.0
8. Mushroom dataset,CTGAN,,0.0,Precision,0.9503557108620792,Decision Tree,,Utility,TRTR,0.9503557108620792,0.004797011192999022,classification,Generators/Experiment with utility data leak/utility results/8. Mushroom dataset/TRTR_TSTR_results_merged.xlsx,utility,0.9503557108620792,,0.0,100.0
8. Mushroom dataset,CTGAN,,0.0,Precision,0.5820049922204459,Decision Tree,,Utility,TSTR,0.5820049922204459,0.02215235072434856,classification,Generators/Experiment with utility data leak/utility results/8. Mushroom dataset/TRTR_TSTR_results_merged.xlsx,utility,0.5820049922204459,,0.0,100.0
8. Mushroom dataset,CTGAN,,0.0,Precision_Gap,0.5820049922204459,Decision Tree,,Utility,Gap,0.36835071864163327,0.02215235072434856,classification,Generators/Experiment with utility data leak/utility results/8. Mushroom dataset/TRTR_TSTR_results_merged.xlsx,utility,0.36835071864163327,,0.0,100.0
8. Mushroom dataset,CTGAN,,0.0,Recall,0.9469326533673316,Decision Tree,,Utility,TRTR,0.9469326533673316,0.004340358980694475,classification,Generators/Experiment with utility data leak/utility results/8. Mushroom dataset/TRTR_TSTR_results_merged.xlsx,utility,0.9469326533673316,,0.0,100.0
8. Mushroom dataset,CTGAN,,0.0,Recall,0.5584370781460927,Decision Tree,,Utility,TSTR,0.5584370781460927,0.0692517973186782,classification,Generators/Experiment with utility data leak/utility results/8. Mushroom dataset/TRTR_TSTR_results_merged.xlsx,utility,0.5584370781460927,,0.0,100.0
8. Mushroom dataset,CTGAN,,0.0,Recall_Gap,0.5584370781460927,Decision Tree,,Utility,Gap,0.3884955752212389,0.0692517973186782,classification,Generators/Experiment with utility data leak/utility results/8. Mushroom dataset/TRTR_TSTR_results_merged.xlsx,utility,0.3884955752212389,,0.0,100.0
8. Mushroom dataset,CTGAN,,,Accuracy_Drop,,Decision Tree,,,Gap,0.4102879973364408,,classification,Generators/Experiment with utility data leak/utility results/8. Mushroom dataset/TRTR_TSTR_results_merged.xlsx,utility,0.4102879973364408,,0.0,100.0
8. Mushroom dataset,CTGAN,,,F1_Drop,,Decision Tree,,,Gap,0.3804420144813817,,classification,Generators/Experiment with utility data leak/utility results/8. Mushroom dataset/TRTR_TSTR_results_merged.xlsx,utility,0.3804420144813817,,0.0,100.0
8. Mushroom dataset,CTGAN,,,Precision_Drop,,Decision Tree,,,Gap,0.3683507186416333,,classification,Generators/Experiment with utility data leak/utility results/8. Mushroom dataset/TRTR_TSTR_results_merged.xlsx,utility,0.3683507186416333,,0.0,100.0
8. Mushroom dataset,CTGAN,,,Recall_Drop,,Decision Tree,,,Gap,0.3884955752212389,,classification,Generators/Experiment with utility data leak/utility results/8. Mushroom dataset/TRTR_TSTR_results_merged.xlsx,utility,0.3884955752212389,,0.0,100.0
8. Mushroom dataset,CTGAN,,0.0,Accuracy,0.8177376394206759,Gradient Boosting,,Utility,TRTR,0.8177376394206759,0.009463270545125387,classification,Generators/Experiment with utility data leak/utility results/8. Mushroom dataset/TRTR_TSTR_results_merged.xlsx,utility,0.8177376394206759,,0.0,100.0
8. Mushroom dataset,CTGAN,,0.0,Accuracy,0.5635508573331114,Gradient Boosting,,Utility,TSTR,0.5635508573331114,0.01652054540663991,classification,Generators/Experiment with utility data leak/utility results/8. Mushroom dataset/TRTR_TSTR_results_merged.xlsx,utility,0.5635508573331114,,0.0,100.0
8. Mushroom dataset,CTGAN,,0.0,Accuracy_Gap,0.5635508573331114,Gradient Boosting,,Utility,Gap,0.2541867820875645,0.01652054540663991,classification,Generators/Experiment with utility data leak/utility results/8. Mushroom dataset/TRTR_TSTR_results_merged.xlsx,utility,0.2541867820875645,,0.0,100.0
8. Mushroom dataset,CTGAN,,0.0,F1,0.8351441635674031,Gradient Boosting,,Utility,TRTR,0.8351441635674031,0.009911515687219402,classification,Generators/Experiment with utility data leak/utility results/8. Mushroom dataset/TRTR_TSTR_results_merged.xlsx,utility,0.8351441635674031,,0.0,100.0
8. Mushroom dataset,CTGAN,,0.0,F1,0.6165143642116927,Gradient Boosting,,Utility,TSTR,0.6165143642116927,0.02135967258695158,classification,Generators/Experiment with utility data leak/utility results/8. Mushroom dataset/TRTR_TSTR_results_merged.xlsx,utility,0.6165143642116927,,0.0,100.0
8. Mushroom dataset,CTGAN,,0.0,F1_Gap,0.6165143642116927,Gradient Boosting,,Utility,Gap,0.21862979935571036,0.02135967258695158,classification,Generators/Experiment with utility data leak/utility results/8. Mushroom dataset/TRTR_TSTR_results_merged.xlsx,utility,0.21862979935571036,,0.0,100.0
8. Mushroom dataset,CTGAN,,0.0,Precision,0.8380774142407716,Gradient Boosting,,Utility,TRTR,0.8380774142407716,0.007023800154772467,classification,Generators/Experiment with utility data leak/utility results/8. Mushroom dataset/TRTR_TSTR_results_merged.xlsx,utility,0.8380774142407716,,0.0,100.0
8. Mushroom dataset,CTGAN,,0.0,Precision,0.6017372641286849,Gradient Boosting,,Utility,TSTR,0.6017372641286849,0.01572434021226366,classification,Generators/Experiment with utility data leak/utility results/8. Mushroom dataset/TRTR_TSTR_results_merged.xlsx,utility,0.6017372641286849,,0.0,100.0
8. Mushroom dataset,CTGAN,,0.0,Precision_Gap,0.6017372641286849,Gradient Boosting,,Utility,Gap,0.23634015011208676,0.01572434021226366,classification,Generators/Experiment with utility data leak/utility results/8. Mushroom dataset/TRTR_TSTR_results_merged.xlsx,utility,0.23634015011208676,,0.0,100.0
8. Mushroom dataset,CTGAN,,0.0,Recall,0.8324883755812209,Gradient Boosting,,Utility,TRTR,0.8324883755812209,0.01907263019534354,classification,Generators/Experiment with utility data leak/utility results/8. Mushroom dataset/TRTR_TSTR_results_merged.xlsx,utility,0.8324883755812209,,0.0,100.0
8. Mushroom dataset,CTGAN,,0.0,Recall,0.6337783110844459,Gradient Boosting,,Utility,TSTR,0.6337783110844459,0.04303034666717832,classification,Generators/Experiment with utility data leak/utility results/8. Mushroom dataset/TRTR_TSTR_results_merged.xlsx,utility,0.6337783110844459,,0.0,100.0
8. Mushroom dataset,CTGAN,,0.0,Recall_Gap,0.6337783110844459,Gradient Boosting,,Utility,Gap,0.19871006449677497,0.04303034666717832,classification,Generators/Experiment with utility data leak/utility results/8. Mushroom dataset/TRTR_TSTR_results_merged.xlsx,utility,0.19871006449677497,,0.0,100.0
8. Mushroom dataset,CTGAN,,,Accuracy_Drop,,Gradient Boosting,,,Gap,0.2541867820875645,,classification,Generators/Experiment with utility data leak/utility results/8. Mushroom dataset/TRTR_TSTR_results_merged.xlsx,utility,0.2541867820875645,,0.0,100.0
8. Mushroom dataset,CTGAN,,,F1_Drop,,Gradient Boosting,,,Gap,0.2186297993557104,,classification,Generators/Experiment with utility data leak/utility results/8. Mushroom dataset/TRTR_TSTR_results_merged.xlsx,utility,0.2186297993557104,,0.0,100.0
8. Mushroom dataset,CTGAN,,,Precision_Drop,,Gradient Boosting,,,Gap,0.2363401501120868,,classification,Generators/Experiment with utility data leak/utility results/8. Mushroom dataset/TRTR_TSTR_results_merged.xlsx,utility,0.2363401501120868,,0.0,100.0
8. Mushroom dataset,CTGAN,,,Recall_Drop,,Gradient Boosting,,,Gap,0.198710064496775,,classification,Generators/Experiment with utility data leak/utility results/8. Mushroom dataset/TRTR_TSTR_results_merged.xlsx,utility,0.198710064496775,,0.0,100.0
8. Mushroom dataset,CTGAN,,0.0,Accuracy,0.6532711836191111,Logistic Regression,,Utility,TRTR,0.6532711836191111,0.003432765231763527,classification,Generators/Experiment with utility data leak/utility results/8. Mushroom dataset/TRTR_TSTR_results_merged.xlsx,utility,0.6532711836191111,,0.0,100.0
8. Mushroom dataset,CTGAN,,0.0,Accuracy,0.5579240885633427,Logistic Regression,,Utility,TSTR,0.5579240885633427,0.01263883619990623,classification,Generators/Experiment with utility data leak/utility results/8. Mushroom dataset/TRTR_TSTR_results_merged.xlsx,utility,0.5579240885633427,,0.0,100.0
8. Mushroom dataset,CTGAN,,0.0,Accuracy_Gap,0.5579240885633427,Logistic Regression,,Utility,Gap,0.09534709505576833,0.01263883619990623,classification,Generators/Experiment with utility data leak/utility results/8. Mushroom dataset/TRTR_TSTR_results_merged.xlsx,utility,0.09534709505576833,,0.0,100.0
8. Mushroom dataset,CTGAN,,0.0,F1,0.7102051701755642,Logistic Regression,,Utility,TRTR,0.7102051701755642,0.002525563014958159,classification,Generators/Experiment with utility data leak/utility results/8. Mushroom dataset/TRTR_TSTR_results_merged.xlsx,utility,0.7102051701755642,,0.0,100.0
8. Mushroom dataset,CTGAN,,0.0,F1,0.6029153489609798,Logistic Regression,,Utility,TSTR,0.6029153489609798,0.008947952078123494,classification,Generators/Experiment with utility data leak/utility results/8. Mushroom dataset/TRTR_TSTR_results_merged.xlsx,utility,0.6029153489609798,,0.0,100.0
8. Mushroom dataset,CTGAN,,0.0,F1_Gap,0.6029153489609798,Logistic Regression,,Utility,Gap,0.10728982121458441,0.008947952078123494,classification,Generators/Experiment with utility data leak/utility results/8. Mushroom dataset/TRTR_TSTR_results_merged.xlsx,utility,0.10728982121458441,,0.0,100.0
8. Mushroom dataset,CTGAN,,0.0,Precision,0.6622882541511838,Logistic Regression,,Utility,TRTR,0.6622882541511838,0.003196371629185143,classification,Generators/Experiment with utility data leak/utility results/8. Mushroom dataset/TRTR_TSTR_results_merged.xlsx,utility,0.6622882541511838,,0.0,100.0
8. Mushroom dataset,CTGAN,,0.0,Precision,0.6016916842142102,Logistic Regression,,Utility,TSTR,0.6016916842142102,0.01519280882203648,classification,Generators/Experiment with utility data leak/utility results/8. Mushroom dataset/TRTR_TSTR_results_merged.xlsx,utility,0.6016916842142102,,0.0,100.0
8. Mushroom dataset,CTGAN,,0.0,Precision_Gap,0.6016916842142102,Logistic Regression,,Utility,Gap,0.0605965699369736,0.01519280882203648,classification,Generators/Experiment with utility data leak/utility results/8. Mushroom dataset/TRTR_TSTR_results_merged.xlsx,utility,0.0605965699369736,,0.0,100.0
8. Mushroom dataset,CTGAN,,0.0,Recall,0.7656067196640167,Logistic Regression,,Utility,TRTR,0.7656067196640167,0.002835651757146686,classification,Generators/Experiment with utility data leak/utility results/8. Mushroom dataset/TRTR_TSTR_results_merged.xlsx,utility,0.7656067196640167,,0.0,100.0
8. Mushroom dataset,CTGAN,,0.0,Recall,0.6049797510124495,Logistic Regression,,Utility,TSTR,0.6049797510124495,0.02112746463511145,classification,Generators/Experiment with utility data leak/utility results/8. Mushroom dataset/TRTR_TSTR_results_merged.xlsx,utility,0.6049797510124495,,0.0,100.0
8. Mushroom dataset,CTGAN,,0.0,Recall_Gap,0.6049797510124495,Logistic Regression,,Utility,Gap,0.16062696865156723,0.02112746463511145,classification,Generators/Experiment with utility data leak/utility results/8. Mushroom dataset/TRTR_TSTR_results_merged.xlsx,utility,0.16062696865156723,,0.0,100.0
8. Mushroom dataset,CTGAN,,,Accuracy_Drop,,Logistic Regression,,,Gap,0.09534709505576833,,classification,Generators/Experiment with utility data leak/utility results/8. Mushroom dataset/TRTR_TSTR_results_merged.xlsx,utility,0.09534709505576833,,0.0,100.0
8. Mushroom dataset,CTGAN,,,F1_Drop,,Logistic Regression,,,Gap,0.1072898212145844,,classification,Generators/Experiment with utility data leak/utility results/8. Mushroom dataset/TRTR_TSTR_results_merged.xlsx,utility,0.1072898212145844,,0.0,100.0
8. Mushroom dataset,CTGAN,,,Precision_Drop,,Logistic Regression,,,Gap,0.0605965699369736,,classification,Generators/Experiment with utility data leak/utility results/8. Mushroom dataset/TRTR_TSTR_results_merged.xlsx,utility,0.0605965699369736,,0.0,100.0
8. Mushroom dataset,CTGAN,,,Recall_Drop,,Logistic Regression,,,Gap,0.1606269686515672,,classification,Generators/Experiment with utility data leak/utility results/8. Mushroom dataset/TRTR_TSTR_results_merged.xlsx,utility,0.1606269686515672,,0.0,100.0
8. Mushroom dataset,CTGAN,,0.0,Accuracy,0.6530214749458965,AdaBoost,,Utility,TRTR,0.6530214749458965,0.00911056123636879,classification,Generators/Experiment with utility data leak/utility results/8. Mushroom dataset/TRTR_TSTR_results_merged.xlsx,utility,0.6530214749458965,,0.0,100.0
8. Mushroom dataset,CTGAN,,0.0,Accuracy,0.5610038288663226,AdaBoost,,Utility,TSTR,0.5610038288663226,0.02333853637156441,classification,Generators/Experiment with utility data leak/utility results/8. Mushroom dataset/TRTR_TSTR_results_merged.xlsx,utility,0.5610038288663226,,0.0,100.0
8. Mushroom dataset,CTGAN,,0.0,Accuracy_Gap,0.5610038288663226,AdaBoost,,Utility,Gap,0.09201764607957386,0.02333853637156441,classification,Generators/Experiment with utility data leak/utility results/8. Mushroom dataset/TRTR_TSTR_results_merged.xlsx,utility,0.09201764607957386,,0.0,100.0
8. Mushroom dataset,CTGAN,,0.0,F1,0.6586554205410092,AdaBoost,,Utility,TRTR,0.6586554205410092,0.01000642657450882,classification,Generators/Experiment with utility data leak/utility results/8. Mushroom dataset/TRTR_TSTR_results_merged.xlsx,utility,0.6586554205410092,,0.0,100.0
8. Mushroom dataset,CTGAN,,0.0,F1,0.5852740439567824,AdaBoost,,Utility,TSTR,0.5852740439567824,0.02772538205712655,classification,Generators/Experiment with utility data leak/utility results/8. Mushroom dataset/TRTR_TSTR_results_merged.xlsx,utility,0.5852740439567824,,0.0,100.0
8. Mushroom dataset,CTGAN,,0.0,F1_Gap,0.5852740439567824,AdaBoost,,Utility,Gap,0.07338137658422683,0.02772538205712655,classification,Generators/Experiment with utility data leak/utility results/8. Mushroom dataset/TRTR_TSTR_results_merged.xlsx,utility,0.07338137658422683,,0.0,100.0
8. Mushroom dataset,CTGAN,,0.0,Precision,0.7262195138345482,AdaBoost,,Utility,TRTR,0.7262195138345482,0.02162521657245883,classification,Generators/Experiment with utility data leak/utility results/8. Mushroom dataset/TRTR_TSTR_results_merged.xlsx,utility,0.7262195138345482,,0.0,100.0
8. Mushroom dataset,CTGAN,,0.0,Precision,0.6162737597357916,AdaBoost,,Utility,TSTR,0.6162737597357916,0.02767880282747612,classification,Generators/Experiment with utility data leak/utility results/8. Mushroom dataset/TRTR_TSTR_results_merged.xlsx,utility,0.6162737597357916,,0.0,100.0
8. Mushroom dataset,CTGAN,,0.0,Precision_Gap,0.6162737597357916,AdaBoost,,Utility,Gap,0.10994575409875662,0.02767880282747612,classification,Generators/Experiment with utility data leak/utility results/8. Mushroom dataset/TRTR_TSTR_results_merged.xlsx,utility,0.10994575409875662,,0.0,100.0
8. Mushroom dataset,CTGAN,,0.0,Recall,0.6036898155092245,AdaBoost,,Utility,TRTR,0.6036898155092245,0.02328275950044984,classification,Generators/Experiment with utility data leak/utility results/8. Mushroom dataset/TRTR_TSTR_results_merged.xlsx,utility,0.6036898155092245,,0.0,100.0
8. Mushroom dataset,CTGAN,,0.0,Recall,0.5603569821508925,AdaBoost,,Utility,TSTR,0.5603569821508925,0.05310537166708807,classification,Generators/Experiment with utility data leak/utility results/8. Mushroom dataset/TRTR_TSTR_results_merged.xlsx,utility,0.5603569821508925,,0.0,100.0
8. Mushroom dataset,CTGAN,,0.0,Recall_Gap,0.5603569821508925,AdaBoost,,Utility,Gap,0.043332833358332046,0.05310537166708807,classification,Generators/Experiment with utility data leak/utility results/8. Mushroom dataset/TRTR_TSTR_results_merged.xlsx,utility,0.043332833358332046,,0.0,100.0
8. Mushroom dataset,CTGAN,,,Accuracy_Drop,,AdaBoost,,,Gap,0.09201764607957386,,classification,Generators/Experiment with utility data leak/utility results/8. Mushroom dataset/TRTR_TSTR_results_merged.xlsx,utility,0.09201764607957386,,0.0,100.0
8. Mushroom dataset,CTGAN,,,F1_Drop,,AdaBoost,,,Gap,0.07338137658422683,,classification,Generators/Experiment with utility data leak/utility results/8. Mushroom dataset/TRTR_TSTR_results_merged.xlsx,utility,0.07338137658422683,,0.0,100.0
8. Mushroom dataset,CTGAN,,,Precision_Drop,,AdaBoost,,,Gap,0.1099457540987566,,classification,Generators/Experiment with utility data leak/utility results/8. Mushroom dataset/TRTR_TSTR_results_merged.xlsx,utility,0.1099457540987566,,0.0,100.0
8. Mushroom dataset,CTGAN,,,Recall_Drop,,AdaBoost,,,Gap,0.04333283335833205,,classification,Generators/Experiment with utility data leak/utility results/8. Mushroom dataset/TRTR_TSTR_results_merged.xlsx,utility,0.04333283335833205,,0.0,100.0
8. Mushroom dataset,CTGAN,,0.0,Accuracy,0.652688530048277,SVM-RBF,,Utility,TRTR,0.652688530048277,0.003540466283100108,classification,Generators/Experiment with utility data leak/utility results/8. Mushroom dataset/TRTR_TSTR_results_merged.xlsx,utility,0.652688530048277,,0.0,100.0
8. Mushroom dataset,CTGAN,,0.0,Accuracy,0.5578075578491759,SVM-RBF,,Utility,TSTR,0.5578075578491759,0.01289383925033474,classification,Generators/Experiment with utility data leak/utility results/8. Mushroom dataset/TRTR_TSTR_results_merged.xlsx,utility,0.5578075578491759,,0.0,100.0
8. Mushroom dataset,CTGAN,,0.0,Accuracy_Gap,0.5578075578491759,SVM-RBF,,Utility,Gap,0.09488097219910108,0.01289383925033474,classification,Generators/Experiment with utility data leak/utility results/8. Mushroom dataset/TRTR_TSTR_results_merged.xlsx,utility,0.09488097219910108,,0.0,100.0
8. Mushroom dataset,CTGAN,,0.0,F1,0.7111657290688942,SVM-RBF,,Utility,TRTR,0.7111657290688942,0.002515858645437491,classification,Generators/Experiment with utility data leak/utility results/8. Mushroom dataset/TRTR_TSTR_results_merged.xlsx,utility,0.7111657290688942,,0.0,100.0
8. Mushroom dataset,CTGAN,,0.0,F1,0.6032127658070934,SVM-RBF,,Utility,TSTR,0.6032127658070934,0.00921090804121057,classification,Generators/Experiment with utility data leak/utility results/8. Mushroom dataset/TRTR_TSTR_results_merged.xlsx,utility,0.6032127658070934,,0.0,100.0
8. Mushroom dataset,CTGAN,,0.0,F1_Gap,0.6032127658070934,SVM-RBF,,Utility,Gap,0.10795296326180082,0.00921090804121057,classification,Generators/Experiment with utility data leak/utility results/8. Mushroom dataset/TRTR_TSTR_results_merged.xlsx,utility,0.10795296326180082,,0.0,100.0
8. Mushroom dataset,CTGAN,,0.0,Precision,0.660338278612806,SVM-RBF,,Utility,TRTR,0.660338278612806,0.003326244875037613,classification,Generators/Experiment with utility data leak/utility results/8. Mushroom dataset/TRTR_TSTR_results_merged.xlsx,utility,0.660338278612806,,0.0,100.0
8. Mushroom dataset,CTGAN,,0.0,Precision,0.6013888965202371,SVM-RBF,,Utility,TSTR,0.6013888965202371,0.01537976386083006,classification,Generators/Experiment with utility data leak/utility results/8. Mushroom dataset/TRTR_TSTR_results_merged.xlsx,utility,0.6013888965202371,,0.0,100.0
8. Mushroom dataset,CTGAN,,0.0,Precision_Gap,0.6013888965202371,SVM-RBF,,Utility,Gap,0.05894938209256895,0.01537976386083006,classification,Generators/Experiment with utility data leak/utility results/8. Mushroom dataset/TRTR_TSTR_results_merged.xlsx,utility,0.05894938209256895,,0.0,100.0
8. Mushroom dataset,CTGAN,,0.0,Recall,0.7704814759262038,SVM-RBF,,Utility,TRTR,0.7704814759262038,0.002684656261806534,classification,Generators/Experiment with utility data leak/utility results/8. Mushroom dataset/TRTR_TSTR_results_merged.xlsx,utility,0.7704814759262038,,0.0,100.0
8. Mushroom dataset,CTGAN,,0.0,Recall,0.6058947052647368,SVM-RBF,,Utility,TSTR,0.6058947052647368,0.02138056152246889,classification,Generators/Experiment with utility data leak/utility results/8. Mushroom dataset/TRTR_TSTR_results_merged.xlsx,utility,0.6058947052647368,,0.0,100.0
8. Mushroom dataset,CTGAN,,0.0,Recall_Gap,0.6058947052647368,SVM-RBF,,Utility,Gap,0.16458677066146699,0.02138056152246889,classification,Generators/Experiment with utility data leak/utility results/8. Mushroom dataset/TRTR_TSTR_results_merged.xlsx,utility,0.16458677066146699,,0.0,100.0
8. Mushroom dataset,CTGAN,,,Accuracy_Drop,,SVM-RBF,,,Gap,0.09488097219910108,,classification,Generators/Experiment with utility data leak/utility results/8. Mushroom dataset/TRTR_TSTR_results_merged.xlsx,utility,0.09488097219910108,,0.0,100.0
8. Mushroom dataset,CTGAN,,,F1_Drop,,SVM-RBF,,,Gap,0.1079529632618008,,classification,Generators/Experiment with utility data leak/utility results/8. Mushroom dataset/TRTR_TSTR_results_merged.xlsx,utility,0.1079529632618008,,0.0,100.0
8. Mushroom dataset,CTGAN,,,Precision_Drop,,SVM-RBF,,,Gap,0.05894938209256895,,classification,Generators/Experiment with utility data leak/utility results/8. Mushroom dataset/TRTR_TSTR_results_merged.xlsx,utility,0.05894938209256895,,0.0,100.0
8. Mushroom dataset,CTGAN,,,Recall_Drop,,SVM-RBF,,,Gap,0.164586770661467,,classification,Generators/Experiment with utility data leak/utility results/8. Mushroom dataset/TRTR_TSTR_results_merged.xlsx,utility,0.164586770661467,,0.0,100.0
8. Mushroom dataset,CTGAN,,0.0,Accuracy,0.6093557516231064,Naive Bayes,,Utility,TRTR,0.6093557516231064,0.002206246746399765,classification,Generators/Experiment with utility data leak/utility results/8. Mushroom dataset/TRTR_TSTR_results_merged.xlsx,utility,0.6093557516231064,,0.0,100.0
8. Mushroom dataset,CTGAN,,0.0,Accuracy,0.5532378891293491,Naive Bayes,,Utility,TSTR,0.5532378891293491,0.01102282709517512,classification,Generators/Experiment with utility data leak/utility results/8. Mushroom dataset/TRTR_TSTR_results_merged.xlsx,utility,0.5532378891293491,,0.0,100.0
8. Mushroom dataset,CTGAN,,0.0,Accuracy_Gap,0.5532378891293491,Naive Bayes,,Utility,Gap,0.056117862493757276,0.01102282709517512,classification,Generators/Experiment with utility data leak/utility results/8. Mushroom dataset/TRTR_TSTR_results_merged.xlsx,utility,0.056117862493757276,,0.0,100.0
8. Mushroom dataset,CTGAN,,0.0,F1,0.5471586204572338,Naive Bayes,,Utility,TRTR,0.5471586204572338,0.003948342675541275,classification,Generators/Experiment with utility data leak/utility results/8. Mushroom dataset/TRTR_TSTR_results_merged.xlsx,utility,0.5471586204572338,,0.0,100.0
8. Mushroom dataset,CTGAN,,0.0,F1,0.5621506755864341,Naive Bayes,,Utility,TSTR,0.5621506755864341,0.02321998353513002,classification,Generators/Experiment with utility data leak/utility results/8. Mushroom dataset/TRTR_TSTR_results_merged.xlsx,utility,0.5621506755864341,,0.0,100.0
8. Mushroom dataset,CTGAN,,0.0,F1_Gap,0.5621506755864341,Naive Bayes,,Utility,Gap,-0.01499205512920021,0.02321998353513002,classification,Generators/Experiment with utility data leak/utility results/8. Mushroom dataset/TRTR_TSTR_results_merged.xlsx,utility,-0.01499205512920021,,0.0,100.0
8. Mushroom dataset,CTGAN,,0.0,Precision,0.7669376693867336,Naive Bayes,,Utility,TRTR,0.7669376693867336,0.002744162729666706,classification,Generators/Experiment with utility data leak/utility results/8. Mushroom dataset/TRTR_TSTR_results_merged.xlsx,utility,0.7669376693867336,,0.0,100.0
8. Mushroom dataset,CTGAN,,0.0,Precision,0.6185242585065107,Naive Bayes,,Utility,TSTR,0.6185242585065107,0.02486599762350282,classification,Generators/Experiment with utility data leak/utility results/8. Mushroom dataset/TRTR_TSTR_results_merged.xlsx,utility,0.6185242585065107,,0.0,100.0
8. Mushroom dataset,CTGAN,,0.0,Precision_Gap,0.6185242585065107,Naive Bayes,,Utility,Gap,0.14841341088022286,0.02486599762350282,classification,Generators/Experiment with utility data leak/utility results/8. Mushroom dataset/TRTR_TSTR_results_merged.xlsx,utility,0.14841341088022286,,0.0,100.0
8. Mushroom dataset,CTGAN,,0.0,Recall,0.4253037348132593,Naive Bayes,,Utility,TRTR,0.4253037348132593,0.004574279456311722,classification,Generators/Experiment with utility data leak/utility results/8. Mushroom dataset/TRTR_TSTR_results_merged.xlsx,utility,0.4253037348132593,,0.0,100.0
8. Mushroom dataset,CTGAN,,0.0,Recall,0.5195590220488976,Naive Bayes,,Utility,TSTR,0.5195590220488976,0.05170585236507935,classification,Generators/Experiment with utility data leak/utility results/8. Mushroom dataset/TRTR_TSTR_results_merged.xlsx,utility,0.5195590220488976,,0.0,100.0
8. Mushroom dataset,CTGAN,,0.0,Recall_Gap,0.5195590220488976,Naive Bayes,,Utility,Gap,-0.09425528723563831,0.05170585236507935,classification,Generators/Experiment with utility data leak/utility results/8. Mushroom dataset/TRTR_TSTR_results_merged.xlsx,utility,-0.09425528723563831,,0.0,100.0
8. Mushroom dataset,CTGAN,,,Accuracy_Drop,,Naive Bayes,,,Gap,0.05611786249375728,,classification,Generators/Experiment with utility data leak/utility results/8. Mushroom dataset/TRTR_TSTR_results_merged.xlsx,utility,0.05611786249375728,,0.0,100.0
8. Mushroom dataset,CTGAN,,,F1_Drop,,Naive Bayes,,,Gap,-0.01499205512920021,,classification,Generators/Experiment with utility data leak/utility results/8. Mushroom dataset/TRTR_TSTR_results_merged.xlsx,utility,-0.01499205512920021,,0.0,100.0
8. Mushroom dataset,CTGAN,,,Precision_Drop,,Naive Bayes,,,Gap,0.1484134108802229,,classification,Generators/Experiment with utility data leak/utility results/8. Mushroom dataset/TRTR_TSTR_results_merged.xlsx,utility,0.1484134108802229,,0.0,100.0
8. Mushroom dataset,CTGAN,,,Recall_Drop,,Naive Bayes,,,Gap,-0.09425528723563831,,classification,Generators/Experiment with utility data leak/utility results/8. Mushroom dataset/TRTR_TSTR_results_merged.xlsx,utility,-0.09425528723563831,,0.0,100.0
8. Mushroom dataset,CopulaGAN,,0.0,Accuracy,0.999983352755119,Extra Trees,,Utility,TRTR,0.999983352755119,3.329448976194804e-05,classification,Generators/Experiment with utility data leak/utility results/8. Mushroom dataset/TRTR_TSTR_results_merged.xlsx,utility,0.999983352755119,,0.0,100.0
8. Mushroom dataset,CopulaGAN,,0.0,Accuracy,0.5564757782586982,Extra Trees,,Utility,TSTR,0.5564757782586982,0.01158827917179895,classification,Generators/Experiment with utility data leak/utility results/8. Mushroom dataset/TRTR_TSTR_results_merged.xlsx,utility,0.5564757782586982,,0.0,100.0
8. Mushroom dataset,CopulaGAN,,0.0,Accuracy_Gap,0.5564757782586982,Extra Trees,,Utility,Gap,0.44350757449642075,0.01158827917179895,classification,Generators/Experiment with utility data leak/utility results/8. Mushroom dataset/TRTR_TSTR_results_merged.xlsx,utility,0.44350757449642075,,0.0,100.0
8. Mushroom dataset,CopulaGAN,,0.0,F1,0.9999849996249907,Extra Trees,,Utility,TRTR,0.9999849996249907,3.000075001873271e-05,classification,Generators/Experiment with utility data leak/utility results/8. Mushroom dataset/TRTR_TSTR_results_merged.xlsx,utility,0.9999849996249907,,0.0,100.0
8. Mushroom dataset,CopulaGAN,,0.0,F1,0.6800171253454887,Extra Trees,,Utility,TSTR,0.6800171253454887,0.008499579486332209,classification,Generators/Experiment with utility data leak/utility results/8. Mushroom dataset/TRTR_TSTR_results_merged.xlsx,utility,0.6800171253454887,,0.0,100.0
8. Mushroom dataset,CopulaGAN,,0.0,F1_Gap,0.6800171253454887,Extra Trees,,Utility,Gap,0.3199678742795019,0.008499579486332209,classification,Generators/Experiment with utility data leak/utility results/8. Mushroom dataset/TRTR_TSTR_results_merged.xlsx,utility,0.3199678742795019,,0.0,100.0
8. Mushroom dataset,CopulaGAN,,0.0,Precision,1.0,Extra Trees,,Utility,TRTR,1.0,0.0,classification,Generators/Experiment with utility data leak/utility results/8. Mushroom dataset/TRTR_TSTR_results_merged.xlsx,utility,1.0,,0.0,100.0
8. Mushroom dataset,CopulaGAN,,0.0,Precision,0.5670720916541128,Extra Trees,,Utility,TSTR,0.5670720916541128,0.007427762747439609,classification,Generators/Experiment with utility data leak/utility results/8. Mushroom dataset/TRTR_TSTR_results_merged.xlsx,utility,0.5670720916541128,,0.0,100.0
8. Mushroom dataset,CopulaGAN,,0.0,Precision_Gap,0.5670720916541128,Extra Trees,,Utility,Gap,0.43292790834588724,0.007427762747439609,classification,Generators/Experiment with utility data leak/utility results/8. Mushroom dataset/TRTR_TSTR_results_merged.xlsx,utility,0.43292790834588724,,0.0,100.0
8. Mushroom dataset,CopulaGAN,,0.0,Recall,0.9999700014999249,Extra Trees,,Utility,TRTR,0.9999700014999249,5.999700014998055e-05,classification,Generators/Experiment with utility data leak/utility results/8. Mushroom dataset/TRTR_TSTR_results_merged.xlsx,utility,0.9999700014999249,,0.0,100.0
8. Mushroom dataset,CopulaGAN,,0.0,Recall,0.8493625318734063,Extra Trees,,Utility,TSTR,0.8493625318734063,0.01688092792813279,classification,Generators/Experiment with utility data leak/utility results/8. Mushroom dataset/TRTR_TSTR_results_merged.xlsx,utility,0.8493625318734063,,0.0,100.0
8. Mushroom dataset,CopulaGAN,,0.0,Recall_Gap,0.8493625318734063,Extra Trees,,Utility,Gap,0.1506074696265186,0.01688092792813279,classification,Generators/Experiment with utility data leak/utility results/8. Mushroom dataset/TRTR_TSTR_results_merged.xlsx,utility,0.1506074696265186,,0.0,100.0
8. Mushroom dataset,CopulaGAN,,,Accuracy_Drop,,Extra Trees,,,Gap,0.4435075744964208,,classification,Generators/Experiment with utility data leak/utility results/8. Mushroom dataset/TRTR_TSTR_results_merged.xlsx,utility,0.4435075744964208,,0.0,100.0
8. Mushroom dataset,CopulaGAN,,,F1_Drop,,Extra Trees,,,Gap,0.3199678742795019,,classification,Generators/Experiment with utility data leak/utility results/8. Mushroom dataset/TRTR_TSTR_results_merged.xlsx,utility,0.3199678742795019,,0.0,100.0
8. Mushroom dataset,CopulaGAN,,,Precision_Drop,,Extra Trees,,,Gap,0.4329279083458872,,classification,Generators/Experiment with utility data leak/utility results/8. Mushroom dataset/TRTR_TSTR_results_merged.xlsx,utility,0.4329279083458872,,0.0,100.0
8. Mushroom dataset,CopulaGAN,,,Recall_Drop,,Extra Trees,,,Gap,0.1506074696265186,,classification,Generators/Experiment with utility data leak/utility results/8. Mushroom dataset/TRTR_TSTR_results_merged.xlsx,utility,0.1506074696265186,,0.0,100.0
8. Mushroom dataset,CopulaGAN,,0.0,Accuracy,0.9998917929082738,Random Forest,,Utility,TRTR,0.9998917929082738,3.814362988976479e-05,classification,Generators/Experiment with utility data leak/utility results/8. Mushroom dataset/TRTR_TSTR_results_merged.xlsx,utility,0.9998917929082738,,0.0,100.0
8. Mushroom dataset,CopulaGAN,,0.0,Accuracy,0.5576327617779258,Random Forest,,Utility,TSTR,0.5576327617779258,0.01106272990693034,classification,Generators/Experiment with utility data leak/utility results/8. Mushroom dataset/TRTR_TSTR_results_merged.xlsx,utility,0.5576327617779258,,0.0,100.0
8. Mushroom dataset,CopulaGAN,,0.0,Accuracy_Gap,0.5576327617779258,Random Forest,,Utility,Gap,0.44225903113034803,0.01106272990693034,classification,Generators/Experiment with utility data leak/utility results/8. Mushroom dataset/TRTR_TSTR_results_merged.xlsx,utility,0.44225903113034803,,0.0,100.0
8. Mushroom dataset,CopulaGAN,,0.0,F1,0.9999025054365672,Random Forest,,Utility,TRTR,0.9999025054365672,3.436305920243479e-05,classification,Generators/Experiment with utility data leak/utility results/8. Mushroom dataset/TRTR_TSTR_results_merged.xlsx,utility,0.9999025054365672,,0.0,100.0
8. Mushroom dataset,CopulaGAN,,0.0,F1,0.6819009628755491,Random Forest,,Utility,TSTR,0.6819009628755491,0.01064568963323413,classification,Generators/Experiment with utility data leak/utility results/8. Mushroom dataset/TRTR_TSTR_results_merged.xlsx,utility,0.6819009628755491,,0.0,100.0
8. Mushroom dataset,CopulaGAN,,0.0,F1_Gap,0.6819009628755491,Random Forest,,Utility,Gap,0.3180015425610181,0.01064568963323413,classification,Generators/Experiment with utility data leak/utility results/8. Mushroom dataset/TRTR_TSTR_results_merged.xlsx,utility,0.3180015425610181,,0.0,100.0
8. Mushroom dataset,CopulaGAN,,0.0,Precision,0.9999100179950515,Random Forest,,Utility,TRTR,0.9999100179950515,9.947206977344203e-05,classification,Generators/Experiment with utility data leak/utility results/8. Mushroom dataset/TRTR_TSTR_results_merged.xlsx,utility,0.9999100179950515,,0.0,100.0
8. Mushroom dataset,CopulaGAN,,0.0,Precision,0.567313166115152,Random Forest,,Utility,TSTR,0.567313166115152,0.006398150983585902,classification,Generators/Experiment with utility data leak/utility results/8. Mushroom dataset/TRTR_TSTR_results_merged.xlsx,utility,0.567313166115152,,0.0,100.0
8. Mushroom dataset,CopulaGAN,,0.0,Precision_Gap,0.567313166115152,Random Forest,,Utility,Gap,0.4325968518798995,0.006398150983585902,classification,Generators/Experiment with utility data leak/utility results/8. Mushroom dataset/TRTR_TSTR_results_merged.xlsx,utility,0.4325968518798995,,0.0,100.0
8. Mushroom dataset,CopulaGAN,,0.0,Recall,0.9998950052497374,Random Forest,,Utility,TRTR,0.9998950052497374,6.873519866439068e-05,classification,Generators/Experiment with utility data leak/utility results/8. Mushroom dataset/TRTR_TSTR_results_merged.xlsx,utility,0.9998950052497374,,0.0,100.0
8. Mushroom dataset,CopulaGAN,,0.0,Recall,0.8549122543872807,Random Forest,,Utility,TSTR,0.8549122543872807,0.02581179184935698,classification,Generators/Experiment with utility data leak/utility results/8. Mushroom dataset/TRTR_TSTR_results_merged.xlsx,utility,0.8549122543872807,,0.0,100.0
8. Mushroom dataset,CopulaGAN,,0.0,Recall_Gap,0.8549122543872807,Random Forest,,Utility,Gap,0.1449827508624567,0.02581179184935698,classification,Generators/Experiment with utility data leak/utility results/8. Mushroom dataset/TRTR_TSTR_results_merged.xlsx,utility,0.1449827508624567,,0.0,100.0
8. Mushroom dataset,CopulaGAN,,,Accuracy_Drop,,Random Forest,,,Gap,0.442259031130348,,classification,Generators/Experiment with utility data leak/utility results/8. Mushroom dataset/TRTR_TSTR_results_merged.xlsx,utility,0.442259031130348,,0.0,100.0
8. Mushroom dataset,CopulaGAN,,,F1_Drop,,Random Forest,,,Gap,0.3180015425610181,,classification,Generators/Experiment with utility data leak/utility results/8. Mushroom dataset/TRTR_TSTR_results_merged.xlsx,utility,0.3180015425610181,,0.0,100.0
8. Mushroom dataset,CopulaGAN,,,Precision_Drop,,Random Forest,,,Gap,0.4325968518798995,,classification,Generators/Experiment with utility data leak/utility results/8. Mushroom dataset/TRTR_TSTR_results_merged.xlsx,utility,0.4325968518798995,,0.0,100.0
8. Mushroom dataset,CopulaGAN,,,Recall_Drop,,Random Forest,,,Gap,0.1449827508624567,,classification,Generators/Experiment with utility data leak/utility results/8. Mushroom dataset/TRTR_TSTR_results_merged.xlsx,utility,0.1449827508624567,,0.0,100.0
8. Mushroom dataset,CopulaGAN,,0.0,Accuracy,0.9998002330614282,MLP,,Utility,TRTR,0.9998002330614282,0.0001498252039287662,classification,Generators/Experiment with utility data leak/utility results/8. Mushroom dataset/TRTR_TSTR_results_merged.xlsx,utility,0.9998002330614282,,0.0,100.0
8. Mushroom dataset,CopulaGAN,,0.0,Accuracy,0.5513484268353588,MLP,,Utility,TSTR,0.5513484268353588,0.01633452107363115,classification,Generators/Experiment with utility data leak/utility results/8. Mushroom dataset/TRTR_TSTR_results_merged.xlsx,utility,0.5513484268353588,,0.0,100.0
8. Mushroom dataset,CopulaGAN,,0.0,Accuracy_Gap,0.5513484268353588,MLP,,Utility,Gap,0.4484518062260694,0.01633452107363115,classification,Generators/Experiment with utility data leak/utility results/8. Mushroom dataset/TRTR_TSTR_results_merged.xlsx,utility,0.4484518062260694,,0.0,100.0
8. Mushroom dataset,CopulaGAN,,0.0,F1,0.9998200033725814,MLP,,Utility,TRTR,0.9998200033725814,0.0001350057549300141,classification,Generators/Experiment with utility data leak/utility results/8. Mushroom dataset/TRTR_TSTR_results_merged.xlsx,utility,0.9998200033725814,,0.0,100.0
8. Mushroom dataset,CopulaGAN,,0.0,F1,0.6461456328584388,MLP,,Utility,TSTR,0.6461456328584388,0.01881412751712368,classification,Generators/Experiment with utility data leak/utility results/8. Mushroom dataset/TRTR_TSTR_results_merged.xlsx,utility,0.6461456328584388,,0.0,100.0
8. Mushroom dataset,CopulaGAN,,0.0,F1_Gap,0.6461456328584388,MLP,,Utility,Gap,0.3536743705141425,0.01881412751712368,classification,Generators/Experiment with utility data leak/utility results/8. Mushroom dataset/TRTR_TSTR_results_merged.xlsx,utility,0.3536743705141425,,0.0,100.0
8. Mushroom dataset,CopulaGAN,,0.0,Precision,0.999835012740364,MLP,,Utility,TRTR,0.999835012740364,0.0001414792911934868,classification,Generators/Experiment with utility data leak/utility results/8. Mushroom dataset/TRTR_TSTR_results_merged.xlsx,utility,0.999835012740364,,0.0,100.0
8. Mushroom dataset,CopulaGAN,,0.0,Precision,0.5742175556943734,MLP,,Utility,TSTR,0.5742175556943734,0.01010411067529348,classification,Generators/Experiment with utility data leak/utility results/8. Mushroom dataset/TRTR_TSTR_results_merged.xlsx,utility,0.5742175556943734,,0.0,100.0
8. Mushroom dataset,CopulaGAN,,0.0,Precision_Gap,0.5742175556943734,MLP,,Utility,Gap,0.42561745704599063,0.01010411067529348,classification,Generators/Experiment with utility data leak/utility results/8. Mushroom dataset/TRTR_TSTR_results_merged.xlsx,utility,0.42561745704599063,,0.0,100.0
8. Mushroom dataset,CopulaGAN,,0.0,Recall,0.9998050097495124,MLP,,Utility,TRTR,0.9998050097495124,0.0001781062259942747,classification,Generators/Experiment with utility data leak/utility results/8. Mushroom dataset/TRTR_TSTR_results_merged.xlsx,utility,0.9998050097495124,,0.0,100.0
8. Mushroom dataset,CopulaGAN,,0.0,Recall,0.7391780410979452,MLP,,Utility,TSTR,0.7391780410979452,0.0343615402812965,classification,Generators/Experiment with utility data leak/utility results/8. Mushroom dataset/TRTR_TSTR_results_merged.xlsx,utility,0.7391780410979452,,0.0,100.0
8. Mushroom dataset,CopulaGAN,,0.0,Recall_Gap,0.7391780410979452,MLP,,Utility,Gap,0.2606269686515672,0.0343615402812965,classification,Generators/Experiment with utility data leak/utility results/8. Mushroom dataset/TRTR_TSTR_results_merged.xlsx,utility,0.2606269686515672,,0.0,100.0
8. Mushroom dataset,CopulaGAN,,,Accuracy_Drop,,MLP,,,Gap,0.4484518062260694,,classification,Generators/Experiment with utility data leak/utility results/8. Mushroom dataset/TRTR_TSTR_results_merged.xlsx,utility,0.4484518062260694,,0.0,100.0
8. Mushroom dataset,CopulaGAN,,,F1_Drop,,MLP,,,Gap,0.3536743705141425,,classification,Generators/Experiment with utility data leak/utility results/8. Mushroom dataset/TRTR_TSTR_results_merged.xlsx,utility,0.3536743705141425,,0.0,100.0
8. Mushroom dataset,CopulaGAN,,,Precision_Drop,,MLP,,,Gap,0.4256174570459906,,classification,Generators/Experiment with utility data leak/utility results/8. Mushroom dataset/TRTR_TSTR_results_merged.xlsx,utility,0.4256174570459906,,0.0,100.0
8. Mushroom dataset,CopulaGAN,,,Recall_Drop,,MLP,,,Gap,0.2606269686515672,,classification,Generators/Experiment with utility data leak/utility results/8. Mushroom dataset/TRTR_TSTR_results_merged.xlsx,utility,0.2606269686515672,,0.0,100.0
8. Mushroom dataset,CopulaGAN,,0.0,Accuracy,0.9993757283169635,KNN,,Utility,TRTR,0.9993757283169635,0.0001870501502766885,classification,Generators/Experiment with utility data leak/utility results/8. Mushroom dataset/TRTR_TSTR_results_merged.xlsx,utility,0.9993757283169635,,0.0,100.0
8. Mushroom dataset,CopulaGAN,,0.0,Accuracy,0.5636340935575163,KNN,,Utility,TSTR,0.5636340935575163,0.009603689379772073,classification,Generators/Experiment with utility data leak/utility results/8. Mushroom dataset/TRTR_TSTR_results_merged.xlsx,utility,0.5636340935575163,,0.0,100.0
8. Mushroom dataset,CopulaGAN,,0.0,Accuracy_Gap,0.5636340935575163,KNN,,Utility,Gap,0.43574163475944727,0.009603689379772073,classification,Generators/Experiment with utility data leak/utility results/8. Mushroom dataset/TRTR_TSTR_results_merged.xlsx,utility,0.43574163475944727,,0.0,100.0
8. Mushroom dataset,CopulaGAN,,0.0,F1,0.999437537679781,KNN,,Utility,TRTR,0.999437537679781,0.0001685162263673175,classification,Generators/Experiment with utility data leak/utility results/8. Mushroom dataset/TRTR_TSTR_results_merged.xlsx,utility,0.999437537679781,,0.0,100.0
8. Mushroom dataset,CopulaGAN,,0.0,F1,0.6662669957911382,KNN,,Utility,TSTR,0.6662669957911382,0.009359501314161892,classification,Generators/Experiment with utility data leak/utility results/8. Mushroom dataset/TRTR_TSTR_results_merged.xlsx,utility,0.6662669957911382,,0.0,100.0
8. Mushroom dataset,CopulaGAN,,0.0,F1_Gap,0.6662669957911382,KNN,,Utility,Gap,0.3331705418886428,0.009359501314161892,classification,Generators/Experiment with utility data leak/utility results/8. Mushroom dataset/TRTR_TSTR_results_merged.xlsx,utility,0.3331705418886428,,0.0,100.0
8. Mushroom dataset,CopulaGAN,,0.0,Precision,0.9994300667201221,KNN,,Utility,TRTR,0.9994300667201221,0.0002203628791389911,classification,Generators/Experiment with utility data leak/utility results/8. Mushroom dataset/TRTR_TSTR_results_merged.xlsx,utility,0.9994300667201221,,0.0,100.0
8. Mushroom dataset,CopulaGAN,,0.0,Precision,0.5787659725550133,KNN,,Utility,TSTR,0.5787659725550133,0.0063767313122318,classification,Generators/Experiment with utility data leak/utility results/8. Mushroom dataset/TRTR_TSTR_results_merged.xlsx,utility,0.5787659725550133,,0.0,100.0
8. Mushroom dataset,CopulaGAN,,0.0,Precision_Gap,0.5787659725550133,KNN,,Utility,Gap,0.42066409416510886,0.0063767313122318,classification,Generators/Experiment with utility data leak/utility results/8. Mushroom dataset/TRTR_TSTR_results_merged.xlsx,utility,0.42066409416510886,,0.0,100.0
8. Mushroom dataset,CopulaGAN,,0.0,Recall,0.9994450277486123,KNN,,Utility,TRTR,0.9994450277486123,0.0001649917504124697,classification,Generators/Experiment with utility data leak/utility results/8. Mushroom dataset/TRTR_TSTR_results_merged.xlsx,utility,0.9994450277486123,,0.0,100.0
8. Mushroom dataset,CopulaGAN,,0.0,Recall,0.7852257387130643,KNN,,Utility,TSTR,0.7852257387130643,0.02023381039913529,classification,Generators/Experiment with utility data leak/utility results/8. Mushroom dataset/TRTR_TSTR_results_merged.xlsx,utility,0.7852257387130643,,0.0,100.0
8. Mushroom dataset,CopulaGAN,,0.0,Recall_Gap,0.7852257387130643,KNN,,Utility,Gap,0.214219289035548,0.02023381039913529,classification,Generators/Experiment with utility data leak/utility results/8. Mushroom dataset/TRTR_TSTR_results_merged.xlsx,utility,0.214219289035548,,0.0,100.0
8. Mushroom dataset,CopulaGAN,,,Accuracy_Drop,,KNN,,,Gap,0.4357416347594473,,classification,Generators/Experiment with utility data leak/utility results/8. Mushroom dataset/TRTR_TSTR_results_merged.xlsx,utility,0.4357416347594473,,0.0,100.0
8. Mushroom dataset,CopulaGAN,,,F1_Drop,,KNN,,,Gap,0.3331705418886428,,classification,Generators/Experiment with utility data leak/utility results/8. Mushroom dataset/TRTR_TSTR_results_merged.xlsx,utility,0.3331705418886428,,0.0,100.0
8. Mushroom dataset,CopulaGAN,,,Precision_Drop,,KNN,,,Gap,0.4206640941651089,,classification,Generators/Experiment with utility data leak/utility results/8. Mushroom dataset/TRTR_TSTR_results_merged.xlsx,utility,0.4206640941651089,,0.0,100.0
8. Mushroom dataset,CopulaGAN,,,Recall_Drop,,KNN,,,Gap,0.214219289035548,,classification,Generators/Experiment with utility data leak/utility results/8. Mushroom dataset/TRTR_TSTR_results_merged.xlsx,utility,0.214219289035548,,0.0,100.0
8. Mushroom dataset,CopulaGAN,,0.0,Accuracy,0.9430830697519561,Decision Tree,,Utility,TRTR,0.9430830697519561,0.003054622010995107,classification,Generators/Experiment with utility data leak/utility results/8. Mushroom dataset/TRTR_TSTR_results_merged.xlsx,utility,0.9430830697519561,,0.0,100.0
8. Mushroom dataset,CopulaGAN,,0.0,Accuracy,0.5234226735475278,Decision Tree,,Utility,TSTR,0.5234226735475278,0.03195859578285498,classification,Generators/Experiment with utility data leak/utility results/8. Mushroom dataset/TRTR_TSTR_results_merged.xlsx,utility,0.5234226735475278,,0.0,100.0
8. Mushroom dataset,CopulaGAN,,0.0,Accuracy_Gap,0.5234226735475278,Decision Tree,,Utility,Gap,0.4196603962044283,0.03195859578285498,classification,Generators/Experiment with utility data leak/utility results/8. Mushroom dataset/TRTR_TSTR_results_merged.xlsx,utility,0.4196603962044283,,0.0,100.0
8. Mushroom dataset,CopulaGAN,,0.0,F1,0.9486269064274188,Decision Tree,,Utility,TRTR,0.9486269064274188,0.002733229331666377,classification,Generators/Experiment with utility data leak/utility results/8. Mushroom dataset/TRTR_TSTR_results_merged.xlsx,utility,0.9486269064274188,,0.0,100.0
8. Mushroom dataset,CopulaGAN,,0.0,F1,0.6118598231836925,Decision Tree,,Utility,TSTR,0.6118598231836925,0.02966383212907069,classification,Generators/Experiment with utility data leak/utility results/8. Mushroom dataset/TRTR_TSTR_results_merged.xlsx,utility,0.6118598231836925,,0.0,100.0
8. Mushroom dataset,CopulaGAN,,0.0,F1_Gap,0.6118598231836925,Decision Tree,,Utility,Gap,0.3367670832437263,0.02966383212907069,classification,Generators/Experiment with utility data leak/utility results/8. Mushroom dataset/TRTR_TSTR_results_merged.xlsx,utility,0.3367670832437263,,0.0,100.0
8. Mushroom dataset,CopulaGAN,,0.0,Precision,0.9503557108620792,Decision Tree,,Utility,TRTR,0.9503557108620792,0.004797011192999022,classification,Generators/Experiment with utility data leak/utility results/8. Mushroom dataset/TRTR_TSTR_results_merged.xlsx,utility,0.9503557108620792,,0.0,100.0
8. Mushroom dataset,CopulaGAN,,0.0,Precision,0.5580066335682452,Decision Tree,,Utility,TSTR,0.5580066335682452,0.02331938781583857,classification,Generators/Experiment with utility data leak/utility results/8. Mushroom dataset/TRTR_TSTR_results_merged.xlsx,utility,0.5580066335682452,,0.0,100.0
8. Mushroom dataset,CopulaGAN,,0.0,Precision_Gap,0.5580066335682452,Decision Tree,,Utility,Gap,0.39234907729383395,0.02331938781583857,classification,Generators/Experiment with utility data leak/utility results/8. Mushroom dataset/TRTR_TSTR_results_merged.xlsx,utility,0.39234907729383395,,0.0,100.0
8. Mushroom dataset,CopulaGAN,,0.0,Recall,0.9469326533673316,Decision Tree,,Utility,TRTR,0.9469326533673316,0.004340358980694475,classification,Generators/Experiment with utility data leak/utility results/8. Mushroom dataset/TRTR_TSTR_results_merged.xlsx,utility,0.9469326533673316,,0.0,100.0
8. Mushroom dataset,CopulaGAN,,0.0,Recall,0.6779511024448778,Decision Tree,,Utility,TSTR,0.6779511024448778,0.04324106891973638,classification,Generators/Experiment with utility data leak/utility results/8. Mushroom dataset/TRTR_TSTR_results_merged.xlsx,utility,0.6779511024448778,,0.0,100.0
8. Mushroom dataset,CopulaGAN,,0.0,Recall_Gap,0.6779511024448778,Decision Tree,,Utility,Gap,0.2689815509224538,0.04324106891973638,classification,Generators/Experiment with utility data leak/utility results/8. Mushroom dataset/TRTR_TSTR_results_merged.xlsx,utility,0.2689815509224538,,0.0,100.0
8. Mushroom dataset,CopulaGAN,,,Accuracy_Drop,,Decision Tree,,,Gap,0.4196603962044283,,classification,Generators/Experiment with utility data leak/utility results/8. Mushroom dataset/TRTR_TSTR_results_merged.xlsx,utility,0.4196603962044283,,0.0,100.0
8. Mushroom dataset,CopulaGAN,,,F1_Drop,,Decision Tree,,,Gap,0.3367670832437263,,classification,Generators/Experiment with utility data leak/utility results/8. Mushroom dataset/TRTR_TSTR_results_merged.xlsx,utility,0.3367670832437263,,0.0,100.0
8. Mushroom dataset,CopulaGAN,,,Precision_Drop,,Decision Tree,,,Gap,0.3923490772938339,,classification,Generators/Experiment with utility data leak/utility results/8. Mushroom dataset/TRTR_TSTR_results_merged.xlsx,utility,0.3923490772938339,,0.0,100.0
8. Mushroom dataset,CopulaGAN,,,Recall_Drop,,Decision Tree,,,Gap,0.2689815509224538,,classification,Generators/Experiment with utility data leak/utility results/8. Mushroom dataset/TRTR_TSTR_results_merged.xlsx,utility,0.2689815509224538,,0.0,100.0
8. Mushroom dataset,CopulaGAN,,0.0,Accuracy,0.8177376394206759,Gradient Boosting,,Utility,TRTR,0.8177376394206759,0.009463270545125387,classification,Generators/Experiment with utility data leak/utility results/8. Mushroom dataset/TRTR_TSTR_results_merged.xlsx,utility,0.8177376394206759,,0.0,100.0
8. Mushroom dataset,CopulaGAN,,0.0,Accuracy,0.5640835691693025,Gradient Boosting,,Utility,TSTR,0.5640835691693025,0.006177950477654592,classification,Generators/Experiment with utility data leak/utility results/8. Mushroom dataset/TRTR_TSTR_results_merged.xlsx,utility,0.5640835691693025,,0.0,100.0
8. Mushroom dataset,CopulaGAN,,0.0,Accuracy_Gap,0.5640835691693025,Gradient Boosting,,Utility,Gap,0.25365407025137343,0.006177950477654592,classification,Generators/Experiment with utility data leak/utility results/8. Mushroom dataset/TRTR_TSTR_results_merged.xlsx,utility,0.25365407025137343,,0.0,100.0
8. Mushroom dataset,CopulaGAN,,0.0,F1,0.8351441635674031,Gradient Boosting,,Utility,TRTR,0.8351441635674031,0.009911515687219402,classification,Generators/Experiment with utility data leak/utility results/8. Mushroom dataset/TRTR_TSTR_results_merged.xlsx,utility,0.8351441635674031,,0.0,100.0
8. Mushroom dataset,CopulaGAN,,0.0,F1,0.7064806499324027,Gradient Boosting,,Utility,TSTR,0.7064806499324027,0.005363690101291519,classification,Generators/Experiment with utility data leak/utility results/8. Mushroom dataset/TRTR_TSTR_results_merged.xlsx,utility,0.7064806499324027,,0.0,100.0
8. Mushroom dataset,CopulaGAN,,0.0,F1_Gap,0.7064806499324027,Gradient Boosting,,Utility,Gap,0.1286635136350004,0.005363690101291519,classification,Generators/Experiment with utility data leak/utility results/8. Mushroom dataset/TRTR_TSTR_results_merged.xlsx,utility,0.1286635136350004,,0.0,100.0
8. Mushroom dataset,CopulaGAN,,0.0,Precision,0.8380774142407716,Gradient Boosting,,Utility,TRTR,0.8380774142407716,0.007023800154772467,classification,Generators/Experiment with utility data leak/utility results/8. Mushroom dataset/TRTR_TSTR_results_merged.xlsx,utility,0.8380774142407716,,0.0,100.0
8. Mushroom dataset,CopulaGAN,,0.0,Precision,0.5639986847334606,Gradient Boosting,,Utility,TSTR,0.5639986847334606,0.003733193701920972,classification,Generators/Experiment with utility data leak/utility results/8. Mushroom dataset/TRTR_TSTR_results_merged.xlsx,utility,0.5639986847334606,,0.0,100.0
8. Mushroom dataset,CopulaGAN,,0.0,Precision_Gap,0.5639986847334606,Gradient Boosting,,Utility,Gap,0.27407872950731105,0.003733193701920972,classification,Generators/Experiment with utility data leak/utility results/8. Mushroom dataset/TRTR_TSTR_results_merged.xlsx,utility,0.27407872950731105,,0.0,100.0
8. Mushroom dataset,CopulaGAN,,0.0,Recall,0.8324883755812209,Gradient Boosting,,Utility,TRTR,0.8324883755812209,0.01907263019534354,classification,Generators/Experiment with utility data leak/utility results/8. Mushroom dataset/TRTR_TSTR_results_merged.xlsx,utility,0.8324883755812209,,0.0,100.0
8. Mushroom dataset,CopulaGAN,,0.0,Recall,0.9455677216139191,Gradient Boosting,,Utility,TSTR,0.9455677216139191,0.01833831766465476,classification,Generators/Experiment with utility data leak/utility results/8. Mushroom dataset/TRTR_TSTR_results_merged.xlsx,utility,0.9455677216139191,,0.0,100.0
8. Mushroom dataset,CopulaGAN,,0.0,Recall_Gap,0.9455677216139191,Gradient Boosting,,Utility,Gap,-0.1130793460326982,0.01833831766465476,classification,Generators/Experiment with utility data leak/utility results/8. Mushroom dataset/TRTR_TSTR_results_merged.xlsx,utility,-0.1130793460326982,,0.0,100.0
8. Mushroom dataset,CopulaGAN,,,Accuracy_Drop,,Gradient Boosting,,,Gap,0.2536540702513734,,classification,Generators/Experiment with utility data leak/utility results/8. Mushroom dataset/TRTR_TSTR_results_merged.xlsx,utility,0.2536540702513734,,0.0,100.0
8. Mushroom dataset,CopulaGAN,,,F1_Drop,,Gradient Boosting,,,Gap,0.1286635136350004,,classification,Generators/Experiment with utility data leak/utility results/8. Mushroom dataset/TRTR_TSTR_results_merged.xlsx,utility,0.1286635136350004,,0.0,100.0
8. Mushroom dataset,CopulaGAN,,,Precision_Drop,,Gradient Boosting,,,Gap,0.274078729507311,,classification,Generators/Experiment with utility data leak/utility results/8. Mushroom dataset/TRTR_TSTR_results_merged.xlsx,utility,0.274078729507311,,0.0,100.0
8. Mushroom dataset,CopulaGAN,,,Recall_Drop,,Gradient Boosting,,,Gap,-0.1130793460326982,,classification,Generators/Experiment with utility data leak/utility results/8. Mushroom dataset/TRTR_TSTR_results_merged.xlsx,utility,-0.1130793460326982,,0.0,100.0
8. Mushroom dataset,CopulaGAN,,0.0,Accuracy,0.6532711836191111,Logistic Regression,,Utility,TRTR,0.6532711836191111,0.003432765231763527,classification,Generators/Experiment with utility data leak/utility results/8. Mushroom dataset/TRTR_TSTR_results_merged.xlsx,utility,0.6532711836191111,,0.0,100.0
8. Mushroom dataset,CopulaGAN,,0.0,Accuracy,0.5467204927584485,Logistic Regression,,Utility,TSTR,0.5467204927584485,0.00788946376228619,classification,Generators/Experiment with utility data leak/utility results/8. Mushroom dataset/TRTR_TSTR_results_merged.xlsx,utility,0.5467204927584485,,0.0,100.0
8. Mushroom dataset,CopulaGAN,,0.0,Accuracy_Gap,0.5467204927584485,Logistic Regression,,Utility,Gap,0.1065506908606626,0.00788946376228619,classification,Generators/Experiment with utility data leak/utility results/8. Mushroom dataset/TRTR_TSTR_results_merged.xlsx,utility,0.1065506908606626,,0.0,100.0
8. Mushroom dataset,CopulaGAN,,0.0,F1,0.7102051701755642,Logistic Regression,,Utility,TRTR,0.7102051701755642,0.002525563014958159,classification,Generators/Experiment with utility data leak/utility results/8. Mushroom dataset/TRTR_TSTR_results_merged.xlsx,utility,0.7102051701755642,,0.0,100.0
8. Mushroom dataset,CopulaGAN,,0.0,F1,0.6882905859040489,Logistic Regression,,Utility,TSTR,0.6882905859040489,0.005898789461017772,classification,Generators/Experiment with utility data leak/utility results/8. Mushroom dataset/TRTR_TSTR_results_merged.xlsx,utility,0.6882905859040489,,0.0,100.0
8. Mushroom dataset,CopulaGAN,,0.0,F1_Gap,0.6882905859040489,Logistic Regression,,Utility,Gap,0.02191458427151527,0.005898789461017772,classification,Generators/Experiment with utility data leak/utility results/8. Mushroom dataset/TRTR_TSTR_results_merged.xlsx,utility,0.02191458427151527,,0.0,100.0
8. Mushroom dataset,CopulaGAN,,0.0,Precision,0.6622882541511838,Logistic Regression,,Utility,TRTR,0.6622882541511838,0.003196371629185143,classification,Generators/Experiment with utility data leak/utility results/8. Mushroom dataset/TRTR_TSTR_results_merged.xlsx,utility,0.6622882541511838,,0.0,100.0
8. Mushroom dataset,CopulaGAN,,0.0,Precision,0.5565751628134027,Logistic Regression,,Utility,TSTR,0.5565751628134027,0.004996882753768498,classification,Generators/Experiment with utility data leak/utility results/8. Mushroom dataset/TRTR_TSTR_results_merged.xlsx,utility,0.5565751628134027,,0.0,100.0
8. Mushroom dataset,CopulaGAN,,0.0,Precision_Gap,0.5565751628134027,Logistic Regression,,Utility,Gap,0.10571309133778106,0.004996882753768498,classification,Generators/Experiment with utility data leak/utility results/8. Mushroom dataset/TRTR_TSTR_results_merged.xlsx,utility,0.10571309133778106,,0.0,100.0
8. Mushroom dataset,CopulaGAN,,0.0,Recall,0.7656067196640167,Logistic Regression,,Utility,TRTR,0.7656067196640167,0.002835651757146686,classification,Generators/Experiment with utility data leak/utility results/8. Mushroom dataset/TRTR_TSTR_results_merged.xlsx,utility,0.7656067196640167,,0.0,100.0
8. Mushroom dataset,CopulaGAN,,0.0,Recall,0.9019799010049498,Logistic Regression,,Utility,TSTR,0.9019799010049498,0.01801037719817063,classification,Generators/Experiment with utility data leak/utility results/8. Mushroom dataset/TRTR_TSTR_results_merged.xlsx,utility,0.9019799010049498,,0.0,100.0
8. Mushroom dataset,CopulaGAN,,0.0,Recall_Gap,0.9019799010049498,Logistic Regression,,Utility,Gap,-0.13637318134093313,0.01801037719817063,classification,Generators/Experiment with utility data leak/utility results/8. Mushroom dataset/TRTR_TSTR_results_merged.xlsx,utility,-0.13637318134093313,,0.0,100.0
8. Mushroom dataset,CopulaGAN,,,Accuracy_Drop,,Logistic Regression,,,Gap,0.1065506908606626,,classification,Generators/Experiment with utility data leak/utility results/8. Mushroom dataset/TRTR_TSTR_results_merged.xlsx,utility,0.1065506908606626,,0.0,100.0
8. Mushroom dataset,CopulaGAN,,,F1_Drop,,Logistic Regression,,,Gap,0.02191458427151527,,classification,Generators/Experiment with utility data leak/utility results/8. Mushroom dataset/TRTR_TSTR_results_merged.xlsx,utility,0.02191458427151527,,0.0,100.0
8. Mushroom dataset,CopulaGAN,,,Precision_Drop,,Logistic Regression,,,Gap,0.1057130913377811,,classification,Generators/Experiment with utility data leak/utility results/8. Mushroom dataset/TRTR_TSTR_results_merged.xlsx,utility,0.1057130913377811,,0.0,100.0
8. Mushroom dataset,CopulaGAN,,,Recall_Drop,,Logistic Regression,,,Gap,-0.1363731813409331,,classification,Generators/Experiment with utility data leak/utility results/8. Mushroom dataset/TRTR_TSTR_results_merged.xlsx,utility,-0.1363731813409331,,0.0,100.0
8. Mushroom dataset,CopulaGAN,,0.0,Accuracy,0.6530214749458965,AdaBoost,,Utility,TRTR,0.6530214749458965,0.00911056123636879,classification,Generators/Experiment with utility data leak/utility results/8. Mushroom dataset/TRTR_TSTR_results_merged.xlsx,utility,0.6530214749458965,,0.0,100.0
8. Mushroom dataset,CopulaGAN,,0.0,Accuracy,0.5658814716164475,AdaBoost,,Utility,TSTR,0.5658814716164475,0.006043001484273743,classification,Generators/Experiment with utility data leak/utility results/8. Mushroom dataset/TRTR_TSTR_results_merged.xlsx,utility,0.5658814716164475,,0.0,100.0
8. Mushroom dataset,CopulaGAN,,0.0,Accuracy_Gap,0.5658814716164475,AdaBoost,,Utility,Gap,0.08714000332944893,0.006043001484273743,classification,Generators/Experiment with utility data leak/utility results/8. Mushroom dataset/TRTR_TSTR_results_merged.xlsx,utility,0.08714000332944893,,0.0,100.0
8. Mushroom dataset,CopulaGAN,,0.0,F1,0.6586554205410092,AdaBoost,,Utility,TRTR,0.6586554205410092,0.01000642657450882,classification,Generators/Experiment with utility data leak/utility results/8. Mushroom dataset/TRTR_TSTR_results_merged.xlsx,utility,0.6586554205410092,,0.0,100.0
8. Mushroom dataset,CopulaGAN,,0.0,F1,0.7054272208130199,AdaBoost,,Utility,TSTR,0.7054272208130199,0.007452101553669144,classification,Generators/Experiment with utility data leak/utility results/8. Mushroom dataset/TRTR_TSTR_results_merged.xlsx,utility,0.7054272208130199,,0.0,100.0
8. Mushroom dataset,CopulaGAN,,0.0,F1_Gap,0.7054272208130199,AdaBoost,,Utility,Gap,-0.046771800272010666,0.007452101553669144,classification,Generators/Experiment with utility data leak/utility results/8. Mushroom dataset/TRTR_TSTR_results_merged.xlsx,utility,-0.046771800272010666,,0.0,100.0
8. Mushroom dataset,CopulaGAN,,0.0,Precision,0.7262195138345482,AdaBoost,,Utility,TRTR,0.7262195138345482,0.02162521657245883,classification,Generators/Experiment with utility data leak/utility results/8. Mushroom dataset/TRTR_TSTR_results_merged.xlsx,utility,0.7262195138345482,,0.0,100.0
8. Mushroom dataset,CopulaGAN,,0.0,Precision,0.5658458775850261,AdaBoost,,Utility,TSTR,0.5658458775850261,0.00479103405184462,classification,Generators/Experiment with utility data leak/utility results/8. Mushroom dataset/TRTR_TSTR_results_merged.xlsx,utility,0.5658458775850261,,0.0,100.0
8. Mushroom dataset,CopulaGAN,,0.0,Precision_Gap,0.5658458775850261,AdaBoost,,Utility,Gap,0.16037363624952206,0.00479103405184462,classification,Generators/Experiment with utility data leak/utility results/8. Mushroom dataset/TRTR_TSTR_results_merged.xlsx,utility,0.16037363624952206,,0.0,100.0
8. Mushroom dataset,CopulaGAN,,0.0,Recall,0.6036898155092245,AdaBoost,,Utility,TRTR,0.6036898155092245,0.02328275950044984,classification,Generators/Experiment with utility data leak/utility results/8. Mushroom dataset/TRTR_TSTR_results_merged.xlsx,utility,0.6036898155092245,,0.0,100.0
8. Mushroom dataset,CopulaGAN,,0.0,Recall,0.9374381280935953,AdaBoost,,Utility,TSTR,0.9374381280935953,0.03347955247840662,classification,Generators/Experiment with utility data leak/utility results/8. Mushroom dataset/TRTR_TSTR_results_merged.xlsx,utility,0.9374381280935953,,0.0,100.0
8. Mushroom dataset,CopulaGAN,,0.0,Recall_Gap,0.9374381280935953,AdaBoost,,Utility,Gap,-0.33374831258437077,0.03347955247840662,classification,Generators/Experiment with utility data leak/utility results/8. Mushroom dataset/TRTR_TSTR_results_merged.xlsx,utility,-0.33374831258437077,,0.0,100.0
8. Mushroom dataset,CopulaGAN,,,Accuracy_Drop,,AdaBoost,,,Gap,0.08714000332944893,,classification,Generators/Experiment with utility data leak/utility results/8. Mushroom dataset/TRTR_TSTR_results_merged.xlsx,utility,0.08714000332944893,,0.0,100.0
8. Mushroom dataset,CopulaGAN,,,F1_Drop,,AdaBoost,,,Gap,-0.04677180027201067,,classification,Generators/Experiment with utility data leak/utility results/8. Mushroom dataset/TRTR_TSTR_results_merged.xlsx,utility,-0.04677180027201067,,0.0,100.0
8. Mushroom dataset,CopulaGAN,,,Precision_Drop,,AdaBoost,,,Gap,0.1603736362495221,,classification,Generators/Experiment with utility data leak/utility results/8. Mushroom dataset/TRTR_TSTR_results_merged.xlsx,utility,0.1603736362495221,,0.0,100.0
8. Mushroom dataset,CopulaGAN,,,Recall_Drop,,AdaBoost,,,Gap,-0.3337483125843708,,classification,Generators/Experiment with utility data leak/utility results/8. Mushroom dataset/TRTR_TSTR_results_merged.xlsx,utility,-0.3337483125843708,,0.0,100.0
8. Mushroom dataset,CopulaGAN,,0.0,Accuracy,0.652688530048277,SVM-RBF,,Utility,TRTR,0.652688530048277,0.003540466283100108,classification,Generators/Experiment with utility data leak/utility results/8. Mushroom dataset/TRTR_TSTR_results_merged.xlsx,utility,0.652688530048277,,0.0,100.0
8. Mushroom dataset,CopulaGAN,,0.0,Accuracy,0.5477609455635093,SVM-RBF,,Utility,TSTR,0.5477609455635093,0.006741599799608036,classification,Generators/Experiment with utility data leak/utility results/8. Mushroom dataset/TRTR_TSTR_results_merged.xlsx,utility,0.5477609455635093,,0.0,100.0
8. Mushroom dataset,CopulaGAN,,0.0,Accuracy_Gap,0.5477609455635093,SVM-RBF,,Utility,Gap,0.10492758448476769,0.006741599799608036,classification,Generators/Experiment with utility data leak/utility results/8. Mushroom dataset/TRTR_TSTR_results_merged.xlsx,utility,0.10492758448476769,,0.0,100.0
8. Mushroom dataset,CopulaGAN,,0.0,F1,0.7111657290688942,SVM-RBF,,Utility,TRTR,0.7111657290688942,0.002515858645437491,classification,Generators/Experiment with utility data leak/utility results/8. Mushroom dataset/TRTR_TSTR_results_merged.xlsx,utility,0.7111657290688942,,0.0,100.0
8. Mushroom dataset,CopulaGAN,,0.0,F1,0.6921348917025708,SVM-RBF,,Utility,TSTR,0.6921348917025708,0.005459017715970776,classification,Generators/Experiment with utility data leak/utility results/8. Mushroom dataset/TRTR_TSTR_results_merged.xlsx,utility,0.6921348917025708,,0.0,100.0
8. Mushroom dataset,CopulaGAN,,0.0,F1_Gap,0.6921348917025708,SVM-RBF,,Utility,Gap,0.019030837366323383,0.005459017715970776,classification,Generators/Experiment with utility data leak/utility results/8. Mushroom dataset/TRTR_TSTR_results_merged.xlsx,utility,0.019030837366323383,,0.0,100.0
8. Mushroom dataset,CopulaGAN,,0.0,Precision,0.660338278612806,SVM-RBF,,Utility,TRTR,0.660338278612806,0.003326244875037613,classification,Generators/Experiment with utility data leak/utility results/8. Mushroom dataset/TRTR_TSTR_results_merged.xlsx,utility,0.660338278612806,,0.0,100.0
8. Mushroom dataset,CopulaGAN,,0.0,Precision,0.5562251538910632,SVM-RBF,,Utility,TSTR,0.5562251538910632,0.004306044465888895,classification,Generators/Experiment with utility data leak/utility results/8. Mushroom dataset/TRTR_TSTR_results_merged.xlsx,utility,0.5562251538910632,,0.0,100.0
8. Mushroom dataset,CopulaGAN,,0.0,Precision_Gap,0.5562251538910632,SVM-RBF,,Utility,Gap,0.10411312472174283,0.004306044465888895,classification,Generators/Experiment with utility data leak/utility results/8. Mushroom dataset/TRTR_TSTR_results_merged.xlsx,utility,0.10411312472174283,,0.0,100.0
8. Mushroom dataset,CopulaGAN,,0.0,Recall,0.7704814759262038,SVM-RBF,,Utility,TRTR,0.7704814759262038,0.002684656261806534,classification,Generators/Experiment with utility data leak/utility results/8. Mushroom dataset/TRTR_TSTR_results_merged.xlsx,utility,0.7704814759262038,,0.0,100.0
8. Mushroom dataset,CopulaGAN,,0.0,Recall,0.9162741862906856,SVM-RBF,,Utility,TSTR,0.9162741862906856,0.01905917820538132,classification,Generators/Experiment with utility data leak/utility results/8. Mushroom dataset/TRTR_TSTR_results_merged.xlsx,utility,0.9162741862906856,,0.0,100.0
8. Mushroom dataset,CopulaGAN,,0.0,Recall_Gap,0.9162741862906856,SVM-RBF,,Utility,Gap,-0.14579271036448183,0.01905917820538132,classification,Generators/Experiment with utility data leak/utility results/8. Mushroom dataset/TRTR_TSTR_results_merged.xlsx,utility,-0.14579271036448183,,0.0,100.0
8. Mushroom dataset,CopulaGAN,,,Accuracy_Drop,,SVM-RBF,,,Gap,0.1049275844847677,,classification,Generators/Experiment with utility data leak/utility results/8. Mushroom dataset/TRTR_TSTR_results_merged.xlsx,utility,0.1049275844847677,,0.0,100.0
8. Mushroom dataset,CopulaGAN,,,F1_Drop,,SVM-RBF,,,Gap,0.01903083736632338,,classification,Generators/Experiment with utility data leak/utility results/8. Mushroom dataset/TRTR_TSTR_results_merged.xlsx,utility,0.01903083736632338,,0.0,100.0
8. Mushroom dataset,CopulaGAN,,,Precision_Drop,,SVM-RBF,,,Gap,0.1041131247217428,,classification,Generators/Experiment with utility data leak/utility results/8. Mushroom dataset/TRTR_TSTR_results_merged.xlsx,utility,0.1041131247217428,,0.0,100.0
8. Mushroom dataset,CopulaGAN,,,Recall_Drop,,SVM-RBF,,,Gap,-0.1457927103644818,,classification,Generators/Experiment with utility data leak/utility results/8. Mushroom dataset/TRTR_TSTR_results_merged.xlsx,utility,-0.1457927103644818,,0.0,100.0
8. Mushroom dataset,CopulaGAN,,0.0,Accuracy,0.6093557516231064,Naive Bayes,,Utility,TRTR,0.6093557516231064,0.002206246746399765,classification,Generators/Experiment with utility data leak/utility results/8. Mushroom dataset/TRTR_TSTR_results_merged.xlsx,utility,0.6093557516231064,,0.0,100.0
8. Mushroom dataset,CopulaGAN,,0.0,Accuracy,0.5450391210254704,Naive Bayes,,Utility,TSTR,0.5450391210254704,0.00973425847596451,classification,Generators/Experiment with utility data leak/utility results/8. Mushroom dataset/TRTR_TSTR_results_merged.xlsx,utility,0.5450391210254704,,0.0,100.0
8. Mushroom dataset,CopulaGAN,,0.0,Accuracy_Gap,0.5450391210254704,Naive Bayes,,Utility,Gap,0.06431663059763604,0.00973425847596451,classification,Generators/Experiment with utility data leak/utility results/8. Mushroom dataset/TRTR_TSTR_results_merged.xlsx,utility,0.06431663059763604,,0.0,100.0
8. Mushroom dataset,CopulaGAN,,0.0,F1,0.5471586204572338,Naive Bayes,,Utility,TRTR,0.5471586204572338,0.003948342675541275,classification,Generators/Experiment with utility data leak/utility results/8. Mushroom dataset/TRTR_TSTR_results_merged.xlsx,utility,0.5471586204572338,,0.0,100.0
8. Mushroom dataset,CopulaGAN,,0.0,F1,0.6493128670904976,Naive Bayes,,Utility,TSTR,0.6493128670904976,0.01433879528672734,classification,Generators/Experiment with utility data leak/utility results/8. Mushroom dataset/TRTR_TSTR_results_merged.xlsx,utility,0.6493128670904976,,0.0,100.0
8. Mushroom dataset,CopulaGAN,,0.0,F1_Gap,0.6493128670904976,Naive Bayes,,Utility,Gap,-0.10215424663326378,0.01433879528672734,classification,Generators/Experiment with utility data leak/utility results/8. Mushroom dataset/TRTR_TSTR_results_merged.xlsx,utility,-0.10215424663326378,,0.0,100.0
8. Mushroom dataset,CopulaGAN,,0.0,Precision,0.7669376693867336,Naive Bayes,,Utility,TRTR,0.7669376693867336,0.002744162729666706,classification,Generators/Experiment with utility data leak/utility results/8. Mushroom dataset/TRTR_TSTR_results_merged.xlsx,utility,0.7669376693867336,,0.0,100.0
8. Mushroom dataset,CopulaGAN,,0.0,Precision,0.5672793865264216,Naive Bayes,,Utility,TSTR,0.5672793865264216,0.006289173134854579,classification,Generators/Experiment with utility data leak/utility results/8. Mushroom dataset/TRTR_TSTR_results_merged.xlsx,utility,0.5672793865264216,,0.0,100.0
8. Mushroom dataset,CopulaGAN,,0.0,Precision_Gap,0.5672793865264216,Naive Bayes,,Utility,Gap,0.19965828286031195,0.006289173134854579,classification,Generators/Experiment with utility data leak/utility results/8. Mushroom dataset/TRTR_TSTR_results_merged.xlsx,utility,0.19965828286031195,,0.0,100.0
8. Mushroom dataset,CopulaGAN,,0.0,Recall,0.4253037348132593,Naive Bayes,,Utility,TRTR,0.4253037348132593,0.004574279456311722,classification,Generators/Experiment with utility data leak/utility results/8. Mushroom dataset/TRTR_TSTR_results_merged.xlsx,utility,0.4253037348132593,,0.0,100.0
8. Mushroom dataset,CopulaGAN,,0.0,Recall,0.760161991900405,Naive Bayes,,Utility,TSTR,0.760161991900405,0.03664657827782319,classification,Generators/Experiment with utility data leak/utility results/8. Mushroom dataset/TRTR_TSTR_results_merged.xlsx,utility,0.760161991900405,,0.0,100.0
8. Mushroom dataset,CopulaGAN,,0.0,Recall_Gap,0.760161991900405,Naive Bayes,,Utility,Gap,-0.3348582570871457,0.03664657827782319,classification,Generators/Experiment with utility data leak/utility results/8. Mushroom dataset/TRTR_TSTR_results_merged.xlsx,utility,-0.3348582570871457,,0.0,100.0
8. Mushroom dataset,CopulaGAN,,,Accuracy_Drop,,Naive Bayes,,,Gap,0.06431663059763604,,classification,Generators/Experiment with utility data leak/utility results/8. Mushroom dataset/TRTR_TSTR_results_merged.xlsx,utility,0.06431663059763604,,0.0,100.0
8. Mushroom dataset,CopulaGAN,,,F1_Drop,,Naive Bayes,,,Gap,-0.1021542466332638,,classification,Generators/Experiment with utility data leak/utility results/8. Mushroom dataset/TRTR_TSTR_results_merged.xlsx,utility,-0.1021542466332638,,0.0,100.0
8. Mushroom dataset,CopulaGAN,,,Precision_Drop,,Naive Bayes,,,Gap,0.199658282860312,,classification,Generators/Experiment with utility data leak/utility results/8. Mushroom dataset/TRTR_TSTR_results_merged.xlsx,utility,0.199658282860312,,0.0,100.0
8. Mushroom dataset,CopulaGAN,,,Recall_Drop,,Naive Bayes,,,Gap,-0.3348582570871457,,classification,Generators/Experiment with utility data leak/utility results/8. Mushroom dataset/TRTR_TSTR_results_merged.xlsx,utility,-0.3348582570871457,,0.0,100.0
8. Mushroom dataset,TVAE,,0.0,Accuracy,0.999983352755119,Extra Trees,,Utility,TRTR,0.999983352755119,3.329448976194804e-05,classification,Generators/Experiment with utility data leak/utility results/8. Mushroom dataset/TRTR_TSTR_results_merged.xlsx,utility,0.999983352755119,,0.0,100.0
8. Mushroom dataset,TVAE,,0.0,Accuracy,0.6247128350258032,Extra Trees,,Utility,TSTR,0.6247128350258032,0.006276701237646473,classification,Generators/Experiment with utility data leak/utility results/8. Mushroom dataset/TRTR_TSTR_results_merged.xlsx,utility,0.6247128350258032,,0.0,100.0
8. Mushroom dataset,TVAE,,0.0,Accuracy_Gap,0.6247128350258032,Extra Trees,,Utility,Gap,0.37527051772931574,0.006276701237646473,classification,Generators/Experiment with utility data leak/utility results/8. Mushroom dataset/TRTR_TSTR_results_merged.xlsx,utility,0.37527051772931574,,0.0,100.0
8. Mushroom dataset,TVAE,,0.0,F1,0.9999849996249907,Extra Trees,,Utility,TRTR,0.9999849996249907,3.000075001873271e-05,classification,Generators/Experiment with utility data leak/utility results/8. Mushroom dataset/TRTR_TSTR_results_merged.xlsx,utility,0.9999849996249907,,0.0,100.0
8. Mushroom dataset,TVAE,,0.0,F1,0.6693256794674678,Extra Trees,,Utility,TSTR,0.6693256794674678,0.007719429004665895,classification,Generators/Experiment with utility data leak/utility results/8. Mushroom dataset/TRTR_TSTR_results_merged.xlsx,utility,0.6693256794674678,,0.0,100.0
8. Mushroom dataset,TVAE,,0.0,F1_Gap,0.6693256794674678,Extra Trees,,Utility,Gap,0.33065932015752286,0.007719429004665895,classification,Generators/Experiment with utility data leak/utility results/8. Mushroom dataset/TRTR_TSTR_results_merged.xlsx,utility,0.33065932015752286,,0.0,100.0
8. Mushroom dataset,TVAE,,0.0,Precision,1.0,Extra Trees,,Utility,TRTR,1.0,0.0,classification,Generators/Experiment with utility data leak/utility results/8. Mushroom dataset/TRTR_TSTR_results_merged.xlsx,utility,1.0,,0.0,100.0
8. Mushroom dataset,TVAE,,0.0,Precision,0.6548570450616498,Extra Trees,,Utility,TSTR,0.6548570450616498,0.005453704998550935,classification,Generators/Experiment with utility data leak/utility results/8. Mushroom dataset/TRTR_TSTR_results_merged.xlsx,utility,0.6548570450616498,,0.0,100.0
8. Mushroom dataset,TVAE,,0.0,Precision_Gap,0.6548570450616498,Extra Trees,,Utility,Gap,0.34514295493835023,0.005453704998550935,classification,Generators/Experiment with utility data leak/utility results/8. Mushroom dataset/TRTR_TSTR_results_merged.xlsx,utility,0.34514295493835023,,0.0,100.0
8. Mushroom dataset,TVAE,,0.0,Recall,0.9999700014999249,Extra Trees,,Utility,TRTR,0.9999700014999249,5.999700014998055e-05,classification,Generators/Experiment with utility data leak/utility results/8. Mushroom dataset/TRTR_TSTR_results_merged.xlsx,utility,0.9999700014999249,,0.0,100.0
8. Mushroom dataset,TVAE,,0.0,Recall,0.684640767961602,Extra Trees,,Utility,TSTR,0.684640767961602,0.01511746574831875,classification,Generators/Experiment with utility data leak/utility results/8. Mushroom dataset/TRTR_TSTR_results_merged.xlsx,utility,0.684640767961602,,0.0,100.0
8. Mushroom dataset,TVAE,,0.0,Recall_Gap,0.684640767961602,Extra Trees,,Utility,Gap,0.3153292335383229,0.01511746574831875,classification,Generators/Experiment with utility data leak/utility results/8. Mushroom dataset/TRTR_TSTR_results_merged.xlsx,utility,0.3153292335383229,,0.0,100.0
8. Mushroom dataset,TVAE,,,Accuracy_Drop,,Extra Trees,,,Gap,0.3752705177293157,,classification,Generators/Experiment with utility data leak/utility results/8. Mushroom dataset/TRTR_TSTR_results_merged.xlsx,utility,0.3752705177293157,,0.0,100.0
8. Mushroom dataset,TVAE,,,F1_Drop,,Extra Trees,,,Gap,0.3306593201575229,,classification,Generators/Experiment with utility data leak/utility results/8. Mushroom dataset/TRTR_TSTR_results_merged.xlsx,utility,0.3306593201575229,,0.0,100.0
8. Mushroom dataset,TVAE,,,Precision_Drop,,Extra Trees,,,Gap,0.3451429549383502,,classification,Generators/Experiment with utility data leak/utility results/8. Mushroom dataset/TRTR_TSTR_results_merged.xlsx,utility,0.3451429549383502,,0.0,100.0
8. Mushroom dataset,TVAE,,,Recall_Drop,,Extra Trees,,,Gap,0.3153292335383229,,classification,Generators/Experiment with utility data leak/utility results/8. Mushroom dataset/TRTR_TSTR_results_merged.xlsx,utility,0.3153292335383229,,0.0,100.0
8. Mushroom dataset,TVAE,,0.0,Accuracy,0.9998917929082738,Random Forest,,Utility,TRTR,0.9998917929082738,3.814362988976479e-05,classification,Generators/Experiment with utility data leak/utility results/8. Mushroom dataset/TRTR_TSTR_results_merged.xlsx,utility,0.9998917929082738,,0.0,100.0
8. Mushroom dataset,TVAE,,0.0,Accuracy,0.6162726818711504,Random Forest,,Utility,TSTR,0.6162726818711504,0.004638797427089249,classification,Generators/Experiment with utility data leak/utility results/8. Mushroom dataset/TRTR_TSTR_results_merged.xlsx,utility,0.6162726818711504,,0.0,100.0
8. Mushroom dataset,TVAE,,0.0,Accuracy_Gap,0.6162726818711504,Random Forest,,Utility,Gap,0.38361911103712343,0.004638797427089249,classification,Generators/Experiment with utility data leak/utility results/8. Mushroom dataset/TRTR_TSTR_results_merged.xlsx,utility,0.38361911103712343,,0.0,100.0
8. Mushroom dataset,TVAE,,0.0,F1,0.9999025054365672,Random Forest,,Utility,TRTR,0.9999025054365672,3.436305920243479e-05,classification,Generators/Experiment with utility data leak/utility results/8. Mushroom dataset/TRTR_TSTR_results_merged.xlsx,utility,0.9999025054365672,,0.0,100.0
8. Mushroom dataset,TVAE,,0.0,F1,0.6542632917214106,Random Forest,,Utility,TSTR,0.6542632917214106,0.006155104632616172,classification,Generators/Experiment with utility data leak/utility results/8. Mushroom dataset/TRTR_TSTR_results_merged.xlsx,utility,0.6542632917214106,,0.0,100.0
8. Mushroom dataset,TVAE,,0.0,F1_Gap,0.6542632917214106,Random Forest,,Utility,Gap,0.3456392137151566,0.006155104632616172,classification,Generators/Experiment with utility data leak/utility results/8. Mushroom dataset/TRTR_TSTR_results_merged.xlsx,utility,0.3456392137151566,,0.0,100.0
8. Mushroom dataset,TVAE,,0.0,Precision,0.9999100179950515,Random Forest,,Utility,TRTR,0.9999100179950515,9.947206977344203e-05,classification,Generators/Experiment with utility data leak/utility results/8. Mushroom dataset/TRTR_TSTR_results_merged.xlsx,utility,0.9999100179950515,,0.0,100.0
8. Mushroom dataset,TVAE,,0.0,Precision,0.654294489141197,Random Forest,,Utility,TSTR,0.654294489141197,0.005493201202747776,classification,Generators/Experiment with utility data leak/utility results/8. Mushroom dataset/TRTR_TSTR_results_merged.xlsx,utility,0.654294489141197,,0.0,100.0
8. Mushroom dataset,TVAE,,0.0,Precision_Gap,0.654294489141197,Random Forest,,Utility,Gap,0.3456155288538545,0.005493201202747776,classification,Generators/Experiment with utility data leak/utility results/8. Mushroom dataset/TRTR_TSTR_results_merged.xlsx,utility,0.3456155288538545,,0.0,100.0
8. Mushroom dataset,TVAE,,0.0,Recall,0.9998950052497374,Random Forest,,Utility,TRTR,0.9998950052497374,6.873519866439068e-05,classification,Generators/Experiment with utility data leak/utility results/8. Mushroom dataset/TRTR_TSTR_results_merged.xlsx,utility,0.9998950052497374,,0.0,100.0
8. Mushroom dataset,TVAE,,0.0,Recall,0.6544322783860806,Random Forest,,Utility,TSTR,0.6544322783860806,0.01333372587579918,classification,Generators/Experiment with utility data leak/utility results/8. Mushroom dataset/TRTR_TSTR_results_merged.xlsx,utility,0.6544322783860806,,0.0,100.0
8. Mushroom dataset,TVAE,,0.0,Recall_Gap,0.6544322783860806,Random Forest,,Utility,Gap,0.34546272686365675,0.01333372587579918,classification,Generators/Experiment with utility data leak/utility results/8. Mushroom dataset/TRTR_TSTR_results_merged.xlsx,utility,0.34546272686365675,,0.0,100.0
8. Mushroom dataset,TVAE,,,Accuracy_Drop,,Random Forest,,,Gap,0.3836191110371234,,classification,Generators/Experiment with utility data leak/utility results/8. Mushroom dataset/TRTR_TSTR_results_merged.xlsx,utility,0.3836191110371234,,0.0,100.0
8. Mushroom dataset,TVAE,,,F1_Drop,,Random Forest,,,Gap,0.3456392137151566,,classification,Generators/Experiment with utility data leak/utility results/8. Mushroom dataset/TRTR_TSTR_results_merged.xlsx,utility,0.3456392137151566,,0.0,100.0
8. Mushroom dataset,TVAE,,,Precision_Drop,,Random Forest,,,Gap,0.3456155288538545,,classification,Generators/Experiment with utility data leak/utility results/8. Mushroom dataset/TRTR_TSTR_results_merged.xlsx,utility,0.3456155288538545,,0.0,100.0
8. Mushroom dataset,TVAE,,,Recall_Drop,,Random Forest,,,Gap,0.3454627268636568,,classification,Generators/Experiment with utility data leak/utility results/8. Mushroom dataset/TRTR_TSTR_results_merged.xlsx,utility,0.3454627268636568,,0.0,100.0
8. Mushroom dataset,TVAE,,0.0,Accuracy,0.9998002330614282,MLP,,Utility,TRTR,0.9998002330614282,0.0001498252039287662,classification,Generators/Experiment with utility data leak/utility results/8. Mushroom dataset/TRTR_TSTR_results_merged.xlsx,utility,0.9998002330614282,,0.0,100.0
8. Mushroom dataset,TVAE,,0.0,Accuracy,0.6079157649409023,MLP,,Utility,TSTR,0.6079157649409023,0.006682085688881362,classification,Generators/Experiment with utility data leak/utility results/8. Mushroom dataset/TRTR_TSTR_results_merged.xlsx,utility,0.6079157649409023,,0.0,100.0
8. Mushroom dataset,TVAE,,0.0,Accuracy_Gap,0.6079157649409023,MLP,,Utility,Gap,0.3918844681205259,0.006682085688881362,classification,Generators/Experiment with utility data leak/utility results/8. Mushroom dataset/TRTR_TSTR_results_merged.xlsx,utility,0.3918844681205259,,0.0,100.0
8. Mushroom dataset,TVAE,,0.0,F1,0.9998200033725814,MLP,,Utility,TRTR,0.9998200033725814,0.0001350057549300141,classification,Generators/Experiment with utility data leak/utility results/8. Mushroom dataset/TRTR_TSTR_results_merged.xlsx,utility,0.9998200033725814,,0.0,100.0
8. Mushroom dataset,TVAE,,0.0,F1,0.6410924074522057,MLP,,Utility,TSTR,0.6410924074522057,0.00779993222244019,classification,Generators/Experiment with utility data leak/utility results/8. Mushroom dataset/TRTR_TSTR_results_merged.xlsx,utility,0.6410924074522057,,0.0,100.0
8. Mushroom dataset,TVAE,,0.0,F1_Gap,0.6410924074522057,MLP,,Utility,Gap,0.3587275959203756,0.00779993222244019,classification,Generators/Experiment with utility data leak/utility results/8. Mushroom dataset/TRTR_TSTR_results_merged.xlsx,utility,0.3587275959203756,,0.0,100.0
8. Mushroom dataset,TVAE,,0.0,Precision,0.999835012740364,MLP,,Utility,TRTR,0.999835012740364,0.0001414792911934868,classification,Generators/Experiment with utility data leak/utility results/8. Mushroom dataset/TRTR_TSTR_results_merged.xlsx,utility,0.999835012740364,,0.0,100.0
8. Mushroom dataset,TVAE,,0.0,Precision,0.6516623550800821,MLP,,Utility,TSTR,0.6516623550800821,0.009014988956208522,classification,Generators/Experiment with utility data leak/utility results/8. Mushroom dataset/TRTR_TSTR_results_merged.xlsx,utility,0.6516623550800821,,0.0,100.0
8. Mushroom dataset,TVAE,,0.0,Precision_Gap,0.6516623550800821,MLP,,Utility,Gap,0.34817265766028194,0.009014988956208522,classification,Generators/Experiment with utility data leak/utility results/8. Mushroom dataset/TRTR_TSTR_results_merged.xlsx,utility,0.34817265766028194,,0.0,100.0
8. Mushroom dataset,TVAE,,0.0,Recall,0.9998050097495124,MLP,,Utility,TRTR,0.9998050097495124,0.0001781062259942747,classification,Generators/Experiment with utility data leak/utility results/8. Mushroom dataset/TRTR_TSTR_results_merged.xlsx,utility,0.9998050097495124,,0.0,100.0
8. Mushroom dataset,TVAE,,0.0,Recall,0.6312734363281836,MLP,,Utility,TSTR,0.6312734363281836,0.01734513300277564,classification,Generators/Experiment with utility data leak/utility results/8. Mushroom dataset/TRTR_TSTR_results_merged.xlsx,utility,0.6312734363281836,,0.0,100.0
8. Mushroom dataset,TVAE,,0.0,Recall_Gap,0.6312734363281836,MLP,,Utility,Gap,0.3685315734213288,0.01734513300277564,classification,Generators/Experiment with utility data leak/utility results/8. Mushroom dataset/TRTR_TSTR_results_merged.xlsx,utility,0.3685315734213288,,0.0,100.0
8. Mushroom dataset,TVAE,,,Accuracy_Drop,,MLP,,,Gap,0.3918844681205259,,classification,Generators/Experiment with utility data leak/utility results/8. Mushroom dataset/TRTR_TSTR_results_merged.xlsx,utility,0.3918844681205259,,0.0,100.0
8. Mushroom dataset,TVAE,,,F1_Drop,,MLP,,,Gap,0.3587275959203756,,classification,Generators/Experiment with utility data leak/utility results/8. Mushroom dataset/TRTR_TSTR_results_merged.xlsx,utility,0.3587275959203756,,0.0,100.0
8. Mushroom dataset,TVAE,,,Precision_Drop,,MLP,,,Gap,0.3481726576602819,,classification,Generators/Experiment with utility data leak/utility results/8. Mushroom dataset/TRTR_TSTR_results_merged.xlsx,utility,0.3481726576602819,,0.0,100.0
8. Mushroom dataset,TVAE,,,Recall_Drop,,MLP,,,Gap,0.3685315734213288,,classification,Generators/Experiment with utility data leak/utility results/8. Mushroom dataset/TRTR_TSTR_results_merged.xlsx,utility,0.3685315734213288,,0.0,100.0
8. Mushroom dataset,TVAE,,0.0,Accuracy,0.9993757283169635,KNN,,Utility,TRTR,0.9993757283169635,0.0001870501502766885,classification,Generators/Experiment with utility data leak/utility results/8. Mushroom dataset/TRTR_TSTR_results_merged.xlsx,utility,0.9993757283169635,,0.0,100.0
8. Mushroom dataset,TVAE,,0.0,Accuracy,0.6008323622440486,KNN,,Utility,TSTR,0.6008323622440486,0.00661915893216344,classification,Generators/Experiment with utility data leak/utility results/8. Mushroom dataset/TRTR_TSTR_results_merged.xlsx,utility,0.6008323622440486,,0.0,100.0
8. Mushroom dataset,TVAE,,0.0,Accuracy_Gap,0.6008323622440486,KNN,,Utility,Gap,0.39854336607291496,0.00661915893216344,classification,Generators/Experiment with utility data leak/utility results/8. Mushroom dataset/TRTR_TSTR_results_merged.xlsx,utility,0.39854336607291496,,0.0,100.0
8. Mushroom dataset,TVAE,,0.0,F1,0.999437537679781,KNN,,Utility,TRTR,0.999437537679781,0.0001685162263673175,classification,Generators/Experiment with utility data leak/utility results/8. Mushroom dataset/TRTR_TSTR_results_merged.xlsx,utility,0.999437537679781,,0.0,100.0
8. Mushroom dataset,TVAE,,0.0,F1,0.6442189868589289,KNN,,Utility,TSTR,0.6442189868589289,0.01018643359310747,classification,Generators/Experiment with utility data leak/utility results/8. Mushroom dataset/TRTR_TSTR_results_merged.xlsx,utility,0.6442189868589289,,0.0,100.0
8. Mushroom dataset,TVAE,,0.0,F1_Gap,0.6442189868589289,KNN,,Utility,Gap,0.3552185508208522,0.01018643359310747,classification,Generators/Experiment with utility data leak/utility results/8. Mushroom dataset/TRTR_TSTR_results_merged.xlsx,utility,0.3552185508208522,,0.0,100.0
8. Mushroom dataset,TVAE,,0.0,Precision,0.9994300667201221,KNN,,Utility,TRTR,0.9994300667201221,0.0002203628791389911,classification,Generators/Experiment with utility data leak/utility results/8. Mushroom dataset/TRTR_TSTR_results_merged.xlsx,utility,0.9994300667201221,,0.0,100.0
8. Mushroom dataset,TVAE,,0.0,Precision,0.6378988751042305,KNN,,Utility,TSTR,0.6378988751042305,0.01280477873248795,classification,Generators/Experiment with utility data leak/utility results/8. Mushroom dataset/TRTR_TSTR_results_merged.xlsx,utility,0.6378988751042305,,0.0,100.0
8. Mushroom dataset,TVAE,,0.0,Precision_Gap,0.6378988751042305,KNN,,Utility,Gap,0.36153119161589164,0.01280477873248795,classification,Generators/Experiment with utility data leak/utility results/8. Mushroom dataset/TRTR_TSTR_results_merged.xlsx,utility,0.36153119161589164,,0.0,100.0
8. Mushroom dataset,TVAE,,0.0,Recall,0.9994450277486123,KNN,,Utility,TRTR,0.9994450277486123,0.0001649917504124697,classification,Generators/Experiment with utility data leak/utility results/8. Mushroom dataset/TRTR_TSTR_results_merged.xlsx,utility,0.9994450277486123,,0.0,100.0
8. Mushroom dataset,TVAE,,0.0,Recall,0.6520323983800809,KNN,,Utility,TSTR,0.6520323983800809,0.03027118082054798,classification,Generators/Experiment with utility data leak/utility results/8. Mushroom dataset/TRTR_TSTR_results_merged.xlsx,utility,0.6520323983800809,,0.0,100.0
8. Mushroom dataset,TVAE,,0.0,Recall_Gap,0.6520323983800809,KNN,,Utility,Gap,0.34741262936853146,0.03027118082054798,classification,Generators/Experiment with utility data leak/utility results/8. Mushroom dataset/TRTR_TSTR_results_merged.xlsx,utility,0.34741262936853146,,0.0,100.0
8. Mushroom dataset,TVAE,,,Accuracy_Drop,,KNN,,,Gap,0.398543366072915,,classification,Generators/Experiment with utility data leak/utility results/8. Mushroom dataset/TRTR_TSTR_results_merged.xlsx,utility,0.398543366072915,,0.0,100.0
8. Mushroom dataset,TVAE,,,F1_Drop,,KNN,,,Gap,0.3552185508208522,,classification,Generators/Experiment with utility data leak/utility results/8. Mushroom dataset/TRTR_TSTR_results_merged.xlsx,utility,0.3552185508208522,,0.0,100.0
8. Mushroom dataset,TVAE,,,Precision_Drop,,KNN,,,Gap,0.3615311916158916,,classification,Generators/Experiment with utility data leak/utility results/8. Mushroom dataset/TRTR_TSTR_results_merged.xlsx,utility,0.3615311916158916,,0.0,100.0
8. Mushroom dataset,TVAE,,,Recall_Drop,,KNN,,,Gap,0.3474126293685315,,classification,Generators/Experiment with utility data leak/utility results/8. Mushroom dataset/TRTR_TSTR_results_merged.xlsx,utility,0.3474126293685315,,0.0,100.0
8. Mushroom dataset,TVAE,,0.0,Accuracy,0.9430830697519561,Decision Tree,,Utility,TRTR,0.9430830697519561,0.003054622010995107,classification,Generators/Experiment with utility data leak/utility results/8. Mushroom dataset/TRTR_TSTR_results_merged.xlsx,utility,0.9430830697519561,,0.0,100.0
8. Mushroom dataset,TVAE,,0.0,Accuracy,0.5821458298651574,Decision Tree,,Utility,TSTR,0.5821458298651574,0.01160340733183154,classification,Generators/Experiment with utility data leak/utility results/8. Mushroom dataset/TRTR_TSTR_results_merged.xlsx,utility,0.5821458298651574,,0.0,100.0
8. Mushroom dataset,TVAE,,0.0,Accuracy_Gap,0.5821458298651574,Decision Tree,,Utility,Gap,0.3609372398867987,0.01160340733183154,classification,Generators/Experiment with utility data leak/utility results/8. Mushroom dataset/TRTR_TSTR_results_merged.xlsx,utility,0.3609372398867987,,0.0,100.0
8. Mushroom dataset,TVAE,,0.0,F1,0.9486269064274188,Decision Tree,,Utility,TRTR,0.9486269064274188,0.002733229331666377,classification,Generators/Experiment with utility data leak/utility results/8. Mushroom dataset/TRTR_TSTR_results_merged.xlsx,utility,0.9486269064274188,,0.0,100.0
8. Mushroom dataset,TVAE,,0.0,F1,0.6143338426205494,Decision Tree,,Utility,TSTR,0.6143338426205494,0.009199383997543034,classification,Generators/Experiment with utility data leak/utility results/8. Mushroom dataset/TRTR_TSTR_results_merged.xlsx,utility,0.6143338426205494,,0.0,100.0
8. Mushroom dataset,TVAE,,0.0,F1_Gap,0.6143338426205494,Decision Tree,,Utility,Gap,0.3342930638068694,0.009199383997543034,classification,Generators/Experiment with utility data leak/utility results/8. Mushroom dataset/TRTR_TSTR_results_merged.xlsx,utility,0.3342930638068694,,0.0,100.0
8. Mushroom dataset,TVAE,,0.0,Precision,0.9503557108620792,Decision Tree,,Utility,TRTR,0.9503557108620792,0.004797011192999022,classification,Generators/Experiment with utility data leak/utility results/8. Mushroom dataset/TRTR_TSTR_results_merged.xlsx,utility,0.9503557108620792,,0.0,100.0
8. Mushroom dataset,TVAE,,0.0,Precision,0.6300652067842142,Decision Tree,,Utility,TSTR,0.6300652067842142,0.01430405571495483,classification,Generators/Experiment with utility data leak/utility results/8. Mushroom dataset/TRTR_TSTR_results_merged.xlsx,utility,0.6300652067842142,,0.0,100.0
8. Mushroom dataset,TVAE,,0.0,Precision_Gap,0.6300652067842142,Decision Tree,,Utility,Gap,0.32029050407786497,0.01430405571495483,classification,Generators/Experiment with utility data leak/utility results/8. Mushroom dataset/TRTR_TSTR_results_merged.xlsx,utility,0.32029050407786497,,0.0,100.0
8. Mushroom dataset,TVAE,,0.0,Recall,0.9469326533673316,Decision Tree,,Utility,TRTR,0.9469326533673316,0.004340358980694475,classification,Generators/Experiment with utility data leak/utility results/8. Mushroom dataset/TRTR_TSTR_results_merged.xlsx,utility,0.9469326533673316,,0.0,100.0
8. Mushroom dataset,TVAE,,0.0,Recall,0.5997750112494376,Decision Tree,,Utility,TSTR,0.5997750112494376,0.01506734953235786,classification,Generators/Experiment with utility data leak/utility results/8. Mushroom dataset/TRTR_TSTR_results_merged.xlsx,utility,0.5997750112494376,,0.0,100.0
8. Mushroom dataset,TVAE,,0.0,Recall_Gap,0.5997750112494376,Decision Tree,,Utility,Gap,0.347157642117894,0.01506734953235786,classification,Generators/Experiment with utility data leak/utility results/8. Mushroom dataset/TRTR_TSTR_results_merged.xlsx,utility,0.347157642117894,,0.0,100.0
8. Mushroom dataset,TVAE,,,Accuracy_Drop,,Decision Tree,,,Gap,0.3609372398867987,,classification,Generators/Experiment with utility data leak/utility results/8. Mushroom dataset/TRTR_TSTR_results_merged.xlsx,utility,0.3609372398867987,,0.0,100.0
8. Mushroom dataset,TVAE,,,F1_Drop,,Decision Tree,,,Gap,0.3342930638068694,,classification,Generators/Experiment with utility data leak/utility results/8. Mushroom dataset/TRTR_TSTR_results_merged.xlsx,utility,0.3342930638068694,,0.0,100.0
8. Mushroom dataset,TVAE,,,Precision_Drop,,Decision Tree,,,Gap,0.320290504077865,,classification,Generators/Experiment with utility data leak/utility results/8. Mushroom dataset/TRTR_TSTR_results_merged.xlsx,utility,0.320290504077865,,0.0,100.0
8. Mushroom dataset,TVAE,,,Recall_Drop,,Decision Tree,,,Gap,0.347157642117894,,classification,Generators/Experiment with utility data leak/utility results/8. Mushroom dataset/TRTR_TSTR_results_merged.xlsx,utility,0.347157642117894,,0.0,100.0
8. Mushroom dataset,TVAE,,0.0,Accuracy,0.8177376394206759,Gradient Boosting,,Utility,TRTR,0.8177376394206759,0.009463270545125387,classification,Generators/Experiment with utility data leak/utility results/8. Mushroom dataset/TRTR_TSTR_results_merged.xlsx,utility,0.8177376394206759,,0.0,100.0
8. Mushroom dataset,TVAE,,0.0,Accuracy,0.5960878974529716,Gradient Boosting,,Utility,TSTR,0.5960878974529716,0.006326193997146319,classification,Generators/Experiment with utility data leak/utility results/8. Mushroom dataset/TRTR_TSTR_results_merged.xlsx,utility,0.5960878974529716,,0.0,100.0
8. Mushroom dataset,TVAE,,0.0,Accuracy_Gap,0.5960878974529716,Gradient Boosting,,Utility,Gap,0.22164974196770426,0.006326193997146319,classification,Generators/Experiment with utility data leak/utility results/8. Mushroom dataset/TRTR_TSTR_results_merged.xlsx,utility,0.22164974196770426,,0.0,100.0
8. Mushroom dataset,TVAE,,0.0,F1,0.8351441635674031,Gradient Boosting,,Utility,TRTR,0.8351441635674031,0.009911515687219402,classification,Generators/Experiment with utility data leak/utility results/8. Mushroom dataset/TRTR_TSTR_results_merged.xlsx,utility,0.8351441635674031,,0.0,100.0
8. Mushroom dataset,TVAE,,0.0,F1,0.6446936482565284,Gradient Boosting,,Utility,TSTR,0.6446936482565284,0.008040700272548355,classification,Generators/Experiment with utility data leak/utility results/8. Mushroom dataset/TRTR_TSTR_results_merged.xlsx,utility,0.6446936482565284,,0.0,100.0
8. Mushroom dataset,TVAE,,0.0,F1_Gap,0.6446936482565284,Gradient Boosting,,Utility,Gap,0.19045051531087465,0.008040700272548355,classification,Generators/Experiment with utility data leak/utility results/8. Mushroom dataset/TRTR_TSTR_results_merged.xlsx,utility,0.19045051531087465,,0.0,100.0
8. Mushroom dataset,TVAE,,0.0,Precision,0.8380774142407716,Gradient Boosting,,Utility,TRTR,0.8380774142407716,0.007023800154772467,classification,Generators/Experiment with utility data leak/utility results/8. Mushroom dataset/TRTR_TSTR_results_merged.xlsx,utility,0.8380774142407716,,0.0,100.0
8. Mushroom dataset,TVAE,,0.0,Precision,0.6298040124794175,Gradient Boosting,,Utility,TSTR,0.6298040124794175,0.00631010446940237,classification,Generators/Experiment with utility data leak/utility results/8. Mushroom dataset/TRTR_TSTR_results_merged.xlsx,utility,0.6298040124794175,,0.0,100.0
8. Mushroom dataset,TVAE,,0.0,Precision_Gap,0.6298040124794175,Gradient Boosting,,Utility,Gap,0.20827340176135412,0.00631010446940237,classification,Generators/Experiment with utility data leak/utility results/8. Mushroom dataset/TRTR_TSTR_results_merged.xlsx,utility,0.20827340176135412,,0.0,100.0
8. Mushroom dataset,TVAE,,0.0,Recall,0.8324883755812209,Gradient Boosting,,Utility,TRTR,0.8324883755812209,0.01907263019534354,classification,Generators/Experiment with utility data leak/utility results/8. Mushroom dataset/TRTR_TSTR_results_merged.xlsx,utility,0.8324883755812209,,0.0,100.0
8. Mushroom dataset,TVAE,,0.0,Recall,0.6605819709014551,Gradient Boosting,,Utility,TSTR,0.6605819709014551,0.01669537812504069,classification,Generators/Experiment with utility data leak/utility results/8. Mushroom dataset/TRTR_TSTR_results_merged.xlsx,utility,0.6605819709014551,,0.0,100.0
8. Mushroom dataset,TVAE,,0.0,Recall_Gap,0.6605819709014551,Gradient Boosting,,Utility,Gap,0.1719064046797658,0.01669537812504069,classification,Generators/Experiment with utility data leak/utility results/8. Mushroom dataset/TRTR_TSTR_results_merged.xlsx,utility,0.1719064046797658,,0.0,100.0
8. Mushroom dataset,TVAE,,,Accuracy_Drop,,Gradient Boosting,,,Gap,0.2216497419677043,,classification,Generators/Experiment with utility data leak/utility results/8. Mushroom dataset/TRTR_TSTR_results_merged.xlsx,utility,0.2216497419677043,,0.0,100.0
8. Mushroom dataset,TVAE,,,F1_Drop,,Gradient Boosting,,,Gap,0.1904505153108746,,classification,Generators/Experiment with utility data leak/utility results/8. Mushroom dataset/TRTR_TSTR_results_merged.xlsx,utility,0.1904505153108746,,0.0,100.0
8. Mushroom dataset,TVAE,,,Precision_Drop,,Gradient Boosting,,,Gap,0.2082734017613541,,classification,Generators/Experiment with utility data leak/utility results/8. Mushroom dataset/TRTR_TSTR_results_merged.xlsx,utility,0.2082734017613541,,0.0,100.0
8. Mushroom dataset,TVAE,,,Recall_Drop,,Gradient Boosting,,,Gap,0.1719064046797658,,classification,Generators/Experiment with utility data leak/utility results/8. Mushroom dataset/TRTR_TSTR_results_merged.xlsx,utility,0.1719064046797658,,0.0,100.0
8. Mushroom dataset,TVAE,,0.0,Accuracy,0.6532711836191111,Logistic Regression,,Utility,TRTR,0.6532711836191111,0.003432765231763527,classification,Generators/Experiment with utility data leak/utility results/8. Mushroom dataset/TRTR_TSTR_results_merged.xlsx,utility,0.6532711836191111,,0.0,100.0
8. Mushroom dataset,TVAE,,0.0,Accuracy,0.6100133177959047,Logistic Regression,,Utility,TSTR,0.6100133177959047,0.00784207604568492,classification,Generators/Experiment with utility data leak/utility results/8. Mushroom dataset/TRTR_TSTR_results_merged.xlsx,utility,0.6100133177959047,,0.0,100.0
8. Mushroom dataset,TVAE,,0.0,Accuracy_Gap,0.6100133177959047,Logistic Regression,,Utility,Gap,0.04325786582320634,0.00784207604568492,classification,Generators/Experiment with utility data leak/utility results/8. Mushroom dataset/TRTR_TSTR_results_merged.xlsx,utility,0.04325786582320634,,0.0,100.0
8. Mushroom dataset,TVAE,,0.0,F1,0.7102051701755642,Logistic Regression,,Utility,TRTR,0.7102051701755642,0.002525563014958159,classification,Generators/Experiment with utility data leak/utility results/8. Mushroom dataset/TRTR_TSTR_results_merged.xlsx,utility,0.7102051701755642,,0.0,100.0
8. Mushroom dataset,TVAE,,0.0,F1,0.6561028035631795,Logistic Regression,,Utility,TSTR,0.6561028035631795,0.004329155141736782,classification,Generators/Experiment with utility data leak/utility results/8. Mushroom dataset/TRTR_TSTR_results_merged.xlsx,utility,0.6561028035631795,,0.0,100.0
8. Mushroom dataset,TVAE,,0.0,F1_Gap,0.6561028035631795,Logistic Regression,,Utility,Gap,0.054102366612384656,0.004329155141736782,classification,Generators/Experiment with utility data leak/utility results/8. Mushroom dataset/TRTR_TSTR_results_merged.xlsx,utility,0.054102366612384656,,0.0,100.0
8. Mushroom dataset,TVAE,,0.0,Precision,0.6622882541511838,Logistic Regression,,Utility,TRTR,0.6622882541511838,0.003196371629185143,classification,Generators/Experiment with utility data leak/utility results/8. Mushroom dataset/TRTR_TSTR_results_merged.xlsx,utility,0.6622882541511838,,0.0,100.0
8. Mushroom dataset,TVAE,,0.0,Precision,0.6427332181179617,Logistic Regression,,Utility,TSTR,0.6427332181179617,0.01068482337411416,classification,Generators/Experiment with utility data leak/utility results/8. Mushroom dataset/TRTR_TSTR_results_merged.xlsx,utility,0.6427332181179617,,0.0,100.0
8. Mushroom dataset,TVAE,,0.0,Precision_Gap,0.6427332181179617,Logistic Regression,,Utility,Gap,0.019555036033222062,0.01068482337411416,classification,Generators/Experiment with utility data leak/utility results/8. Mushroom dataset/TRTR_TSTR_results_merged.xlsx,utility,0.019555036033222062,,0.0,100.0
8. Mushroom dataset,TVAE,,0.0,Recall,0.7656067196640167,Logistic Regression,,Utility,TRTR,0.7656067196640167,0.002835651757146686,classification,Generators/Experiment with utility data leak/utility results/8. Mushroom dataset/TRTR_TSTR_results_merged.xlsx,utility,0.7656067196640167,,0.0,100.0
8. Mushroom dataset,TVAE,,0.0,Recall,0.6703914804259787,Logistic Regression,,Utility,TSTR,0.6703914804259787,0.01209487478375372,classification,Generators/Experiment with utility data leak/utility results/8. Mushroom dataset/TRTR_TSTR_results_merged.xlsx,utility,0.6703914804259787,,0.0,100.0
8. Mushroom dataset,TVAE,,0.0,Recall_Gap,0.6703914804259787,Logistic Regression,,Utility,Gap,0.09521523923803799,0.01209487478375372,classification,Generators/Experiment with utility data leak/utility results/8. Mushroom dataset/TRTR_TSTR_results_merged.xlsx,utility,0.09521523923803799,,0.0,100.0
8. Mushroom dataset,TVAE,,,Accuracy_Drop,,Logistic Regression,,,Gap,0.04325786582320634,,classification,Generators/Experiment with utility data leak/utility results/8. Mushroom dataset/TRTR_TSTR_results_merged.xlsx,utility,0.04325786582320634,,0.0,100.0
8. Mushroom dataset,TVAE,,,F1_Drop,,Logistic Regression,,,Gap,0.05410236661238466,,classification,Generators/Experiment with utility data leak/utility results/8. Mushroom dataset/TRTR_TSTR_results_merged.xlsx,utility,0.05410236661238466,,0.0,100.0
8. Mushroom dataset,TVAE,,,Precision_Drop,,Logistic Regression,,,Gap,0.01955503603322206,,classification,Generators/Experiment with utility data leak/utility results/8. Mushroom dataset/TRTR_TSTR_results_merged.xlsx,utility,0.01955503603322206,,0.0,100.0
8. Mushroom dataset,TVAE,,,Recall_Drop,,Logistic Regression,,,Gap,0.09521523923803799,,classification,Generators/Experiment with utility data leak/utility results/8. Mushroom dataset/TRTR_TSTR_results_merged.xlsx,utility,0.09521523923803799,,0.0,100.0
8. Mushroom dataset,TVAE,,0.0,Accuracy,0.6530214749458965,AdaBoost,,Utility,TRTR,0.6530214749458965,0.00911056123636879,classification,Generators/Experiment with utility data leak/utility results/8. Mushroom dataset/TRTR_TSTR_results_merged.xlsx,utility,0.6530214749458965,,0.0,100.0
8. Mushroom dataset,TVAE,,0.0,Accuracy,0.6089312468786415,AdaBoost,,Utility,TSTR,0.6089312468786415,0.004452484514453629,classification,Generators/Experiment with utility data leak/utility results/8. Mushroom dataset/TRTR_TSTR_results_merged.xlsx,utility,0.6089312468786415,,0.0,100.0
8. Mushroom dataset,TVAE,,0.0,Accuracy_Gap,0.6089312468786415,AdaBoost,,Utility,Gap,0.04409022806725493,0.004452484514453629,classification,Generators/Experiment with utility data leak/utility results/8. Mushroom dataset/TRTR_TSTR_results_merged.xlsx,utility,0.04409022806725493,,0.0,100.0
8. Mushroom dataset,TVAE,,0.0,F1,0.6586554205410092,AdaBoost,,Utility,TRTR,0.6586554205410092,0.01000642657450882,classification,Generators/Experiment with utility data leak/utility results/8. Mushroom dataset/TRTR_TSTR_results_merged.xlsx,utility,0.6586554205410092,,0.0,100.0
8. Mushroom dataset,TVAE,,0.0,F1,0.6579251356347994,AdaBoost,,Utility,TSTR,0.6579251356347994,0.005698434427805095,classification,Generators/Experiment with utility data leak/utility results/8. Mushroom dataset/TRTR_TSTR_results_merged.xlsx,utility,0.6579251356347994,,0.0,100.0
8. Mushroom dataset,TVAE,,0.0,F1_Gap,0.6579251356347994,AdaBoost,,Utility,Gap,0.0007302849062098549,0.005698434427805095,classification,Generators/Experiment with utility data leak/utility results/8. Mushroom dataset/TRTR_TSTR_results_merged.xlsx,utility,0.0007302849062098549,,0.0,100.0
8. Mushroom dataset,TVAE,,0.0,Precision,0.7262195138345482,AdaBoost,,Utility,TRTR,0.7262195138345482,0.02162521657245883,classification,Generators/Experiment with utility data leak/utility results/8. Mushroom dataset/TRTR_TSTR_results_merged.xlsx,utility,0.7262195138345482,,0.0,100.0
8. Mushroom dataset,TVAE,,0.0,Precision,0.6393311266263315,AdaBoost,,Utility,TSTR,0.6393311266263315,0.005439579383139315,classification,Generators/Experiment with utility data leak/utility results/8. Mushroom dataset/TRTR_TSTR_results_merged.xlsx,utility,0.6393311266263315,,0.0,100.0
8. Mushroom dataset,TVAE,,0.0,Precision_Gap,0.6393311266263315,AdaBoost,,Utility,Gap,0.08688838720821668,0.005439579383139315,classification,Generators/Experiment with utility data leak/utility results/8. Mushroom dataset/TRTR_TSTR_results_merged.xlsx,utility,0.08688838720821668,,0.0,100.0
8. Mushroom dataset,TVAE,,0.0,Recall,0.6036898155092245,AdaBoost,,Utility,TRTR,0.6036898155092245,0.02328275950044984,classification,Generators/Experiment with utility data leak/utility results/8. Mushroom dataset/TRTR_TSTR_results_merged.xlsx,utility,0.6036898155092245,,0.0,100.0
8. Mushroom dataset,TVAE,,0.0,Recall,0.6778611069446527,AdaBoost,,Utility,TSTR,0.6778611069446527,0.0137488480042976,classification,Generators/Experiment with utility data leak/utility results/8. Mushroom dataset/TRTR_TSTR_results_merged.xlsx,utility,0.6778611069446527,,0.0,100.0
8. Mushroom dataset,TVAE,,0.0,Recall_Gap,0.6778611069446527,AdaBoost,,Utility,Gap,-0.07417129143542822,0.0137488480042976,classification,Generators/Experiment with utility data leak/utility results/8. Mushroom dataset/TRTR_TSTR_results_merged.xlsx,utility,-0.07417129143542822,,0.0,100.0
8. Mushroom dataset,TVAE,,,Accuracy_Drop,,AdaBoost,,,Gap,0.04409022806725493,,classification,Generators/Experiment with utility data leak/utility results/8. Mushroom dataset/TRTR_TSTR_results_merged.xlsx,utility,0.04409022806725493,,0.0,100.0
8. Mushroom dataset,TVAE,,,F1_Drop,,AdaBoost,,,Gap,0.0007302849062098549,,classification,Generators/Experiment with utility data leak/utility results/8. Mushroom dataset/TRTR_TSTR_results_merged.xlsx,utility,0.0007302849062098549,,0.0,100.0
8. Mushroom dataset,TVAE,,,Precision_Drop,,AdaBoost,,,Gap,0.08688838720821668,,classification,Generators/Experiment with utility data leak/utility results/8. Mushroom dataset/TRTR_TSTR_results_merged.xlsx,utility,0.08688838720821668,,0.0,100.0
8. Mushroom dataset,TVAE,,,Recall_Drop,,AdaBoost,,,Gap,-0.07417129143542822,,classification,Generators/Experiment with utility data leak/utility results/8. Mushroom dataset/TRTR_TSTR_results_merged.xlsx,utility,-0.07417129143542822,,0.0,100.0
8. Mushroom dataset,TVAE,,0.0,Accuracy,0.652688530048277,SVM-RBF,,Utility,TRTR,0.652688530048277,0.003540466283100108,classification,Generators/Experiment with utility data leak/utility results/8. Mushroom dataset/TRTR_TSTR_results_merged.xlsx,utility,0.652688530048277,,0.0,100.0
8. Mushroom dataset,TVAE,,0.0,Accuracy,0.608631596470784,SVM-RBF,,Utility,TSTR,0.608631596470784,0.007033480663064667,classification,Generators/Experiment with utility data leak/utility results/8. Mushroom dataset/TRTR_TSTR_results_merged.xlsx,utility,0.608631596470784,,0.0,100.0
8. Mushroom dataset,TVAE,,0.0,Accuracy_Gap,0.608631596470784,SVM-RBF,,Utility,Gap,0.04405693357749296,0.007033480663064667,classification,Generators/Experiment with utility data leak/utility results/8. Mushroom dataset/TRTR_TSTR_results_merged.xlsx,utility,0.04405693357749296,,0.0,100.0
8. Mushroom dataset,TVAE,,0.0,F1,0.7111657290688942,SVM-RBF,,Utility,TRTR,0.7111657290688942,0.002515858645437491,classification,Generators/Experiment with utility data leak/utility results/8. Mushroom dataset/TRTR_TSTR_results_merged.xlsx,utility,0.7111657290688942,,0.0,100.0
8. Mushroom dataset,TVAE,,0.0,F1,0.6576065321044247,SVM-RBF,,Utility,TSTR,0.6576065321044247,0.004794218668630648,classification,Generators/Experiment with utility data leak/utility results/8. Mushroom dataset/TRTR_TSTR_results_merged.xlsx,utility,0.6576065321044247,,0.0,100.0
8. Mushroom dataset,TVAE,,0.0,F1_Gap,0.6576065321044247,SVM-RBF,,Utility,Gap,0.053559196964469535,0.004794218668630648,classification,Generators/Experiment with utility data leak/utility results/8. Mushroom dataset/TRTR_TSTR_results_merged.xlsx,utility,0.053559196964469535,,0.0,100.0
8. Mushroom dataset,TVAE,,0.0,Precision,0.660338278612806,SVM-RBF,,Utility,TRTR,0.660338278612806,0.003326244875037613,classification,Generators/Experiment with utility data leak/utility results/8. Mushroom dataset/TRTR_TSTR_results_merged.xlsx,utility,0.660338278612806,,0.0,100.0
8. Mushroom dataset,TVAE,,0.0,Precision,0.6392796438959043,SVM-RBF,,Utility,TSTR,0.6392796438959043,0.009112821784223577,classification,Generators/Experiment with utility data leak/utility results/8. Mushroom dataset/TRTR_TSTR_results_merged.xlsx,utility,0.6392796438959043,,0.0,100.0
8. Mushroom dataset,TVAE,,0.0,Precision_Gap,0.6392796438959043,SVM-RBF,,Utility,Gap,0.021058634716901725,0.009112821784223577,classification,Generators/Experiment with utility data leak/utility results/8. Mushroom dataset/TRTR_TSTR_results_merged.xlsx,utility,0.021058634716901725,,0.0,100.0
8. Mushroom dataset,TVAE,,0.0,Recall,0.7704814759262038,SVM-RBF,,Utility,TRTR,0.7704814759262038,0.002684656261806534,classification,Generators/Experiment with utility data leak/utility results/8. Mushroom dataset/TRTR_TSTR_results_merged.xlsx,utility,0.7704814759262038,,0.0,100.0
8. Mushroom dataset,TVAE,,0.0,Recall,0.6773061346932653,SVM-RBF,,Utility,TSTR,0.6773061346932653,0.0121610900177257,classification,Generators/Experiment with utility data leak/utility results/8. Mushroom dataset/TRTR_TSTR_results_merged.xlsx,utility,0.6773061346932653,,0.0,100.0
8. Mushroom dataset,TVAE,,0.0,Recall_Gap,0.6773061346932653,SVM-RBF,,Utility,Gap,0.09317534123293847,0.0121610900177257,classification,Generators/Experiment with utility data leak/utility results/8. Mushroom dataset/TRTR_TSTR_results_merged.xlsx,utility,0.09317534123293847,,0.0,100.0
8. Mushroom dataset,TVAE,,,Accuracy_Drop,,SVM-RBF,,,Gap,0.04405693357749296,,classification,Generators/Experiment with utility data leak/utility results/8. Mushroom dataset/TRTR_TSTR_results_merged.xlsx,utility,0.04405693357749296,,0.0,100.0
8. Mushroom dataset,TVAE,,,F1_Drop,,SVM-RBF,,,Gap,0.05355919696446954,,classification,Generators/Experiment with utility data leak/utility results/8. Mushroom dataset/TRTR_TSTR_results_merged.xlsx,utility,0.05355919696446954,,0.0,100.0
8. Mushroom dataset,TVAE,,,Precision_Drop,,SVM-RBF,,,Gap,0.02105863471690173,,classification,Generators/Experiment with utility data leak/utility results/8. Mushroom dataset/TRTR_TSTR_results_merged.xlsx,utility,0.02105863471690173,,0.0,100.0
8. Mushroom dataset,TVAE,,,Recall_Drop,,SVM-RBF,,,Gap,0.09317534123293847,,classification,Generators/Experiment with utility data leak/utility results/8. Mushroom dataset/TRTR_TSTR_results_merged.xlsx,utility,0.09317534123293847,,0.0,100.0
8. Mushroom dataset,TVAE,,0.0,Accuracy,0.6093557516231064,Naive Bayes,,Utility,TRTR,0.6093557516231064,0.002206246746399765,classification,Generators/Experiment with utility data leak/utility results/8. Mushroom dataset/TRTR_TSTR_results_merged.xlsx,utility,0.6093557516231064,,0.0,100.0
8. Mushroom dataset,TVAE,,0.0,Accuracy,0.5786582320625937,Naive Bayes,,Utility,TSTR,0.5786582320625937,0.01264051075755939,classification,Generators/Experiment with utility data leak/utility results/8. Mushroom dataset/TRTR_TSTR_results_merged.xlsx,utility,0.5786582320625937,,0.0,100.0
8. Mushroom dataset,TVAE,,0.0,Accuracy_Gap,0.5786582320625937,Naive Bayes,,Utility,Gap,0.030697519560512698,0.01264051075755939,classification,Generators/Experiment with utility data leak/utility results/8. Mushroom dataset/TRTR_TSTR_results_merged.xlsx,utility,0.030697519560512698,,0.0,100.0
8. Mushroom dataset,TVAE,,0.0,F1,0.5471586204572338,Naive Bayes,,Utility,TRTR,0.5471586204572338,0.003948342675541275,classification,Generators/Experiment with utility data leak/utility results/8. Mushroom dataset/TRTR_TSTR_results_merged.xlsx,utility,0.5471586204572338,,0.0,100.0
8. Mushroom dataset,TVAE,,0.0,F1,0.5713979739163741,Naive Bayes,,Utility,TSTR,0.5713979739163741,0.006498499110508371,classification,Generators/Experiment with utility data leak/utility results/8. Mushroom dataset/TRTR_TSTR_results_merged.xlsx,utility,0.5713979739163741,,0.0,100.0
8. Mushroom dataset,TVAE,,0.0,F1_Gap,0.5713979739163741,Naive Bayes,,Utility,Gap,-0.0242393534591403,0.006498499110508371,classification,Generators/Experiment with utility data leak/utility results/8. Mushroom dataset/TRTR_TSTR_results_merged.xlsx,utility,-0.0242393534591403,,0.0,100.0
8. Mushroom dataset,TVAE,,0.0,Precision,0.7669376693867336,Naive Bayes,,Utility,TRTR,0.7669376693867336,0.002744162729666706,classification,Generators/Experiment with utility data leak/utility results/8. Mushroom dataset/TRTR_TSTR_results_merged.xlsx,utility,0.7669376693867336,,0.0,100.0
8. Mushroom dataset,TVAE,,0.0,Precision,0.6574631754082448,Naive Bayes,,Utility,TSTR,0.6574631754082448,0.02420224053218598,classification,Generators/Experiment with utility data leak/utility results/8. Mushroom dataset/TRTR_TSTR_results_merged.xlsx,utility,0.6574631754082448,,0.0,100.0
8. Mushroom dataset,TVAE,,0.0,Precision_Gap,0.6574631754082448,Naive Bayes,,Utility,Gap,0.10947449397848874,0.02420224053218598,classification,Generators/Experiment with utility data leak/utility results/8. Mushroom dataset/TRTR_TSTR_results_merged.xlsx,utility,0.10947449397848874,,0.0,100.0
8. Mushroom dataset,TVAE,,0.0,Recall,0.4253037348132593,Naive Bayes,,Utility,TRTR,0.4253037348132593,0.004574279456311722,classification,Generators/Experiment with utility data leak/utility results/8. Mushroom dataset/TRTR_TSTR_results_merged.xlsx,utility,0.4253037348132593,,0.0,100.0
8. Mushroom dataset,TVAE,,0.0,Recall,0.5061496925153742,Naive Bayes,,Utility,TSTR,0.5061496925153742,0.01542930063460538,classification,Generators/Experiment with utility data leak/utility results/8. Mushroom dataset/TRTR_TSTR_results_merged.xlsx,utility,0.5061496925153742,,0.0,100.0
8. Mushroom dataset,TVAE,,0.0,Recall_Gap,0.5061496925153742,Naive Bayes,,Utility,Gap,-0.08084595770211495,0.01542930063460538,classification,Generators/Experiment with utility data leak/utility results/8. Mushroom dataset/TRTR_TSTR_results_merged.xlsx,utility,-0.08084595770211495,,0.0,100.0
8. Mushroom dataset,TVAE,,,Accuracy_Drop,,Naive Bayes,,,Gap,0.0306975195605127,,classification,Generators/Experiment with utility data leak/utility results/8. Mushroom dataset/TRTR_TSTR_results_merged.xlsx,utility,0.0306975195605127,,0.0,100.0
8. Mushroom dataset,TVAE,,,F1_Drop,,Naive Bayes,,,Gap,-0.0242393534591403,,classification,Generators/Experiment with utility data leak/utility results/8. Mushroom dataset/TRTR_TSTR_results_merged.xlsx,utility,-0.0242393534591403,,0.0,100.0
8. Mushroom dataset,TVAE,,,Precision_Drop,,Naive Bayes,,,Gap,0.1094744939784887,,classification,Generators/Experiment with utility data leak/utility results/8. Mushroom dataset/TRTR_TSTR_results_merged.xlsx,utility,0.1094744939784887,,0.0,100.0
8. Mushroom dataset,TVAE,,,Recall_Drop,,Naive Bayes,,,Gap,-0.08084595770211495,,classification,Generators/Experiment with utility data leak/utility results/8. Mushroom dataset/TRTR_TSTR_results_merged.xlsx,utility,-0.08084595770211495,,0.0,100.0
8. Mushroom dataset,GaussianCopula,,0.0,Accuracy,0.999983352755119,Extra Trees,,Utility,TRTR,0.999983352755119,3.329448976194804e-05,classification,Generators/Experiment with utility data leak/utility results/8. Mushroom dataset/TRTR_TSTR_results_merged.xlsx,utility,0.999983352755119,,0.0,100.0
8. Mushroom dataset,GaussianCopula,,0.0,Accuracy,0.5888130514399867,Extra Trees,,Utility,TSTR,0.5888130514399867,0.0178575749284664,classification,Generators/Experiment with utility data leak/utility results/8. Mushroom dataset/TRTR_TSTR_results_merged.xlsx,utility,0.5888130514399867,,0.0,100.0
8. Mushroom dataset,GaussianCopula,,0.0,Accuracy_Gap,0.5888130514399867,Extra Trees,,Utility,Gap,0.4111703013151322,0.0178575749284664,classification,Generators/Experiment with utility data leak/utility results/8. Mushroom dataset/TRTR_TSTR_results_merged.xlsx,utility,0.4111703013151322,,0.0,100.0
8. Mushroom dataset,GaussianCopula,,0.0,F1,0.9999849996249907,Extra Trees,,Utility,TRTR,0.9999849996249907,3.000075001873271e-05,classification,Generators/Experiment with utility data leak/utility results/8. Mushroom dataset/TRTR_TSTR_results_merged.xlsx,utility,0.9999849996249907,,0.0,100.0
8. Mushroom dataset,GaussianCopula,,0.0,F1,0.6395562062608107,Extra Trees,,Utility,TSTR,0.6395562062608107,0.0183335979440471,classification,Generators/Experiment with utility data leak/utility results/8. Mushroom dataset/TRTR_TSTR_results_merged.xlsx,utility,0.6395562062608107,,0.0,100.0
8. Mushroom dataset,GaussianCopula,,0.0,F1_Gap,0.6395562062608107,Extra Trees,,Utility,Gap,0.36042879336418,0.0183335979440471,classification,Generators/Experiment with utility data leak/utility results/8. Mushroom dataset/TRTR_TSTR_results_merged.xlsx,utility,0.36042879336418,,0.0,100.0
8. Mushroom dataset,GaussianCopula,,0.0,Precision,1.0,Extra Trees,,Utility,TRTR,1.0,0.0,classification,Generators/Experiment with utility data leak/utility results/8. Mushroom dataset/TRTR_TSTR_results_merged.xlsx,utility,1.0,,0.0,100.0
8. Mushroom dataset,GaussianCopula,,0.0,Precision,0.622506674095409,Extra Trees,,Utility,TSTR,0.622506674095409,0.01429460783745448,classification,Generators/Experiment with utility data leak/utility results/8. Mushroom dataset/TRTR_TSTR_results_merged.xlsx,utility,0.622506674095409,,0.0,100.0
8. Mushroom dataset,GaussianCopula,,0.0,Precision_Gap,0.622506674095409,Extra Trees,,Utility,Gap,0.37749332590459095,0.01429460783745448,classification,Generators/Experiment with utility data leak/utility results/8. Mushroom dataset/TRTR_TSTR_results_merged.xlsx,utility,0.37749332590459095,,0.0,100.0
8. Mushroom dataset,GaussianCopula,,0.0,Recall,0.9999700014999249,Extra Trees,,Utility,TRTR,0.9999700014999249,5.999700014998055e-05,classification,Generators/Experiment with utility data leak/utility results/8. Mushroom dataset/TRTR_TSTR_results_merged.xlsx,utility,0.9999700014999249,,0.0,100.0
8. Mushroom dataset,GaussianCopula,,0.0,Recall,0.6578221088945553,Extra Trees,,Utility,TSTR,0.6578221088945553,0.02556200073895396,classification,Generators/Experiment with utility data leak/utility results/8. Mushroom dataset/TRTR_TSTR_results_merged.xlsx,utility,0.6578221088945553,,0.0,100.0
8. Mushroom dataset,GaussianCopula,,0.0,Recall_Gap,0.6578221088945553,Extra Trees,,Utility,Gap,0.3421478926053696,0.02556200073895396,classification,Generators/Experiment with utility data leak/utility results/8. Mushroom dataset/TRTR_TSTR_results_merged.xlsx,utility,0.3421478926053696,,0.0,100.0
8. Mushroom dataset,GaussianCopula,,,Accuracy_Drop,,Extra Trees,,,Gap,0.4111703013151322,,classification,Generators/Experiment with utility data leak/utility results/8. Mushroom dataset/TRTR_TSTR_results_merged.xlsx,utility,0.4111703013151322,,0.0,100.0
8. Mushroom dataset,GaussianCopula,,,F1_Drop,,Extra Trees,,,Gap,0.36042879336418,,classification,Generators/Experiment with utility data leak/utility results/8. Mushroom dataset/TRTR_TSTR_results_merged.xlsx,utility,0.36042879336418,,0.0,100.0
8. Mushroom dataset,GaussianCopula,,,Precision_Drop,,Extra Trees,,,Gap,0.3774933259045909,,classification,Generators/Experiment with utility data leak/utility results/8. Mushroom dataset/TRTR_TSTR_results_merged.xlsx,utility,0.3774933259045909,,0.0,100.0
8. Mushroom dataset,GaussianCopula,,,Recall_Drop,,Extra Trees,,,Gap,0.3421478926053696,,classification,Generators/Experiment with utility data leak/utility results/8. Mushroom dataset/TRTR_TSTR_results_merged.xlsx,utility,0.3421478926053696,,0.0,100.0
8. Mushroom dataset,GaussianCopula,,0.0,Accuracy,0.9998917929082738,Random Forest,,Utility,TRTR,0.9998917929082738,3.814362988976479e-05,classification,Generators/Experiment with utility data leak/utility results/8. Mushroom dataset/TRTR_TSTR_results_merged.xlsx,utility,0.9998917929082738,,0.0,100.0
8. Mushroom dataset,GaussianCopula,,0.0,Accuracy,0.5762527051772931,Random Forest,,Utility,TSTR,0.5762527051772931,0.02247475011627274,classification,Generators/Experiment with utility data leak/utility results/8. Mushroom dataset/TRTR_TSTR_results_merged.xlsx,utility,0.5762527051772931,,0.0,100.0
8. Mushroom dataset,GaussianCopula,,0.0,Accuracy_Gap,0.5762527051772931,Random Forest,,Utility,Gap,0.4236390877309807,0.02247475011627274,classification,Generators/Experiment with utility data leak/utility results/8. Mushroom dataset/TRTR_TSTR_results_merged.xlsx,utility,0.4236390877309807,,0.0,100.0
8. Mushroom dataset,GaussianCopula,,0.0,F1,0.9999025054365672,Random Forest,,Utility,TRTR,0.9999025054365672,3.436305920243479e-05,classification,Generators/Experiment with utility data leak/utility results/8. Mushroom dataset/TRTR_TSTR_results_merged.xlsx,utility,0.9999025054365672,,0.0,100.0
8. Mushroom dataset,GaussianCopula,,0.0,F1,0.6291839119035896,Random Forest,,Utility,TSTR,0.6291839119035896,0.02239815511939433,classification,Generators/Experiment with utility data leak/utility results/8. Mushroom dataset/TRTR_TSTR_results_merged.xlsx,utility,0.6291839119035896,,0.0,100.0
8. Mushroom dataset,GaussianCopula,,0.0,F1_Gap,0.6291839119035896,Random Forest,,Utility,Gap,0.37071859353297765,0.02239815511939433,classification,Generators/Experiment with utility data leak/utility results/8. Mushroom dataset/TRTR_TSTR_results_merged.xlsx,utility,0.37071859353297765,,0.0,100.0
8. Mushroom dataset,GaussianCopula,,0.0,Precision,0.9999100179950515,Random Forest,,Utility,TRTR,0.9999100179950515,9.947206977344203e-05,classification,Generators/Experiment with utility data leak/utility results/8. Mushroom dataset/TRTR_TSTR_results_merged.xlsx,utility,0.9999100179950515,,0.0,100.0
8. Mushroom dataset,GaussianCopula,,0.0,Precision,0.6117444432381911,Random Forest,,Utility,TSTR,0.6117444432381911,0.02014499517080223,classification,Generators/Experiment with utility data leak/utility results/8. Mushroom dataset/TRTR_TSTR_results_merged.xlsx,utility,0.6117444432381911,,0.0,100.0
8. Mushroom dataset,GaussianCopula,,0.0,Precision_Gap,0.6117444432381911,Random Forest,,Utility,Gap,0.3881655747568604,0.02014499517080223,classification,Generators/Experiment with utility data leak/utility results/8. Mushroom dataset/TRTR_TSTR_results_merged.xlsx,utility,0.3881655747568604,,0.0,100.0
8. Mushroom dataset,GaussianCopula,,0.0,Recall,0.9998950052497374,Random Forest,,Utility,TRTR,0.9998950052497374,6.873519866439068e-05,classification,Generators/Experiment with utility data leak/utility results/8. Mushroom dataset/TRTR_TSTR_results_merged.xlsx,utility,0.9998950052497374,,0.0,100.0
8. Mushroom dataset,GaussianCopula,,0.0,Recall,0.6486575671216439,Random Forest,,Utility,TSTR,0.6486575671216439,0.03558195173547793,classification,Generators/Experiment with utility data leak/utility results/8. Mushroom dataset/TRTR_TSTR_results_merged.xlsx,utility,0.6486575671216439,,0.0,100.0
8. Mushroom dataset,GaussianCopula,,0.0,Recall_Gap,0.6486575671216439,Random Forest,,Utility,Gap,0.3512374381280935,0.03558195173547793,classification,Generators/Experiment with utility data leak/utility results/8. Mushroom dataset/TRTR_TSTR_results_merged.xlsx,utility,0.3512374381280935,,0.0,100.0
8. Mushroom dataset,GaussianCopula,,,Accuracy_Drop,,Random Forest,,,Gap,0.4236390877309807,,classification,Generators/Experiment with utility data leak/utility results/8. Mushroom dataset/TRTR_TSTR_results_merged.xlsx,utility,0.4236390877309807,,0.0,100.0
8. Mushroom dataset,GaussianCopula,,,F1_Drop,,Random Forest,,,Gap,0.3707185935329776,,classification,Generators/Experiment with utility data leak/utility results/8. Mushroom dataset/TRTR_TSTR_results_merged.xlsx,utility,0.3707185935329776,,0.0,100.0
8. Mushroom dataset,GaussianCopula,,,Precision_Drop,,Random Forest,,,Gap,0.3881655747568604,,classification,Generators/Experiment with utility data leak/utility results/8. Mushroom dataset/TRTR_TSTR_results_merged.xlsx,utility,0.3881655747568604,,0.0,100.0
8. Mushroom dataset,GaussianCopula,,,Recall_Drop,,Random Forest,,,Gap,0.3512374381280935,,classification,Generators/Experiment with utility data leak/utility results/8. Mushroom dataset/TRTR_TSTR_results_merged.xlsx,utility,0.3512374381280935,,0.0,100.0
8. Mushroom dataset,GaussianCopula,,0.0,Accuracy,0.9998002330614282,MLP,,Utility,TRTR,0.9998002330614282,0.0001498252039287662,classification,Generators/Experiment with utility data leak/utility results/8. Mushroom dataset/TRTR_TSTR_results_merged.xlsx,utility,0.9998002330614282,,0.0,100.0
8. Mushroom dataset,GaussianCopula,,0.0,Accuracy,0.5755618445147327,MLP,,Utility,TSTR,0.5755618445147327,0.01069543702736046,classification,Generators/Experiment with utility data leak/utility results/8. Mushroom dataset/TRTR_TSTR_results_merged.xlsx,utility,0.5755618445147327,,0.0,100.0
8. Mushroom dataset,GaussianCopula,,0.0,Accuracy_Gap,0.5755618445147327,MLP,,Utility,Gap,0.4242383885466955,0.01069543702736046,classification,Generators/Experiment with utility data leak/utility results/8. Mushroom dataset/TRTR_TSTR_results_merged.xlsx,utility,0.4242383885466955,,0.0,100.0
8. Mushroom dataset,GaussianCopula,,0.0,F1,0.9998200033725814,MLP,,Utility,TRTR,0.9998200033725814,0.0001350057549300141,classification,Generators/Experiment with utility data leak/utility results/8. Mushroom dataset/TRTR_TSTR_results_merged.xlsx,utility,0.9998200033725814,,0.0,100.0
8. Mushroom dataset,GaussianCopula,,0.0,F1,0.62862648769675,MLP,,Utility,TSTR,0.62862648769675,0.01572355225912568,classification,Generators/Experiment with utility data leak/utility results/8. Mushroom dataset/TRTR_TSTR_results_merged.xlsx,utility,0.62862648769675,,0.0,100.0
8. Mushroom dataset,GaussianCopula,,0.0,F1_Gap,0.62862648769675,MLP,,Utility,Gap,0.37119351567583136,0.01572355225912568,classification,Generators/Experiment with utility data leak/utility results/8. Mushroom dataset/TRTR_TSTR_results_merged.xlsx,utility,0.37119351567583136,,0.0,100.0
8. Mushroom dataset,GaussianCopula,,0.0,Precision,0.999835012740364,MLP,,Utility,TRTR,0.999835012740364,0.0001414792911934868,classification,Generators/Experiment with utility data leak/utility results/8. Mushroom dataset/TRTR_TSTR_results_merged.xlsx,utility,0.999835012740364,,0.0,100.0
8. Mushroom dataset,GaussianCopula,,0.0,Precision,0.6107780873589091,MLP,,Utility,TSTR,0.6107780873589091,0.007149942844600607,classification,Generators/Experiment with utility data leak/utility results/8. Mushroom dataset/TRTR_TSTR_results_merged.xlsx,utility,0.6107780873589091,,0.0,100.0
8. Mushroom dataset,GaussianCopula,,0.0,Precision_Gap,0.6107780873589091,MLP,,Utility,Gap,0.38905692538145487,0.007149942844600607,classification,Generators/Experiment with utility data leak/utility results/8. Mushroom dataset/TRTR_TSTR_results_merged.xlsx,utility,0.38905692538145487,,0.0,100.0
8. Mushroom dataset,GaussianCopula,,0.0,Recall,0.9998050097495124,MLP,,Utility,TRTR,0.9998050097495124,0.0001781062259942747,classification,Generators/Experiment with utility data leak/utility results/8. Mushroom dataset/TRTR_TSTR_results_merged.xlsx,utility,0.9998050097495124,,0.0,100.0
8. Mushroom dataset,GaussianCopula,,0.0,Recall,0.6482225888705566,MLP,,Utility,TSTR,0.6482225888705566,0.0306199357381688,classification,Generators/Experiment with utility data leak/utility results/8. Mushroom dataset/TRTR_TSTR_results_merged.xlsx,utility,0.6482225888705566,,0.0,100.0
8. Mushroom dataset,GaussianCopula,,0.0,Recall_Gap,0.6482225888705566,MLP,,Utility,Gap,0.35158242087895575,0.0306199357381688,classification,Generators/Experiment with utility data leak/utility results/8. Mushroom dataset/TRTR_TSTR_results_merged.xlsx,utility,0.35158242087895575,,0.0,100.0
8. Mushroom dataset,GaussianCopula,,,Accuracy_Drop,,MLP,,,Gap,0.4242383885466955,,classification,Generators/Experiment with utility data leak/utility results/8. Mushroom dataset/TRTR_TSTR_results_merged.xlsx,utility,0.4242383885466955,,0.0,100.0
8. Mushroom dataset,GaussianCopula,,,F1_Drop,,MLP,,,Gap,0.3711935156758314,,classification,Generators/Experiment with utility data leak/utility results/8. Mushroom dataset/TRTR_TSTR_results_merged.xlsx,utility,0.3711935156758314,,0.0,100.0
8. Mushroom dataset,GaussianCopula,,,Precision_Drop,,MLP,,,Gap,0.3890569253814549,,classification,Generators/Experiment with utility data leak/utility results/8. Mushroom dataset/TRTR_TSTR_results_merged.xlsx,utility,0.3890569253814549,,0.0,100.0
8. Mushroom dataset,GaussianCopula,,,Recall_Drop,,MLP,,,Gap,0.3515824208789557,,classification,Generators/Experiment with utility data leak/utility results/8. Mushroom dataset/TRTR_TSTR_results_merged.xlsx,utility,0.3515824208789557,,0.0,100.0
8. Mushroom dataset,GaussianCopula,,0.0,Accuracy,0.9993757283169635,KNN,,Utility,TRTR,0.9993757283169635,0.0001870501502766885,classification,Generators/Experiment with utility data leak/utility results/8. Mushroom dataset/TRTR_TSTR_results_merged.xlsx,utility,0.9993757283169635,,0.0,100.0
8. Mushroom dataset,GaussianCopula,,0.0,Accuracy,0.5445480273014816,KNN,,Utility,TSTR,0.5445480273014816,0.01196349826027345,classification,Generators/Experiment with utility data leak/utility results/8. Mushroom dataset/TRTR_TSTR_results_merged.xlsx,utility,0.5445480273014816,,0.0,100.0
8. Mushroom dataset,GaussianCopula,,0.0,Accuracy_Gap,0.5445480273014816,KNN,,Utility,Gap,0.454827701015482,0.01196349826027345,classification,Generators/Experiment with utility data leak/utility results/8. Mushroom dataset/TRTR_TSTR_results_merged.xlsx,utility,0.454827701015482,,0.0,100.0
8. Mushroom dataset,GaussianCopula,,0.0,F1,0.999437537679781,KNN,,Utility,TRTR,0.999437537679781,0.0001685162263673175,classification,Generators/Experiment with utility data leak/utility results/8. Mushroom dataset/TRTR_TSTR_results_merged.xlsx,utility,0.999437537679781,,0.0,100.0
8. Mushroom dataset,GaussianCopula,,0.0,F1,0.5944676971368936,KNN,,Utility,TSTR,0.5944676971368936,0.01223488087375706,classification,Generators/Experiment with utility data leak/utility results/8. Mushroom dataset/TRTR_TSTR_results_merged.xlsx,utility,0.5944676971368936,,0.0,100.0
8. Mushroom dataset,GaussianCopula,,0.0,F1_Gap,0.5944676971368936,KNN,,Utility,Gap,0.4049698405428874,0.01223488087375706,classification,Generators/Experiment with utility data leak/utility results/8. Mushroom dataset/TRTR_TSTR_results_merged.xlsx,utility,0.4049698405428874,,0.0,100.0
8. Mushroom dataset,GaussianCopula,,0.0,Precision,0.9994300667201221,KNN,,Utility,TRTR,0.9994300667201221,0.0002203628791389911,classification,Generators/Experiment with utility data leak/utility results/8. Mushroom dataset/TRTR_TSTR_results_merged.xlsx,utility,0.9994300667201221,,0.0,100.0
8. Mushroom dataset,GaussianCopula,,0.0,Precision,0.587666608002218,KNN,,Utility,TSTR,0.587666608002218,0.01147819071977115,classification,Generators/Experiment with utility data leak/utility results/8. Mushroom dataset/TRTR_TSTR_results_merged.xlsx,utility,0.587666608002218,,0.0,100.0
8. Mushroom dataset,GaussianCopula,,0.0,Precision_Gap,0.587666608002218,KNN,,Utility,Gap,0.4117634587179041,0.01147819071977115,classification,Generators/Experiment with utility data leak/utility results/8. Mushroom dataset/TRTR_TSTR_results_merged.xlsx,utility,0.4117634587179041,,0.0,100.0
8. Mushroom dataset,GaussianCopula,,0.0,Recall,0.9994450277486123,KNN,,Utility,TRTR,0.9994450277486123,0.0001649917504124697,classification,Generators/Experiment with utility data leak/utility results/8. Mushroom dataset/TRTR_TSTR_results_merged.xlsx,utility,0.9994450277486123,,0.0,100.0
8. Mushroom dataset,GaussianCopula,,0.0,Recall,0.6018299085045749,KNN,,Utility,TSTR,0.6018299085045749,0.02020184614140405,classification,Generators/Experiment with utility data leak/utility results/8. Mushroom dataset/TRTR_TSTR_results_merged.xlsx,utility,0.6018299085045749,,0.0,100.0
8. Mushroom dataset,GaussianCopula,,0.0,Recall_Gap,0.6018299085045749,KNN,,Utility,Gap,0.3976151192440375,0.02020184614140405,classification,Generators/Experiment with utility data leak/utility results/8. Mushroom dataset/TRTR_TSTR_results_merged.xlsx,utility,0.3976151192440375,,0.0,100.0
8. Mushroom dataset,GaussianCopula,,,Accuracy_Drop,,KNN,,,Gap,0.454827701015482,,classification,Generators/Experiment with utility data leak/utility results/8. Mushroom dataset/TRTR_TSTR_results_merged.xlsx,utility,0.454827701015482,,0.0,100.0
8. Mushroom dataset,GaussianCopula,,,F1_Drop,,KNN,,,Gap,0.4049698405428874,,classification,Generators/Experiment with utility data leak/utility results/8. Mushroom dataset/TRTR_TSTR_results_merged.xlsx,utility,0.4049698405428874,,0.0,100.0
8. Mushroom dataset,GaussianCopula,,,Precision_Drop,,KNN,,,Gap,0.4117634587179041,,classification,Generators/Experiment with utility data leak/utility results/8. Mushroom dataset/TRTR_TSTR_results_merged.xlsx,utility,0.4117634587179041,,0.0,100.0
8. Mushroom dataset,GaussianCopula,,,Recall_Drop,,KNN,,,Gap,0.3976151192440375,,classification,Generators/Experiment with utility data leak/utility results/8. Mushroom dataset/TRTR_TSTR_results_merged.xlsx,utility,0.3976151192440375,,0.0,100.0
8. Mushroom dataset,GaussianCopula,,0.0,Accuracy,0.9430830697519561,Decision Tree,,Utility,TRTR,0.9430830697519561,0.003054622010995107,classification,Generators/Experiment with utility data leak/utility results/8. Mushroom dataset/TRTR_TSTR_results_merged.xlsx,utility,0.9430830697519561,,0.0,100.0
8. Mushroom dataset,GaussianCopula,,0.0,Accuracy,0.5393873813883802,Decision Tree,,Utility,TSTR,0.5393873813883802,0.02418844681205261,classification,Generators/Experiment with utility data leak/utility results/8. Mushroom dataset/TRTR_TSTR_results_merged.xlsx,utility,0.5393873813883802,,0.0,100.0
8. Mushroom dataset,GaussianCopula,,0.0,Accuracy_Gap,0.5393873813883802,Decision Tree,,Utility,Gap,0.40369568836357594,0.02418844681205261,classification,Generators/Experiment with utility data leak/utility results/8. Mushroom dataset/TRTR_TSTR_results_merged.xlsx,utility,0.40369568836357594,,0.0,100.0
8. Mushroom dataset,GaussianCopula,,0.0,F1,0.9486269064274188,Decision Tree,,Utility,TRTR,0.9486269064274188,0.002733229331666377,classification,Generators/Experiment with utility data leak/utility results/8. Mushroom dataset/TRTR_TSTR_results_merged.xlsx,utility,0.9486269064274188,,0.0,100.0
8. Mushroom dataset,GaussianCopula,,0.0,F1,0.5810708918678696,Decision Tree,,Utility,TSTR,0.5810708918678696,0.02592114735024444,classification,Generators/Experiment with utility data leak/utility results/8. Mushroom dataset/TRTR_TSTR_results_merged.xlsx,utility,0.5810708918678696,,0.0,100.0
8. Mushroom dataset,GaussianCopula,,0.0,F1_Gap,0.5810708918678696,Decision Tree,,Utility,Gap,0.3675560145595491,0.02592114735024444,classification,Generators/Experiment with utility data leak/utility results/8. Mushroom dataset/TRTR_TSTR_results_merged.xlsx,utility,0.3675560145595491,,0.0,100.0
8. Mushroom dataset,GaussianCopula,,0.0,Precision,0.9503557108620792,Decision Tree,,Utility,TRTR,0.9503557108620792,0.004797011192999022,classification,Generators/Experiment with utility data leak/utility results/8. Mushroom dataset/TRTR_TSTR_results_merged.xlsx,utility,0.9503557108620792,,0.0,100.0
8. Mushroom dataset,GaussianCopula,,0.0,Precision,0.5870065416644352,Decision Tree,,Utility,TSTR,0.5870065416644352,0.0234823480968189,classification,Generators/Experiment with utility data leak/utility results/8. Mushroom dataset/TRTR_TSTR_results_merged.xlsx,utility,0.5870065416644352,,0.0,100.0
8. Mushroom dataset,GaussianCopula,,0.0,Precision_Gap,0.5870065416644352,Decision Tree,,Utility,Gap,0.36334916919764393,0.0234823480968189,classification,Generators/Experiment with utility data leak/utility results/8. Mushroom dataset/TRTR_TSTR_results_merged.xlsx,utility,0.36334916919764393,,0.0,100.0
8. Mushroom dataset,GaussianCopula,,0.0,Recall,0.9469326533673316,Decision Tree,,Utility,TRTR,0.9469326533673316,0.004340358980694475,classification,Generators/Experiment with utility data leak/utility results/8. Mushroom dataset/TRTR_TSTR_results_merged.xlsx,utility,0.9469326533673316,,0.0,100.0
8. Mushroom dataset,GaussianCopula,,0.0,Recall,0.5768711564421779,Decision Tree,,Utility,TSTR,0.5768711564421779,0.04165580961900132,classification,Generators/Experiment with utility data leak/utility results/8. Mushroom dataset/TRTR_TSTR_results_merged.xlsx,utility,0.5768711564421779,,0.0,100.0
8. Mushroom dataset,GaussianCopula,,0.0,Recall_Gap,0.5768711564421779,Decision Tree,,Utility,Gap,0.37006149692515367,0.04165580961900132,classification,Generators/Experiment with utility data leak/utility results/8. Mushroom dataset/TRTR_TSTR_results_merged.xlsx,utility,0.37006149692515367,,0.0,100.0
8. Mushroom dataset,GaussianCopula,,,Accuracy_Drop,,Decision Tree,,,Gap,0.4036956883635759,,classification,Generators/Experiment with utility data leak/utility results/8. Mushroom dataset/TRTR_TSTR_results_merged.xlsx,utility,0.4036956883635759,,0.0,100.0
8. Mushroom dataset,GaussianCopula,,,F1_Drop,,Decision Tree,,,Gap,0.3675560145595491,,classification,Generators/Experiment with utility data leak/utility results/8. Mushroom dataset/TRTR_TSTR_results_merged.xlsx,utility,0.3675560145595491,,0.0,100.0
8. Mushroom dataset,GaussianCopula,,,Precision_Drop,,Decision Tree,,,Gap,0.3633491691976439,,classification,Generators/Experiment with utility data leak/utility results/8. Mushroom dataset/TRTR_TSTR_results_merged.xlsx,utility,0.3633491691976439,,0.0,100.0
8. Mushroom dataset,GaussianCopula,,,Recall_Drop,,Decision Tree,,,Gap,0.3700614969251537,,classification,Generators/Experiment with utility data leak/utility results/8. Mushroom dataset/TRTR_TSTR_results_merged.xlsx,utility,0.3700614969251537,,0.0,100.0
8. Mushroom dataset,GaussianCopula,,0.0,Accuracy,0.8177376394206759,Gradient Boosting,,Utility,TRTR,0.8177376394206759,0.009463270545125387,classification,Generators/Experiment with utility data leak/utility results/8. Mushroom dataset/TRTR_TSTR_results_merged.xlsx,utility,0.8177376394206759,,0.0,100.0
8. Mushroom dataset,GaussianCopula,,0.0,Accuracy,0.5854919260862327,Gradient Boosting,,Utility,TSTR,0.5854919260862327,0.01520065071375097,classification,Generators/Experiment with utility data leak/utility results/8. Mushroom dataset/TRTR_TSTR_results_merged.xlsx,utility,0.5854919260862327,,0.0,100.0
8. Mushroom dataset,GaussianCopula,,0.0,Accuracy_Gap,0.5854919260862327,Gradient Boosting,,Utility,Gap,0.23224571333444322,0.01520065071375097,classification,Generators/Experiment with utility data leak/utility results/8. Mushroom dataset/TRTR_TSTR_results_merged.xlsx,utility,0.23224571333444322,,0.0,100.0
8. Mushroom dataset,GaussianCopula,,0.0,F1,0.8351441635674031,Gradient Boosting,,Utility,TRTR,0.8351441635674031,0.009911515687219402,classification,Generators/Experiment with utility data leak/utility results/8. Mushroom dataset/TRTR_TSTR_results_merged.xlsx,utility,0.8351441635674031,,0.0,100.0
8. Mushroom dataset,GaussianCopula,,0.0,F1,0.6610101093010528,Gradient Boosting,,Utility,TSTR,0.6610101093010528,0.01636798488295455,classification,Generators/Experiment with utility data leak/utility results/8. Mushroom dataset/TRTR_TSTR_results_merged.xlsx,utility,0.6610101093010528,,0.0,100.0
8. Mushroom dataset,GaussianCopula,,0.0,F1_Gap,0.6610101093010528,Gradient Boosting,,Utility,Gap,0.1741340542663503,0.01636798488295455,classification,Generators/Experiment with utility data leak/utility results/8. Mushroom dataset/TRTR_TSTR_results_merged.xlsx,utility,0.1741340542663503,,0.0,100.0
8. Mushroom dataset,GaussianCopula,,0.0,Precision,0.8380774142407716,Gradient Boosting,,Utility,TRTR,0.8380774142407716,0.007023800154772467,classification,Generators/Experiment with utility data leak/utility results/8. Mushroom dataset/TRTR_TSTR_results_merged.xlsx,utility,0.8380774142407716,,0.0,100.0
8. Mushroom dataset,GaussianCopula,,0.0,Precision,0.6050453837842082,Gradient Boosting,,Utility,TSTR,0.6050453837842082,0.01094411247094296,classification,Generators/Experiment with utility data leak/utility results/8. Mushroom dataset/TRTR_TSTR_results_merged.xlsx,utility,0.6050453837842082,,0.0,100.0
8. Mushroom dataset,GaussianCopula,,0.0,Precision_Gap,0.6050453837842082,Gradient Boosting,,Utility,Gap,0.2330320304565634,0.01094411247094296,classification,Generators/Experiment with utility data leak/utility results/8. Mushroom dataset/TRTR_TSTR_results_merged.xlsx,utility,0.2330320304565634,,0.0,100.0
8. Mushroom dataset,GaussianCopula,,0.0,Recall,0.8324883755812209,Gradient Boosting,,Utility,TRTR,0.8324883755812209,0.01907263019534354,classification,Generators/Experiment with utility data leak/utility results/8. Mushroom dataset/TRTR_TSTR_results_merged.xlsx,utility,0.8324883755812209,,0.0,100.0
8. Mushroom dataset,GaussianCopula,,0.0,Recall,0.7290385480725964,Gradient Boosting,,Utility,TSTR,0.7290385480725964,0.03066532384372371,classification,Generators/Experiment with utility data leak/utility results/8. Mushroom dataset/TRTR_TSTR_results_merged.xlsx,utility,0.7290385480725964,,0.0,100.0
8. Mushroom dataset,GaussianCopula,,0.0,Recall_Gap,0.7290385480725964,Gradient Boosting,,Utility,Gap,0.10344982750862453,0.03066532384372371,classification,Generators/Experiment with utility data leak/utility results/8. Mushroom dataset/TRTR_TSTR_results_merged.xlsx,utility,0.10344982750862453,,0.0,100.0
8. Mushroom dataset,GaussianCopula,,,Accuracy_Drop,,Gradient Boosting,,,Gap,0.2322457133344432,,classification,Generators/Experiment with utility data leak/utility results/8. Mushroom dataset/TRTR_TSTR_results_merged.xlsx,utility,0.2322457133344432,,0.0,100.0
8. Mushroom dataset,GaussianCopula,,,F1_Drop,,Gradient Boosting,,,Gap,0.1741340542663503,,classification,Generators/Experiment with utility data leak/utility results/8. Mushroom dataset/TRTR_TSTR_results_merged.xlsx,utility,0.1741340542663503,,0.0,100.0
8. Mushroom dataset,GaussianCopula,,,Precision_Drop,,Gradient Boosting,,,Gap,0.2330320304565634,,classification,Generators/Experiment with utility data leak/utility results/8. Mushroom dataset/TRTR_TSTR_results_merged.xlsx,utility,0.2330320304565634,,0.0,100.0
8. Mushroom dataset,GaussianCopula,,,Recall_Drop,,Gradient Boosting,,,Gap,0.1034498275086245,,classification,Generators/Experiment with utility data leak/utility results/8. Mushroom dataset/TRTR_TSTR_results_merged.xlsx,utility,0.1034498275086245,,0.0,100.0
8. Mushroom dataset,GaussianCopula,,0.0,Accuracy,0.6532711836191111,Logistic Regression,,Utility,TRTR,0.6532711836191111,0.003432765231763527,classification,Generators/Experiment with utility data leak/utility results/8. Mushroom dataset/TRTR_TSTR_results_merged.xlsx,utility,0.6532711836191111,,0.0,100.0
8. Mushroom dataset,GaussianCopula,,0.0,Accuracy,0.5705094056933577,Logistic Regression,,Utility,TSTR,0.5705094056933577,0.009975051497526855,classification,Generators/Experiment with utility data leak/utility results/8. Mushroom dataset/TRTR_TSTR_results_merged.xlsx,utility,0.5705094056933577,,0.0,100.0
8. Mushroom dataset,GaussianCopula,,0.0,Accuracy_Gap,0.5705094056933577,Logistic Regression,,Utility,Gap,0.08276177792575334,0.009975051497526855,classification,Generators/Experiment with utility data leak/utility results/8. Mushroom dataset/TRTR_TSTR_results_merged.xlsx,utility,0.08276177792575334,,0.0,100.0
8. Mushroom dataset,GaussianCopula,,0.0,F1,0.7102051701755642,Logistic Regression,,Utility,TRTR,0.7102051701755642,0.002525563014958159,classification,Generators/Experiment with utility data leak/utility results/8. Mushroom dataset/TRTR_TSTR_results_merged.xlsx,utility,0.7102051701755642,,0.0,100.0
8. Mushroom dataset,GaussianCopula,,0.0,F1,0.653111212954159,Logistic Regression,,Utility,TSTR,0.653111212954159,0.01159674547892956,classification,Generators/Experiment with utility data leak/utility results/8. Mushroom dataset/TRTR_TSTR_results_merged.xlsx,utility,0.653111212954159,,0.0,100.0
8. Mushroom dataset,GaussianCopula,,0.0,F1_Gap,0.653111212954159,Logistic Regression,,Utility,Gap,0.0570939572214052,0.01159674547892956,classification,Generators/Experiment with utility data leak/utility results/8. Mushroom dataset/TRTR_TSTR_results_merged.xlsx,utility,0.0570939572214052,,0.0,100.0
8. Mushroom dataset,GaussianCopula,,0.0,Precision,0.6622882541511838,Logistic Regression,,Utility,TRTR,0.6622882541511838,0.003196371629185143,classification,Generators/Experiment with utility data leak/utility results/8. Mushroom dataset/TRTR_TSTR_results_merged.xlsx,utility,0.6622882541511838,,0.0,100.0
8. Mushroom dataset,GaussianCopula,,0.0,Precision,0.5917304458378261,Logistic Regression,,Utility,TSTR,0.5917304458378261,0.006637323570583384,classification,Generators/Experiment with utility data leak/utility results/8. Mushroom dataset/TRTR_TSTR_results_merged.xlsx,utility,0.5917304458378261,,0.0,100.0
8. Mushroom dataset,GaussianCopula,,0.0,Precision_Gap,0.5917304458378261,Logistic Regression,,Utility,Gap,0.07055780831335767,0.006637323570583384,classification,Generators/Experiment with utility data leak/utility results/8. Mushroom dataset/TRTR_TSTR_results_merged.xlsx,utility,0.07055780831335767,,0.0,100.0
8. Mushroom dataset,GaussianCopula,,0.0,Recall,0.7656067196640167,Logistic Regression,,Utility,TRTR,0.7656067196640167,0.002835651757146686,classification,Generators/Experiment with utility data leak/utility results/8. Mushroom dataset/TRTR_TSTR_results_merged.xlsx,utility,0.7656067196640167,,0.0,100.0
8. Mushroom dataset,GaussianCopula,,0.0,Recall,0.7290535473226339,Logistic Regression,,Utility,TSTR,0.7290535473226339,0.02340846220963282,classification,Generators/Experiment with utility data leak/utility results/8. Mushroom dataset/TRTR_TSTR_results_merged.xlsx,utility,0.7290535473226339,,0.0,100.0
8. Mushroom dataset,GaussianCopula,,0.0,Recall_Gap,0.7290535473226339,Logistic Regression,,Utility,Gap,0.03655317234138278,0.02340846220963282,classification,Generators/Experiment with utility data leak/utility results/8. Mushroom dataset/TRTR_TSTR_results_merged.xlsx,utility,0.03655317234138278,,0.0,100.0
8. Mushroom dataset,GaussianCopula,,,Accuracy_Drop,,Logistic Regression,,,Gap,0.08276177792575334,,classification,Generators/Experiment with utility data leak/utility results/8. Mushroom dataset/TRTR_TSTR_results_merged.xlsx,utility,0.08276177792575334,,0.0,100.0
8. Mushroom dataset,GaussianCopula,,,F1_Drop,,Logistic Regression,,,Gap,0.0570939572214052,,classification,Generators/Experiment with utility data leak/utility results/8. Mushroom dataset/TRTR_TSTR_results_merged.xlsx,utility,0.0570939572214052,,0.0,100.0
8. Mushroom dataset,GaussianCopula,,,Precision_Drop,,Logistic Regression,,,Gap,0.07055780831335767,,classification,Generators/Experiment with utility data leak/utility results/8. Mushroom dataset/TRTR_TSTR_results_merged.xlsx,utility,0.07055780831335767,,0.0,100.0
8. Mushroom dataset,GaussianCopula,,,Recall_Drop,,Logistic Regression,,,Gap,0.03655317234138278,,classification,Generators/Experiment with utility data leak/utility results/8. Mushroom dataset/TRTR_TSTR_results_merged.xlsx,utility,0.03655317234138278,,0.0,100.0
8. Mushroom dataset,GaussianCopula,,0.0,Accuracy,0.6530214749458965,AdaBoost,,Utility,TRTR,0.6530214749458965,0.00911056123636879,classification,Generators/Experiment with utility data leak/utility results/8. Mushroom dataset/TRTR_TSTR_results_merged.xlsx,utility,0.6530214749458965,,0.0,100.0
8. Mushroom dataset,GaussianCopula,,0.0,Accuracy,0.5836357582820042,AdaBoost,,Utility,TSTR,0.5836357582820042,0.009376020348600559,classification,Generators/Experiment with utility data leak/utility results/8. Mushroom dataset/TRTR_TSTR_results_merged.xlsx,utility,0.5836357582820042,,0.0,100.0
8. Mushroom dataset,GaussianCopula,,0.0,Accuracy_Gap,0.5836357582820042,AdaBoost,,Utility,Gap,0.06938571666389226,0.009376020348600559,classification,Generators/Experiment with utility data leak/utility results/8. Mushroom dataset/TRTR_TSTR_results_merged.xlsx,utility,0.06938571666389226,,0.0,100.0
8. Mushroom dataset,GaussianCopula,,0.0,F1,0.6586554205410092,AdaBoost,,Utility,TRTR,0.6586554205410092,0.01000642657450882,classification,Generators/Experiment with utility data leak/utility results/8. Mushroom dataset/TRTR_TSTR_results_merged.xlsx,utility,0.6586554205410092,,0.0,100.0
8. Mushroom dataset,GaussianCopula,,0.0,F1,0.6438494508268608,AdaBoost,,Utility,TSTR,0.6438494508268608,0.01347873746988599,classification,Generators/Experiment with utility data leak/utility results/8. Mushroom dataset/TRTR_TSTR_results_merged.xlsx,utility,0.6438494508268608,,0.0,100.0
8. Mushroom dataset,GaussianCopula,,0.0,F1_Gap,0.6438494508268608,AdaBoost,,Utility,Gap,0.014805969714148381,0.01347873746988599,classification,Generators/Experiment with utility data leak/utility results/8. Mushroom dataset/TRTR_TSTR_results_merged.xlsx,utility,0.014805969714148381,,0.0,100.0
8. Mushroom dataset,GaussianCopula,,0.0,Precision,0.7262195138345482,AdaBoost,,Utility,TRTR,0.7262195138345482,0.02162521657245883,classification,Generators/Experiment with utility data leak/utility results/8. Mushroom dataset/TRTR_TSTR_results_merged.xlsx,utility,0.7262195138345482,,0.0,100.0
8. Mushroom dataset,GaussianCopula,,0.0,Precision,0.612921835917633,AdaBoost,,Utility,TSTR,0.612921835917633,0.009165951166029859,classification,Generators/Experiment with utility data leak/utility results/8. Mushroom dataset/TRTR_TSTR_results_merged.xlsx,utility,0.612921835917633,,0.0,100.0
8. Mushroom dataset,GaussianCopula,,0.0,Precision_Gap,0.612921835917633,AdaBoost,,Utility,Gap,0.11329767791691514,0.009165951166029859,classification,Generators/Experiment with utility data leak/utility results/8. Mushroom dataset/TRTR_TSTR_results_merged.xlsx,utility,0.11329767791691514,,0.0,100.0
8. Mushroom dataset,GaussianCopula,,0.0,Recall,0.6036898155092245,AdaBoost,,Utility,TRTR,0.6036898155092245,0.02328275950044984,classification,Generators/Experiment with utility data leak/utility results/8. Mushroom dataset/TRTR_TSTR_results_merged.xlsx,utility,0.6036898155092245,,0.0,100.0
8. Mushroom dataset,GaussianCopula,,0.0,Recall,0.6790910454477276,AdaBoost,,Utility,TSTR,0.6790910454477276,0.03156878939177367,classification,Generators/Experiment with utility data leak/utility results/8. Mushroom dataset/TRTR_TSTR_results_merged.xlsx,utility,0.6790910454477276,,0.0,100.0
8. Mushroom dataset,GaussianCopula,,0.0,Recall_Gap,0.6790910454477276,AdaBoost,,Utility,Gap,-0.07540122993850307,0.03156878939177367,classification,Generators/Experiment with utility data leak/utility results/8. Mushroom dataset/TRTR_TSTR_results_merged.xlsx,utility,-0.07540122993850307,,0.0,100.0
8. Mushroom dataset,GaussianCopula,,,Accuracy_Drop,,AdaBoost,,,Gap,0.06938571666389226,,classification,Generators/Experiment with utility data leak/utility results/8. Mushroom dataset/TRTR_TSTR_results_merged.xlsx,utility,0.06938571666389226,,0.0,100.0
8. Mushroom dataset,GaussianCopula,,,F1_Drop,,AdaBoost,,,Gap,0.01480596971414838,,classification,Generators/Experiment with utility data leak/utility results/8. Mushroom dataset/TRTR_TSTR_results_merged.xlsx,utility,0.01480596971414838,,0.0,100.0
8. Mushroom dataset,GaussianCopula,,,Precision_Drop,,AdaBoost,,,Gap,0.1132976779169151,,classification,Generators/Experiment with utility data leak/utility results/8. Mushroom dataset/TRTR_TSTR_results_merged.xlsx,utility,0.1132976779169151,,0.0,100.0
8. Mushroom dataset,GaussianCopula,,,Recall_Drop,,AdaBoost,,,Gap,-0.07540122993850307,,classification,Generators/Experiment with utility data leak/utility results/8. Mushroom dataset/TRTR_TSTR_results_merged.xlsx,utility,-0.07540122993850307,,0.0,100.0
8. Mushroom dataset,GaussianCopula,,0.0,Accuracy,0.652688530048277,SVM-RBF,,Utility,TRTR,0.652688530048277,0.003540466283100108,classification,Generators/Experiment with utility data leak/utility results/8. Mushroom dataset/TRTR_TSTR_results_merged.xlsx,utility,0.652688530048277,,0.0,100.0
8. Mushroom dataset,GaussianCopula,,0.0,Accuracy,0.5699600466122857,SVM-RBF,,Utility,TSTR,0.5699600466122857,0.01048665770333428,classification,Generators/Experiment with utility data leak/utility results/8. Mushroom dataset/TRTR_TSTR_results_merged.xlsx,utility,0.5699600466122857,,0.0,100.0
8. Mushroom dataset,GaussianCopula,,0.0,Accuracy_Gap,0.5699600466122857,SVM-RBF,,Utility,Gap,0.08272848343599126,0.01048665770333428,classification,Generators/Experiment with utility data leak/utility results/8. Mushroom dataset/TRTR_TSTR_results_merged.xlsx,utility,0.08272848343599126,,0.0,100.0
8. Mushroom dataset,GaussianCopula,,0.0,F1,0.7111657290688942,SVM-RBF,,Utility,TRTR,0.7111657290688942,0.002515858645437491,classification,Generators/Experiment with utility data leak/utility results/8. Mushroom dataset/TRTR_TSTR_results_merged.xlsx,utility,0.7111657290688942,,0.0,100.0
8. Mushroom dataset,GaussianCopula,,0.0,F1,0.6537525334465686,SVM-RBF,,Utility,TSTR,0.6537525334465686,0.01200897050816991,classification,Generators/Experiment with utility data leak/utility results/8. Mushroom dataset/TRTR_TSTR_results_merged.xlsx,utility,0.6537525334465686,,0.0,100.0
8. Mushroom dataset,GaussianCopula,,0.0,F1_Gap,0.6537525334465686,SVM-RBF,,Utility,Gap,0.05741319562232561,0.01200897050816991,classification,Generators/Experiment with utility data leak/utility results/8. Mushroom dataset/TRTR_TSTR_results_merged.xlsx,utility,0.05741319562232561,,0.0,100.0
8. Mushroom dataset,GaussianCopula,,0.0,Precision,0.660338278612806,SVM-RBF,,Utility,TRTR,0.660338278612806,0.003326244875037613,classification,Generators/Experiment with utility data leak/utility results/8. Mushroom dataset/TRTR_TSTR_results_merged.xlsx,utility,0.660338278612806,,0.0,100.0
8. Mushroom dataset,GaussianCopula,,0.0,Precision,0.5907970720441358,SVM-RBF,,Utility,TSTR,0.5907970720441358,0.006837900327013692,classification,Generators/Experiment with utility data leak/utility results/8. Mushroom dataset/TRTR_TSTR_results_merged.xlsx,utility,0.5907970720441358,,0.0,100.0
8. Mushroom dataset,GaussianCopula,,0.0,Precision_Gap,0.5907970720441358,SVM-RBF,,Utility,Gap,0.06954120656867024,0.006837900327013692,classification,Generators/Experiment with utility data leak/utility results/8. Mushroom dataset/TRTR_TSTR_results_merged.xlsx,utility,0.06954120656867024,,0.0,100.0
8. Mushroom dataset,GaussianCopula,,0.0,Recall,0.7704814759262038,SVM-RBF,,Utility,TRTR,0.7704814759262038,0.002684656261806534,classification,Generators/Experiment with utility data leak/utility results/8. Mushroom dataset/TRTR_TSTR_results_merged.xlsx,utility,0.7704814759262038,,0.0,100.0
8. Mushroom dataset,GaussianCopula,,0.0,Recall,0.732068396580171,SVM-RBF,,Utility,TSTR,0.732068396580171,0.02378864505645263,classification,Generators/Experiment with utility data leak/utility results/8. Mushroom dataset/TRTR_TSTR_results_merged.xlsx,utility,0.732068396580171,,0.0,100.0
8. Mushroom dataset,GaussianCopula,,0.0,Recall_Gap,0.732068396580171,SVM-RBF,,Utility,Gap,0.038413079346032775,0.02378864505645263,classification,Generators/Experiment with utility data leak/utility results/8. Mushroom dataset/TRTR_TSTR_results_merged.xlsx,utility,0.038413079346032775,,0.0,100.0
8. Mushroom dataset,GaussianCopula,,,Accuracy_Drop,,SVM-RBF,,,Gap,0.08272848343599126,,classification,Generators/Experiment with utility data leak/utility results/8. Mushroom dataset/TRTR_TSTR_results_merged.xlsx,utility,0.08272848343599126,,0.0,100.0
8. Mushroom dataset,GaussianCopula,,,F1_Drop,,SVM-RBF,,,Gap,0.05741319562232561,,classification,Generators/Experiment with utility data leak/utility results/8. Mushroom dataset/TRTR_TSTR_results_merged.xlsx,utility,0.05741319562232561,,0.0,100.0
8. Mushroom dataset,GaussianCopula,,,Precision_Drop,,SVM-RBF,,,Gap,0.06954120656867024,,classification,Generators/Experiment with utility data leak/utility results/8. Mushroom dataset/TRTR_TSTR_results_merged.xlsx,utility,0.06954120656867024,,0.0,100.0
8. Mushroom dataset,GaussianCopula,,,Recall_Drop,,SVM-RBF,,,Gap,0.03841307934603277,,classification,Generators/Experiment with utility data leak/utility results/8. Mushroom dataset/TRTR_TSTR_results_merged.xlsx,utility,0.03841307934603277,,0.0,100.0
8. Mushroom dataset,GaussianCopula,,0.0,Accuracy,0.6093557516231064,Naive Bayes,,Utility,TRTR,0.6093557516231064,0.002206246746399765,classification,Generators/Experiment with utility data leak/utility results/8. Mushroom dataset/TRTR_TSTR_results_merged.xlsx,utility,0.6093557516231064,,0.0,100.0
8. Mushroom dataset,GaussianCopula,,0.0,Accuracy,0.6021807890794073,Naive Bayes,,Utility,TSTR,0.6021807890794073,0.0192568835557357,classification,Generators/Experiment with utility data leak/utility results/8. Mushroom dataset/TRTR_TSTR_results_merged.xlsx,utility,0.6021807890794073,,0.0,100.0
8. Mushroom dataset,GaussianCopula,,0.0,Accuracy_Gap,0.6021807890794073,Naive Bayes,,Utility,Gap,0.007174962543699093,0.0192568835557357,classification,Generators/Experiment with utility data leak/utility results/8. Mushroom dataset/TRTR_TSTR_results_merged.xlsx,utility,0.007174962543699093,,0.0,100.0
8. Mushroom dataset,GaussianCopula,,0.0,F1,0.5471586204572338,Naive Bayes,,Utility,TRTR,0.5471586204572338,0.003948342675541275,classification,Generators/Experiment with utility data leak/utility results/8. Mushroom dataset/TRTR_TSTR_results_merged.xlsx,utility,0.5471586204572338,,0.0,100.0
8. Mushroom dataset,GaussianCopula,,0.0,F1,0.6587741070041178,Naive Bayes,,Utility,TSTR,0.6587741070041178,0.01711584055477272,classification,Generators/Experiment with utility data leak/utility results/8. Mushroom dataset/TRTR_TSTR_results_merged.xlsx,utility,0.6587741070041178,,0.0,100.0
8. Mushroom dataset,GaussianCopula,,0.0,F1_Gap,0.6587741070041178,Naive Bayes,,Utility,Gap,-0.11161548654688391,0.01711584055477272,classification,Generators/Experiment with utility data leak/utility results/8. Mushroom dataset/TRTR_TSTR_results_merged.xlsx,utility,-0.11161548654688391,,0.0,100.0
8. Mushroom dataset,GaussianCopula,,0.0,Precision,0.7669376693867336,Naive Bayes,,Utility,TRTR,0.7669376693867336,0.002744162729666706,classification,Generators/Experiment with utility data leak/utility results/8. Mushroom dataset/TRTR_TSTR_results_merged.xlsx,utility,0.7669376693867336,,0.0,100.0
8. Mushroom dataset,GaussianCopula,,0.0,Precision,0.6314661564865841,Naive Bayes,,Utility,TSTR,0.6314661564865841,0.03120650363017937,classification,Generators/Experiment with utility data leak/utility results/8. Mushroom dataset/TRTR_TSTR_results_merged.xlsx,utility,0.6314661564865841,,0.0,100.0
8. Mushroom dataset,GaussianCopula,,0.0,Precision_Gap,0.6314661564865841,Naive Bayes,,Utility,Gap,0.13547151290014947,0.03120650363017937,classification,Generators/Experiment with utility data leak/utility results/8. Mushroom dataset/TRTR_TSTR_results_merged.xlsx,utility,0.13547151290014947,,0.0,100.0
8. Mushroom dataset,GaussianCopula,,0.0,Recall,0.4253037348132593,Naive Bayes,,Utility,TRTR,0.4253037348132593,0.004574279456311722,classification,Generators/Experiment with utility data leak/utility results/8. Mushroom dataset/TRTR_TSTR_results_merged.xlsx,utility,0.4253037348132593,,0.0,100.0
8. Mushroom dataset,GaussianCopula,,0.0,Recall,0.6940902954852258,Naive Bayes,,Utility,TSTR,0.6940902954852258,0.05348734456154031,classification,Generators/Experiment with utility data leak/utility results/8. Mushroom dataset/TRTR_TSTR_results_merged.xlsx,utility,0.6940902954852258,,0.0,100.0
8. Mushroom dataset,GaussianCopula,,0.0,Recall_Gap,0.6940902954852258,Naive Bayes,,Utility,Gap,-0.26878656067196655,0.05348734456154031,classification,Generators/Experiment with utility data leak/utility results/8. Mushroom dataset/TRTR_TSTR_results_merged.xlsx,utility,-0.26878656067196655,,0.0,100.0
8. Mushroom dataset,GaussianCopula,,,Accuracy_Drop,,Naive Bayes,,,Gap,0.007174962543699093,,classification,Generators/Experiment with utility data leak/utility results/8. Mushroom dataset/TRTR_TSTR_results_merged.xlsx,utility,0.007174962543699093,,0.0,100.0
8. Mushroom dataset,GaussianCopula,,,F1_Drop,,Naive Bayes,,,Gap,-0.1116154865468839,,classification,Generators/Experiment with utility data leak/utility results/8. Mushroom dataset/TRTR_TSTR_results_merged.xlsx,utility,-0.1116154865468839,,0.0,100.0
8. Mushroom dataset,GaussianCopula,,,Precision_Drop,,Naive Bayes,,,Gap,0.1354715129001495,,classification,Generators/Experiment with utility data leak/utility results/8. Mushroom dataset/TRTR_TSTR_results_merged.xlsx,utility,0.1354715129001495,,0.0,100.0
8. Mushroom dataset,GaussianCopula,,,Recall_Drop,,Naive Bayes,,,Gap,-0.2687865606719665,,classification,Generators/Experiment with utility data leak/utility results/8. Mushroom dataset/TRTR_TSTR_results_merged.xlsx,utility,-0.2687865606719665,,0.0,100.0
8. Mushroom dataset,WGAN_GP,,0.0,Accuracy,0.999983352755119,Extra Trees,,Utility,TRTR,0.999983352755119,3.329448976194804e-05,classification,Generators/Experiment with utility data leak/utility results/8. Mushroom dataset/TRTR_TSTR_results_merged.xlsx,utility,0.999983352755119,,0.0,100.0
8. Mushroom dataset,WGAN_GP,,0.0,Accuracy,0.6977942400532712,Extra Trees,,Utility,TSTR,0.6977942400532712,0.009379067959934003,classification,Generators/Experiment with utility data leak/utility results/8. Mushroom dataset/TRTR_TSTR_results_merged.xlsx,utility,0.6977942400532712,,0.0,100.0
8. Mushroom dataset,WGAN_GP,,0.0,Accuracy_Gap,0.6977942400532712,Extra Trees,,Utility,Gap,0.3021891127018478,0.009379067959934003,classification,Generators/Experiment with utility data leak/utility results/8. Mushroom dataset/TRTR_TSTR_results_merged.xlsx,utility,0.3021891127018478,,0.0,100.0
8. Mushroom dataset,WGAN_GP,,0.0,F1,0.9999849996249907,Extra Trees,,Utility,TRTR,0.9999849996249907,3.000075001873271e-05,classification,Generators/Experiment with utility data leak/utility results/8. Mushroom dataset/TRTR_TSTR_results_merged.xlsx,utility,0.9999849996249907,,0.0,100.0
8. Mushroom dataset,WGAN_GP,,0.0,F1,0.7481929854676885,Extra Trees,,Utility,TSTR,0.7481929854676885,0.007753991216450693,classification,Generators/Experiment with utility data leak/utility results/8. Mushroom dataset/TRTR_TSTR_results_merged.xlsx,utility,0.7481929854676885,,0.0,100.0
8. Mushroom dataset,WGAN_GP,,0.0,F1_Gap,0.7481929854676885,Extra Trees,,Utility,Gap,0.2517920141573021,0.007753991216450693,classification,Generators/Experiment with utility data leak/utility results/8. Mushroom dataset/TRTR_TSTR_results_merged.xlsx,utility,0.2517920141573021,,0.0,100.0
8. Mushroom dataset,WGAN_GP,,0.0,Precision,1.0,Extra Trees,,Utility,TRTR,1.0,0.0,classification,Generators/Experiment with utility data leak/utility results/8. Mushroom dataset/TRTR_TSTR_results_merged.xlsx,utility,1.0,,0.0,100.0
8. Mushroom dataset,WGAN_GP,,0.0,Precision,0.6958866827293754,Extra Trees,,Utility,TSTR,0.6958866827293754,0.008003272229701526,classification,Generators/Experiment with utility data leak/utility results/8. Mushroom dataset/TRTR_TSTR_results_merged.xlsx,utility,0.6958866827293754,,0.0,100.0
8. Mushroom dataset,WGAN_GP,,0.0,Precision_Gap,0.6958866827293754,Extra Trees,,Utility,Gap,0.30411331727062463,0.008003272229701526,classification,Generators/Experiment with utility data leak/utility results/8. Mushroom dataset/TRTR_TSTR_results_merged.xlsx,utility,0.30411331727062463,,0.0,100.0
8. Mushroom dataset,WGAN_GP,,0.0,Recall,0.9999700014999249,Extra Trees,,Utility,TRTR,0.9999700014999249,5.999700014998055e-05,classification,Generators/Experiment with utility data leak/utility results/8. Mushroom dataset/TRTR_TSTR_results_merged.xlsx,utility,0.9999700014999249,,0.0,100.0
8. Mushroom dataset,WGAN_GP,,0.0,Recall,0.8090595470226489,Extra Trees,,Utility,TSTR,0.8090595470226489,0.009941459474909563,classification,Generators/Experiment with utility data leak/utility results/8. Mushroom dataset/TRTR_TSTR_results_merged.xlsx,utility,0.8090595470226489,,0.0,100.0
8. Mushroom dataset,WGAN_GP,,0.0,Recall_Gap,0.8090595470226489,Extra Trees,,Utility,Gap,0.19091045447727595,0.009941459474909563,classification,Generators/Experiment with utility data leak/utility results/8. Mushroom dataset/TRTR_TSTR_results_merged.xlsx,utility,0.19091045447727595,,0.0,100.0
8. Mushroom dataset,WGAN_GP,,,Accuracy_Drop,,Extra Trees,,,Gap,0.3021891127018478,,classification,Generators/Experiment with utility data leak/utility results/8. Mushroom dataset/TRTR_TSTR_results_merged.xlsx,utility,0.3021891127018478,,0.0,100.0
8. Mushroom dataset,WGAN_GP,,,F1_Drop,,Extra Trees,,,Gap,0.2517920141573021,,classification,Generators/Experiment with utility data leak/utility results/8. Mushroom dataset/TRTR_TSTR_results_merged.xlsx,utility,0.2517920141573021,,0.0,100.0
8. Mushroom dataset,WGAN_GP,,,Precision_Drop,,Extra Trees,,,Gap,0.3041133172706246,,classification,Generators/Experiment with utility data leak/utility results/8. Mushroom dataset/TRTR_TSTR_results_merged.xlsx,utility,0.3041133172706246,,0.0,100.0
8. Mushroom dataset,WGAN_GP,,,Recall_Drop,,Extra Trees,,,Gap,0.1909104544772759,,classification,Generators/Experiment with utility data leak/utility results/8. Mushroom dataset/TRTR_TSTR_results_merged.xlsx,utility,0.1909104544772759,,0.0,100.0
8. Mushroom dataset,WGAN_GP,,0.0,Accuracy,0.9998917929082738,Random Forest,,Utility,TRTR,0.9998917929082738,3.814362988976479e-05,classification,Generators/Experiment with utility data leak/utility results/8. Mushroom dataset/TRTR_TSTR_results_merged.xlsx,utility,0.9998917929082738,,0.0,100.0
8. Mushroom dataset,WGAN_GP,,0.0,Accuracy,0.6969535541867821,Random Forest,,Utility,TSTR,0.6969535541867821,0.01033154358573321,classification,Generators/Experiment with utility data leak/utility results/8. Mushroom dataset/TRTR_TSTR_results_merged.xlsx,utility,0.6969535541867821,,0.0,100.0
8. Mushroom dataset,WGAN_GP,,0.0,Accuracy_Gap,0.6969535541867821,Random Forest,,Utility,Gap,0.3029382387214917,0.01033154358573321,classification,Generators/Experiment with utility data leak/utility results/8. Mushroom dataset/TRTR_TSTR_results_merged.xlsx,utility,0.3029382387214917,,0.0,100.0
8. Mushroom dataset,WGAN_GP,,0.0,F1,0.9999025054365672,Random Forest,,Utility,TRTR,0.9999025054365672,3.436305920243479e-05,classification,Generators/Experiment with utility data leak/utility results/8. Mushroom dataset/TRTR_TSTR_results_merged.xlsx,utility,0.9999025054365672,,0.0,100.0
8. Mushroom dataset,WGAN_GP,,0.0,F1,0.7480211962325126,Random Forest,,Utility,TSTR,0.7480211962325126,0.008379050915437133,classification,Generators/Experiment with utility data leak/utility results/8. Mushroom dataset/TRTR_TSTR_results_merged.xlsx,utility,0.7480211962325126,,0.0,100.0
8. Mushroom dataset,WGAN_GP,,0.0,F1_Gap,0.7480211962325126,Random Forest,,Utility,Gap,0.2518813092040546,0.008379050915437133,classification,Generators/Experiment with utility data leak/utility results/8. Mushroom dataset/TRTR_TSTR_results_merged.xlsx,utility,0.2518813092040546,,0.0,100.0
8. Mushroom dataset,WGAN_GP,,0.0,Precision,0.9999100179950515,Random Forest,,Utility,TRTR,0.9999100179950515,9.947206977344203e-05,classification,Generators/Experiment with utility data leak/utility results/8. Mushroom dataset/TRTR_TSTR_results_merged.xlsx,utility,0.9999100179950515,,0.0,100.0
8. Mushroom dataset,WGAN_GP,,0.0,Precision,0.6945013312872933,Random Forest,,Utility,TSTR,0.6945013312872933,0.00892408547456936,classification,Generators/Experiment with utility data leak/utility results/8. Mushroom dataset/TRTR_TSTR_results_merged.xlsx,utility,0.6945013312872933,,0.0,100.0
8. Mushroom dataset,WGAN_GP,,0.0,Precision_Gap,0.6945013312872933,Random Forest,,Utility,Gap,0.3054086867077582,0.00892408547456936,classification,Generators/Experiment with utility data leak/utility results/8. Mushroom dataset/TRTR_TSTR_results_merged.xlsx,utility,0.3054086867077582,,0.0,100.0
8. Mushroom dataset,WGAN_GP,,0.0,Recall,0.9998950052497374,Random Forest,,Utility,TRTR,0.9998950052497374,6.873519866439068e-05,classification,Generators/Experiment with utility data leak/utility results/8. Mushroom dataset/TRTR_TSTR_results_merged.xlsx,utility,0.9998950052497374,,0.0,100.0
8. Mushroom dataset,WGAN_GP,,0.0,Recall,0.8105594720263987,Random Forest,,Utility,TSTR,0.8105594720263987,0.01076962864819004,classification,Generators/Experiment with utility data leak/utility results/8. Mushroom dataset/TRTR_TSTR_results_merged.xlsx,utility,0.8105594720263987,,0.0,100.0
8. Mushroom dataset,WGAN_GP,,0.0,Recall_Gap,0.8105594720263987,Random Forest,,Utility,Gap,0.18933553322333874,0.01076962864819004,classification,Generators/Experiment with utility data leak/utility results/8. Mushroom dataset/TRTR_TSTR_results_merged.xlsx,utility,0.18933553322333874,,0.0,100.0
8. Mushroom dataset,WGAN_GP,,,Accuracy_Drop,,Random Forest,,,Gap,0.3029382387214917,,classification,Generators/Experiment with utility data leak/utility results/8. Mushroom dataset/TRTR_TSTR_results_merged.xlsx,utility,0.3029382387214917,,0.0,100.0
8. Mushroom dataset,WGAN_GP,,,F1_Drop,,Random Forest,,,Gap,0.2518813092040546,,classification,Generators/Experiment with utility data leak/utility results/8. Mushroom dataset/TRTR_TSTR_results_merged.xlsx,utility,0.2518813092040546,,0.0,100.0
8. Mushroom dataset,WGAN_GP,,,Precision_Drop,,Random Forest,,,Gap,0.3054086867077582,,classification,Generators/Experiment with utility data leak/utility results/8. Mushroom dataset/TRTR_TSTR_results_merged.xlsx,utility,0.3054086867077582,,0.0,100.0
8. Mushroom dataset,WGAN_GP,,,Recall_Drop,,Random Forest,,,Gap,0.1893355332233387,,classification,Generators/Experiment with utility data leak/utility results/8. Mushroom dataset/TRTR_TSTR_results_merged.xlsx,utility,0.1893355332233387,,0.0,100.0
8. Mushroom dataset,WGAN_GP,,0.0,Accuracy,0.9998002330614282,MLP,,Utility,TRTR,0.9998002330614282,0.0001498252039287662,classification,Generators/Experiment with utility data leak/utility results/8. Mushroom dataset/TRTR_TSTR_results_merged.xlsx,utility,0.9998002330614282,,0.0,100.0
8. Mushroom dataset,WGAN_GP,,0.0,Accuracy,0.7105626768769768,MLP,,Utility,TSTR,0.7105626768769768,0.0113747135435117,classification,Generators/Experiment with utility data leak/utility results/8. Mushroom dataset/TRTR_TSTR_results_merged.xlsx,utility,0.7105626768769768,,0.0,100.0
8. Mushroom dataset,WGAN_GP,,0.0,Accuracy_Gap,0.7105626768769768,MLP,,Utility,Gap,0.28923755618445135,0.0113747135435117,classification,Generators/Experiment with utility data leak/utility results/8. Mushroom dataset/TRTR_TSTR_results_merged.xlsx,utility,0.28923755618445135,,0.0,100.0
8. Mushroom dataset,WGAN_GP,,0.0,F1,0.9998200033725814,MLP,,Utility,TRTR,0.9998200033725814,0.0001350057549300141,classification,Generators/Experiment with utility data leak/utility results/8. Mushroom dataset/TRTR_TSTR_results_merged.xlsx,utility,0.9998200033725814,,0.0,100.0
8. Mushroom dataset,WGAN_GP,,0.0,F1,0.7567736807782725,MLP,,Utility,TSTR,0.7567736807782725,0.008128758161720772,classification,Generators/Experiment with utility data leak/utility results/8. Mushroom dataset/TRTR_TSTR_results_merged.xlsx,utility,0.7567736807782725,,0.0,100.0
8. Mushroom dataset,WGAN_GP,,0.0,F1_Gap,0.7567736807782725,MLP,,Utility,Gap,0.24304632259430892,0.008128758161720772,classification,Generators/Experiment with utility data leak/utility results/8. Mushroom dataset/TRTR_TSTR_results_merged.xlsx,utility,0.24304632259430892,,0.0,100.0
8. Mushroom dataset,WGAN_GP,,0.0,Precision,0.999835012740364,MLP,,Utility,TRTR,0.999835012740364,0.0001414792911934868,classification,Generators/Experiment with utility data leak/utility results/8. Mushroom dataset/TRTR_TSTR_results_merged.xlsx,utility,0.999835012740364,,0.0,100.0
8. Mushroom dataset,WGAN_GP,,0.0,Precision,0.7092908035127825,MLP,,Utility,TSTR,0.7092908035127825,0.0119772335008588,classification,Generators/Experiment with utility data leak/utility results/8. Mushroom dataset/TRTR_TSTR_results_merged.xlsx,utility,0.7092908035127825,,0.0,100.0
8. Mushroom dataset,WGAN_GP,,0.0,Precision_Gap,0.7092908035127825,MLP,,Utility,Gap,0.2905442092275815,0.0119772335008588,classification,Generators/Experiment with utility data leak/utility results/8. Mushroom dataset/TRTR_TSTR_results_merged.xlsx,utility,0.2905442092275815,,0.0,100.0
8. Mushroom dataset,WGAN_GP,,0.0,Recall,0.9998050097495124,MLP,,Utility,TRTR,0.9998050097495124,0.0001781062259942747,classification,Generators/Experiment with utility data leak/utility results/8. Mushroom dataset/TRTR_TSTR_results_merged.xlsx,utility,0.9998050097495124,,0.0,100.0
8. Mushroom dataset,WGAN_GP,,0.0,Recall,0.8112494375281237,MLP,,Utility,TSTR,0.8112494375281237,0.00962063636690411,classification,Generators/Experiment with utility data leak/utility results/8. Mushroom dataset/TRTR_TSTR_results_merged.xlsx,utility,0.8112494375281237,,0.0,100.0
8. Mushroom dataset,WGAN_GP,,0.0,Recall_Gap,0.8112494375281237,MLP,,Utility,Gap,0.18855557222138863,0.00962063636690411,classification,Generators/Experiment with utility data leak/utility results/8. Mushroom dataset/TRTR_TSTR_results_merged.xlsx,utility,0.18855557222138863,,0.0,100.0
8. Mushroom dataset,WGAN_GP,,,Accuracy_Drop,,MLP,,,Gap,0.2892375561844513,,classification,Generators/Experiment with utility data leak/utility results/8. Mushroom dataset/TRTR_TSTR_results_merged.xlsx,utility,0.2892375561844513,,0.0,100.0
8. Mushroom dataset,WGAN_GP,,,F1_Drop,,MLP,,,Gap,0.2430463225943089,,classification,Generators/Experiment with utility data leak/utility results/8. Mushroom dataset/TRTR_TSTR_results_merged.xlsx,utility,0.2430463225943089,,0.0,100.0
8. Mushroom dataset,WGAN_GP,,,Precision_Drop,,MLP,,,Gap,0.2905442092275815,,classification,Generators/Experiment with utility data leak/utility results/8. Mushroom dataset/TRTR_TSTR_results_merged.xlsx,utility,0.2905442092275815,,0.0,100.0
8. Mushroom dataset,WGAN_GP,,,Recall_Drop,,MLP,,,Gap,0.1885555722213886,,classification,Generators/Experiment with utility data leak/utility results/8. Mushroom dataset/TRTR_TSTR_results_merged.xlsx,utility,0.1885555722213886,,0.0,100.0
8. Mushroom dataset,WGAN_GP,,0.0,Accuracy,0.9993757283169635,KNN,,Utility,TRTR,0.9993757283169635,0.0001870501502766885,classification,Generators/Experiment with utility data leak/utility results/8. Mushroom dataset/TRTR_TSTR_results_merged.xlsx,utility,0.9993757283169635,,0.0,100.0
8. Mushroom dataset,WGAN_GP,,0.0,Accuracy,0.678733144664558,KNN,,Utility,TSTR,0.678733144664558,0.007630455867887208,classification,Generators/Experiment with utility data leak/utility results/8. Mushroom dataset/TRTR_TSTR_results_merged.xlsx,utility,0.678733144664558,,0.0,100.0
8. Mushroom dataset,WGAN_GP,,0.0,Accuracy_Gap,0.678733144664558,KNN,,Utility,Gap,0.3206425836524055,0.007630455867887208,classification,Generators/Experiment with utility data leak/utility results/8. Mushroom dataset/TRTR_TSTR_results_merged.xlsx,utility,0.3206425836524055,,0.0,100.0
8. Mushroom dataset,WGAN_GP,,0.0,F1,0.999437537679781,KNN,,Utility,TRTR,0.999437537679781,0.0001685162263673175,classification,Generators/Experiment with utility data leak/utility results/8. Mushroom dataset/TRTR_TSTR_results_merged.xlsx,utility,0.999437537679781,,0.0,100.0
8. Mushroom dataset,WGAN_GP,,0.0,F1,0.7274942512773158,KNN,,Utility,TSTR,0.7274942512773158,0.006365404202174484,classification,Generators/Experiment with utility data leak/utility results/8. Mushroom dataset/TRTR_TSTR_results_merged.xlsx,utility,0.7274942512773158,,0.0,100.0
8. Mushroom dataset,WGAN_GP,,0.0,F1_Gap,0.7274942512773158,KNN,,Utility,Gap,0.27194328640246523,0.006365404202174484,classification,Generators/Experiment with utility data leak/utility results/8. Mushroom dataset/TRTR_TSTR_results_merged.xlsx,utility,0.27194328640246523,,0.0,100.0
8. Mushroom dataset,WGAN_GP,,0.0,Precision,0.9994300667201221,KNN,,Utility,TRTR,0.9994300667201221,0.0002203628791389911,classification,Generators/Experiment with utility data leak/utility results/8. Mushroom dataset/TRTR_TSTR_results_merged.xlsx,utility,0.9994300667201221,,0.0,100.0
8. Mushroom dataset,WGAN_GP,,0.0,Precision,0.6872544711274788,KNN,,Utility,TSTR,0.6872544711274788,0.006535775487995791,classification,Generators/Experiment with utility data leak/utility results/8. Mushroom dataset/TRTR_TSTR_results_merged.xlsx,utility,0.6872544711274788,,0.0,100.0
8. Mushroom dataset,WGAN_GP,,0.0,Precision_Gap,0.6872544711274788,KNN,,Utility,Gap,0.3121755955926433,0.006535775487995791,classification,Generators/Experiment with utility data leak/utility results/8. Mushroom dataset/TRTR_TSTR_results_merged.xlsx,utility,0.3121755955926433,,0.0,100.0
8. Mushroom dataset,WGAN_GP,,0.0,Recall,0.9994450277486123,KNN,,Utility,TRTR,0.9994450277486123,0.0001649917504124697,classification,Generators/Experiment with utility data leak/utility results/8. Mushroom dataset/TRTR_TSTR_results_merged.xlsx,utility,0.9994450277486123,,0.0,100.0
8. Mushroom dataset,WGAN_GP,,0.0,Recall,0.7727613619319034,KNN,,Utility,TSTR,0.7727613619319034,0.007305420107720163,classification,Generators/Experiment with utility data leak/utility results/8. Mushroom dataset/TRTR_TSTR_results_merged.xlsx,utility,0.7727613619319034,,0.0,100.0
8. Mushroom dataset,WGAN_GP,,0.0,Recall_Gap,0.7727613619319034,KNN,,Utility,Gap,0.22668366581670896,0.007305420107720163,classification,Generators/Experiment with utility data leak/utility results/8. Mushroom dataset/TRTR_TSTR_results_merged.xlsx,utility,0.22668366581670896,,0.0,100.0
8. Mushroom dataset,WGAN_GP,,,Accuracy_Drop,,KNN,,,Gap,0.3206425836524055,,classification,Generators/Experiment with utility data leak/utility results/8. Mushroom dataset/TRTR_TSTR_results_merged.xlsx,utility,0.3206425836524055,,0.0,100.0
8. Mushroom dataset,WGAN_GP,,,F1_Drop,,KNN,,,Gap,0.2719432864024652,,classification,Generators/Experiment with utility data leak/utility results/8. Mushroom dataset/TRTR_TSTR_results_merged.xlsx,utility,0.2719432864024652,,0.0,100.0
8. Mushroom dataset,WGAN_GP,,,Precision_Drop,,KNN,,,Gap,0.3121755955926433,,classification,Generators/Experiment with utility data leak/utility results/8. Mushroom dataset/TRTR_TSTR_results_merged.xlsx,utility,0.3121755955926433,,0.0,100.0
8. Mushroom dataset,WGAN_GP,,,Recall_Drop,,KNN,,,Gap,0.226683665816709,,classification,Generators/Experiment with utility data leak/utility results/8. Mushroom dataset/TRTR_TSTR_results_merged.xlsx,utility,0.226683665816709,,0.0,100.0
8. Mushroom dataset,WGAN_GP,,0.0,Accuracy,0.9430830697519561,Decision Tree,,Utility,TRTR,0.9430830697519561,0.003054622010995107,classification,Generators/Experiment with utility data leak/utility results/8. Mushroom dataset/TRTR_TSTR_results_merged.xlsx,utility,0.9430830697519561,,0.0,100.0
8. Mushroom dataset,WGAN_GP,,0.0,Accuracy,0.6167887464624604,Decision Tree,,Utility,TSTR,0.6167887464624604,0.01823631214670124,classification,Generators/Experiment with utility data leak/utility results/8. Mushroom dataset/TRTR_TSTR_results_merged.xlsx,utility,0.6167887464624604,,0.0,100.0
8. Mushroom dataset,WGAN_GP,,0.0,Accuracy_Gap,0.6167887464624604,Decision Tree,,Utility,Gap,0.3262943232894957,0.01823631214670124,classification,Generators/Experiment with utility data leak/utility results/8. Mushroom dataset/TRTR_TSTR_results_merged.xlsx,utility,0.3262943232894957,,0.0,100.0
8. Mushroom dataset,WGAN_GP,,0.0,F1,0.9486269064274188,Decision Tree,,Utility,TRTR,0.9486269064274188,0.002733229331666377,classification,Generators/Experiment with utility data leak/utility results/8. Mushroom dataset/TRTR_TSTR_results_merged.xlsx,utility,0.9486269064274188,,0.0,100.0
8. Mushroom dataset,WGAN_GP,,0.0,F1,0.6529291993223665,Decision Tree,,Utility,TSTR,0.6529291993223665,0.02638657889060569,classification,Generators/Experiment with utility data leak/utility results/8. Mushroom dataset/TRTR_TSTR_results_merged.xlsx,utility,0.6529291993223665,,0.0,100.0
8. Mushroom dataset,WGAN_GP,,0.0,F1_Gap,0.6529291993223665,Decision Tree,,Utility,Gap,0.2956977071050523,0.02638657889060569,classification,Generators/Experiment with utility data leak/utility results/8. Mushroom dataset/TRTR_TSTR_results_merged.xlsx,utility,0.2956977071050523,,0.0,100.0
8. Mushroom dataset,WGAN_GP,,0.0,Precision,0.9503557108620792,Decision Tree,,Utility,TRTR,0.9503557108620792,0.004797011192999022,classification,Generators/Experiment with utility data leak/utility results/8. Mushroom dataset/TRTR_TSTR_results_merged.xlsx,utility,0.9503557108620792,,0.0,100.0
8. Mushroom dataset,WGAN_GP,,0.0,Precision,0.6556482034522862,Decision Tree,,Utility,TSTR,0.6556482034522862,0.01330172890593402,classification,Generators/Experiment with utility data leak/utility results/8. Mushroom dataset/TRTR_TSTR_results_merged.xlsx,utility,0.6556482034522862,,0.0,100.0
8. Mushroom dataset,WGAN_GP,,0.0,Precision_Gap,0.6556482034522862,Decision Tree,,Utility,Gap,0.2947075074097929,0.01330172890593402,classification,Generators/Experiment with utility data leak/utility results/8. Mushroom dataset/TRTR_TSTR_results_merged.xlsx,utility,0.2947075074097929,,0.0,100.0
8. Mushroom dataset,WGAN_GP,,0.0,Recall,0.9469326533673316,Decision Tree,,Utility,TRTR,0.9469326533673316,0.004340358980694475,classification,Generators/Experiment with utility data leak/utility results/8. Mushroom dataset/TRTR_TSTR_results_merged.xlsx,utility,0.9469326533673316,,0.0,100.0
8. Mushroom dataset,WGAN_GP,,0.0,Recall,0.6519274036298185,Decision Tree,,Utility,TSTR,0.6519274036298185,0.04805560279645481,classification,Generators/Experiment with utility data leak/utility results/8. Mushroom dataset/TRTR_TSTR_results_merged.xlsx,utility,0.6519274036298185,,0.0,100.0
8. Mushroom dataset,WGAN_GP,,0.0,Recall_Gap,0.6519274036298185,Decision Tree,,Utility,Gap,0.2950052497375131,0.04805560279645481,classification,Generators/Experiment with utility data leak/utility results/8. Mushroom dataset/TRTR_TSTR_results_merged.xlsx,utility,0.2950052497375131,,0.0,100.0
8. Mushroom dataset,WGAN_GP,,,Accuracy_Drop,,Decision Tree,,,Gap,0.3262943232894957,,classification,Generators/Experiment with utility data leak/utility results/8. Mushroom dataset/TRTR_TSTR_results_merged.xlsx,utility,0.3262943232894957,,0.0,100.0
8. Mushroom dataset,WGAN_GP,,,F1_Drop,,Decision Tree,,,Gap,0.2956977071050523,,classification,Generators/Experiment with utility data leak/utility results/8. Mushroom dataset/TRTR_TSTR_results_merged.xlsx,utility,0.2956977071050523,,0.0,100.0
8. Mushroom dataset,WGAN_GP,,,Precision_Drop,,Decision Tree,,,Gap,0.2947075074097929,,classification,Generators/Experiment with utility data leak/utility results/8. Mushroom dataset/TRTR_TSTR_results_merged.xlsx,utility,0.2947075074097929,,0.0,100.0
8. Mushroom dataset,WGAN_GP,,,Recall_Drop,,Decision Tree,,,Gap,0.2950052497375131,,classification,Generators/Experiment with utility data leak/utility results/8. Mushroom dataset/TRTR_TSTR_results_merged.xlsx,utility,0.2950052497375131,,0.0,100.0
8. Mushroom dataset,WGAN_GP,,0.0,Accuracy,0.8177376394206759,Gradient Boosting,,Utility,TRTR,0.8177376394206759,0.009463270545125387,classification,Generators/Experiment with utility data leak/utility results/8. Mushroom dataset/TRTR_TSTR_results_merged.xlsx,utility,0.8177376394206759,,0.0,100.0
8. Mushroom dataset,WGAN_GP,,0.0,Accuracy,0.6841601464957549,Gradient Boosting,,Utility,TSTR,0.6841601464957549,0.01114061749778954,classification,Generators/Experiment with utility data leak/utility results/8. Mushroom dataset/TRTR_TSTR_results_merged.xlsx,utility,0.6841601464957549,,0.0,100.0
8. Mushroom dataset,WGAN_GP,,0.0,Accuracy_Gap,0.6841601464957549,Gradient Boosting,,Utility,Gap,0.13357749292492105,0.01114061749778954,classification,Generators/Experiment with utility data leak/utility results/8. Mushroom dataset/TRTR_TSTR_results_merged.xlsx,utility,0.13357749292492105,,0.0,100.0
8. Mushroom dataset,WGAN_GP,,0.0,F1,0.8351441635674031,Gradient Boosting,,Utility,TRTR,0.8351441635674031,0.009911515687219402,classification,Generators/Experiment with utility data leak/utility results/8. Mushroom dataset/TRTR_TSTR_results_merged.xlsx,utility,0.8351441635674031,,0.0,100.0
8. Mushroom dataset,WGAN_GP,,0.0,F1,0.7456213402658332,Gradient Boosting,,Utility,TSTR,0.7456213402658332,0.008933858013403432,classification,Generators/Experiment with utility data leak/utility results/8. Mushroom dataset/TRTR_TSTR_results_merged.xlsx,utility,0.7456213402658332,,0.0,100.0
8. Mushroom dataset,WGAN_GP,,0.0,F1_Gap,0.7456213402658332,Gradient Boosting,,Utility,Gap,0.08952282330156991,0.008933858013403432,classification,Generators/Experiment with utility data leak/utility results/8. Mushroom dataset/TRTR_TSTR_results_merged.xlsx,utility,0.08952282330156991,,0.0,100.0
8. Mushroom dataset,WGAN_GP,,0.0,Precision,0.8380774142407716,Gradient Boosting,,Utility,TRTR,0.8380774142407716,0.007023800154772467,classification,Generators/Experiment with utility data leak/utility results/8. Mushroom dataset/TRTR_TSTR_results_merged.xlsx,utility,0.8380774142407716,,0.0,100.0
8. Mushroom dataset,WGAN_GP,,0.0,Precision,0.6741925716192184,Gradient Boosting,,Utility,TSTR,0.6741925716192184,0.009579703013277962,classification,Generators/Experiment with utility data leak/utility results/8. Mushroom dataset/TRTR_TSTR_results_merged.xlsx,utility,0.6741925716192184,,0.0,100.0
8. Mushroom dataset,WGAN_GP,,0.0,Precision_Gap,0.6741925716192184,Gradient Boosting,,Utility,Gap,0.16388484262155323,0.009579703013277962,classification,Generators/Experiment with utility data leak/utility results/8. Mushroom dataset/TRTR_TSTR_results_merged.xlsx,utility,0.16388484262155323,,0.0,100.0
8. Mushroom dataset,WGAN_GP,,0.0,Recall,0.8324883755812209,Gradient Boosting,,Utility,TRTR,0.8324883755812209,0.01907263019534354,classification,Generators/Experiment with utility data leak/utility results/8. Mushroom dataset/TRTR_TSTR_results_merged.xlsx,utility,0.8324883755812209,,0.0,100.0
8. Mushroom dataset,WGAN_GP,,0.0,Recall,0.8341982900854956,Gradient Boosting,,Utility,TSTR,0.8341982900854956,0.01515046024982678,classification,Generators/Experiment with utility data leak/utility results/8. Mushroom dataset/TRTR_TSTR_results_merged.xlsx,utility,0.8341982900854956,,0.0,100.0
8. Mushroom dataset,WGAN_GP,,0.0,Recall_Gap,0.8341982900854956,Gradient Boosting,,Utility,Gap,-0.0017099145042747121,0.01515046024982678,classification,Generators/Experiment with utility data leak/utility results/8. Mushroom dataset/TRTR_TSTR_results_merged.xlsx,utility,-0.0017099145042747121,,0.0,100.0
8. Mushroom dataset,WGAN_GP,,,Accuracy_Drop,,Gradient Boosting,,,Gap,0.133577492924921,,classification,Generators/Experiment with utility data leak/utility results/8. Mushroom dataset/TRTR_TSTR_results_merged.xlsx,utility,0.133577492924921,,0.0,100.0
8. Mushroom dataset,WGAN_GP,,,F1_Drop,,Gradient Boosting,,,Gap,0.08952282330156991,,classification,Generators/Experiment with utility data leak/utility results/8. Mushroom dataset/TRTR_TSTR_results_merged.xlsx,utility,0.08952282330156991,,0.0,100.0
8. Mushroom dataset,WGAN_GP,,,Precision_Drop,,Gradient Boosting,,,Gap,0.1638848426215532,,classification,Generators/Experiment with utility data leak/utility results/8. Mushroom dataset/TRTR_TSTR_results_merged.xlsx,utility,0.1638848426215532,,0.0,100.0
8. Mushroom dataset,WGAN_GP,,,Recall_Drop,,Gradient Boosting,,,Gap,-0.001709914504274712,,classification,Generators/Experiment with utility data leak/utility results/8. Mushroom dataset/TRTR_TSTR_results_merged.xlsx,utility,-0.001709914504274712,,0.0,100.0
8. Mushroom dataset,WGAN_GP,,0.0,Accuracy,0.6532711836191111,Logistic Regression,,Utility,TRTR,0.6532711836191111,0.003432765231763527,classification,Generators/Experiment with utility data leak/utility results/8. Mushroom dataset/TRTR_TSTR_results_merged.xlsx,utility,0.6532711836191111,,0.0,100.0
8. Mushroom dataset,WGAN_GP,,0.0,Accuracy,0.6309222573664058,Logistic Regression,,Utility,TSTR,0.6309222573664058,0.006095307499623616,classification,Generators/Experiment with utility data leak/utility results/8. Mushroom dataset/TRTR_TSTR_results_merged.xlsx,utility,0.6309222573664058,,0.0,100.0
8. Mushroom dataset,WGAN_GP,,0.0,Accuracy_Gap,0.6309222573664058,Logistic Regression,,Utility,Gap,0.022348926252705237,0.006095307499623616,classification,Generators/Experiment with utility data leak/utility results/8. Mushroom dataset/TRTR_TSTR_results_merged.xlsx,utility,0.022348926252705237,,0.0,100.0
8. Mushroom dataset,WGAN_GP,,0.0,F1,0.7102051701755642,Logistic Regression,,Utility,TRTR,0.7102051701755642,0.002525563014958159,classification,Generators/Experiment with utility data leak/utility results/8. Mushroom dataset/TRTR_TSTR_results_merged.xlsx,utility,0.7102051701755642,,0.0,100.0
8. Mushroom dataset,WGAN_GP,,0.0,F1,0.6853648762826213,Logistic Regression,,Utility,TSTR,0.6853648762826213,0.007067531285070305,classification,Generators/Experiment with utility data leak/utility results/8. Mushroom dataset/TRTR_TSTR_results_merged.xlsx,utility,0.6853648762826213,,0.0,100.0
8. Mushroom dataset,WGAN_GP,,0.0,F1_Gap,0.6853648762826213,Logistic Regression,,Utility,Gap,0.024840293892942844,0.007067531285070305,classification,Generators/Experiment with utility data leak/utility results/8. Mushroom dataset/TRTR_TSTR_results_merged.xlsx,utility,0.024840293892942844,,0.0,100.0
8. Mushroom dataset,WGAN_GP,,0.0,Precision,0.6622882541511838,Logistic Regression,,Utility,TRTR,0.6622882541511838,0.003196371629185143,classification,Generators/Experiment with utility data leak/utility results/8. Mushroom dataset/TRTR_TSTR_results_merged.xlsx,utility,0.6622882541511838,,0.0,100.0
8. Mushroom dataset,WGAN_GP,,0.0,Precision,0.6502979004959352,Logistic Regression,,Utility,TSTR,0.6502979004959352,0.004138260392668358,classification,Generators/Experiment with utility data leak/utility results/8. Mushroom dataset/TRTR_TSTR_results_merged.xlsx,utility,0.6502979004959352,,0.0,100.0
8. Mushroom dataset,WGAN_GP,,0.0,Precision_Gap,0.6502979004959352,Logistic Regression,,Utility,Gap,0.011990353655248587,0.004138260392668358,classification,Generators/Experiment with utility data leak/utility results/8. Mushroom dataset/TRTR_TSTR_results_merged.xlsx,utility,0.011990353655248587,,0.0,100.0
8. Mushroom dataset,WGAN_GP,,0.0,Recall,0.7656067196640167,Logistic Regression,,Utility,TRTR,0.7656067196640167,0.002835651757146686,classification,Generators/Experiment with utility data leak/utility results/8. Mushroom dataset/TRTR_TSTR_results_merged.xlsx,utility,0.7656067196640167,,0.0,100.0
8. Mushroom dataset,WGAN_GP,,0.0,Recall,0.7245237738113094,Logistic Regression,,Utility,TSTR,0.7245237738113094,0.0126763098224683,classification,Generators/Experiment with utility data leak/utility results/8. Mushroom dataset/TRTR_TSTR_results_merged.xlsx,utility,0.7245237738113094,,0.0,100.0
8. Mushroom dataset,WGAN_GP,,0.0,Recall_Gap,0.7245237738113094,Logistic Regression,,Utility,Gap,0.04108294585270733,0.0126763098224683,classification,Generators/Experiment with utility data leak/utility results/8. Mushroom dataset/TRTR_TSTR_results_merged.xlsx,utility,0.04108294585270733,,0.0,100.0
8. Mushroom dataset,WGAN_GP,,,Accuracy_Drop,,Logistic Regression,,,Gap,0.02234892625270524,,classification,Generators/Experiment with utility data leak/utility results/8. Mushroom dataset/TRTR_TSTR_results_merged.xlsx,utility,0.02234892625270524,,0.0,100.0
8. Mushroom dataset,WGAN_GP,,,F1_Drop,,Logistic Regression,,,Gap,0.02484029389294284,,classification,Generators/Experiment with utility data leak/utility results/8. Mushroom dataset/TRTR_TSTR_results_merged.xlsx,utility,0.02484029389294284,,0.0,100.0
8. Mushroom dataset,WGAN_GP,,,Precision_Drop,,Logistic Regression,,,Gap,0.01199035365524859,,classification,Generators/Experiment with utility data leak/utility results/8. Mushroom dataset/TRTR_TSTR_results_merged.xlsx,utility,0.01199035365524859,,0.0,100.0
8. Mushroom dataset,WGAN_GP,,,Recall_Drop,,Logistic Regression,,,Gap,0.04108294585270733,,classification,Generators/Experiment with utility data leak/utility results/8. Mushroom dataset/TRTR_TSTR_results_merged.xlsx,utility,0.04108294585270733,,0.0,100.0
8. Mushroom dataset,WGAN_GP,,0.0,Accuracy,0.6530214749458965,AdaBoost,,Utility,TRTR,0.6530214749458965,0.00911056123636879,classification,Generators/Experiment with utility data leak/utility results/8. Mushroom dataset/TRTR_TSTR_results_merged.xlsx,utility,0.6530214749458965,,0.0,100.0
8. Mushroom dataset,WGAN_GP,,0.0,Accuracy,0.661661395039121,AdaBoost,,Utility,TSTR,0.661661395039121,0.01286158856582996,classification,Generators/Experiment with utility data leak/utility results/8. Mushroom dataset/TRTR_TSTR_results_merged.xlsx,utility,0.661661395039121,,0.0,100.0
8. Mushroom dataset,WGAN_GP,,0.0,Accuracy_Gap,0.661661395039121,AdaBoost,,Utility,Gap,-0.008639920093224562,0.01286158856582996,classification,Generators/Experiment with utility data leak/utility results/8. Mushroom dataset/TRTR_TSTR_results_merged.xlsx,utility,-0.008639920093224562,,0.0,100.0
8. Mushroom dataset,WGAN_GP,,0.0,F1,0.6586554205410092,AdaBoost,,Utility,TRTR,0.6586554205410092,0.01000642657450882,classification,Generators/Experiment with utility data leak/utility results/8. Mushroom dataset/TRTR_TSTR_results_merged.xlsx,utility,0.6586554205410092,,0.0,100.0
8. Mushroom dataset,WGAN_GP,,0.0,F1,0.7186660168218497,AdaBoost,,Utility,TSTR,0.7186660168218497,0.009470380710432163,classification,Generators/Experiment with utility data leak/utility results/8. Mushroom dataset/TRTR_TSTR_results_merged.xlsx,utility,0.7186660168218497,,0.0,100.0
8. Mushroom dataset,WGAN_GP,,0.0,F1_Gap,0.7186660168218497,AdaBoost,,Utility,Gap,-0.06001059628084049,0.009470380710432163,classification,Generators/Experiment with utility data leak/utility results/8. Mushroom dataset/TRTR_TSTR_results_merged.xlsx,utility,-0.06001059628084049,,0.0,100.0
8. Mushroom dataset,WGAN_GP,,0.0,Precision,0.7262195138345482,AdaBoost,,Utility,TRTR,0.7262195138345482,0.02162521657245883,classification,Generators/Experiment with utility data leak/utility results/8. Mushroom dataset/TRTR_TSTR_results_merged.xlsx,utility,0.7262195138345482,,0.0,100.0
8. Mushroom dataset,WGAN_GP,,0.0,Precision,0.6677573247817434,AdaBoost,,Utility,TSTR,0.6677573247817434,0.0157099384346699,classification,Generators/Experiment with utility data leak/utility results/8. Mushroom dataset/TRTR_TSTR_results_merged.xlsx,utility,0.6677573247817434,,0.0,100.0
8. Mushroom dataset,WGAN_GP,,0.0,Precision_Gap,0.6677573247817434,AdaBoost,,Utility,Gap,0.05846218905280476,0.0157099384346699,classification,Generators/Experiment with utility data leak/utility results/8. Mushroom dataset/TRTR_TSTR_results_merged.xlsx,utility,0.05846218905280476,,0.0,100.0
8. Mushroom dataset,WGAN_GP,,0.0,Recall,0.6036898155092245,AdaBoost,,Utility,TRTR,0.6036898155092245,0.02328275950044984,classification,Generators/Experiment with utility data leak/utility results/8. Mushroom dataset/TRTR_TSTR_results_merged.xlsx,utility,0.6036898155092245,,0.0,100.0
8. Mushroom dataset,WGAN_GP,,0.0,Recall,0.7788660566971652,AdaBoost,,Utility,TSTR,0.7788660566971652,0.02308472294017011,classification,Generators/Experiment with utility data leak/utility results/8. Mushroom dataset/TRTR_TSTR_results_merged.xlsx,utility,0.7788660566971652,,0.0,100.0
8. Mushroom dataset,WGAN_GP,,0.0,Recall_Gap,0.7788660566971652,AdaBoost,,Utility,Gap,-0.17517624118794073,0.02308472294017011,classification,Generators/Experiment with utility data leak/utility results/8. Mushroom dataset/TRTR_TSTR_results_merged.xlsx,utility,-0.17517624118794073,,0.0,100.0
8. Mushroom dataset,WGAN_GP,,,Accuracy_Drop,,AdaBoost,,,Gap,-0.008639920093224562,,classification,Generators/Experiment with utility data leak/utility results/8. Mushroom dataset/TRTR_TSTR_results_merged.xlsx,utility,-0.008639920093224562,,0.0,100.0
8. Mushroom dataset,WGAN_GP,,,F1_Drop,,AdaBoost,,,Gap,-0.06001059628084049,,classification,Generators/Experiment with utility data leak/utility results/8. Mushroom dataset/TRTR_TSTR_results_merged.xlsx,utility,-0.06001059628084049,,0.0,100.0
8. Mushroom dataset,WGAN_GP,,,Precision_Drop,,AdaBoost,,,Gap,0.05846218905280476,,classification,Generators/Experiment with utility data leak/utility results/8. Mushroom dataset/TRTR_TSTR_results_merged.xlsx,utility,0.05846218905280476,,0.0,100.0
8. Mushroom dataset,WGAN_GP,,,Recall_Drop,,AdaBoost,,,Gap,-0.1751762411879407,,classification,Generators/Experiment with utility data leak/utility results/8. Mushroom dataset/TRTR_TSTR_results_merged.xlsx,utility,-0.1751762411879407,,0.0,100.0
8. Mushroom dataset,WGAN_GP,,0.0,Accuracy,0.652688530048277,SVM-RBF,,Utility,TRTR,0.652688530048277,0.003540466283100108,classification,Generators/Experiment with utility data leak/utility results/8. Mushroom dataset/TRTR_TSTR_results_merged.xlsx,utility,0.652688530048277,,0.0,100.0
8. Mushroom dataset,WGAN_GP,,0.0,Accuracy,0.629573830531047,SVM-RBF,,Utility,TSTR,0.629573830531047,0.006539004096288202,classification,Generators/Experiment with utility data leak/utility results/8. Mushroom dataset/TRTR_TSTR_results_merged.xlsx,utility,0.629573830531047,,0.0,100.0
8. Mushroom dataset,WGAN_GP,,0.0,Accuracy_Gap,0.629573830531047,SVM-RBF,,Utility,Gap,0.023114699517229997,0.006539004096288202,classification,Generators/Experiment with utility data leak/utility results/8. Mushroom dataset/TRTR_TSTR_results_merged.xlsx,utility,0.023114699517229997,,0.0,100.0
8. Mushroom dataset,WGAN_GP,,0.0,F1,0.7111657290688942,SVM-RBF,,Utility,TRTR,0.7111657290688942,0.002515858645437491,classification,Generators/Experiment with utility data leak/utility results/8. Mushroom dataset/TRTR_TSTR_results_merged.xlsx,utility,0.7111657290688942,,0.0,100.0
8. Mushroom dataset,WGAN_GP,,0.0,F1,0.6852391542801071,SVM-RBF,,Utility,TSTR,0.6852391542801071,0.00744543107188284,classification,Generators/Experiment with utility data leak/utility results/8. Mushroom dataset/TRTR_TSTR_results_merged.xlsx,utility,0.6852391542801071,,0.0,100.0
8. Mushroom dataset,WGAN_GP,,0.0,F1_Gap,0.6852391542801071,SVM-RBF,,Utility,Gap,0.025926574788787127,0.00744543107188284,classification,Generators/Experiment with utility data leak/utility results/8. Mushroom dataset/TRTR_TSTR_results_merged.xlsx,utility,0.025926574788787127,,0.0,100.0
8. Mushroom dataset,WGAN_GP,,0.0,Precision,0.660338278612806,SVM-RBF,,Utility,TRTR,0.660338278612806,0.003326244875037613,classification,Generators/Experiment with utility data leak/utility results/8. Mushroom dataset/TRTR_TSTR_results_merged.xlsx,utility,0.660338278612806,,0.0,100.0
8. Mushroom dataset,WGAN_GP,,0.0,Precision,0.6482915773169938,SVM-RBF,,Utility,TSTR,0.6482915773169938,0.00457715555363305,classification,Generators/Experiment with utility data leak/utility results/8. Mushroom dataset/TRTR_TSTR_results_merged.xlsx,utility,0.6482915773169938,,0.0,100.0
8. Mushroom dataset,WGAN_GP,,0.0,Precision_Gap,0.6482915773169938,SVM-RBF,,Utility,Gap,0.012046701295812201,0.00457715555363305,classification,Generators/Experiment with utility data leak/utility results/8. Mushroom dataset/TRTR_TSTR_results_merged.xlsx,utility,0.012046701295812201,,0.0,100.0
8. Mushroom dataset,WGAN_GP,,0.0,Recall,0.7704814759262038,SVM-RBF,,Utility,TRTR,0.7704814759262038,0.002684656261806534,classification,Generators/Experiment with utility data leak/utility results/8. Mushroom dataset/TRTR_TSTR_results_merged.xlsx,utility,0.7704814759262038,,0.0,100.0
8. Mushroom dataset,WGAN_GP,,0.0,Recall,0.7267586620668967,SVM-RBF,,Utility,TSTR,0.7267586620668967,0.013306634356799,classification,Generators/Experiment with utility data leak/utility results/8. Mushroom dataset/TRTR_TSTR_results_merged.xlsx,utility,0.7267586620668967,,0.0,100.0
8. Mushroom dataset,WGAN_GP,,0.0,Recall_Gap,0.7267586620668967,SVM-RBF,,Utility,Gap,0.0437228138593071,0.013306634356799,classification,Generators/Experiment with utility data leak/utility results/8. Mushroom dataset/TRTR_TSTR_results_merged.xlsx,utility,0.0437228138593071,,0.0,100.0
8. Mushroom dataset,WGAN_GP,,,Accuracy_Drop,,SVM-RBF,,,Gap,0.02311469951723,,classification,Generators/Experiment with utility data leak/utility results/8. Mushroom dataset/TRTR_TSTR_results_merged.xlsx,utility,0.02311469951723,,0.0,100.0
8. Mushroom dataset,WGAN_GP,,,F1_Drop,,SVM-RBF,,,Gap,0.02592657478878713,,classification,Generators/Experiment with utility data leak/utility results/8. Mushroom dataset/TRTR_TSTR_results_merged.xlsx,utility,0.02592657478878713,,0.0,100.0
8. Mushroom dataset,WGAN_GP,,,Precision_Drop,,SVM-RBF,,,Gap,0.0120467012958122,,classification,Generators/Experiment with utility data leak/utility results/8. Mushroom dataset/TRTR_TSTR_results_merged.xlsx,utility,0.0120467012958122,,0.0,100.0
8. Mushroom dataset,WGAN_GP,,,Recall_Drop,,SVM-RBF,,,Gap,0.0437228138593071,,classification,Generators/Experiment with utility data leak/utility results/8. Mushroom dataset/TRTR_TSTR_results_merged.xlsx,utility,0.0437228138593071,,0.0,100.0
8. Mushroom dataset,WGAN_GP,,0.0,Accuracy,0.6093557516231064,Naive Bayes,,Utility,TRTR,0.6093557516231064,0.002206246746399765,classification,Generators/Experiment with utility data leak/utility results/8. Mushroom dataset/TRTR_TSTR_results_merged.xlsx,utility,0.6093557516231064,,0.0,100.0
8. Mushroom dataset,WGAN_GP,,0.0,Accuracy,0.6315382054270019,Naive Bayes,,Utility,TSTR,0.6315382054270019,0.006299948522068798,classification,Generators/Experiment with utility data leak/utility results/8. Mushroom dataset/TRTR_TSTR_results_merged.xlsx,utility,0.6315382054270019,,0.0,100.0
8. Mushroom dataset,WGAN_GP,,0.0,Accuracy_Gap,0.6315382054270019,Naive Bayes,,Utility,Gap,-0.022182453803895497,0.006299948522068798,classification,Generators/Experiment with utility data leak/utility results/8. Mushroom dataset/TRTR_TSTR_results_merged.xlsx,utility,-0.022182453803895497,,0.0,100.0
8. Mushroom dataset,WGAN_GP,,0.0,F1,0.5471586204572338,Naive Bayes,,Utility,TRTR,0.5471586204572338,0.003948342675541275,classification,Generators/Experiment with utility data leak/utility results/8. Mushroom dataset/TRTR_TSTR_results_merged.xlsx,utility,0.5471586204572338,,0.0,100.0
8. Mushroom dataset,WGAN_GP,,0.0,F1,0.6333724341937998,Naive Bayes,,Utility,TSTR,0.6333724341937998,0.009721742730076616,classification,Generators/Experiment with utility data leak/utility results/8. Mushroom dataset/TRTR_TSTR_results_merged.xlsx,utility,0.6333724341937998,,0.0,100.0
8. Mushroom dataset,WGAN_GP,,0.0,F1_Gap,0.6333724341937998,Naive Bayes,,Utility,Gap,-0.086213813736566,0.009721742730076616,classification,Generators/Experiment with utility data leak/utility results/8. Mushroom dataset/TRTR_TSTR_results_merged.xlsx,utility,-0.086213813736566,,0.0,100.0
8. Mushroom dataset,WGAN_GP,,0.0,Precision,0.7669376693867336,Naive Bayes,,Utility,TRTR,0.7669376693867336,0.002744162729666706,classification,Generators/Experiment with utility data leak/utility results/8. Mushroom dataset/TRTR_TSTR_results_merged.xlsx,utility,0.7669376693867336,,0.0,100.0
8. Mushroom dataset,WGAN_GP,,0.0,Precision,0.7072403940411494,Naive Bayes,,Utility,TSTR,0.7072403940411494,0.009172094391323356,classification,Generators/Experiment with utility data leak/utility results/8. Mushroom dataset/TRTR_TSTR_results_merged.xlsx,utility,0.7072403940411494,,0.0,100.0
8. Mushroom dataset,WGAN_GP,,0.0,Precision_Gap,0.7072403940411494,Naive Bayes,,Utility,Gap,0.05969727534558422,0.009172094391323356,classification,Generators/Experiment with utility data leak/utility results/8. Mushroom dataset/TRTR_TSTR_results_merged.xlsx,utility,0.05969727534558422,,0.0,100.0
8. Mushroom dataset,WGAN_GP,,0.0,Recall,0.4253037348132593,Naive Bayes,,Utility,TRTR,0.4253037348132593,0.004574279456311722,classification,Generators/Experiment with utility data leak/utility results/8. Mushroom dataset/TRTR_TSTR_results_merged.xlsx,utility,0.4253037348132593,,0.0,100.0
8. Mushroom dataset,WGAN_GP,,0.0,Recall,0.5738413079346033,Naive Bayes,,Utility,TSTR,0.5738413079346033,0.01742649508557863,classification,Generators/Experiment with utility data leak/utility results/8. Mushroom dataset/TRTR_TSTR_results_merged.xlsx,utility,0.5738413079346033,,0.0,100.0
8. Mushroom dataset,WGAN_GP,,0.0,Recall_Gap,0.5738413079346033,Naive Bayes,,Utility,Gap,-0.14853757312134402,0.01742649508557863,classification,Generators/Experiment with utility data leak/utility results/8. Mushroom dataset/TRTR_TSTR_results_merged.xlsx,utility,-0.14853757312134402,,0.0,100.0
8. Mushroom dataset,WGAN_GP,,,Accuracy_Drop,,Naive Bayes,,,Gap,-0.0221824538038955,,classification,Generators/Experiment with utility data leak/utility results/8. Mushroom dataset/TRTR_TSTR_results_merged.xlsx,utility,-0.0221824538038955,,0.0,100.0
8. Mushroom dataset,WGAN_GP,,,F1_Drop,,Naive Bayes,,,Gap,-0.086213813736566,,classification,Generators/Experiment with utility data leak/utility results/8. Mushroom dataset/TRTR_TSTR_results_merged.xlsx,utility,-0.086213813736566,,0.0,100.0
8. Mushroom dataset,WGAN_GP,,,Precision_Drop,,Naive Bayes,,,Gap,0.05969727534558422,,classification,Generators/Experiment with utility data leak/utility results/8. Mushroom dataset/TRTR_TSTR_results_merged.xlsx,utility,0.05969727534558422,,0.0,100.0
8. Mushroom dataset,WGAN_GP,,,Recall_Drop,,Naive Bayes,,,Gap,-0.148537573121344,,classification,Generators/Experiment with utility data leak/utility results/8. Mushroom dataset/TRTR_TSTR_results_merged.xlsx,utility,-0.148537573121344,,0.0,100.0
8. Mushroom dataset,CTABGAN,,0.0,Accuracy,0.999983352755119,Extra Trees,,Utility,TRTR,0.999983352755119,3.329448976194804e-05,classification,Generators/Experiment with utility data leak/utility results/8. Mushroom dataset/TRTR_TSTR_results_merged.xlsx,utility,0.999983352755119,,0.0,100.0
8. Mushroom dataset,CTABGAN,,0.0,Accuracy,0.5379806891959381,Extra Trees,,Utility,TSTR,0.5379806891959381,0.0103561418600684,classification,Generators/Experiment with utility data leak/utility results/8. Mushroom dataset/TRTR_TSTR_results_merged.xlsx,utility,0.5379806891959381,,0.0,100.0
8. Mushroom dataset,CTABGAN,,0.0,Accuracy_Gap,0.5379806891959381,Extra Trees,,Utility,Gap,0.46200266355918085,0.0103561418600684,classification,Generators/Experiment with utility data leak/utility results/8. Mushroom dataset/TRTR_TSTR_results_merged.xlsx,utility,0.46200266355918085,,0.0,100.0
8. Mushroom dataset,CTABGAN,,0.0,F1,0.9999849996249907,Extra Trees,,Utility,TRTR,0.9999849996249907,3.000075001873271e-05,classification,Generators/Experiment with utility data leak/utility results/8. Mushroom dataset/TRTR_TSTR_results_merged.xlsx,utility,0.9999849996249907,,0.0,100.0
8. Mushroom dataset,CTABGAN,,0.0,F1,0.6415147053034511,Extra Trees,,Utility,TSTR,0.6415147053034511,0.01122906548477385,classification,Generators/Experiment with utility data leak/utility results/8. Mushroom dataset/TRTR_TSTR_results_merged.xlsx,utility,0.6415147053034511,,0.0,100.0
8. Mushroom dataset,CTABGAN,,0.0,F1_Gap,0.6415147053034511,Extra Trees,,Utility,Gap,0.35847029432153954,0.01122906548477385,classification,Generators/Experiment with utility data leak/utility results/8. Mushroom dataset/TRTR_TSTR_results_merged.xlsx,utility,0.35847029432153954,,0.0,100.0
8. Mushroom dataset,CTABGAN,,0.0,Precision,1.0,Extra Trees,,Utility,TRTR,1.0,0.0,classification,Generators/Experiment with utility data leak/utility results/8. Mushroom dataset/TRTR_TSTR_results_merged.xlsx,utility,1.0,,0.0,100.0
8. Mushroom dataset,CTABGAN,,0.0,Precision,0.5631982213911898,Extra Trees,,Utility,TSTR,0.5631982213911898,0.006210063491570435,classification,Generators/Experiment with utility data leak/utility results/8. Mushroom dataset/TRTR_TSTR_results_merged.xlsx,utility,0.5631982213911898,,0.0,100.0
8. Mushroom dataset,CTABGAN,,0.0,Precision_Gap,0.5631982213911898,Extra Trees,,Utility,Gap,0.4368017786088102,0.006210063491570435,classification,Generators/Experiment with utility data leak/utility results/8. Mushroom dataset/TRTR_TSTR_results_merged.xlsx,utility,0.4368017786088102,,0.0,100.0
8. Mushroom dataset,CTABGAN,,0.0,Recall,0.9999700014999249,Extra Trees,,Utility,TRTR,0.9999700014999249,5.999700014998055e-05,classification,Generators/Experiment with utility data leak/utility results/8. Mushroom dataset/TRTR_TSTR_results_merged.xlsx,utility,0.9999700014999249,,0.0,100.0
8. Mushroom dataset,CTABGAN,,0.0,Recall,0.7452977351132443,Extra Trees,,Utility,TSTR,0.7452977351132443,0.02083529728497845,classification,Generators/Experiment with utility data leak/utility results/8. Mushroom dataset/TRTR_TSTR_results_merged.xlsx,utility,0.7452977351132443,,0.0,100.0
8. Mushroom dataset,CTABGAN,,0.0,Recall_Gap,0.7452977351132443,Extra Trees,,Utility,Gap,0.2546722663866806,0.02083529728497845,classification,Generators/Experiment with utility data leak/utility results/8. Mushroom dataset/TRTR_TSTR_results_merged.xlsx,utility,0.2546722663866806,,0.0,100.0
8. Mushroom dataset,CTABGAN,,,Accuracy_Drop,,Extra Trees,,,Gap,0.4620026635591808,,classification,Generators/Experiment with utility data leak/utility results/8. Mushroom dataset/TRTR_TSTR_results_merged.xlsx,utility,0.4620026635591808,,0.0,100.0
8. Mushroom dataset,CTABGAN,,,F1_Drop,,Extra Trees,,,Gap,0.3584702943215395,,classification,Generators/Experiment with utility data leak/utility results/8. Mushroom dataset/TRTR_TSTR_results_merged.xlsx,utility,0.3584702943215395,,0.0,100.0
8. Mushroom dataset,CTABGAN,,,Precision_Drop,,Extra Trees,,,Gap,0.4368017786088102,,classification,Generators/Experiment with utility data leak/utility results/8. Mushroom dataset/TRTR_TSTR_results_merged.xlsx,utility,0.4368017786088102,,0.0,100.0
8. Mushroom dataset,CTABGAN,,,Recall_Drop,,Extra Trees,,,Gap,0.2546722663866806,,classification,Generators/Experiment with utility data leak/utility results/8. Mushroom dataset/TRTR_TSTR_results_merged.xlsx,utility,0.2546722663866806,,0.0,100.0
8. Mushroom dataset,CTABGAN,,0.0,Accuracy,0.9998917929082738,Random Forest,,Utility,TRTR,0.9998917929082738,3.814362988976479e-05,classification,Generators/Experiment with utility data leak/utility results/8. Mushroom dataset/TRTR_TSTR_results_merged.xlsx,utility,0.9998917929082738,,0.0,100.0
8. Mushroom dataset,CTABGAN,,0.0,Accuracy,0.5413434326618944,Random Forest,,Utility,TSTR,0.5413434326618944,0.01548784593639103,classification,Generators/Experiment with utility data leak/utility results/8. Mushroom dataset/TRTR_TSTR_results_merged.xlsx,utility,0.5413434326618944,,0.0,100.0
8. Mushroom dataset,CTABGAN,,0.0,Accuracy_Gap,0.5413434326618944,Random Forest,,Utility,Gap,0.45854836024637935,0.01548784593639103,classification,Generators/Experiment with utility data leak/utility results/8. Mushroom dataset/TRTR_TSTR_results_merged.xlsx,utility,0.45854836024637935,,0.0,100.0
8. Mushroom dataset,CTABGAN,,0.0,F1,0.9999025054365672,Random Forest,,Utility,TRTR,0.9999025054365672,3.436305920243479e-05,classification,Generators/Experiment with utility data leak/utility results/8. Mushroom dataset/TRTR_TSTR_results_merged.xlsx,utility,0.9999025054365672,,0.0,100.0
8. Mushroom dataset,CTABGAN,,0.0,F1,0.6477158409952097,Random Forest,,Utility,TSTR,0.6477158409952097,0.01318527108983074,classification,Generators/Experiment with utility data leak/utility results/8. Mushroom dataset/TRTR_TSTR_results_merged.xlsx,utility,0.6477158409952097,,0.0,100.0
8. Mushroom dataset,CTABGAN,,0.0,F1_Gap,0.6477158409952097,Random Forest,,Utility,Gap,0.3521866644413575,0.01318527108983074,classification,Generators/Experiment with utility data leak/utility results/8. Mushroom dataset/TRTR_TSTR_results_merged.xlsx,utility,0.3521866644413575,,0.0,100.0
8. Mushroom dataset,CTABGAN,,0.0,Precision,0.9999100179950515,Random Forest,,Utility,TRTR,0.9999100179950515,9.947206977344203e-05,classification,Generators/Experiment with utility data leak/utility results/8. Mushroom dataset/TRTR_TSTR_results_merged.xlsx,utility,0.9999100179950515,,0.0,100.0
8. Mushroom dataset,CTABGAN,,0.0,Precision,0.5646707699316579,Random Forest,,Utility,TSTR,0.5646707699316579,0.01184179449104982,classification,Generators/Experiment with utility data leak/utility results/8. Mushroom dataset/TRTR_TSTR_results_merged.xlsx,utility,0.5646707699316579,,0.0,100.0
8. Mushroom dataset,CTABGAN,,0.0,Precision_Gap,0.5646707699316579,Random Forest,,Utility,Gap,0.43523924806339365,0.01184179449104982,classification,Generators/Experiment with utility data leak/utility results/8. Mushroom dataset/TRTR_TSTR_results_merged.xlsx,utility,0.43523924806339365,,0.0,100.0
8. Mushroom dataset,CTABGAN,,0.0,Recall,0.9998950052497374,Random Forest,,Utility,TRTR,0.9998950052497374,6.873519866439068e-05,classification,Generators/Experiment with utility data leak/utility results/8. Mushroom dataset/TRTR_TSTR_results_merged.xlsx,utility,0.9998950052497374,,0.0,100.0
8. Mushroom dataset,CTABGAN,,0.0,Recall,0.7604169791510424,Random Forest,,Utility,TSTR,0.7604169791510424,0.0318020924651673,classification,Generators/Experiment with utility data leak/utility results/8. Mushroom dataset/TRTR_TSTR_results_merged.xlsx,utility,0.7604169791510424,,0.0,100.0
8. Mushroom dataset,CTABGAN,,0.0,Recall_Gap,0.7604169791510424,Random Forest,,Utility,Gap,0.23947802609869495,0.0318020924651673,classification,Generators/Experiment with utility data leak/utility results/8. Mushroom dataset/TRTR_TSTR_results_merged.xlsx,utility,0.23947802609869495,,0.0,100.0
8. Mushroom dataset,CTABGAN,,,Accuracy_Drop,,Random Forest,,,Gap,0.4585483602463793,,classification,Generators/Experiment with utility data leak/utility results/8. Mushroom dataset/TRTR_TSTR_results_merged.xlsx,utility,0.4585483602463793,,0.0,100.0
8. Mushroom dataset,CTABGAN,,,F1_Drop,,Random Forest,,,Gap,0.3521866644413575,,classification,Generators/Experiment with utility data leak/utility results/8. Mushroom dataset/TRTR_TSTR_results_merged.xlsx,utility,0.3521866644413575,,0.0,100.0
8. Mushroom dataset,CTABGAN,,,Precision_Drop,,Random Forest,,,Gap,0.4352392480633936,,classification,Generators/Experiment with utility data leak/utility results/8. Mushroom dataset/TRTR_TSTR_results_merged.xlsx,utility,0.4352392480633936,,0.0,100.0
8. Mushroom dataset,CTABGAN,,,Recall_Drop,,Random Forest,,,Gap,0.239478026098695,,classification,Generators/Experiment with utility data leak/utility results/8. Mushroom dataset/TRTR_TSTR_results_merged.xlsx,utility,0.239478026098695,,0.0,100.0
8. Mushroom dataset,CTABGAN,,0.0,Accuracy,0.9998002330614282,MLP,,Utility,TRTR,0.9998002330614282,0.0001498252039287662,classification,Generators/Experiment with utility data leak/utility results/8. Mushroom dataset/TRTR_TSTR_results_merged.xlsx,utility,0.9998002330614282,,0.0,100.0
8. Mushroom dataset,CTABGAN,,0.0,Accuracy,0.5294822706842017,MLP,,Utility,TSTR,0.5294822706842017,0.01079068968530469,classification,Generators/Experiment with utility data leak/utility results/8. Mushroom dataset/TRTR_TSTR_results_merged.xlsx,utility,0.5294822706842017,,0.0,100.0
8. Mushroom dataset,CTABGAN,,0.0,Accuracy_Gap,0.5294822706842017,MLP,,Utility,Gap,0.47031796237722645,0.01079068968530469,classification,Generators/Experiment with utility data leak/utility results/8. Mushroom dataset/TRTR_TSTR_results_merged.xlsx,utility,0.47031796237722645,,0.0,100.0
8. Mushroom dataset,CTABGAN,,0.0,F1,0.9998200033725814,MLP,,Utility,TRTR,0.9998200033725814,0.0001350057549300141,classification,Generators/Experiment with utility data leak/utility results/8. Mushroom dataset/TRTR_TSTR_results_merged.xlsx,utility,0.9998200033725814,,0.0,100.0
8. Mushroom dataset,CTABGAN,,0.0,F1,0.6001515117231162,MLP,,Utility,TSTR,0.6001515117231162,0.01167490525378964,classification,Generators/Experiment with utility data leak/utility results/8. Mushroom dataset/TRTR_TSTR_results_merged.xlsx,utility,0.6001515117231162,,0.0,100.0
8. Mushroom dataset,CTABGAN,,0.0,F1_Gap,0.6001515117231162,MLP,,Utility,Gap,0.39966849164946516,0.01167490525378964,classification,Generators/Experiment with utility data leak/utility results/8. Mushroom dataset/TRTR_TSTR_results_merged.xlsx,utility,0.39966849164946516,,0.0,100.0
8. Mushroom dataset,CTABGAN,,0.0,Precision,0.999835012740364,MLP,,Utility,TRTR,0.999835012740364,0.0001414792911934868,classification,Generators/Experiment with utility data leak/utility results/8. Mushroom dataset/TRTR_TSTR_results_merged.xlsx,utility,0.999835012740364,,0.0,100.0
8. Mushroom dataset,CTABGAN,,0.0,Precision,0.567867845247364,MLP,,Utility,TSTR,0.567867845247364,0.008673965922454013,classification,Generators/Experiment with utility data leak/utility results/8. Mushroom dataset/TRTR_TSTR_results_merged.xlsx,utility,0.567867845247364,,0.0,100.0
8. Mushroom dataset,CTABGAN,,0.0,Precision_Gap,0.567867845247364,MLP,,Utility,Gap,0.431967167493,0.008673965922454013,classification,Generators/Experiment with utility data leak/utility results/8. Mushroom dataset/TRTR_TSTR_results_merged.xlsx,utility,0.431967167493,,0.0,100.0
8. Mushroom dataset,CTABGAN,,0.0,Recall,0.9998050097495124,MLP,,Utility,TRTR,0.9998050097495124,0.0001781062259942747,classification,Generators/Experiment with utility data leak/utility results/8. Mushroom dataset/TRTR_TSTR_results_merged.xlsx,utility,0.9998050097495124,,0.0,100.0
8. Mushroom dataset,CTABGAN,,0.0,Recall,0.6365981700914953,MLP,,Utility,TSTR,0.6365981700914953,0.01965849570512758,classification,Generators/Experiment with utility data leak/utility results/8. Mushroom dataset/TRTR_TSTR_results_merged.xlsx,utility,0.6365981700914953,,0.0,100.0
8. Mushroom dataset,CTABGAN,,0.0,Recall_Gap,0.6365981700914953,MLP,,Utility,Gap,0.36320683965801703,0.01965849570512758,classification,Generators/Experiment with utility data leak/utility results/8. Mushroom dataset/TRTR_TSTR_results_merged.xlsx,utility,0.36320683965801703,,0.0,100.0
8. Mushroom dataset,CTABGAN,,,Accuracy_Drop,,MLP,,,Gap,0.4703179623772265,,classification,Generators/Experiment with utility data leak/utility results/8. Mushroom dataset/TRTR_TSTR_results_merged.xlsx,utility,0.4703179623772265,,0.0,100.0
8. Mushroom dataset,CTABGAN,,,F1_Drop,,MLP,,,Gap,0.3996684916494652,,classification,Generators/Experiment with utility data leak/utility results/8. Mushroom dataset/TRTR_TSTR_results_merged.xlsx,utility,0.3996684916494652,,0.0,100.0
8. Mushroom dataset,CTABGAN,,,Precision_Drop,,MLP,,,Gap,0.431967167493,,classification,Generators/Experiment with utility data leak/utility results/8. Mushroom dataset/TRTR_TSTR_results_merged.xlsx,utility,0.431967167493,,0.0,100.0
8. Mushroom dataset,CTABGAN,,,Recall_Drop,,MLP,,,Gap,0.363206839658017,,classification,Generators/Experiment with utility data leak/utility results/8. Mushroom dataset/TRTR_TSTR_results_merged.xlsx,utility,0.363206839658017,,0.0,100.0
8. Mushroom dataset,CTABGAN,,0.0,Accuracy,0.9993757283169635,KNN,,Utility,TRTR,0.9993757283169635,0.0001870501502766885,classification,Generators/Experiment with utility data leak/utility results/8. Mushroom dataset/TRTR_TSTR_results_merged.xlsx,utility,0.9993757283169635,,0.0,100.0
8. Mushroom dataset,CTABGAN,,0.0,Accuracy,0.5353421008823039,KNN,,Utility,TSTR,0.5353421008823039,0.01070038490697255,classification,Generators/Experiment with utility data leak/utility results/8. Mushroom dataset/TRTR_TSTR_results_merged.xlsx,utility,0.5353421008823039,,0.0,100.0
8. Mushroom dataset,CTABGAN,,0.0,Accuracy_Gap,0.5353421008823039,KNN,,Utility,Gap,0.4640336274346596,0.01070038490697255,classification,Generators/Experiment with utility data leak/utility results/8. Mushroom dataset/TRTR_TSTR_results_merged.xlsx,utility,0.4640336274346596,,0.0,100.0
8. Mushroom dataset,CTABGAN,,0.0,F1,0.999437537679781,KNN,,Utility,TRTR,0.999437537679781,0.0001685162263673175,classification,Generators/Experiment with utility data leak/utility results/8. Mushroom dataset/TRTR_TSTR_results_merged.xlsx,utility,0.999437537679781,,0.0,100.0
8. Mushroom dataset,CTABGAN,,0.0,F1,0.6040735538814609,KNN,,Utility,TSTR,0.6040735538814609,0.01405691654101111,classification,Generators/Experiment with utility data leak/utility results/8. Mushroom dataset/TRTR_TSTR_results_merged.xlsx,utility,0.6040735538814609,,0.0,100.0
8. Mushroom dataset,CTABGAN,,0.0,F1_Gap,0.6040735538814609,KNN,,Utility,Gap,0.39536398379832016,0.01405691654101111,classification,Generators/Experiment with utility data leak/utility results/8. Mushroom dataset/TRTR_TSTR_results_merged.xlsx,utility,0.39536398379832016,,0.0,100.0
8. Mushroom dataset,CTABGAN,,0.0,Precision,0.9994300667201221,KNN,,Utility,TRTR,0.9994300667201221,0.0002203628791389911,classification,Generators/Experiment with utility data leak/utility results/8. Mushroom dataset/TRTR_TSTR_results_merged.xlsx,utility,0.9994300667201221,,0.0,100.0
8. Mushroom dataset,CTABGAN,,0.0,Precision,0.5729320735293169,KNN,,Utility,TSTR,0.5729320735293169,0.008494118928680384,classification,Generators/Experiment with utility data leak/utility results/8. Mushroom dataset/TRTR_TSTR_results_merged.xlsx,utility,0.5729320735293169,,0.0,100.0
8. Mushroom dataset,CTABGAN,,0.0,Precision_Gap,0.5729320735293169,KNN,,Utility,Gap,0.4264979931908053,0.008494118928680384,classification,Generators/Experiment with utility data leak/utility results/8. Mushroom dataset/TRTR_TSTR_results_merged.xlsx,utility,0.4264979931908053,,0.0,100.0
8. Mushroom dataset,CTABGAN,,0.0,Recall,0.9994450277486123,KNN,,Utility,TRTR,0.9994450277486123,0.0001649917504124697,classification,Generators/Experiment with utility data leak/utility results/8. Mushroom dataset/TRTR_TSTR_results_merged.xlsx,utility,0.9994450277486123,,0.0,100.0
8. Mushroom dataset,CTABGAN,,0.0,Recall,0.6394180290985451,KNN,,Utility,TSTR,0.6394180290985451,0.02770422793828814,classification,Generators/Experiment with utility data leak/utility results/8. Mushroom dataset/TRTR_TSTR_results_merged.xlsx,utility,0.6394180290985451,,0.0,100.0
8. Mushroom dataset,CTABGAN,,0.0,Recall_Gap,0.6394180290985451,KNN,,Utility,Gap,0.36002699865006726,0.02770422793828814,classification,Generators/Experiment with utility data leak/utility results/8. Mushroom dataset/TRTR_TSTR_results_merged.xlsx,utility,0.36002699865006726,,0.0,100.0
8. Mushroom dataset,CTABGAN,,,Accuracy_Drop,,KNN,,,Gap,0.4640336274346596,,classification,Generators/Experiment with utility data leak/utility results/8. Mushroom dataset/TRTR_TSTR_results_merged.xlsx,utility,0.4640336274346596,,0.0,100.0
8. Mushroom dataset,CTABGAN,,,F1_Drop,,KNN,,,Gap,0.3953639837983202,,classification,Generators/Experiment with utility data leak/utility results/8. Mushroom dataset/TRTR_TSTR_results_merged.xlsx,utility,0.3953639837983202,,0.0,100.0
8. Mushroom dataset,CTABGAN,,,Precision_Drop,,KNN,,,Gap,0.4264979931908053,,classification,Generators/Experiment with utility data leak/utility results/8. Mushroom dataset/TRTR_TSTR_results_merged.xlsx,utility,0.4264979931908053,,0.0,100.0
8. Mushroom dataset,CTABGAN,,,Recall_Drop,,KNN,,,Gap,0.3600269986500673,,classification,Generators/Experiment with utility data leak/utility results/8. Mushroom dataset/TRTR_TSTR_results_merged.xlsx,utility,0.3600269986500673,,0.0,100.0
8. Mushroom dataset,CTABGAN,,0.0,Accuracy,0.9430830697519561,Decision Tree,,Utility,TRTR,0.9430830697519561,0.003054622010995107,classification,Generators/Experiment with utility data leak/utility results/8. Mushroom dataset/TRTR_TSTR_results_merged.xlsx,utility,0.9430830697519561,,0.0,100.0
8. Mushroom dataset,CTABGAN,,0.0,Accuracy,0.5099633760612619,Decision Tree,,Utility,TSTR,0.5099633760612619,0.03616914316283894,classification,Generators/Experiment with utility data leak/utility results/8. Mushroom dataset/TRTR_TSTR_results_merged.xlsx,utility,0.5099633760612619,,0.0,100.0
8. Mushroom dataset,CTABGAN,,0.0,Accuracy_Gap,0.5099633760612619,Decision Tree,,Utility,Gap,0.43311969369069425,0.03616914316283894,classification,Generators/Experiment with utility data leak/utility results/8. Mushroom dataset/TRTR_TSTR_results_merged.xlsx,utility,0.43311969369069425,,0.0,100.0
8. Mushroom dataset,CTABGAN,,0.0,F1,0.9486269064274188,Decision Tree,,Utility,TRTR,0.9486269064274188,0.002733229331666377,classification,Generators/Experiment with utility data leak/utility results/8. Mushroom dataset/TRTR_TSTR_results_merged.xlsx,utility,0.9486269064274188,,0.0,100.0
8. Mushroom dataset,CTABGAN,,0.0,F1,0.5684888803996545,Decision Tree,,Utility,TSTR,0.5684888803996545,0.06366104950028353,classification,Generators/Experiment with utility data leak/utility results/8. Mushroom dataset/TRTR_TSTR_results_merged.xlsx,utility,0.5684888803996545,,0.0,100.0
8. Mushroom dataset,CTABGAN,,0.0,F1_Gap,0.5684888803996545,Decision Tree,,Utility,Gap,0.38013802602776425,0.06366104950028353,classification,Generators/Experiment with utility data leak/utility results/8. Mushroom dataset/TRTR_TSTR_results_merged.xlsx,utility,0.38013802602776425,,0.0,100.0
8. Mushroom dataset,CTABGAN,,0.0,Precision,0.9503557108620792,Decision Tree,,Utility,TRTR,0.9503557108620792,0.004797011192999022,classification,Generators/Experiment with utility data leak/utility results/8. Mushroom dataset/TRTR_TSTR_results_merged.xlsx,utility,0.9503557108620792,,0.0,100.0
8. Mushroom dataset,CTABGAN,,0.0,Precision,0.5529248105507187,Decision Tree,,Utility,TSTR,0.5529248105507187,0.02883975915678716,classification,Generators/Experiment with utility data leak/utility results/8. Mushroom dataset/TRTR_TSTR_results_merged.xlsx,utility,0.5529248105507187,,0.0,100.0
8. Mushroom dataset,CTABGAN,,0.0,Precision_Gap,0.5529248105507187,Decision Tree,,Utility,Gap,0.3974309003113604,0.02883975915678716,classification,Generators/Experiment with utility data leak/utility results/8. Mushroom dataset/TRTR_TSTR_results_merged.xlsx,utility,0.3974309003113604,,0.0,100.0
8. Mushroom dataset,CTABGAN,,0.0,Recall,0.9469326533673316,Decision Tree,,Utility,TRTR,0.9469326533673316,0.004340358980694475,classification,Generators/Experiment with utility data leak/utility results/8. Mushroom dataset/TRTR_TSTR_results_merged.xlsx,utility,0.9469326533673316,,0.0,100.0
8. Mushroom dataset,CTABGAN,,0.0,Recall,0.5928903554822259,Decision Tree,,Utility,TSTR,0.5928903554822259,0.1063789237780041,classification,Generators/Experiment with utility data leak/utility results/8. Mushroom dataset/TRTR_TSTR_results_merged.xlsx,utility,0.5928903554822259,,0.0,100.0
8. Mushroom dataset,CTABGAN,,0.0,Recall_Gap,0.5928903554822259,Decision Tree,,Utility,Gap,0.35404229788510566,0.1063789237780041,classification,Generators/Experiment with utility data leak/utility results/8. Mushroom dataset/TRTR_TSTR_results_merged.xlsx,utility,0.35404229788510566,,0.0,100.0
8. Mushroom dataset,CTABGAN,,,Accuracy_Drop,,Decision Tree,,,Gap,0.4331196936906943,,classification,Generators/Experiment with utility data leak/utility results/8. Mushroom dataset/TRTR_TSTR_results_merged.xlsx,utility,0.4331196936906943,,0.0,100.0
8. Mushroom dataset,CTABGAN,,,F1_Drop,,Decision Tree,,,Gap,0.3801380260277643,,classification,Generators/Experiment with utility data leak/utility results/8. Mushroom dataset/TRTR_TSTR_results_merged.xlsx,utility,0.3801380260277643,,0.0,100.0
8. Mushroom dataset,CTABGAN,,,Precision_Drop,,Decision Tree,,,Gap,0.3974309003113604,,classification,Generators/Experiment with utility data leak/utility results/8. Mushroom dataset/TRTR_TSTR_results_merged.xlsx,utility,0.3974309003113604,,0.0,100.0
8. Mushroom dataset,CTABGAN,,,Recall_Drop,,Decision Tree,,,Gap,0.3540422978851057,,classification,Generators/Experiment with utility data leak/utility results/8. Mushroom dataset/TRTR_TSTR_results_merged.xlsx,utility,0.3540422978851057,,0.0,100.0
8. Mushroom dataset,CTABGAN,,0.0,Accuracy,0.8177376394206759,Gradient Boosting,,Utility,TRTR,0.8177376394206759,0.009463270545125387,classification,Generators/Experiment with utility data leak/utility results/8. Mushroom dataset/TRTR_TSTR_results_merged.xlsx,utility,0.8177376394206759,,0.0,100.0
8. Mushroom dataset,CTABGAN,,0.0,Accuracy,0.5483768936241051,Gradient Boosting,,Utility,TSTR,0.5483768936241051,0.01491925677574574,classification,Generators/Experiment with utility data leak/utility results/8. Mushroom dataset/TRTR_TSTR_results_merged.xlsx,utility,0.5483768936241051,,0.0,100.0
8. Mushroom dataset,CTABGAN,,0.0,Accuracy_Gap,0.5483768936241051,Gradient Boosting,,Utility,Gap,0.26936074579657077,0.01491925677574574,classification,Generators/Experiment with utility data leak/utility results/8. Mushroom dataset/TRTR_TSTR_results_merged.xlsx,utility,0.26936074579657077,,0.0,100.0
8. Mushroom dataset,CTABGAN,,0.0,F1,0.8351441635674031,Gradient Boosting,,Utility,TRTR,0.8351441635674031,0.009911515687219402,classification,Generators/Experiment with utility data leak/utility results/8. Mushroom dataset/TRTR_TSTR_results_merged.xlsx,utility,0.8351441635674031,,0.0,100.0
8. Mushroom dataset,CTABGAN,,0.0,F1,0.6924349854617781,Gradient Boosting,,Utility,TSTR,0.6924349854617781,0.0136072396092447,classification,Generators/Experiment with utility data leak/utility results/8. Mushroom dataset/TRTR_TSTR_results_merged.xlsx,utility,0.6924349854617781,,0.0,100.0
8. Mushroom dataset,CTABGAN,,0.0,F1_Gap,0.6924349854617781,Gradient Boosting,,Utility,Gap,0.142709178105625,0.0136072396092447,classification,Generators/Experiment with utility data leak/utility results/8. Mushroom dataset/TRTR_TSTR_results_merged.xlsx,utility,0.142709178105625,,0.0,100.0
8. Mushroom dataset,CTABGAN,,0.0,Precision,0.8380774142407716,Gradient Boosting,,Utility,TRTR,0.8380774142407716,0.007023800154772467,classification,Generators/Experiment with utility data leak/utility results/8. Mushroom dataset/TRTR_TSTR_results_merged.xlsx,utility,0.8380774142407716,,0.0,100.0
8. Mushroom dataset,CTABGAN,,0.0,Precision,0.5564468513501388,Gradient Boosting,,Utility,TSTR,0.5564468513501388,0.007682327133072874,classification,Generators/Experiment with utility data leak/utility results/8. Mushroom dataset/TRTR_TSTR_results_merged.xlsx,utility,0.5564468513501388,,0.0,100.0
8. Mushroom dataset,CTABGAN,,0.0,Precision_Gap,0.5564468513501388,Gradient Boosting,,Utility,Gap,0.2816305628906328,0.007682327133072874,classification,Generators/Experiment with utility data leak/utility results/8. Mushroom dataset/TRTR_TSTR_results_merged.xlsx,utility,0.2816305628906328,,0.0,100.0
8. Mushroom dataset,CTABGAN,,0.0,Recall,0.8324883755812209,Gradient Boosting,,Utility,TRTR,0.8324883755812209,0.01907263019534354,classification,Generators/Experiment with utility data leak/utility results/8. Mushroom dataset/TRTR_TSTR_results_merged.xlsx,utility,0.8324883755812209,,0.0,100.0
8. Mushroom dataset,CTABGAN,,0.0,Recall,0.9168741562921854,Gradient Boosting,,Utility,TSTR,0.9168741562921854,0.0317937967679482,classification,Generators/Experiment with utility data leak/utility results/8. Mushroom dataset/TRTR_TSTR_results_merged.xlsx,utility,0.9168741562921854,,0.0,100.0
8. Mushroom dataset,CTABGAN,,0.0,Recall_Gap,0.9168741562921854,Gradient Boosting,,Utility,Gap,-0.08438578071096448,0.0317937967679482,classification,Generators/Experiment with utility data leak/utility results/8. Mushroom dataset/TRTR_TSTR_results_merged.xlsx,utility,-0.08438578071096448,,0.0,100.0
8. Mushroom dataset,CTABGAN,,,Accuracy_Drop,,Gradient Boosting,,,Gap,0.2693607457965708,,classification,Generators/Experiment with utility data leak/utility results/8. Mushroom dataset/TRTR_TSTR_results_merged.xlsx,utility,0.2693607457965708,,0.0,100.0
8. Mushroom dataset,CTABGAN,,,F1_Drop,,Gradient Boosting,,,Gap,0.142709178105625,,classification,Generators/Experiment with utility data leak/utility results/8. Mushroom dataset/TRTR_TSTR_results_merged.xlsx,utility,0.142709178105625,,0.0,100.0
8. Mushroom dataset,CTABGAN,,,Precision_Drop,,Gradient Boosting,,,Gap,0.2816305628906328,,classification,Generators/Experiment with utility data leak/utility results/8. Mushroom dataset/TRTR_TSTR_results_merged.xlsx,utility,0.2816305628906328,,0.0,100.0
8. Mushroom dataset,CTABGAN,,,Recall_Drop,,Gradient Boosting,,,Gap,-0.08438578071096448,,classification,Generators/Experiment with utility data leak/utility results/8. Mushroom dataset/TRTR_TSTR_results_merged.xlsx,utility,-0.08438578071096448,,0.0,100.0
8. Mushroom dataset,CTABGAN,,0.0,Accuracy,0.6532711836191111,Logistic Regression,,Utility,TRTR,0.6532711836191111,0.003432765231763527,classification,Generators/Experiment with utility data leak/utility results/8. Mushroom dataset/TRTR_TSTR_results_merged.xlsx,utility,0.6532711836191111,,0.0,100.0
8. Mushroom dataset,CTABGAN,,0.0,Accuracy,0.5837439653737306,Logistic Regression,,Utility,TSTR,0.5837439653737306,0.008306328796969605,classification,Generators/Experiment with utility data leak/utility results/8. Mushroom dataset/TRTR_TSTR_results_merged.xlsx,utility,0.5837439653737306,,0.0,100.0
8. Mushroom dataset,CTABGAN,,0.0,Accuracy_Gap,0.5837439653737306,Logistic Regression,,Utility,Gap,0.06952721824538044,0.008306328796969605,classification,Generators/Experiment with utility data leak/utility results/8. Mushroom dataset/TRTR_TSTR_results_merged.xlsx,utility,0.06952721824538044,,0.0,100.0
8. Mushroom dataset,CTABGAN,,0.0,F1,0.7102051701755642,Logistic Regression,,Utility,TRTR,0.7102051701755642,0.002525563014958159,classification,Generators/Experiment with utility data leak/utility results/8. Mushroom dataset/TRTR_TSTR_results_merged.xlsx,utility,0.7102051701755642,,0.0,100.0
8. Mushroom dataset,CTABGAN,,0.0,F1,0.7157021320624016,Logistic Regression,,Utility,TSTR,0.7157021320624016,0.006593884150590422,classification,Generators/Experiment with utility data leak/utility results/8. Mushroom dataset/TRTR_TSTR_results_merged.xlsx,utility,0.7157021320624016,,0.0,100.0
8. Mushroom dataset,CTABGAN,,0.0,F1_Gap,0.7157021320624016,Logistic Regression,,Utility,Gap,-0.005496961886837459,0.006593884150590422,classification,Generators/Experiment with utility data leak/utility results/8. Mushroom dataset/TRTR_TSTR_results_merged.xlsx,utility,-0.005496961886837459,,0.0,100.0
8. Mushroom dataset,CTABGAN,,0.0,Precision,0.6622882541511838,Logistic Regression,,Utility,TRTR,0.6622882541511838,0.003196371629185143,classification,Generators/Experiment with utility data leak/utility results/8. Mushroom dataset/TRTR_TSTR_results_merged.xlsx,utility,0.6622882541511838,,0.0,100.0
8. Mushroom dataset,CTABGAN,,0.0,Precision,0.5762652765633081,Logistic Regression,,Utility,TSTR,0.5762652765633081,0.00473641943143524,classification,Generators/Experiment with utility data leak/utility results/8. Mushroom dataset/TRTR_TSTR_results_merged.xlsx,utility,0.5762652765633081,,0.0,100.0
8. Mushroom dataset,CTABGAN,,0.0,Precision_Gap,0.5762652765633081,Logistic Regression,,Utility,Gap,0.08602297758787569,0.00473641943143524,classification,Generators/Experiment with utility data leak/utility results/8. Mushroom dataset/TRTR_TSTR_results_merged.xlsx,utility,0.08602297758787569,,0.0,100.0
8. Mushroom dataset,CTABGAN,,0.0,Recall,0.7656067196640167,Logistic Regression,,Utility,TRTR,0.7656067196640167,0.002835651757146686,classification,Generators/Experiment with utility data leak/utility results/8. Mushroom dataset/TRTR_TSTR_results_merged.xlsx,utility,0.7656067196640167,,0.0,100.0
8. Mushroom dataset,CTABGAN,,0.0,Recall,0.9443227838608068,Logistic Regression,,Utility,TSTR,0.9443227838608068,0.01609508291941835,classification,Generators/Experiment with utility data leak/utility results/8. Mushroom dataset/TRTR_TSTR_results_merged.xlsx,utility,0.9443227838608068,,0.0,100.0
8. Mushroom dataset,CTABGAN,,0.0,Recall_Gap,0.9443227838608068,Logistic Regression,,Utility,Gap,-0.1787160641967901,0.01609508291941835,classification,Generators/Experiment with utility data leak/utility results/8. Mushroom dataset/TRTR_TSTR_results_merged.xlsx,utility,-0.1787160641967901,,0.0,100.0
8. Mushroom dataset,CTABGAN,,,Accuracy_Drop,,Logistic Regression,,,Gap,0.06952721824538044,,classification,Generators/Experiment with utility data leak/utility results/8. Mushroom dataset/TRTR_TSTR_results_merged.xlsx,utility,0.06952721824538044,,0.0,100.0
8. Mushroom dataset,CTABGAN,,,F1_Drop,,Logistic Regression,,,Gap,-0.005496961886837459,,classification,Generators/Experiment with utility data leak/utility results/8. Mushroom dataset/TRTR_TSTR_results_merged.xlsx,utility,-0.005496961886837459,,0.0,100.0
8. Mushroom dataset,CTABGAN,,,Precision_Drop,,Logistic Regression,,,Gap,0.08602297758787569,,classification,Generators/Experiment with utility data leak/utility results/8. Mushroom dataset/TRTR_TSTR_results_merged.xlsx,utility,0.08602297758787569,,0.0,100.0
8. Mushroom dataset,CTABGAN,,,Recall_Drop,,Logistic Regression,,,Gap,-0.1787160641967901,,classification,Generators/Experiment with utility data leak/utility results/8. Mushroom dataset/TRTR_TSTR_results_merged.xlsx,utility,-0.1787160641967901,,0.0,100.0
8. Mushroom dataset,CTABGAN,,0.0,Accuracy,0.6530214749458965,AdaBoost,,Utility,TRTR,0.6530214749458965,0.00911056123636879,classification,Generators/Experiment with utility data leak/utility results/8. Mushroom dataset/TRTR_TSTR_results_merged.xlsx,utility,0.6530214749458965,,0.0,100.0
8. Mushroom dataset,CTABGAN,,0.0,Accuracy,0.5572914932578659,AdaBoost,,Utility,TSTR,0.5572914932578659,0.0126539348298571,classification,Generators/Experiment with utility data leak/utility results/8. Mushroom dataset/TRTR_TSTR_results_merged.xlsx,utility,0.5572914932578659,,0.0,100.0
8. Mushroom dataset,CTABGAN,,0.0,Accuracy_Gap,0.5572914932578659,AdaBoost,,Utility,Gap,0.0957299816880306,0.0126539348298571,classification,Generators/Experiment with utility data leak/utility results/8. Mushroom dataset/TRTR_TSTR_results_merged.xlsx,utility,0.0957299816880306,,0.0,100.0
8. Mushroom dataset,CTABGAN,,0.0,F1,0.6586554205410092,AdaBoost,,Utility,TRTR,0.6586554205410092,0.01000642657450882,classification,Generators/Experiment with utility data leak/utility results/8. Mushroom dataset/TRTR_TSTR_results_merged.xlsx,utility,0.6586554205410092,,0.0,100.0
8. Mushroom dataset,CTABGAN,,0.0,F1,0.7019831020483078,AdaBoost,,Utility,TSTR,0.7019831020483078,0.01332057079977538,classification,Generators/Experiment with utility data leak/utility results/8. Mushroom dataset/TRTR_TSTR_results_merged.xlsx,utility,0.7019831020483078,,0.0,100.0
8. Mushroom dataset,CTABGAN,,0.0,F1_Gap,0.7019831020483078,AdaBoost,,Utility,Gap,-0.0433276815072986,0.01332057079977538,classification,Generators/Experiment with utility data leak/utility results/8. Mushroom dataset/TRTR_TSTR_results_merged.xlsx,utility,-0.0433276815072986,,0.0,100.0
8. Mushroom dataset,CTABGAN,,0.0,Precision,0.7262195138345482,AdaBoost,,Utility,TRTR,0.7262195138345482,0.02162521657245883,classification,Generators/Experiment with utility data leak/utility results/8. Mushroom dataset/TRTR_TSTR_results_merged.xlsx,utility,0.7262195138345482,,0.0,100.0
8. Mushroom dataset,CTABGAN,,0.0,Precision,0.560348623395936,AdaBoost,,Utility,TSTR,0.560348623395936,0.007696090297827085,classification,Generators/Experiment with utility data leak/utility results/8. Mushroom dataset/TRTR_TSTR_results_merged.xlsx,utility,0.560348623395936,,0.0,100.0
8. Mushroom dataset,CTABGAN,,0.0,Precision_Gap,0.560348623395936,AdaBoost,,Utility,Gap,0.16587089043861214,0.007696090297827085,classification,Generators/Experiment with utility data leak/utility results/8. Mushroom dataset/TRTR_TSTR_results_merged.xlsx,utility,0.16587089043861214,,0.0,100.0
8. Mushroom dataset,CTABGAN,,0.0,Recall,0.6036898155092245,AdaBoost,,Utility,TRTR,0.6036898155092245,0.02328275950044984,classification,Generators/Experiment with utility data leak/utility results/8. Mushroom dataset/TRTR_TSTR_results_merged.xlsx,utility,0.6036898155092245,,0.0,100.0
8. Mushroom dataset,CTABGAN,,0.0,Recall,0.9410379481025947,AdaBoost,,Utility,TSTR,0.9410379481025947,0.04531364791316147,classification,Generators/Experiment with utility data leak/utility results/8. Mushroom dataset/TRTR_TSTR_results_merged.xlsx,utility,0.9410379481025947,,0.0,100.0
8. Mushroom dataset,CTABGAN,,0.0,Recall_Gap,0.9410379481025947,AdaBoost,,Utility,Gap,-0.33734813259337015,0.04531364791316147,classification,Generators/Experiment with utility data leak/utility results/8. Mushroom dataset/TRTR_TSTR_results_merged.xlsx,utility,-0.33734813259337015,,0.0,100.0
8. Mushroom dataset,CTABGAN,,,Accuracy_Drop,,AdaBoost,,,Gap,0.0957299816880306,,classification,Generators/Experiment with utility data leak/utility results/8. Mushroom dataset/TRTR_TSTR_results_merged.xlsx,utility,0.0957299816880306,,0.0,100.0
8. Mushroom dataset,CTABGAN,,,F1_Drop,,AdaBoost,,,Gap,-0.0433276815072986,,classification,Generators/Experiment with utility data leak/utility results/8. Mushroom dataset/TRTR_TSTR_results_merged.xlsx,utility,-0.0433276815072986,,0.0,100.0
8. Mushroom dataset,CTABGAN,,,Precision_Drop,,AdaBoost,,,Gap,0.1658708904386121,,classification,Generators/Experiment with utility data leak/utility results/8. Mushroom dataset/TRTR_TSTR_results_merged.xlsx,utility,0.1658708904386121,,0.0,100.0
8. Mushroom dataset,CTABGAN,,,Recall_Drop,,AdaBoost,,,Gap,-0.3373481325933702,,classification,Generators/Experiment with utility data leak/utility results/8. Mushroom dataset/TRTR_TSTR_results_merged.xlsx,utility,-0.3373481325933702,,0.0,100.0
8. Mushroom dataset,CTABGAN,,0.0,Accuracy,0.652688530048277,SVM-RBF,,Utility,TRTR,0.652688530048277,0.003540466283100108,classification,Generators/Experiment with utility data leak/utility results/8. Mushroom dataset/TRTR_TSTR_results_merged.xlsx,utility,0.652688530048277,,0.0,100.0
8. Mushroom dataset,CTABGAN,,0.0,Accuracy,0.5837023472615284,SVM-RBF,,Utility,TSTR,0.5837023472615284,0.007862823487773094,classification,Generators/Experiment with utility data leak/utility results/8. Mushroom dataset/TRTR_TSTR_results_merged.xlsx,utility,0.5837023472615284,,0.0,100.0
8. Mushroom dataset,CTABGAN,,0.0,Accuracy_Gap,0.5837023472615284,SVM-RBF,,Utility,Gap,0.06898618278674862,0.007862823487773094,classification,Generators/Experiment with utility data leak/utility results/8. Mushroom dataset/TRTR_TSTR_results_merged.xlsx,utility,0.06898618278674862,,0.0,100.0
8. Mushroom dataset,CTABGAN,,0.0,F1,0.7111657290688942,SVM-RBF,,Utility,TRTR,0.7111657290688942,0.002515858645437491,classification,Generators/Experiment with utility data leak/utility results/8. Mushroom dataset/TRTR_TSTR_results_merged.xlsx,utility,0.7111657290688942,,0.0,100.0
8. Mushroom dataset,CTABGAN,,0.0,F1,0.7162014873579946,SVM-RBF,,Utility,TSTR,0.7162014873579946,0.00620926508693567,classification,Generators/Experiment with utility data leak/utility results/8. Mushroom dataset/TRTR_TSTR_results_merged.xlsx,utility,0.7162014873579946,,0.0,100.0
8. Mushroom dataset,CTABGAN,,0.0,F1_Gap,0.7162014873579946,SVM-RBF,,Utility,Gap,-0.005035758289100412,0.00620926508693567,classification,Generators/Experiment with utility data leak/utility results/8. Mushroom dataset/TRTR_TSTR_results_merged.xlsx,utility,-0.005035758289100412,,0.0,100.0
8. Mushroom dataset,CTABGAN,,0.0,Precision,0.660338278612806,SVM-RBF,,Utility,TRTR,0.660338278612806,0.003326244875037613,classification,Generators/Experiment with utility data leak/utility results/8. Mushroom dataset/TRTR_TSTR_results_merged.xlsx,utility,0.660338278612806,,0.0,100.0
8. Mushroom dataset,CTABGAN,,0.0,Precision,0.5760164223863615,SVM-RBF,,Utility,TSTR,0.5760164223863615,0.00449391676569353,classification,Generators/Experiment with utility data leak/utility results/8. Mushroom dataset/TRTR_TSTR_results_merged.xlsx,utility,0.5760164223863615,,0.0,100.0
8. Mushroom dataset,CTABGAN,,0.0,Precision_Gap,0.5760164223863615,SVM-RBF,,Utility,Gap,0.0843218562264445,0.00449391676569353,classification,Generators/Experiment with utility data leak/utility results/8. Mushroom dataset/TRTR_TSTR_results_merged.xlsx,utility,0.0843218562264445,,0.0,100.0
8. Mushroom dataset,CTABGAN,,0.0,Recall,0.7704814759262038,SVM-RBF,,Utility,TRTR,0.7704814759262038,0.002684656261806534,classification,Generators/Experiment with utility data leak/utility results/8. Mushroom dataset/TRTR_TSTR_results_merged.xlsx,utility,0.7704814759262038,,0.0,100.0
8. Mushroom dataset,CTABGAN,,0.0,Recall,0.9467226638668066,SVM-RBF,,Utility,TSTR,0.9467226638668066,0.01536567567700291,classification,Generators/Experiment with utility data leak/utility results/8. Mushroom dataset/TRTR_TSTR_results_merged.xlsx,utility,0.9467226638668066,,0.0,100.0
8. Mushroom dataset,CTABGAN,,0.0,Recall_Gap,0.9467226638668066,SVM-RBF,,Utility,Gap,-0.17624118794060284,0.01536567567700291,classification,Generators/Experiment with utility data leak/utility results/8. Mushroom dataset/TRTR_TSTR_results_merged.xlsx,utility,-0.17624118794060284,,0.0,100.0
8. Mushroom dataset,CTABGAN,,,Accuracy_Drop,,SVM-RBF,,,Gap,0.06898618278674862,,classification,Generators/Experiment with utility data leak/utility results/8. Mushroom dataset/TRTR_TSTR_results_merged.xlsx,utility,0.06898618278674862,,0.0,100.0
8. Mushroom dataset,CTABGAN,,,F1_Drop,,SVM-RBF,,,Gap,-0.005035758289100412,,classification,Generators/Experiment with utility data leak/utility results/8. Mushroom dataset/TRTR_TSTR_results_merged.xlsx,utility,-0.005035758289100412,,0.0,100.0
8. Mushroom dataset,CTABGAN,,,Precision_Drop,,SVM-RBF,,,Gap,0.0843218562264445,,classification,Generators/Experiment with utility data leak/utility results/8. Mushroom dataset/TRTR_TSTR_results_merged.xlsx,utility,0.0843218562264445,,0.0,100.0
8. Mushroom dataset,CTABGAN,,,Recall_Drop,,SVM-RBF,,,Gap,-0.1762411879406028,,classification,Generators/Experiment with utility data leak/utility results/8. Mushroom dataset/TRTR_TSTR_results_merged.xlsx,utility,-0.1762411879406028,,0.0,100.0
8. Mushroom dataset,CTABGAN,,0.0,Accuracy,0.6093557516231064,Naive Bayes,,Utility,TRTR,0.6093557516231064,0.002206246746399765,classification,Generators/Experiment with utility data leak/utility results/8. Mushroom dataset/TRTR_TSTR_results_merged.xlsx,utility,0.6093557516231064,,0.0,100.0
8. Mushroom dataset,CTABGAN,,0.0,Accuracy,0.5852172465456966,Naive Bayes,,Utility,TSTR,0.5852172465456966,0.008408325472368545,classification,Generators/Experiment with utility data leak/utility results/8. Mushroom dataset/TRTR_TSTR_results_merged.xlsx,utility,0.5852172465456966,,0.0,100.0
8. Mushroom dataset,CTABGAN,,0.0,Accuracy_Gap,0.5852172465456966,Naive Bayes,,Utility,Gap,0.024138505077409778,0.008408325472368545,classification,Generators/Experiment with utility data leak/utility results/8. Mushroom dataset/TRTR_TSTR_results_merged.xlsx,utility,0.024138505077409778,,0.0,100.0
8. Mushroom dataset,CTABGAN,,0.0,F1,0.5471586204572338,Naive Bayes,,Utility,TRTR,0.5471586204572338,0.003948342675541275,classification,Generators/Experiment with utility data leak/utility results/8. Mushroom dataset/TRTR_TSTR_results_merged.xlsx,utility,0.5471586204572338,,0.0,100.0
8. Mushroom dataset,CTABGAN,,0.0,F1,0.7090515601932112,Naive Bayes,,Utility,TSTR,0.7090515601932112,0.01025528782441334,classification,Generators/Experiment with utility data leak/utility results/8. Mushroom dataset/TRTR_TSTR_results_merged.xlsx,utility,0.7090515601932112,,0.0,100.0
8. Mushroom dataset,CTABGAN,,0.0,F1_Gap,0.7090515601932112,Naive Bayes,,Utility,Gap,-0.1618929397359774,0.01025528782441334,classification,Generators/Experiment with utility data leak/utility results/8. Mushroom dataset/TRTR_TSTR_results_merged.xlsx,utility,-0.1618929397359774,,0.0,100.0
8. Mushroom dataset,CTABGAN,,0.0,Precision,0.7669376693867336,Naive Bayes,,Utility,TRTR,0.7669376693867336,0.002744162729666706,classification,Generators/Experiment with utility data leak/utility results/8. Mushroom dataset/TRTR_TSTR_results_merged.xlsx,utility,0.7669376693867336,,0.0,100.0
8. Mushroom dataset,CTABGAN,,0.0,Precision,0.580654557969962,Naive Bayes,,Utility,TSTR,0.580654557969962,0.007344265114102169,classification,Generators/Experiment with utility data leak/utility results/8. Mushroom dataset/TRTR_TSTR_results_merged.xlsx,utility,0.580654557969962,,0.0,100.0
8. Mushroom dataset,CTABGAN,,0.0,Precision_Gap,0.580654557969962,Naive Bayes,,Utility,Gap,0.18628311141677156,0.007344265114102169,classification,Generators/Experiment with utility data leak/utility results/8. Mushroom dataset/TRTR_TSTR_results_merged.xlsx,utility,0.18628311141677156,,0.0,100.0
8. Mushroom dataset,CTABGAN,,0.0,Recall,0.4253037348132593,Naive Bayes,,Utility,TRTR,0.4253037348132593,0.004574279456311722,classification,Generators/Experiment with utility data leak/utility results/8. Mushroom dataset/TRTR_TSTR_results_merged.xlsx,utility,0.4253037348132593,,0.0,100.0
8. Mushroom dataset,CTABGAN,,0.0,Recall,0.9119544022798859,Naive Bayes,,Utility,TSTR,0.9119544022798859,0.03976776142255755,classification,Generators/Experiment with utility data leak/utility results/8. Mushroom dataset/TRTR_TSTR_results_merged.xlsx,utility,0.9119544022798859,,0.0,100.0
8. Mushroom dataset,CTABGAN,,0.0,Recall_Gap,0.9119544022798859,Naive Bayes,,Utility,Gap,-0.4866506674666266,0.03976776142255755,classification,Generators/Experiment with utility data leak/utility results/8. Mushroom dataset/TRTR_TSTR_results_merged.xlsx,utility,-0.4866506674666266,,0.0,100.0
8. Mushroom dataset,CTABGAN,,,Accuracy_Drop,,Naive Bayes,,,Gap,0.02413850507740978,,classification,Generators/Experiment with utility data leak/utility results/8. Mushroom dataset/TRTR_TSTR_results_merged.xlsx,utility,0.02413850507740978,,0.0,100.0
8. Mushroom dataset,CTABGAN,,,F1_Drop,,Naive Bayes,,,Gap,-0.1618929397359774,,classification,Generators/Experiment with utility data leak/utility results/8. Mushroom dataset/TRTR_TSTR_results_merged.xlsx,utility,-0.1618929397359774,,0.0,100.0
8. Mushroom dataset,CTABGAN,,,Precision_Drop,,Naive Bayes,,,Gap,0.1862831114167716,,classification,Generators/Experiment with utility data leak/utility results/8. Mushroom dataset/TRTR_TSTR_results_merged.xlsx,utility,0.1862831114167716,,0.0,100.0
8. Mushroom dataset,CTABGAN,,,Recall_Drop,,Naive Bayes,,,Gap,-0.4866506674666266,,classification,Generators/Experiment with utility data leak/utility results/8. Mushroom dataset/TRTR_TSTR_results_merged.xlsx,utility,-0.4866506674666266,,0.0,100.0
8. Mushroom dataset,TabDDPM,,0.0,Accuracy,0.999983352755119,Extra Trees,,Utility,TRTR,0.999983352755119,3.329448976194804e-05,classification,Generators/Experiment with utility data leak/utility results/8. Mushroom dataset/TRTR_TSTR_results_merged.xlsx,utility,0.999983352755119,,0.0,100.0
8. Mushroom dataset,TabDDPM,,0.0,Accuracy,0.4556517396370901,Extra Trees,,Utility,TSTR,0.4556517396370901,0.01505916985844268,classification,Generators/Experiment with utility data leak/utility results/8. Mushroom dataset/TRTR_TSTR_results_merged.xlsx,utility,0.4556517396370901,,0.0,100.0
8. Mushroom dataset,TabDDPM,,0.0,Accuracy_Gap,0.4556517396370901,Extra Trees,,Utility,Gap,0.5443316131180289,0.01505916985844268,classification,Generators/Experiment with utility data leak/utility results/8. Mushroom dataset/TRTR_TSTR_results_merged.xlsx,utility,0.5443316131180289,,0.0,100.0
8. Mushroom dataset,TabDDPM,,0.0,F1,0.9999849996249907,Extra Trees,,Utility,TRTR,0.9999849996249907,3.000075001873271e-05,classification,Generators/Experiment with utility data leak/utility results/8. Mushroom dataset/TRTR_TSTR_results_merged.xlsx,utility,0.9999849996249907,,0.0,100.0
8. Mushroom dataset,TabDDPM,,0.0,F1,0.5251324138567903,Extra Trees,,Utility,TSTR,0.5251324138567903,0.02965203013303199,classification,Generators/Experiment with utility data leak/utility results/8. Mushroom dataset/TRTR_TSTR_results_merged.xlsx,utility,0.5251324138567903,,0.0,100.0
8. Mushroom dataset,TabDDPM,,0.0,F1_Gap,0.5251324138567903,Extra Trees,,Utility,Gap,0.47485258576820033,0.02965203013303199,classification,Generators/Experiment with utility data leak/utility results/8. Mushroom dataset/TRTR_TSTR_results_merged.xlsx,utility,0.47485258576820033,,0.0,100.0
8. Mushroom dataset,TabDDPM,,0.0,Precision,1.0,Extra Trees,,Utility,TRTR,1.0,0.0,classification,Generators/Experiment with utility data leak/utility results/8. Mushroom dataset/TRTR_TSTR_results_merged.xlsx,utility,1.0,,0.0,100.0
8. Mushroom dataset,TabDDPM,,0.0,Precision,0.508293849138358,Extra Trees,,Utility,TSTR,0.508293849138358,0.01220628429477217,classification,Generators/Experiment with utility data leak/utility results/8. Mushroom dataset/TRTR_TSTR_results_merged.xlsx,utility,0.508293849138358,,0.0,100.0
8. Mushroom dataset,TabDDPM,,0.0,Precision_Gap,0.508293849138358,Extra Trees,,Utility,Gap,0.49170615086164204,0.01220628429477217,classification,Generators/Experiment with utility data leak/utility results/8. Mushroom dataset/TRTR_TSTR_results_merged.xlsx,utility,0.49170615086164204,,0.0,100.0
8. Mushroom dataset,TabDDPM,,0.0,Recall,0.9999700014999249,Extra Trees,,Utility,TRTR,0.9999700014999249,5.999700014998055e-05,classification,Generators/Experiment with utility data leak/utility results/8. Mushroom dataset/TRTR_TSTR_results_merged.xlsx,utility,0.9999700014999249,,0.0,100.0
8. Mushroom dataset,TabDDPM,,0.0,Recall,0.5448927553622319,Extra Trees,,Utility,TSTR,0.5448927553622319,0.05282670278344706,classification,Generators/Experiment with utility data leak/utility results/8. Mushroom dataset/TRTR_TSTR_results_merged.xlsx,utility,0.5448927553622319,,0.0,100.0
8. Mushroom dataset,TabDDPM,,0.0,Recall_Gap,0.5448927553622319,Extra Trees,,Utility,Gap,0.45507724613769296,0.05282670278344706,classification,Generators/Experiment with utility data leak/utility results/8. Mushroom dataset/TRTR_TSTR_results_merged.xlsx,utility,0.45507724613769296,,0.0,100.0
8. Mushroom dataset,TabDDPM,,,Accuracy_Drop,,Extra Trees,,,Gap,0.5443316131180289,,classification,Generators/Experiment with utility data leak/utility results/8. Mushroom dataset/TRTR_TSTR_results_merged.xlsx,utility,0.5443316131180289,,0.0,100.0
8. Mushroom dataset,TabDDPM,,,F1_Drop,,Extra Trees,,,Gap,0.4748525857682003,,classification,Generators/Experiment with utility data leak/utility results/8. Mushroom dataset/TRTR_TSTR_results_merged.xlsx,utility,0.4748525857682003,,0.0,100.0
8. Mushroom dataset,TabDDPM,,,Precision_Drop,,Extra Trees,,,Gap,0.491706150861642,,classification,Generators/Experiment with utility data leak/utility results/8. Mushroom dataset/TRTR_TSTR_results_merged.xlsx,utility,0.491706150861642,,0.0,100.0
8. Mushroom dataset,TabDDPM,,,Recall_Drop,,Extra Trees,,,Gap,0.455077246137693,,classification,Generators/Experiment with utility data leak/utility results/8. Mushroom dataset/TRTR_TSTR_results_merged.xlsx,utility,0.455077246137693,,0.0,100.0
8. Mushroom dataset,TabDDPM,,0.0,Accuracy,0.9998917929082738,Random Forest,,Utility,TRTR,0.9998917929082738,3.814362988976479e-05,classification,Generators/Experiment with utility data leak/utility results/8. Mushroom dataset/TRTR_TSTR_results_merged.xlsx,utility,0.9998917929082738,,0.0,100.0
8. Mushroom dataset,TabDDPM,,0.0,Accuracy,0.4495172298984518,Random Forest,,Utility,TSTR,0.4495172298984518,0.02139291607747043,classification,Generators/Experiment with utility data leak/utility results/8. Mushroom dataset/TRTR_TSTR_results_merged.xlsx,utility,0.4495172298984518,,0.0,100.0
8. Mushroom dataset,TabDDPM,,0.0,Accuracy_Gap,0.4495172298984518,Random Forest,,Utility,Gap,0.550374563009822,0.02139291607747043,classification,Generators/Experiment with utility data leak/utility results/8. Mushroom dataset/TRTR_TSTR_results_merged.xlsx,utility,0.550374563009822,,0.0,100.0
8. Mushroom dataset,TabDDPM,,0.0,F1,0.9999025054365672,Random Forest,,Utility,TRTR,0.9999025054365672,3.436305920243479e-05,classification,Generators/Experiment with utility data leak/utility results/8. Mushroom dataset/TRTR_TSTR_results_merged.xlsx,utility,0.9999025054365672,,0.0,100.0
8. Mushroom dataset,TabDDPM,,0.0,F1,0.5120664063038667,Random Forest,,Utility,TSTR,0.5120664063038667,0.03596609091386745,classification,Generators/Experiment with utility data leak/utility results/8. Mushroom dataset/TRTR_TSTR_results_merged.xlsx,utility,0.5120664063038667,,0.0,100.0
8. Mushroom dataset,TabDDPM,,0.0,F1_Gap,0.5120664063038667,Random Forest,,Utility,Gap,0.48783609913270054,0.03596609091386745,classification,Generators/Experiment with utility data leak/utility results/8. Mushroom dataset/TRTR_TSTR_results_merged.xlsx,utility,0.48783609913270054,,0.0,100.0
8. Mushroom dataset,TabDDPM,,0.0,Precision,0.9999100179950515,Random Forest,,Utility,TRTR,0.9999100179950515,9.947206977344203e-05,classification,Generators/Experiment with utility data leak/utility results/8. Mushroom dataset/TRTR_TSTR_results_merged.xlsx,utility,0.9999100179950515,,0.0,100.0
8. Mushroom dataset,TabDDPM,,0.0,Precision,0.5027788184560051,Random Forest,,Utility,TSTR,0.5027788184560051,0.01709804903862116,classification,Generators/Experiment with utility data leak/utility results/8. Mushroom dataset/TRTR_TSTR_results_merged.xlsx,utility,0.5027788184560051,,0.0,100.0
8. Mushroom dataset,TabDDPM,,0.0,Precision_Gap,0.5027788184560051,Random Forest,,Utility,Gap,0.4971311995390464,0.01709804903862116,classification,Generators/Experiment with utility data leak/utility results/8. Mushroom dataset/TRTR_TSTR_results_merged.xlsx,utility,0.4971311995390464,,0.0,100.0
8. Mushroom dataset,TabDDPM,,0.0,Recall,0.9998950052497374,Random Forest,,Utility,TRTR,0.9998950052497374,6.873519866439068e-05,classification,Generators/Experiment with utility data leak/utility results/8. Mushroom dataset/TRTR_TSTR_results_merged.xlsx,utility,0.9998950052497374,,0.0,100.0
8. Mushroom dataset,TabDDPM,,0.0,Recall,0.523638818059097,Random Forest,,Utility,TSTR,0.523638818059097,0.06097158979582164,classification,Generators/Experiment with utility data leak/utility results/8. Mushroom dataset/TRTR_TSTR_results_merged.xlsx,utility,0.523638818059097,,0.0,100.0
8. Mushroom dataset,TabDDPM,,0.0,Recall_Gap,0.523638818059097,Random Forest,,Utility,Gap,0.47625618719064045,0.06097158979582164,classification,Generators/Experiment with utility data leak/utility results/8. Mushroom dataset/TRTR_TSTR_results_merged.xlsx,utility,0.47625618719064045,,0.0,100.0
8. Mushroom dataset,TabDDPM,,,Accuracy_Drop,,Random Forest,,,Gap,0.550374563009822,,classification,Generators/Experiment with utility data leak/utility results/8. Mushroom dataset/TRTR_TSTR_results_merged.xlsx,utility,0.550374563009822,,0.0,100.0
8. Mushroom dataset,TabDDPM,,,F1_Drop,,Random Forest,,,Gap,0.4878360991327005,,classification,Generators/Experiment with utility data leak/utility results/8. Mushroom dataset/TRTR_TSTR_results_merged.xlsx,utility,0.4878360991327005,,0.0,100.0
8. Mushroom dataset,TabDDPM,,,Precision_Drop,,Random Forest,,,Gap,0.4971311995390464,,classification,Generators/Experiment with utility data leak/utility results/8. Mushroom dataset/TRTR_TSTR_results_merged.xlsx,utility,0.4971311995390464,,0.0,100.0
8. Mushroom dataset,TabDDPM,,,Recall_Drop,,Random Forest,,,Gap,0.4762561871906404,,classification,Generators/Experiment with utility data leak/utility results/8. Mushroom dataset/TRTR_TSTR_results_merged.xlsx,utility,0.4762561871906404,,0.0,100.0
8. Mushroom dataset,TabDDPM,,0.0,Accuracy,0.9998002330614282,MLP,,Utility,TRTR,0.9998002330614282,0.0001498252039287662,classification,Generators/Experiment with utility data leak/utility results/8. Mushroom dataset/TRTR_TSTR_results_merged.xlsx,utility,0.9998002330614282,,0.0,100.0
8. Mushroom dataset,TabDDPM,,0.0,Accuracy,0.4774346595638422,MLP,,Utility,TSTR,0.4774346595638422,0.01317277090397607,classification,Generators/Experiment with utility data leak/utility results/8. Mushroom dataset/TRTR_TSTR_results_merged.xlsx,utility,0.4774346595638422,,0.0,100.0
8. Mushroom dataset,TabDDPM,,0.0,Accuracy_Gap,0.4774346595638422,MLP,,Utility,Gap,0.522365573497586,0.01317277090397607,classification,Generators/Experiment with utility data leak/utility results/8. Mushroom dataset/TRTR_TSTR_results_merged.xlsx,utility,0.522365573497586,,0.0,100.0
8. Mushroom dataset,TabDDPM,,0.0,F1,0.9998200033725814,MLP,,Utility,TRTR,0.9998200033725814,0.0001350057549300141,classification,Generators/Experiment with utility data leak/utility results/8. Mushroom dataset/TRTR_TSTR_results_merged.xlsx,utility,0.9998200033725814,,0.0,100.0
8. Mushroom dataset,TabDDPM,,0.0,F1,0.532965592982555,MLP,,Utility,TSTR,0.532965592982555,0.02309132836844926,classification,Generators/Experiment with utility data leak/utility results/8. Mushroom dataset/TRTR_TSTR_results_merged.xlsx,utility,0.532965592982555,,0.0,100.0
8. Mushroom dataset,TabDDPM,,0.0,F1_Gap,0.532965592982555,MLP,,Utility,Gap,0.4668544103900264,0.02309132836844926,classification,Generators/Experiment with utility data leak/utility results/8. Mushroom dataset/TRTR_TSTR_results_merged.xlsx,utility,0.4668544103900264,,0.0,100.0
8. Mushroom dataset,TabDDPM,,0.0,Precision,0.999835012740364,MLP,,Utility,TRTR,0.999835012740364,0.0001414792911934868,classification,Generators/Experiment with utility data leak/utility results/8. Mushroom dataset/TRTR_TSTR_results_merged.xlsx,utility,0.999835012740364,,0.0,100.0
8. Mushroom dataset,TabDDPM,,0.0,Precision,0.5283299879552034,MLP,,Utility,TSTR,0.5283299879552034,0.01015192567167587,classification,Generators/Experiment with utility data leak/utility results/8. Mushroom dataset/TRTR_TSTR_results_merged.xlsx,utility,0.5283299879552034,,0.0,100.0
8. Mushroom dataset,TabDDPM,,0.0,Precision_Gap,0.5283299879552034,MLP,,Utility,Gap,0.47150502478516065,0.01015192567167587,classification,Generators/Experiment with utility data leak/utility results/8. Mushroom dataset/TRTR_TSTR_results_merged.xlsx,utility,0.47150502478516065,,0.0,100.0
8. Mushroom dataset,TabDDPM,,0.0,Recall,0.9998050097495124,MLP,,Utility,TRTR,0.9998050097495124,0.0001781062259942747,classification,Generators/Experiment with utility data leak/utility results/8. Mushroom dataset/TRTR_TSTR_results_merged.xlsx,utility,0.9998050097495124,,0.0,100.0
8. Mushroom dataset,TabDDPM,,0.0,Recall,0.5387730613469327,MLP,,Utility,TSTR,0.5387730613469327,0.04045400898828645,classification,Generators/Experiment with utility data leak/utility results/8. Mushroom dataset/TRTR_TSTR_results_merged.xlsx,utility,0.5387730613469327,,0.0,100.0
8. Mushroom dataset,TabDDPM,,0.0,Recall_Gap,0.5387730613469327,MLP,,Utility,Gap,0.46103194840257966,0.04045400898828645,classification,Generators/Experiment with utility data leak/utility results/8. Mushroom dataset/TRTR_TSTR_results_merged.xlsx,utility,0.46103194840257966,,0.0,100.0
8. Mushroom dataset,TabDDPM,,,Accuracy_Drop,,MLP,,,Gap,0.522365573497586,,classification,Generators/Experiment with utility data leak/utility results/8. Mushroom dataset/TRTR_TSTR_results_merged.xlsx,utility,0.522365573497586,,0.0,100.0
8. Mushroom dataset,TabDDPM,,,F1_Drop,,MLP,,,Gap,0.4668544103900264,,classification,Generators/Experiment with utility data leak/utility results/8. Mushroom dataset/TRTR_TSTR_results_merged.xlsx,utility,0.4668544103900264,,0.0,100.0
8. Mushroom dataset,TabDDPM,,,Precision_Drop,,MLP,,,Gap,0.4715050247851607,,classification,Generators/Experiment with utility data leak/utility results/8. Mushroom dataset/TRTR_TSTR_results_merged.xlsx,utility,0.4715050247851607,,0.0,100.0
8. Mushroom dataset,TabDDPM,,,Recall_Drop,,MLP,,,Gap,0.4610319484025797,,classification,Generators/Experiment with utility data leak/utility results/8. Mushroom dataset/TRTR_TSTR_results_merged.xlsx,utility,0.4610319484025797,,0.0,100.0
8. Mushroom dataset,TabDDPM,,0.0,Accuracy,0.9993757283169635,KNN,,Utility,TRTR,0.9993757283169635,0.0001870501502766885,classification,Generators/Experiment with utility data leak/utility results/8. Mushroom dataset/TRTR_TSTR_results_merged.xlsx,utility,0.9993757283169635,,0.0,100.0
8. Mushroom dataset,TabDDPM,,0.0,Accuracy,0.4854752788413517,KNN,,Utility,TSTR,0.4854752788413517,0.01105508989160575,classification,Generators/Experiment with utility data leak/utility results/8. Mushroom dataset/TRTR_TSTR_results_merged.xlsx,utility,0.4854752788413517,,0.0,100.0
8. Mushroom dataset,TabDDPM,,0.0,Accuracy_Gap,0.4854752788413517,KNN,,Utility,Gap,0.5139004494756119,0.01105508989160575,classification,Generators/Experiment with utility data leak/utility results/8. Mushroom dataset/TRTR_TSTR_results_merged.xlsx,utility,0.5139004494756119,,0.0,100.0
8. Mushroom dataset,TabDDPM,,0.0,F1,0.999437537679781,KNN,,Utility,TRTR,0.999437537679781,0.0001685162263673175,classification,Generators/Experiment with utility data leak/utility results/8. Mushroom dataset/TRTR_TSTR_results_merged.xlsx,utility,0.999437537679781,,0.0,100.0
8. Mushroom dataset,TabDDPM,,0.0,F1,0.5406892133463262,KNN,,Utility,TSTR,0.5406892133463262,0.01837093492391009,classification,Generators/Experiment with utility data leak/utility results/8. Mushroom dataset/TRTR_TSTR_results_merged.xlsx,utility,0.5406892133463262,,0.0,100.0
8. Mushroom dataset,TabDDPM,,0.0,F1_Gap,0.5406892133463262,KNN,,Utility,Gap,0.4587483243334548,0.01837093492391009,classification,Generators/Experiment with utility data leak/utility results/8. Mushroom dataset/TRTR_TSTR_results_merged.xlsx,utility,0.4587483243334548,,0.0,100.0
8. Mushroom dataset,TabDDPM,,0.0,Precision,0.9994300667201221,KNN,,Utility,TRTR,0.9994300667201221,0.0002203628791389911,classification,Generators/Experiment with utility data leak/utility results/8. Mushroom dataset/TRTR_TSTR_results_merged.xlsx,utility,0.9994300667201221,,0.0,100.0
8. Mushroom dataset,TabDDPM,,0.0,Precision,0.5355723318112794,KNN,,Utility,TSTR,0.5355723318112794,0.009172088815241492,classification,Generators/Experiment with utility data leak/utility results/8. Mushroom dataset/TRTR_TSTR_results_merged.xlsx,utility,0.5355723318112794,,0.0,100.0
8. Mushroom dataset,TabDDPM,,0.0,Precision_Gap,0.5355723318112794,KNN,,Utility,Gap,0.46385773490884274,0.009172088815241492,classification,Generators/Experiment with utility data leak/utility results/8. Mushroom dataset/TRTR_TSTR_results_merged.xlsx,utility,0.46385773490884274,,0.0,100.0
8. Mushroom dataset,TabDDPM,,0.0,Recall,0.9994450277486123,KNN,,Utility,TRTR,0.9994450277486123,0.0001649917504124697,classification,Generators/Experiment with utility data leak/utility results/8. Mushroom dataset/TRTR_TSTR_results_merged.xlsx,utility,0.9994450277486123,,0.0,100.0
8. Mushroom dataset,TabDDPM,,0.0,Recall,0.5466776661166942,KNN,,Utility,TSTR,0.5466776661166942,0.03266208874412134,classification,Generators/Experiment with utility data leak/utility results/8. Mushroom dataset/TRTR_TSTR_results_merged.xlsx,utility,0.5466776661166942,,0.0,100.0
8. Mushroom dataset,TabDDPM,,0.0,Recall_Gap,0.5466776661166942,KNN,,Utility,Gap,0.4527673616319181,0.03266208874412134,classification,Generators/Experiment with utility data leak/utility results/8. Mushroom dataset/TRTR_TSTR_results_merged.xlsx,utility,0.4527673616319181,,0.0,100.0
8. Mushroom dataset,TabDDPM,,,Accuracy_Drop,,KNN,,,Gap,0.5139004494756119,,classification,Generators/Experiment with utility data leak/utility results/8. Mushroom dataset/TRTR_TSTR_results_merged.xlsx,utility,0.5139004494756119,,0.0,100.0
8. Mushroom dataset,TabDDPM,,,F1_Drop,,KNN,,,Gap,0.4587483243334548,,classification,Generators/Experiment with utility data leak/utility results/8. Mushroom dataset/TRTR_TSTR_results_merged.xlsx,utility,0.4587483243334548,,0.0,100.0
8. Mushroom dataset,TabDDPM,,,Precision_Drop,,KNN,,,Gap,0.4638577349088427,,classification,Generators/Experiment with utility data leak/utility results/8. Mushroom dataset/TRTR_TSTR_results_merged.xlsx,utility,0.4638577349088427,,0.0,100.0
8. Mushroom dataset,TabDDPM,,,Recall_Drop,,KNN,,,Gap,0.4527673616319181,,classification,Generators/Experiment with utility data leak/utility results/8. Mushroom dataset/TRTR_TSTR_results_merged.xlsx,utility,0.4527673616319181,,0.0,100.0
8. Mushroom dataset,TabDDPM,,0.0,Accuracy,0.9430830697519561,Decision Tree,,Utility,TRTR,0.9430830697519561,0.003054622010995107,classification,Generators/Experiment with utility data leak/utility results/8. Mushroom dataset/TRTR_TSTR_results_merged.xlsx,utility,0.9430830697519561,,0.0,100.0
8. Mushroom dataset,TabDDPM,,0.0,Accuracy,0.4905859830198102,Decision Tree,,Utility,TSTR,0.4905859830198102,0.03061241057693206,classification,Generators/Experiment with utility data leak/utility results/8. Mushroom dataset/TRTR_TSTR_results_merged.xlsx,utility,0.4905859830198102,,0.0,100.0
8. Mushroom dataset,TabDDPM,,0.0,Accuracy_Gap,0.4905859830198102,Decision Tree,,Utility,Gap,0.4524970867321459,0.03061241057693206,classification,Generators/Experiment with utility data leak/utility results/8. Mushroom dataset/TRTR_TSTR_results_merged.xlsx,utility,0.4524970867321459,,0.0,100.0
8. Mushroom dataset,TabDDPM,,0.0,F1,0.9486269064274188,Decision Tree,,Utility,TRTR,0.9486269064274188,0.002733229331666377,classification,Generators/Experiment with utility data leak/utility results/8. Mushroom dataset/TRTR_TSTR_results_merged.xlsx,utility,0.9486269064274188,,0.0,100.0
8. Mushroom dataset,TabDDPM,,0.0,F1,0.537626157168307,Decision Tree,,Utility,TSTR,0.537626157168307,0.04062901712061393,classification,Generators/Experiment with utility data leak/utility results/8. Mushroom dataset/TRTR_TSTR_results_merged.xlsx,utility,0.537626157168307,,0.0,100.0
8. Mushroom dataset,TabDDPM,,0.0,F1_Gap,0.537626157168307,Decision Tree,,Utility,Gap,0.4110007492591118,0.04062901712061393,classification,Generators/Experiment with utility data leak/utility results/8. Mushroom dataset/TRTR_TSTR_results_merged.xlsx,utility,0.4110007492591118,,0.0,100.0
8. Mushroom dataset,TabDDPM,,0.0,Precision,0.9503557108620792,Decision Tree,,Utility,TRTR,0.9503557108620792,0.004797011192999022,classification,Generators/Experiment with utility data leak/utility results/8. Mushroom dataset/TRTR_TSTR_results_merged.xlsx,utility,0.9503557108620792,,0.0,100.0
8. Mushroom dataset,TabDDPM,,0.0,Precision,0.5409967231367535,Decision Tree,,Utility,TSTR,0.5409967231367535,0.02728335831242973,classification,Generators/Experiment with utility data leak/utility results/8. Mushroom dataset/TRTR_TSTR_results_merged.xlsx,utility,0.5409967231367535,,0.0,100.0
8. Mushroom dataset,TabDDPM,,0.0,Precision_Gap,0.5409967231367535,Decision Tree,,Utility,Gap,0.40935898772532564,0.02728335831242973,classification,Generators/Experiment with utility data leak/utility results/8. Mushroom dataset/TRTR_TSTR_results_merged.xlsx,utility,0.40935898772532564,,0.0,100.0
8. Mushroom dataset,TabDDPM,,0.0,Recall,0.9469326533673316,Decision Tree,,Utility,TRTR,0.9469326533673316,0.004340358980694475,classification,Generators/Experiment with utility data leak/utility results/8. Mushroom dataset/TRTR_TSTR_results_merged.xlsx,utility,0.9469326533673316,,0.0,100.0
8. Mushroom dataset,TabDDPM,,0.0,Recall,0.5367181640917955,Decision Tree,,Utility,TSTR,0.5367181640917955,0.05949013622880233,classification,Generators/Experiment with utility data leak/utility results/8. Mushroom dataset/TRTR_TSTR_results_merged.xlsx,utility,0.5367181640917955,,0.0,100.0
8. Mushroom dataset,TabDDPM,,0.0,Recall_Gap,0.5367181640917955,Decision Tree,,Utility,Gap,0.41021448927553605,0.05949013622880233,classification,Generators/Experiment with utility data leak/utility results/8. Mushroom dataset/TRTR_TSTR_results_merged.xlsx,utility,0.41021448927553605,,0.0,100.0
8. Mushroom dataset,TabDDPM,,,Accuracy_Drop,,Decision Tree,,,Gap,0.4524970867321459,,classification,Generators/Experiment with utility data leak/utility results/8. Mushroom dataset/TRTR_TSTR_results_merged.xlsx,utility,0.4524970867321459,,0.0,100.0
8. Mushroom dataset,TabDDPM,,,F1_Drop,,Decision Tree,,,Gap,0.4110007492591118,,classification,Generators/Experiment with utility data leak/utility results/8. Mushroom dataset/TRTR_TSTR_results_merged.xlsx,utility,0.4110007492591118,,0.0,100.0
8. Mushroom dataset,TabDDPM,,,Precision_Drop,,Decision Tree,,,Gap,0.4093589877253256,,classification,Generators/Experiment with utility data leak/utility results/8. Mushroom dataset/TRTR_TSTR_results_merged.xlsx,utility,0.4093589877253256,,0.0,100.0
8. Mushroom dataset,TabDDPM,,,Recall_Drop,,Decision Tree,,,Gap,0.4102144892755361,,classification,Generators/Experiment with utility data leak/utility results/8. Mushroom dataset/TRTR_TSTR_results_merged.xlsx,utility,0.4102144892755361,,0.0,100.0
8. Mushroom dataset,TabDDPM,,0.0,Accuracy,0.8177376394206759,Gradient Boosting,,Utility,TRTR,0.8177376394206759,0.009463270545125387,classification,Generators/Experiment with utility data leak/utility results/8. Mushroom dataset/TRTR_TSTR_results_merged.xlsx,utility,0.8177376394206759,,0.0,100.0
8. Mushroom dataset,TabDDPM,,0.0,Accuracy,0.4827201598135508,Gradient Boosting,,Utility,TSTR,0.4827201598135508,0.018763379920189,classification,Generators/Experiment with utility data leak/utility results/8. Mushroom dataset/TRTR_TSTR_results_merged.xlsx,utility,0.4827201598135508,,0.0,100.0
8. Mushroom dataset,TabDDPM,,0.0,Accuracy_Gap,0.4827201598135508,Gradient Boosting,,Utility,Gap,0.3350174796071251,0.018763379920189,classification,Generators/Experiment with utility data leak/utility results/8. Mushroom dataset/TRTR_TSTR_results_merged.xlsx,utility,0.3350174796071251,,0.0,100.0
8. Mushroom dataset,TabDDPM,,0.0,F1,0.8351441635674031,Gradient Boosting,,Utility,TRTR,0.8351441635674031,0.009911515687219402,classification,Generators/Experiment with utility data leak/utility results/8. Mushroom dataset/TRTR_TSTR_results_merged.xlsx,utility,0.8351441635674031,,0.0,100.0
8. Mushroom dataset,TabDDPM,,0.0,F1,0.5697167428891527,Gradient Boosting,,Utility,TSTR,0.5697167428891527,0.03232527873997269,classification,Generators/Experiment with utility data leak/utility results/8. Mushroom dataset/TRTR_TSTR_results_merged.xlsx,utility,0.5697167428891527,,0.0,100.0
8. Mushroom dataset,TabDDPM,,0.0,F1_Gap,0.5697167428891527,Gradient Boosting,,Utility,Gap,0.2654274206782503,0.03232527873997269,classification,Generators/Experiment with utility data leak/utility results/8. Mushroom dataset/TRTR_TSTR_results_merged.xlsx,utility,0.2654274206782503,,0.0,100.0
8. Mushroom dataset,TabDDPM,,0.0,Precision,0.8380774142407716,Gradient Boosting,,Utility,TRTR,0.8380774142407716,0.007023800154772467,classification,Generators/Experiment with utility data leak/utility results/8. Mushroom dataset/TRTR_TSTR_results_merged.xlsx,utility,0.8380774142407716,,0.0,100.0
8. Mushroom dataset,TabDDPM,,0.0,Precision,0.5283304352657389,Gradient Boosting,,Utility,TSTR,0.5283304352657389,0.01280385704440608,classification,Generators/Experiment with utility data leak/utility results/8. Mushroom dataset/TRTR_TSTR_results_merged.xlsx,utility,0.5283304352657389,,0.0,100.0
8. Mushroom dataset,TabDDPM,,0.0,Precision_Gap,0.5283304352657389,Gradient Boosting,,Utility,Gap,0.3097469789750328,0.01280385704440608,classification,Generators/Experiment with utility data leak/utility results/8. Mushroom dataset/TRTR_TSTR_results_merged.xlsx,utility,0.3097469789750328,,0.0,100.0
8. Mushroom dataset,TabDDPM,,0.0,Recall,0.8324883755812209,Gradient Boosting,,Utility,TRTR,0.8324883755812209,0.01907263019534354,classification,Generators/Experiment with utility data leak/utility results/8. Mushroom dataset/TRTR_TSTR_results_merged.xlsx,utility,0.8324883755812209,,0.0,100.0
8. Mushroom dataset,TabDDPM,,0.0,Recall,0.6208339583020848,Gradient Boosting,,Utility,TSTR,0.6208339583020848,0.06568566855493009,classification,Generators/Experiment with utility data leak/utility results/8. Mushroom dataset/TRTR_TSTR_results_merged.xlsx,utility,0.6208339583020848,,0.0,100.0
8. Mushroom dataset,TabDDPM,,0.0,Recall_Gap,0.6208339583020848,Gradient Boosting,,Utility,Gap,0.21165441727913614,0.06568566855493009,classification,Generators/Experiment with utility data leak/utility results/8. Mushroom dataset/TRTR_TSTR_results_merged.xlsx,utility,0.21165441727913614,,0.0,100.0
8. Mushroom dataset,TabDDPM,,,Accuracy_Drop,,Gradient Boosting,,,Gap,0.3350174796071251,,classification,Generators/Experiment with utility data leak/utility results/8. Mushroom dataset/TRTR_TSTR_results_merged.xlsx,utility,0.3350174796071251,,0.0,100.0
8. Mushroom dataset,TabDDPM,,,F1_Drop,,Gradient Boosting,,,Gap,0.2654274206782503,,classification,Generators/Experiment with utility data leak/utility results/8. Mushroom dataset/TRTR_TSTR_results_merged.xlsx,utility,0.2654274206782503,,0.0,100.0
8. Mushroom dataset,TabDDPM,,,Precision_Drop,,Gradient Boosting,,,Gap,0.3097469789750328,,classification,Generators/Experiment with utility data leak/utility results/8. Mushroom dataset/TRTR_TSTR_results_merged.xlsx,utility,0.3097469789750328,,0.0,100.0
8. Mushroom dataset,TabDDPM,,,Recall_Drop,,Gradient Boosting,,,Gap,0.2116544172791361,,classification,Generators/Experiment with utility data leak/utility results/8. Mushroom dataset/TRTR_TSTR_results_merged.xlsx,utility,0.2116544172791361,,0.0,100.0
8. Mushroom dataset,TabDDPM,,0.0,Accuracy,0.6532711836191111,Logistic Regression,,Utility,TRTR,0.6532711836191111,0.003432765231763527,classification,Generators/Experiment with utility data leak/utility results/8. Mushroom dataset/TRTR_TSTR_results_merged.xlsx,utility,0.6532711836191111,,0.0,100.0
8. Mushroom dataset,TabDDPM,,0.0,Accuracy,0.5085983019810223,Logistic Regression,,Utility,TSTR,0.5085983019810223,0.01367199263763621,classification,Generators/Experiment with utility data leak/utility results/8. Mushroom dataset/TRTR_TSTR_results_merged.xlsx,utility,0.5085983019810223,,0.0,100.0
8. Mushroom dataset,TabDDPM,,0.0,Accuracy_Gap,0.5085983019810223,Logistic Regression,,Utility,Gap,0.14467288163808878,0.01367199263763621,classification,Generators/Experiment with utility data leak/utility results/8. Mushroom dataset/TRTR_TSTR_results_merged.xlsx,utility,0.14467288163808878,,0.0,100.0
8. Mushroom dataset,TabDDPM,,0.0,F1,0.7102051701755642,Logistic Regression,,Utility,TRTR,0.7102051701755642,0.002525563014958159,classification,Generators/Experiment with utility data leak/utility results/8. Mushroom dataset/TRTR_TSTR_results_merged.xlsx,utility,0.7102051701755642,,0.0,100.0
8. Mushroom dataset,TabDDPM,,0.0,F1,0.5999205800676521,Logistic Regression,,Utility,TSTR,0.5999205800676521,0.02213500022359702,classification,Generators/Experiment with utility data leak/utility results/8. Mushroom dataset/TRTR_TSTR_results_merged.xlsx,utility,0.5999205800676521,,0.0,100.0
8. Mushroom dataset,TabDDPM,,0.0,F1_Gap,0.5999205800676521,Logistic Regression,,Utility,Gap,0.11028459010791203,0.02213500022359702,classification,Generators/Experiment with utility data leak/utility results/8. Mushroom dataset/TRTR_TSTR_results_merged.xlsx,utility,0.11028459010791203,,0.0,100.0
8. Mushroom dataset,TabDDPM,,0.0,Precision,0.6622882541511838,Logistic Regression,,Utility,TRTR,0.6622882541511838,0.003196371629185143,classification,Generators/Experiment with utility data leak/utility results/8. Mushroom dataset/TRTR_TSTR_results_merged.xlsx,utility,0.6622882541511838,,0.0,100.0
8. Mushroom dataset,TabDDPM,,0.0,Precision,0.5469010613505055,Logistic Regression,,Utility,TSTR,0.5469010613505055,0.009478453950554485,classification,Generators/Experiment with utility data leak/utility results/8. Mushroom dataset/TRTR_TSTR_results_merged.xlsx,utility,0.5469010613505055,,0.0,100.0
8. Mushroom dataset,TabDDPM,,0.0,Precision_Gap,0.5469010613505055,Logistic Regression,,Utility,Gap,0.11538719280067822,0.009478453950554485,classification,Generators/Experiment with utility data leak/utility results/8. Mushroom dataset/TRTR_TSTR_results_merged.xlsx,utility,0.11538719280067822,,0.0,100.0
8. Mushroom dataset,TabDDPM,,0.0,Recall,0.7656067196640167,Logistic Regression,,Utility,TRTR,0.7656067196640167,0.002835651757146686,classification,Generators/Experiment with utility data leak/utility results/8. Mushroom dataset/TRTR_TSTR_results_merged.xlsx,utility,0.7656067196640167,,0.0,100.0
8. Mushroom dataset,TabDDPM,,0.0,Recall,0.6659217039148043,Logistic Regression,,Utility,TSTR,0.6659217039148043,0.04799516502372499,classification,Generators/Experiment with utility data leak/utility results/8. Mushroom dataset/TRTR_TSTR_results_merged.xlsx,utility,0.6659217039148043,,0.0,100.0
8. Mushroom dataset,TabDDPM,,0.0,Recall_Gap,0.6659217039148043,Logistic Regression,,Utility,Gap,0.0996850157492124,0.04799516502372499,classification,Generators/Experiment with utility data leak/utility results/8. Mushroom dataset/TRTR_TSTR_results_merged.xlsx,utility,0.0996850157492124,,0.0,100.0
8. Mushroom dataset,TabDDPM,,,Accuracy_Drop,,Logistic Regression,,,Gap,0.1446728816380888,,classification,Generators/Experiment with utility data leak/utility results/8. Mushroom dataset/TRTR_TSTR_results_merged.xlsx,utility,0.1446728816380888,,0.0,100.0
8. Mushroom dataset,TabDDPM,,,F1_Drop,,Logistic Regression,,,Gap,0.110284590107912,,classification,Generators/Experiment with utility data leak/utility results/8. Mushroom dataset/TRTR_TSTR_results_merged.xlsx,utility,0.110284590107912,,0.0,100.0
8. Mushroom dataset,TabDDPM,,,Precision_Drop,,Logistic Regression,,,Gap,0.1153871928006782,,classification,Generators/Experiment with utility data leak/utility results/8. Mushroom dataset/TRTR_TSTR_results_merged.xlsx,utility,0.1153871928006782,,0.0,100.0
8. Mushroom dataset,TabDDPM,,,Recall_Drop,,Logistic Regression,,,Gap,0.0996850157492124,,classification,Generators/Experiment with utility data leak/utility results/8. Mushroom dataset/TRTR_TSTR_results_merged.xlsx,utility,0.0996850157492124,,0.0,100.0
8. Mushroom dataset,TabDDPM,,0.0,Accuracy,0.6530214749458965,AdaBoost,,Utility,TRTR,0.6530214749458965,0.00911056123636879,classification,Generators/Experiment with utility data leak/utility results/8. Mushroom dataset/TRTR_TSTR_results_merged.xlsx,utility,0.6530214749458965,,0.0,100.0
8. Mushroom dataset,TabDDPM,,0.0,Accuracy,0.4825703346096221,AdaBoost,,Utility,TSTR,0.4825703346096221,0.01330375279247198,classification,Generators/Experiment with utility data leak/utility results/8. Mushroom dataset/TRTR_TSTR_results_merged.xlsx,utility,0.4825703346096221,,0.0,100.0
8. Mushroom dataset,TabDDPM,,0.0,Accuracy_Gap,0.4825703346096221,AdaBoost,,Utility,Gap,0.17045114033627434,0.01330375279247198,classification,Generators/Experiment with utility data leak/utility results/8. Mushroom dataset/TRTR_TSTR_results_merged.xlsx,utility,0.17045114033627434,,0.0,100.0
8. Mushroom dataset,TabDDPM,,0.0,F1,0.6586554205410092,AdaBoost,,Utility,TRTR,0.6586554205410092,0.01000642657450882,classification,Generators/Experiment with utility data leak/utility results/8. Mushroom dataset/TRTR_TSTR_results_merged.xlsx,utility,0.6586554205410092,,0.0,100.0
8. Mushroom dataset,TabDDPM,,0.0,F1,0.5632326588237714,AdaBoost,,Utility,TSTR,0.5632326588237714,0.03500931331399579,classification,Generators/Experiment with utility data leak/utility results/8. Mushroom dataset/TRTR_TSTR_results_merged.xlsx,utility,0.5632326588237714,,0.0,100.0
8. Mushroom dataset,TabDDPM,,0.0,F1_Gap,0.5632326588237714,AdaBoost,,Utility,Gap,0.09542276171723785,0.03500931331399579,classification,Generators/Experiment with utility data leak/utility results/8. Mushroom dataset/TRTR_TSTR_results_merged.xlsx,utility,0.09542276171723785,,0.0,100.0
8. Mushroom dataset,TabDDPM,,0.0,Precision,0.7262195138345482,AdaBoost,,Utility,TRTR,0.7262195138345482,0.02162521657245883,classification,Generators/Experiment with utility data leak/utility results/8. Mushroom dataset/TRTR_TSTR_results_merged.xlsx,utility,0.7262195138345482,,0.0,100.0
8. Mushroom dataset,TabDDPM,,0.0,Precision,0.5292177139210736,AdaBoost,,Utility,TSTR,0.5292177139210736,0.009308951685638384,classification,Generators/Experiment with utility data leak/utility results/8. Mushroom dataset/TRTR_TSTR_results_merged.xlsx,utility,0.5292177139210736,,0.0,100.0
8. Mushroom dataset,TabDDPM,,0.0,Precision_Gap,0.5292177139210736,AdaBoost,,Utility,Gap,0.19700179991347455,0.009308951685638384,classification,Generators/Experiment with utility data leak/utility results/8. Mushroom dataset/TRTR_TSTR_results_merged.xlsx,utility,0.19700179991347455,,0.0,100.0
8. Mushroom dataset,TabDDPM,,0.0,Recall,0.6036898155092245,AdaBoost,,Utility,TRTR,0.6036898155092245,0.02328275950044984,classification,Generators/Experiment with utility data leak/utility results/8. Mushroom dataset/TRTR_TSTR_results_merged.xlsx,utility,0.6036898155092245,,0.0,100.0
8. Mushroom dataset,TabDDPM,,0.0,Recall,0.6064196790160492,AdaBoost,,Utility,TSTR,0.6064196790160492,0.07512839714970289,classification,Generators/Experiment with utility data leak/utility results/8. Mushroom dataset/TRTR_TSTR_results_merged.xlsx,utility,0.6064196790160492,,0.0,100.0
8. Mushroom dataset,TabDDPM,,0.0,Recall_Gap,0.6064196790160492,AdaBoost,,Utility,Gap,-0.0027298635068246924,0.07512839714970289,classification,Generators/Experiment with utility data leak/utility results/8. Mushroom dataset/TRTR_TSTR_results_merged.xlsx,utility,-0.0027298635068246924,,0.0,100.0
8. Mushroom dataset,TabDDPM,,,Accuracy_Drop,,AdaBoost,,,Gap,0.1704511403362744,,classification,Generators/Experiment with utility data leak/utility results/8. Mushroom dataset/TRTR_TSTR_results_merged.xlsx,utility,0.1704511403362744,,0.0,100.0
8. Mushroom dataset,TabDDPM,,,F1_Drop,,AdaBoost,,,Gap,0.09542276171723785,,classification,Generators/Experiment with utility data leak/utility results/8. Mushroom dataset/TRTR_TSTR_results_merged.xlsx,utility,0.09542276171723785,,0.0,100.0
8. Mushroom dataset,TabDDPM,,,Precision_Drop,,AdaBoost,,,Gap,0.1970017999134746,,classification,Generators/Experiment with utility data leak/utility results/8. Mushroom dataset/TRTR_TSTR_results_merged.xlsx,utility,0.1970017999134746,,0.0,100.0
8. Mushroom dataset,TabDDPM,,,Recall_Drop,,AdaBoost,,,Gap,-0.002729863506824692,,classification,Generators/Experiment with utility data leak/utility results/8. Mushroom dataset/TRTR_TSTR_results_merged.xlsx,utility,-0.002729863506824692,,0.0,100.0
8. Mushroom dataset,TabDDPM,,0.0,Accuracy,0.652688530048277,SVM-RBF,,Utility,TRTR,0.652688530048277,0.003540466283100108,classification,Generators/Experiment with utility data leak/utility results/8. Mushroom dataset/TRTR_TSTR_results_merged.xlsx,utility,0.652688530048277,,0.0,100.0
8. Mushroom dataset,TabDDPM,,0.0,Accuracy,0.5084984185117364,SVM-RBF,,Utility,TSTR,0.5084984185117364,0.01407019435272617,classification,Generators/Experiment with utility data leak/utility results/8. Mushroom dataset/TRTR_TSTR_results_merged.xlsx,utility,0.5084984185117364,,0.0,100.0
8. Mushroom dataset,TabDDPM,,0.0,Accuracy_Gap,0.5084984185117364,SVM-RBF,,Utility,Gap,0.1441901115365406,0.01407019435272617,classification,Generators/Experiment with utility data leak/utility results/8. Mushroom dataset/TRTR_TSTR_results_merged.xlsx,utility,0.1441901115365406,,0.0,100.0
8. Mushroom dataset,TabDDPM,,0.0,F1,0.7111657290688942,SVM-RBF,,Utility,TRTR,0.7111657290688942,0.002515858645437491,classification,Generators/Experiment with utility data leak/utility results/8. Mushroom dataset/TRTR_TSTR_results_merged.xlsx,utility,0.7111657290688942,,0.0,100.0
8. Mushroom dataset,TabDDPM,,0.0,F1,0.5991782477315457,SVM-RBF,,Utility,TSTR,0.5991782477315457,0.02241384616919643,classification,Generators/Experiment with utility data leak/utility results/8. Mushroom dataset/TRTR_TSTR_results_merged.xlsx,utility,0.5991782477315457,,0.0,100.0
8. Mushroom dataset,TabDDPM,,0.0,F1_Gap,0.5991782477315457,SVM-RBF,,Utility,Gap,0.11198748133734848,0.02241384616919643,classification,Generators/Experiment with utility data leak/utility results/8. Mushroom dataset/TRTR_TSTR_results_merged.xlsx,utility,0.11198748133734848,,0.0,100.0
8. Mushroom dataset,TabDDPM,,0.0,Precision,0.660338278612806,SVM-RBF,,Utility,TRTR,0.660338278612806,0.003326244875037613,classification,Generators/Experiment with utility data leak/utility results/8. Mushroom dataset/TRTR_TSTR_results_merged.xlsx,utility,0.660338278612806,,0.0,100.0
8. Mushroom dataset,TabDDPM,,0.0,Precision,0.5469659598092009,SVM-RBF,,Utility,TSTR,0.5469659598092009,0.00985408369532533,classification,Generators/Experiment with utility data leak/utility results/8. Mushroom dataset/TRTR_TSTR_results_merged.xlsx,utility,0.5469659598092009,,0.0,100.0
8. Mushroom dataset,TabDDPM,,0.0,Precision_Gap,0.5469659598092009,SVM-RBF,,Utility,Gap,0.1133723188036051,0.00985408369532533,classification,Generators/Experiment with utility data leak/utility results/8. Mushroom dataset/TRTR_TSTR_results_merged.xlsx,utility,0.1133723188036051,,0.0,100.0
8. Mushroom dataset,TabDDPM,,0.0,Recall,0.7704814759262038,SVM-RBF,,Utility,TRTR,0.7704814759262038,0.002684656261806534,classification,Generators/Experiment with utility data leak/utility results/8. Mushroom dataset/TRTR_TSTR_results_merged.xlsx,utility,0.7704814759262038,,0.0,100.0
8. Mushroom dataset,TabDDPM,,0.0,Recall,0.6640167991600421,SVM-RBF,,Utility,TSTR,0.6640167991600421,0.04816324349956423,classification,Generators/Experiment with utility data leak/utility results/8. Mushroom dataset/TRTR_TSTR_results_merged.xlsx,utility,0.6640167991600421,,0.0,100.0
8. Mushroom dataset,TabDDPM,,0.0,Recall_Gap,0.6640167991600421,SVM-RBF,,Utility,Gap,0.10646467676616167,0.04816324349956423,classification,Generators/Experiment with utility data leak/utility results/8. Mushroom dataset/TRTR_TSTR_results_merged.xlsx,utility,0.10646467676616167,,0.0,100.0
8. Mushroom dataset,TabDDPM,,,Accuracy_Drop,,SVM-RBF,,,Gap,0.1441901115365406,,classification,Generators/Experiment with utility data leak/utility results/8. Mushroom dataset/TRTR_TSTR_results_merged.xlsx,utility,0.1441901115365406,,0.0,100.0
8. Mushroom dataset,TabDDPM,,,F1_Drop,,SVM-RBF,,,Gap,0.1119874813373485,,classification,Generators/Experiment with utility data leak/utility results/8. Mushroom dataset/TRTR_TSTR_results_merged.xlsx,utility,0.1119874813373485,,0.0,100.0
8. Mushroom dataset,TabDDPM,,,Precision_Drop,,SVM-RBF,,,Gap,0.1133723188036051,,classification,Generators/Experiment with utility data leak/utility results/8. Mushroom dataset/TRTR_TSTR_results_merged.xlsx,utility,0.1133723188036051,,0.0,100.0
8. Mushroom dataset,TabDDPM,,,Recall_Drop,,SVM-RBF,,,Gap,0.1064646767661617,,classification,Generators/Experiment with utility data leak/utility results/8. Mushroom dataset/TRTR_TSTR_results_merged.xlsx,utility,0.1064646767661617,,0.0,100.0
8. Mushroom dataset,TabDDPM,,0.0,Accuracy,0.6093557516231064,Naive Bayes,,Utility,TRTR,0.6093557516231064,0.002206246746399765,classification,Generators/Experiment with utility data leak/utility results/8. Mushroom dataset/TRTR_TSTR_results_merged.xlsx,utility,0.6093557516231064,,0.0,100.0
8. Mushroom dataset,TabDDPM,,0.0,Accuracy,0.5128849675378724,Naive Bayes,,Utility,TSTR,0.5128849675378724,0.0129711738548142,classification,Generators/Experiment with utility data leak/utility results/8. Mushroom dataset/TRTR_TSTR_results_merged.xlsx,utility,0.5128849675378724,,0.0,100.0
8. Mushroom dataset,TabDDPM,,0.0,Accuracy_Gap,0.5128849675378724,Naive Bayes,,Utility,Gap,0.09647078408523402,0.0129711738548142,classification,Generators/Experiment with utility data leak/utility results/8. Mushroom dataset/TRTR_TSTR_results_merged.xlsx,utility,0.09647078408523402,,0.0,100.0
8. Mushroom dataset,TabDDPM,,0.0,F1,0.5471586204572338,Naive Bayes,,Utility,TRTR,0.5471586204572338,0.003948342675541275,classification,Generators/Experiment with utility data leak/utility results/8. Mushroom dataset/TRTR_TSTR_results_merged.xlsx,utility,0.5471586204572338,,0.0,100.0
8. Mushroom dataset,TabDDPM,,0.0,F1,0.6408896636018478,Naive Bayes,,Utility,TSTR,0.6408896636018478,0.02136845704392922,classification,Generators/Experiment with utility data leak/utility results/8. Mushroom dataset/TRTR_TSTR_results_merged.xlsx,utility,0.6408896636018478,,0.0,100.0
8. Mushroom dataset,TabDDPM,,0.0,F1_Gap,0.6408896636018478,Naive Bayes,,Utility,Gap,-0.093731043144614,0.02136845704392922,classification,Generators/Experiment with utility data leak/utility results/8. Mushroom dataset/TRTR_TSTR_results_merged.xlsx,utility,-0.093731043144614,,0.0,100.0
8. Mushroom dataset,TabDDPM,,0.0,Precision,0.7669376693867336,Naive Bayes,,Utility,TRTR,0.7669376693867336,0.002744162729666706,classification,Generators/Experiment with utility data leak/utility results/8. Mushroom dataset/TRTR_TSTR_results_merged.xlsx,utility,0.7669376693867336,,0.0,100.0
8. Mushroom dataset,TabDDPM,,0.0,Precision,0.5421369235868775,Naive Bayes,,Utility,TSTR,0.5421369235868775,0.007397371420856608,classification,Generators/Experiment with utility data leak/utility results/8. Mushroom dataset/TRTR_TSTR_results_merged.xlsx,utility,0.5421369235868775,,0.0,100.0
8. Mushroom dataset,TabDDPM,,0.0,Precision_Gap,0.5421369235868775,Naive Bayes,,Utility,Gap,0.2248007457998561,0.007397371420856608,classification,Generators/Experiment with utility data leak/utility results/8. Mushroom dataset/TRTR_TSTR_results_merged.xlsx,utility,0.2248007457998561,,0.0,100.0
8. Mushroom dataset,TabDDPM,,0.0,Recall,0.4253037348132593,Naive Bayes,,Utility,TRTR,0.4253037348132593,0.004574279456311722,classification,Generators/Experiment with utility data leak/utility results/8. Mushroom dataset/TRTR_TSTR_results_merged.xlsx,utility,0.4253037348132593,,0.0,100.0
8. Mushroom dataset,TabDDPM,,0.0,Recall,0.7862906854657268,Naive Bayes,,Utility,TSTR,0.7862906854657268,0.06096997914441964,classification,Generators/Experiment with utility data leak/utility results/8. Mushroom dataset/TRTR_TSTR_results_merged.xlsx,utility,0.7862906854657268,,0.0,100.0
8. Mushroom dataset,TabDDPM,,0.0,Recall_Gap,0.7862906854657268,Naive Bayes,,Utility,Gap,-0.3609869506524675,0.06096997914441964,classification,Generators/Experiment with utility data leak/utility results/8. Mushroom dataset/TRTR_TSTR_results_merged.xlsx,utility,-0.3609869506524675,,0.0,100.0
8. Mushroom dataset,TabDDPM,,,Accuracy_Drop,,Naive Bayes,,,Gap,0.09647078408523402,,classification,Generators/Experiment with utility data leak/utility results/8. Mushroom dataset/TRTR_TSTR_results_merged.xlsx,utility,0.09647078408523402,,0.0,100.0
8. Mushroom dataset,TabDDPM,,,F1_Drop,,Naive Bayes,,,Gap,-0.093731043144614,,classification,Generators/Experiment with utility data leak/utility results/8. Mushroom dataset/TRTR_TSTR_results_merged.xlsx,utility,-0.093731043144614,,0.0,100.0
8. Mushroom dataset,TabDDPM,,,Precision_Drop,,Naive Bayes,,,Gap,0.2248007457998561,,classification,Generators/Experiment with utility data leak/utility results/8. Mushroom dataset/TRTR_TSTR_results_merged.xlsx,utility,0.2248007457998561,,0.0,100.0
8. Mushroom dataset,TabDDPM,,,Recall_Drop,,Naive Bayes,,,Gap,-0.3609869506524675,,classification,Generators/Experiment with utility data leak/utility results/8. Mushroom dataset/TRTR_TSTR_results_merged.xlsx,utility,-0.3609869506524675,,0.0,100.0
8. Mushroom dataset,ForestDiffusion,,0.0,Accuracy,0.999983352755119,Extra Trees,,Utility,TRTR,0.999983352755119,3.329448976194804e-05,classification,Generators/Experiment with utility data leak/utility results/8. Mushroom dataset/TRTR_TSTR_results_merged.xlsx,utility,0.999983352755119,,0.0,100.0
8. Mushroom dataset,ForestDiffusion,,0.0,Accuracy,0.9139836857000165,Extra Trees,,Utility,TSTR,0.9139836857000165,0.005142112712232631,classification,Generators/Experiment with utility data leak/utility results/8. Mushroom dataset/TRTR_TSTR_results_merged.xlsx,utility,0.9139836857000165,,0.0,100.0
8. Mushroom dataset,ForestDiffusion,,0.0,Accuracy_Gap,0.9139836857000165,Extra Trees,,Utility,Gap,0.08599966705510242,0.005142112712232631,classification,Generators/Experiment with utility data leak/utility results/8. Mushroom dataset/TRTR_TSTR_results_merged.xlsx,utility,0.08599966705510242,,0.0,100.0
8. Mushroom dataset,ForestDiffusion,,0.0,F1,0.9999849996249907,Extra Trees,,Utility,TRTR,0.9999849996249907,3.000075001873271e-05,classification,Generators/Experiment with utility data leak/utility results/8. Mushroom dataset/TRTR_TSTR_results_merged.xlsx,utility,0.9999849996249907,,0.0,100.0
8. Mushroom dataset,ForestDiffusion,,0.0,F1,0.9233865186622043,Extra Trees,,Utility,TSTR,0.9233865186622043,0.00481176833110665,classification,Generators/Experiment with utility data leak/utility results/8. Mushroom dataset/TRTR_TSTR_results_merged.xlsx,utility,0.9233865186622043,,0.0,100.0
8. Mushroom dataset,ForestDiffusion,,0.0,F1_Gap,0.9233865186622043,Extra Trees,,Utility,Gap,0.07659848096278632,0.00481176833110665,classification,Generators/Experiment with utility data leak/utility results/8. Mushroom dataset/TRTR_TSTR_results_merged.xlsx,utility,0.07659848096278632,,0.0,100.0
8. Mushroom dataset,ForestDiffusion,,0.0,Precision,1.0,Extra Trees,,Utility,TRTR,1.0,0.0,classification,Generators/Experiment with utility data leak/utility results/8. Mushroom dataset/TRTR_TSTR_results_merged.xlsx,utility,1.0,,0.0,100.0
8. Mushroom dataset,ForestDiffusion,,0.0,Precision,0.9127879296386381,Extra Trees,,Utility,TSTR,0.9127879296386381,0.004335323832998748,classification,Generators/Experiment with utility data leak/utility results/8. Mushroom dataset/TRTR_TSTR_results_merged.xlsx,utility,0.9127879296386381,,0.0,100.0
8. Mushroom dataset,ForestDiffusion,,0.0,Precision_Gap,0.9127879296386381,Extra Trees,,Utility,Gap,0.08721207036136192,0.004335323832998748,classification,Generators/Experiment with utility data leak/utility results/8. Mushroom dataset/TRTR_TSTR_results_merged.xlsx,utility,0.08721207036136192,,0.0,100.0
8. Mushroom dataset,ForestDiffusion,,0.0,Recall,0.9999700014999249,Extra Trees,,Utility,TRTR,0.9999700014999249,5.999700014998055e-05,classification,Generators/Experiment with utility data leak/utility results/8. Mushroom dataset/TRTR_TSTR_results_merged.xlsx,utility,0.9999700014999249,,0.0,100.0
8. Mushroom dataset,ForestDiffusion,,0.0,Recall,0.9342882855857206,Extra Trees,,Utility,TSTR,0.9342882855857206,0.008863643065170833,classification,Generators/Experiment with utility data leak/utility results/8. Mushroom dataset/TRTR_TSTR_results_merged.xlsx,utility,0.9342882855857206,,0.0,100.0
8. Mushroom dataset,ForestDiffusion,,0.0,Recall_Gap,0.9342882855857206,Extra Trees,,Utility,Gap,0.06568171591420424,0.008863643065170833,classification,Generators/Experiment with utility data leak/utility results/8. Mushroom dataset/TRTR_TSTR_results_merged.xlsx,utility,0.06568171591420424,,0.0,100.0
8. Mushroom dataset,ForestDiffusion,,,Accuracy_Drop,,Extra Trees,,,Gap,0.08599966705510242,,classification,Generators/Experiment with utility data leak/utility results/8. Mushroom dataset/TRTR_TSTR_results_merged.xlsx,utility,0.08599966705510242,,0.0,100.0
8. Mushroom dataset,ForestDiffusion,,,F1_Drop,,Extra Trees,,,Gap,0.07659848096278632,,classification,Generators/Experiment with utility data leak/utility results/8. Mushroom dataset/TRTR_TSTR_results_merged.xlsx,utility,0.07659848096278632,,0.0,100.0
8. Mushroom dataset,ForestDiffusion,,,Precision_Drop,,Extra Trees,,,Gap,0.08721207036136192,,classification,Generators/Experiment with utility data leak/utility results/8. Mushroom dataset/TRTR_TSTR_results_merged.xlsx,utility,0.08721207036136192,,0.0,100.0
8. Mushroom dataset,ForestDiffusion,,,Recall_Drop,,Extra Trees,,,Gap,0.06568171591420424,,classification,Generators/Experiment with utility data leak/utility results/8. Mushroom dataset/TRTR_TSTR_results_merged.xlsx,utility,0.06568171591420424,,0.0,100.0
8. Mushroom dataset,ForestDiffusion,,0.0,Accuracy,0.9998917929082738,Random Forest,,Utility,TRTR,0.9998917929082738,3.814362988976479e-05,classification,Generators/Experiment with utility data leak/utility results/8. Mushroom dataset/TRTR_TSTR_results_merged.xlsx,utility,0.9998917929082738,,0.0,100.0
8. Mushroom dataset,ForestDiffusion,,0.0,Accuracy,0.8865656733810553,Random Forest,,Utility,TSTR,0.8865656733810553,0.005322147880907117,classification,Generators/Experiment with utility data leak/utility results/8. Mushroom dataset/TRTR_TSTR_results_merged.xlsx,utility,0.8865656733810553,,0.0,100.0
8. Mushroom dataset,ForestDiffusion,,0.0,Accuracy_Gap,0.8865656733810553,Random Forest,,Utility,Gap,0.1133261195272185,0.005322147880907117,classification,Generators/Experiment with utility data leak/utility results/8. Mushroom dataset/TRTR_TSTR_results_merged.xlsx,utility,0.1133261195272185,,0.0,100.0
8. Mushroom dataset,ForestDiffusion,,0.0,F1,0.9999025054365672,Random Forest,,Utility,TRTR,0.9999025054365672,3.436305920243479e-05,classification,Generators/Experiment with utility data leak/utility results/8. Mushroom dataset/TRTR_TSTR_results_merged.xlsx,utility,0.9999025054365672,,0.0,100.0
8. Mushroom dataset,ForestDiffusion,,0.0,F1,0.902003909679925,Random Forest,,Utility,TSTR,0.902003909679925,0.004685498851967715,classification,Generators/Experiment with utility data leak/utility results/8. Mushroom dataset/TRTR_TSTR_results_merged.xlsx,utility,0.902003909679925,,0.0,100.0
8. Mushroom dataset,ForestDiffusion,,0.0,F1_Gap,0.902003909679925,Random Forest,,Utility,Gap,0.09789859575664217,0.004685498851967715,classification,Generators/Experiment with utility data leak/utility results/8. Mushroom dataset/TRTR_TSTR_results_merged.xlsx,utility,0.09789859575664217,,0.0,100.0
8. Mushroom dataset,ForestDiffusion,,0.0,Precision,0.9999100179950515,Random Forest,,Utility,TRTR,0.9999100179950515,9.947206977344203e-05,classification,Generators/Experiment with utility data leak/utility results/8. Mushroom dataset/TRTR_TSTR_results_merged.xlsx,utility,0.9999100179950515,,0.0,100.0
8. Mushroom dataset,ForestDiffusion,,0.0,Precision,0.8663325184399048,Random Forest,,Utility,TSTR,0.8663325184399048,0.006056613095878596,classification,Generators/Experiment with utility data leak/utility results/8. Mushroom dataset/TRTR_TSTR_results_merged.xlsx,utility,0.8663325184399048,,0.0,100.0
8. Mushroom dataset,ForestDiffusion,,0.0,Precision_Gap,0.8663325184399048,Random Forest,,Utility,Gap,0.13357749955514675,0.006056613095878596,classification,Generators/Experiment with utility data leak/utility results/8. Mushroom dataset/TRTR_TSTR_results_merged.xlsx,utility,0.13357749955514675,,0.0,100.0
8. Mushroom dataset,ForestDiffusion,,0.0,Recall,0.9998950052497374,Random Forest,,Utility,TRTR,0.9998950052497374,6.873519866439068e-05,classification,Generators/Experiment with utility data leak/utility results/8. Mushroom dataset/TRTR_TSTR_results_merged.xlsx,utility,0.9998950052497374,,0.0,100.0
8. Mushroom dataset,ForestDiffusion,,0.0,Recall,0.9408129593520325,Random Forest,,Utility,TSTR,0.9408129593520325,0.008526173248019027,classification,Generators/Experiment with utility data leak/utility results/8. Mushroom dataset/TRTR_TSTR_results_merged.xlsx,utility,0.9408129593520325,,0.0,100.0
8. Mushroom dataset,ForestDiffusion,,0.0,Recall_Gap,0.9408129593520325,Random Forest,,Utility,Gap,0.05908204589770494,0.008526173248019027,classification,Generators/Experiment with utility data leak/utility results/8. Mushroom dataset/TRTR_TSTR_results_merged.xlsx,utility,0.05908204589770494,,0.0,100.0
8. Mushroom dataset,ForestDiffusion,,,Accuracy_Drop,,Random Forest,,,Gap,0.1133261195272185,,classification,Generators/Experiment with utility data leak/utility results/8. Mushroom dataset/TRTR_TSTR_results_merged.xlsx,utility,0.1133261195272185,,0.0,100.0
8. Mushroom dataset,ForestDiffusion,,,F1_Drop,,Random Forest,,,Gap,0.09789859575664217,,classification,Generators/Experiment with utility data leak/utility results/8. Mushroom dataset/TRTR_TSTR_results_merged.xlsx,utility,0.09789859575664217,,0.0,100.0
8. Mushroom dataset,ForestDiffusion,,,Precision_Drop,,Random Forest,,,Gap,0.1335774995551468,,classification,Generators/Experiment with utility data leak/utility results/8. Mushroom dataset/TRTR_TSTR_results_merged.xlsx,utility,0.1335774995551468,,0.0,100.0
8. Mushroom dataset,ForestDiffusion,,,Recall_Drop,,Random Forest,,,Gap,0.05908204589770494,,classification,Generators/Experiment with utility data leak/utility results/8. Mushroom dataset/TRTR_TSTR_results_merged.xlsx,utility,0.05908204589770494,,0.0,100.0
8. Mushroom dataset,ForestDiffusion,,0.0,Accuracy,0.9998002330614282,MLP,,Utility,TRTR,0.9998002330614282,0.0001498252039287662,classification,Generators/Experiment with utility data leak/utility results/8. Mushroom dataset/TRTR_TSTR_results_merged.xlsx,utility,0.9998002330614282,,0.0,100.0
8. Mushroom dataset,ForestDiffusion,,0.0,Accuracy,0.8373064757782587,MLP,,Utility,TSTR,0.8373064757782587,0.007921202748569733,classification,Generators/Experiment with utility data leak/utility results/8. Mushroom dataset/TRTR_TSTR_results_merged.xlsx,utility,0.8373064757782587,,0.0,100.0
8. Mushroom dataset,ForestDiffusion,,0.0,Accuracy_Gap,0.8373064757782587,MLP,,Utility,Gap,0.1624937572831695,0.007921202748569733,classification,Generators/Experiment with utility data leak/utility results/8. Mushroom dataset/TRTR_TSTR_results_merged.xlsx,utility,0.1624937572831695,,0.0,100.0
8. Mushroom dataset,ForestDiffusion,,0.0,F1,0.9998200033725814,MLP,,Utility,TRTR,0.9998200033725814,0.0001350057549300141,classification,Generators/Experiment with utility data leak/utility results/8. Mushroom dataset/TRTR_TSTR_results_merged.xlsx,utility,0.9998200033725814,,0.0,100.0
8. Mushroom dataset,ForestDiffusion,,0.0,F1,0.8574179044210599,MLP,,Utility,TSTR,0.8574179044210599,0.006791646007118555,classification,Generators/Experiment with utility data leak/utility results/8. Mushroom dataset/TRTR_TSTR_results_merged.xlsx,utility,0.8574179044210599,,0.0,100.0
8. Mushroom dataset,ForestDiffusion,,0.0,F1_Gap,0.8574179044210599,MLP,,Utility,Gap,0.14240209895152145,0.006791646007118555,classification,Generators/Experiment with utility data leak/utility results/8. Mushroom dataset/TRTR_TSTR_results_merged.xlsx,utility,0.14240209895152145,,0.0,100.0
8. Mushroom dataset,ForestDiffusion,,0.0,Precision,0.999835012740364,MLP,,Utility,TRTR,0.999835012740364,0.0001414792911934868,classification,Generators/Experiment with utility data leak/utility results/8. Mushroom dataset/TRTR_TSTR_results_merged.xlsx,utility,0.999835012740364,,0.0,100.0
8. Mushroom dataset,ForestDiffusion,,0.0,Precision,0.8347593528327172,MLP,,Utility,TSTR,0.8347593528327172,0.01018178979785542,classification,Generators/Experiment with utility data leak/utility results/8. Mushroom dataset/TRTR_TSTR_results_merged.xlsx,utility,0.8347593528327172,,0.0,100.0
8. Mushroom dataset,ForestDiffusion,,0.0,Precision_Gap,0.8347593528327172,MLP,,Utility,Gap,0.16507565990764683,0.01018178979785542,classification,Generators/Experiment with utility data leak/utility results/8. Mushroom dataset/TRTR_TSTR_results_merged.xlsx,utility,0.16507565990764683,,0.0,100.0
8. Mushroom dataset,ForestDiffusion,,0.0,Recall,0.9998050097495124,MLP,,Utility,TRTR,0.9998050097495124,0.0001781062259942747,classification,Generators/Experiment with utility data leak/utility results/8. Mushroom dataset/TRTR_TSTR_results_merged.xlsx,utility,0.9998050097495124,,0.0,100.0
8. Mushroom dataset,ForestDiffusion,,0.0,Recall,0.8815059247037649,MLP,,Utility,TSTR,0.8815059247037649,0.01113081803728929,classification,Generators/Experiment with utility data leak/utility results/8. Mushroom dataset/TRTR_TSTR_results_merged.xlsx,utility,0.8815059247037649,,0.0,100.0
8. Mushroom dataset,ForestDiffusion,,0.0,Recall_Gap,0.8815059247037649,MLP,,Utility,Gap,0.11829908504574749,0.01113081803728929,classification,Generators/Experiment with utility data leak/utility results/8. Mushroom dataset/TRTR_TSTR_results_merged.xlsx,utility,0.11829908504574749,,0.0,100.0
8. Mushroom dataset,ForestDiffusion,,,Accuracy_Drop,,MLP,,,Gap,0.1624937572831695,,classification,Generators/Experiment with utility data leak/utility results/8. Mushroom dataset/TRTR_TSTR_results_merged.xlsx,utility,0.1624937572831695,,0.0,100.0
8. Mushroom dataset,ForestDiffusion,,,F1_Drop,,MLP,,,Gap,0.1424020989515214,,classification,Generators/Experiment with utility data leak/utility results/8. Mushroom dataset/TRTR_TSTR_results_merged.xlsx,utility,0.1424020989515214,,0.0,100.0
8. Mushroom dataset,ForestDiffusion,,,Precision_Drop,,MLP,,,Gap,0.1650756599076468,,classification,Generators/Experiment with utility data leak/utility results/8. Mushroom dataset/TRTR_TSTR_results_merged.xlsx,utility,0.1650756599076468,,0.0,100.0
8. Mushroom dataset,ForestDiffusion,,,Recall_Drop,,MLP,,,Gap,0.1182990850457475,,classification,Generators/Experiment with utility data leak/utility results/8. Mushroom dataset/TRTR_TSTR_results_merged.xlsx,utility,0.1182990850457475,,0.0,100.0
8. Mushroom dataset,ForestDiffusion,,0.0,Accuracy,0.9993757283169635,KNN,,Utility,TRTR,0.9993757283169635,0.0001870501502766885,classification,Generators/Experiment with utility data leak/utility results/8. Mushroom dataset/TRTR_TSTR_results_merged.xlsx,utility,0.9993757283169635,,0.0,100.0
8. Mushroom dataset,ForestDiffusion,,0.0,Accuracy,0.8545446978525055,KNN,,Utility,TSTR,0.8545446978525055,0.006035774246015561,classification,Generators/Experiment with utility data leak/utility results/8. Mushroom dataset/TRTR_TSTR_results_merged.xlsx,utility,0.8545446978525055,,0.0,100.0
8. Mushroom dataset,ForestDiffusion,,0.0,Accuracy_Gap,0.8545446978525055,KNN,,Utility,Gap,0.144831030464458,0.006035774246015561,classification,Generators/Experiment with utility data leak/utility results/8. Mushroom dataset/TRTR_TSTR_results_merged.xlsx,utility,0.144831030464458,,0.0,100.0
8. Mushroom dataset,ForestDiffusion,,0.0,F1,0.999437537679781,KNN,,Utility,TRTR,0.999437537679781,0.0001685162263673175,classification,Generators/Experiment with utility data leak/utility results/8. Mushroom dataset/TRTR_TSTR_results_merged.xlsx,utility,0.999437537679781,,0.0,100.0
8. Mushroom dataset,ForestDiffusion,,0.0,F1,0.8658002442902049,KNN,,Utility,TSTR,0.8658002442902049,0.005834059766358549,classification,Generators/Experiment with utility data leak/utility results/8. Mushroom dataset/TRTR_TSTR_results_merged.xlsx,utility,0.8658002442902049,,0.0,100.0
8. Mushroom dataset,ForestDiffusion,,0.0,F1_Gap,0.8658002442902049,KNN,,Utility,Gap,0.1336372933895762,0.005834059766358549,classification,Generators/Experiment with utility data leak/utility results/8. Mushroom dataset/TRTR_TSTR_results_merged.xlsx,utility,0.1336372933895762,,0.0,100.0
8. Mushroom dataset,ForestDiffusion,,0.0,Precision,0.9994300667201221,KNN,,Utility,TRTR,0.9994300667201221,0.0002203628791389911,classification,Generators/Experiment with utility data leak/utility results/8. Mushroom dataset/TRTR_TSTR_results_merged.xlsx,utility,0.9994300667201221,,0.0,100.0
8. Mushroom dataset,ForestDiffusion,,0.0,Precision,0.8870320336820333,KNN,,Utility,TSTR,0.8870320336820333,0.006014897645580653,classification,Generators/Experiment with utility data leak/utility results/8. Mushroom dataset/TRTR_TSTR_results_merged.xlsx,utility,0.8870320336820333,,0.0,100.0
8. Mushroom dataset,ForestDiffusion,,0.0,Precision_Gap,0.8870320336820333,KNN,,Utility,Gap,0.11239803303808882,0.006014897645580653,classification,Generators/Experiment with utility data leak/utility results/8. Mushroom dataset/TRTR_TSTR_results_merged.xlsx,utility,0.11239803303808882,,0.0,100.0
8. Mushroom dataset,ForestDiffusion,,0.0,Recall,0.9994450277486123,KNN,,Utility,TRTR,0.9994450277486123,0.0001649917504124697,classification,Generators/Experiment with utility data leak/utility results/8. Mushroom dataset/TRTR_TSTR_results_merged.xlsx,utility,0.9994450277486123,,0.0,100.0
8. Mushroom dataset,ForestDiffusion,,0.0,Recall,0.8456127193640318,KNN,,Utility,TSTR,0.8456127193640318,0.00864666110925219,classification,Generators/Experiment with utility data leak/utility results/8. Mushroom dataset/TRTR_TSTR_results_merged.xlsx,utility,0.8456127193640318,,0.0,100.0
8. Mushroom dataset,ForestDiffusion,,0.0,Recall_Gap,0.8456127193640318,KNN,,Utility,Gap,0.1538323083845805,0.00864666110925219,classification,Generators/Experiment with utility data leak/utility results/8. Mushroom dataset/TRTR_TSTR_results_merged.xlsx,utility,0.1538323083845805,,0.0,100.0
8. Mushroom dataset,ForestDiffusion,,,Accuracy_Drop,,KNN,,,Gap,0.144831030464458,,classification,Generators/Experiment with utility data leak/utility results/8. Mushroom dataset/TRTR_TSTR_results_merged.xlsx,utility,0.144831030464458,,0.0,100.0
8. Mushroom dataset,ForestDiffusion,,,F1_Drop,,KNN,,,Gap,0.1336372933895762,,classification,Generators/Experiment with utility data leak/utility results/8. Mushroom dataset/TRTR_TSTR_results_merged.xlsx,utility,0.1336372933895762,,0.0,100.0
8. Mushroom dataset,ForestDiffusion,,,Precision_Drop,,KNN,,,Gap,0.1123980330380888,,classification,Generators/Experiment with utility data leak/utility results/8. Mushroom dataset/TRTR_TSTR_results_merged.xlsx,utility,0.1123980330380888,,0.0,100.0
8. Mushroom dataset,ForestDiffusion,,,Recall_Drop,,KNN,,,Gap,0.1538323083845805,,classification,Generators/Experiment with utility data leak/utility results/8. Mushroom dataset/TRTR_TSTR_results_merged.xlsx,utility,0.1538323083845805,,0.0,100.0
8. Mushroom dataset,ForestDiffusion,,0.0,Accuracy,0.9430830697519561,Decision Tree,,Utility,TRTR,0.9430830697519561,0.003054622010995107,classification,Generators/Experiment with utility data leak/utility results/8. Mushroom dataset/TRTR_TSTR_results_merged.xlsx,utility,0.9430830697519561,,0.0,100.0
8. Mushroom dataset,ForestDiffusion,,0.0,Accuracy,0.7802896620609289,Decision Tree,,Utility,TSTR,0.7802896620609289,0.02365755075624813,classification,Generators/Experiment with utility data leak/utility results/8. Mushroom dataset/TRTR_TSTR_results_merged.xlsx,utility,0.7802896620609289,,0.0,100.0
8. Mushroom dataset,ForestDiffusion,,0.0,Accuracy_Gap,0.7802896620609289,Decision Tree,,Utility,Gap,0.16279340769102724,0.02365755075624813,classification,Generators/Experiment with utility data leak/utility results/8. Mushroom dataset/TRTR_TSTR_results_merged.xlsx,utility,0.16279340769102724,,0.0,100.0
8. Mushroom dataset,ForestDiffusion,,0.0,F1,0.9486269064274188,Decision Tree,,Utility,TRTR,0.9486269064274188,0.002733229331666377,classification,Generators/Experiment with utility data leak/utility results/8. Mushroom dataset/TRTR_TSTR_results_merged.xlsx,utility,0.9486269064274188,,0.0,100.0
8. Mushroom dataset,ForestDiffusion,,0.0,F1,0.8034912472240883,Decision Tree,,Utility,TSTR,0.8034912472240883,0.02117157621373452,classification,Generators/Experiment with utility data leak/utility results/8. Mushroom dataset/TRTR_TSTR_results_merged.xlsx,utility,0.8034912472240883,,0.0,100.0
8. Mushroom dataset,ForestDiffusion,,0.0,F1_Gap,0.8034912472240883,Decision Tree,,Utility,Gap,0.1451356592033305,0.02117157621373452,classification,Generators/Experiment with utility data leak/utility results/8. Mushroom dataset/TRTR_TSTR_results_merged.xlsx,utility,0.1451356592033305,,0.0,100.0
8. Mushroom dataset,ForestDiffusion,,0.0,Precision,0.9503557108620792,Decision Tree,,Utility,TRTR,0.9503557108620792,0.004797011192999022,classification,Generators/Experiment with utility data leak/utility results/8. Mushroom dataset/TRTR_TSTR_results_merged.xlsx,utility,0.9503557108620792,,0.0,100.0
8. Mushroom dataset,ForestDiffusion,,0.0,Precision,0.7978041374525189,Decision Tree,,Utility,TSTR,0.7978041374525189,0.022863200634055,classification,Generators/Experiment with utility data leak/utility results/8. Mushroom dataset/TRTR_TSTR_results_merged.xlsx,utility,0.7978041374525189,,0.0,100.0
8. Mushroom dataset,ForestDiffusion,,0.0,Precision_Gap,0.7978041374525189,Decision Tree,,Utility,Gap,0.15255157340956027,0.022863200634055,classification,Generators/Experiment with utility data leak/utility results/8. Mushroom dataset/TRTR_TSTR_results_merged.xlsx,utility,0.15255157340956027,,0.0,100.0
8. Mushroom dataset,ForestDiffusion,,0.0,Recall,0.9469326533673316,Decision Tree,,Utility,TRTR,0.9469326533673316,0.004340358980694475,classification,Generators/Experiment with utility data leak/utility results/8. Mushroom dataset/TRTR_TSTR_results_merged.xlsx,utility,0.9469326533673316,,0.0,100.0
8. Mushroom dataset,ForestDiffusion,,0.0,Recall,0.8095845207739613,Decision Tree,,Utility,TSTR,0.8095845207739613,0.02531687241731768,classification,Generators/Experiment with utility data leak/utility results/8. Mushroom dataset/TRTR_TSTR_results_merged.xlsx,utility,0.8095845207739613,,0.0,100.0
8. Mushroom dataset,ForestDiffusion,,0.0,Recall_Gap,0.8095845207739613,Decision Tree,,Utility,Gap,0.1373481325933703,0.02531687241731768,classification,Generators/Experiment with utility data leak/utility results/8. Mushroom dataset/TRTR_TSTR_results_merged.xlsx,utility,0.1373481325933703,,0.0,100.0
8. Mushroom dataset,ForestDiffusion,,,Accuracy_Drop,,Decision Tree,,,Gap,0.1627934076910272,,classification,Generators/Experiment with utility data leak/utility results/8. Mushroom dataset/TRTR_TSTR_results_merged.xlsx,utility,0.1627934076910272,,0.0,100.0
8. Mushroom dataset,ForestDiffusion,,,F1_Drop,,Decision Tree,,,Gap,0.1451356592033305,,classification,Generators/Experiment with utility data leak/utility results/8. Mushroom dataset/TRTR_TSTR_results_merged.xlsx,utility,0.1451356592033305,,0.0,100.0
8. Mushroom dataset,ForestDiffusion,,,Precision_Drop,,Decision Tree,,,Gap,0.1525515734095603,,classification,Generators/Experiment with utility data leak/utility results/8. Mushroom dataset/TRTR_TSTR_results_merged.xlsx,utility,0.1525515734095603,,0.0,100.0
8. Mushroom dataset,ForestDiffusion,,,Recall_Drop,,Decision Tree,,,Gap,0.1373481325933703,,classification,Generators/Experiment with utility data leak/utility results/8. Mushroom dataset/TRTR_TSTR_results_merged.xlsx,utility,0.1373481325933703,,0.0,100.0
8. Mushroom dataset,ForestDiffusion,,0.0,Accuracy,0.8177376394206759,Gradient Boosting,,Utility,TRTR,0.8177376394206759,0.009463270545125387,classification,Generators/Experiment with utility data leak/utility results/8. Mushroom dataset/TRTR_TSTR_results_merged.xlsx,utility,0.8177376394206759,,0.0,100.0
8. Mushroom dataset,ForestDiffusion,,0.0,Accuracy,0.7879473947061761,Gradient Boosting,,Utility,TSTR,0.7879473947061761,0.01187750298864832,classification,Generators/Experiment with utility data leak/utility results/8. Mushroom dataset/TRTR_TSTR_results_merged.xlsx,utility,0.7879473947061761,,0.0,100.0
8. Mushroom dataset,ForestDiffusion,,0.0,Accuracy_Gap,0.7879473947061761,Gradient Boosting,,Utility,Gap,0.02979024471449976,0.01187750298864832,classification,Generators/Experiment with utility data leak/utility results/8. Mushroom dataset/TRTR_TSTR_results_merged.xlsx,utility,0.02979024471449976,,0.0,100.0
8. Mushroom dataset,ForestDiffusion,,0.0,F1,0.8351441635674031,Gradient Boosting,,Utility,TRTR,0.8351441635674031,0.009911515687219402,classification,Generators/Experiment with utility data leak/utility results/8. Mushroom dataset/TRTR_TSTR_results_merged.xlsx,utility,0.8351441635674031,,0.0,100.0
8. Mushroom dataset,ForestDiffusion,,0.0,F1,0.8152343871639589,Gradient Boosting,,Utility,TSTR,0.8152343871639589,0.0126440930466092,classification,Generators/Experiment with utility data leak/utility results/8. Mushroom dataset/TRTR_TSTR_results_merged.xlsx,utility,0.8152343871639589,,0.0,100.0
8. Mushroom dataset,ForestDiffusion,,0.0,F1_Gap,0.8152343871639589,Gradient Boosting,,Utility,Gap,0.019909776403444157,0.0126440930466092,classification,Generators/Experiment with utility data leak/utility results/8. Mushroom dataset/TRTR_TSTR_results_merged.xlsx,utility,0.019909776403444157,,0.0,100.0
8. Mushroom dataset,ForestDiffusion,,0.0,Precision,0.8380774142407716,Gradient Boosting,,Utility,TRTR,0.8380774142407716,0.007023800154772467,classification,Generators/Experiment with utility data leak/utility results/8. Mushroom dataset/TRTR_TSTR_results_merged.xlsx,utility,0.8380774142407716,,0.0,100.0
8. Mushroom dataset,ForestDiffusion,,0.0,Precision,0.7887885942352234,Gradient Boosting,,Utility,TSTR,0.7887885942352234,0.006890938677445141,classification,Generators/Experiment with utility data leak/utility results/8. Mushroom dataset/TRTR_TSTR_results_merged.xlsx,utility,0.7887885942352234,,0.0,100.0
8. Mushroom dataset,ForestDiffusion,,0.0,Precision_Gap,0.7887885942352234,Gradient Boosting,,Utility,Gap,0.04928882000554824,0.006890938677445141,classification,Generators/Experiment with utility data leak/utility results/8. Mushroom dataset/TRTR_TSTR_results_merged.xlsx,utility,0.04928882000554824,,0.0,100.0
8. Mushroom dataset,ForestDiffusion,,0.0,Recall,0.8324883755812209,Gradient Boosting,,Utility,TRTR,0.8324883755812209,0.01907263019534354,classification,Generators/Experiment with utility data leak/utility results/8. Mushroom dataset/TRTR_TSTR_results_merged.xlsx,utility,0.8324883755812209,,0.0,100.0
8. Mushroom dataset,ForestDiffusion,,0.0,Recall,0.8438878056097195,Gradient Boosting,,Utility,TSTR,0.8438878056097195,0.02446228235832,classification,Generators/Experiment with utility data leak/utility results/8. Mushroom dataset/TRTR_TSTR_results_merged.xlsx,utility,0.8438878056097195,,0.0,100.0
8. Mushroom dataset,ForestDiffusion,,0.0,Recall_Gap,0.8438878056097195,Gradient Boosting,,Utility,Gap,-0.011399430028498636,0.02446228235832,classification,Generators/Experiment with utility data leak/utility results/8. Mushroom dataset/TRTR_TSTR_results_merged.xlsx,utility,-0.011399430028498636,,0.0,100.0
8. Mushroom dataset,ForestDiffusion,,,Accuracy_Drop,,Gradient Boosting,,,Gap,0.02979024471449976,,classification,Generators/Experiment with utility data leak/utility results/8. Mushroom dataset/TRTR_TSTR_results_merged.xlsx,utility,0.02979024471449976,,0.0,100.0
8. Mushroom dataset,ForestDiffusion,,,F1_Drop,,Gradient Boosting,,,Gap,0.01990977640344416,,classification,Generators/Experiment with utility data leak/utility results/8. Mushroom dataset/TRTR_TSTR_results_merged.xlsx,utility,0.01990977640344416,,0.0,100.0
8. Mushroom dataset,ForestDiffusion,,,Precision_Drop,,Gradient Boosting,,,Gap,0.04928882000554824,,classification,Generators/Experiment with utility data leak/utility results/8. Mushroom dataset/TRTR_TSTR_results_merged.xlsx,utility,0.04928882000554824,,0.0,100.0
8. Mushroom dataset,ForestDiffusion,,,Recall_Drop,,Gradient Boosting,,,Gap,-0.01139943002849864,,classification,Generators/Experiment with utility data leak/utility results/8. Mushroom dataset/TRTR_TSTR_results_merged.xlsx,utility,-0.01139943002849864,,0.0,100.0
8. Mushroom dataset,ForestDiffusion,,0.0,Accuracy,0.6532711836191111,Logistic Regression,,Utility,TRTR,0.6532711836191111,0.003432765231763527,classification,Generators/Experiment with utility data leak/utility results/8. Mushroom dataset/TRTR_TSTR_results_merged.xlsx,utility,0.6532711836191111,,0.0,100.0
8. Mushroom dataset,ForestDiffusion,,0.0,Accuracy,0.6629432328949559,Logistic Regression,,Utility,TSTR,0.6629432328949559,0.00567524574843845,classification,Generators/Experiment with utility data leak/utility results/8. Mushroom dataset/TRTR_TSTR_results_merged.xlsx,utility,0.6629432328949559,,0.0,100.0
8. Mushroom dataset,ForestDiffusion,,0.0,Accuracy_Gap,0.6629432328949559,Logistic Regression,,Utility,Gap,-0.009672049275844863,0.00567524574843845,classification,Generators/Experiment with utility data leak/utility results/8. Mushroom dataset/TRTR_TSTR_results_merged.xlsx,utility,-0.009672049275844863,,0.0,100.0
8. Mushroom dataset,ForestDiffusion,,0.0,F1,0.7102051701755642,Logistic Regression,,Utility,TRTR,0.7102051701755642,0.002525563014958159,classification,Generators/Experiment with utility data leak/utility results/8. Mushroom dataset/TRTR_TSTR_results_merged.xlsx,utility,0.7102051701755642,,0.0,100.0
8. Mushroom dataset,ForestDiffusion,,0.0,F1,0.6987984491408717,Logistic Regression,,Utility,TSTR,0.6987984491408717,0.005611616993817419,classification,Generators/Experiment with utility data leak/utility results/8. Mushroom dataset/TRTR_TSTR_results_merged.xlsx,utility,0.6987984491408717,,0.0,100.0
8. Mushroom dataset,ForestDiffusion,,0.0,F1_Gap,0.6987984491408717,Logistic Regression,,Utility,Gap,0.011406721034692424,0.005611616993817419,classification,Generators/Experiment with utility data leak/utility results/8. Mushroom dataset/TRTR_TSTR_results_merged.xlsx,utility,0.011406721034692424,,0.0,100.0
8. Mushroom dataset,ForestDiffusion,,0.0,Precision,0.6622882541511838,Logistic Regression,,Utility,TRTR,0.6622882541511838,0.003196371629185143,classification,Generators/Experiment with utility data leak/utility results/8. Mushroom dataset/TRTR_TSTR_results_merged.xlsx,utility,0.6622882541511838,,0.0,100.0
8. Mushroom dataset,ForestDiffusion,,0.0,Precision,0.6931200354970773,Logistic Regression,,Utility,TSTR,0.6931200354970773,0.005281692239706439,classification,Generators/Experiment with utility data leak/utility results/8. Mushroom dataset/TRTR_TSTR_results_merged.xlsx,utility,0.6931200354970773,,0.0,100.0
8. Mushroom dataset,ForestDiffusion,,0.0,Precision_Gap,0.6931200354970773,Logistic Regression,,Utility,Gap,-0.030831781345893594,0.005281692239706439,classification,Generators/Experiment with utility data leak/utility results/8. Mushroom dataset/TRTR_TSTR_results_merged.xlsx,utility,-0.030831781345893594,,0.0,100.0
8. Mushroom dataset,ForestDiffusion,,0.0,Recall,0.7656067196640167,Logistic Regression,,Utility,TRTR,0.7656067196640167,0.002835651757146686,classification,Generators/Experiment with utility data leak/utility results/8. Mushroom dataset/TRTR_TSTR_results_merged.xlsx,utility,0.7656067196640167,,0.0,100.0
8. Mushroom dataset,ForestDiffusion,,0.0,Recall,0.7046197690115493,Logistic Regression,,Utility,TSTR,0.7046197690115493,0.00835231995919257,classification,Generators/Experiment with utility data leak/utility results/8. Mushroom dataset/TRTR_TSTR_results_merged.xlsx,utility,0.7046197690115493,,0.0,100.0
8. Mushroom dataset,ForestDiffusion,,0.0,Recall_Gap,0.7046197690115493,Logistic Regression,,Utility,Gap,0.0609869506524674,0.00835231995919257,classification,Generators/Experiment with utility data leak/utility results/8. Mushroom dataset/TRTR_TSTR_results_merged.xlsx,utility,0.0609869506524674,,0.0,100.0
8. Mushroom dataset,ForestDiffusion,,,Accuracy_Drop,,Logistic Regression,,,Gap,-0.009672049275844863,,classification,Generators/Experiment with utility data leak/utility results/8. Mushroom dataset/TRTR_TSTR_results_merged.xlsx,utility,-0.009672049275844863,,0.0,100.0
8. Mushroom dataset,ForestDiffusion,,,F1_Drop,,Logistic Regression,,,Gap,0.01140672103469242,,classification,Generators/Experiment with utility data leak/utility results/8. Mushroom dataset/TRTR_TSTR_results_merged.xlsx,utility,0.01140672103469242,,0.0,100.0
8. Mushroom dataset,ForestDiffusion,,,Precision_Drop,,Logistic Regression,,,Gap,-0.03083178134589359,,classification,Generators/Experiment with utility data leak/utility results/8. Mushroom dataset/TRTR_TSTR_results_merged.xlsx,utility,-0.03083178134589359,,0.0,100.0
8. Mushroom dataset,ForestDiffusion,,,Recall_Drop,,Logistic Regression,,,Gap,0.0609869506524674,,classification,Generators/Experiment with utility data leak/utility results/8. Mushroom dataset/TRTR_TSTR_results_merged.xlsx,utility,0.0609869506524674,,0.0,100.0
8. Mushroom dataset,ForestDiffusion,,0.0,Accuracy,0.6530214749458965,AdaBoost,,Utility,TRTR,0.6530214749458965,0.00911056123636879,classification,Generators/Experiment with utility data leak/utility results/8. Mushroom dataset/TRTR_TSTR_results_merged.xlsx,utility,0.6530214749458965,,0.0,100.0
8. Mushroom dataset,ForestDiffusion,,0.0,Accuracy,0.6569668719826869,AdaBoost,,Utility,TSTR,0.6569668719826869,0.0109464844492528,classification,Generators/Experiment with utility data leak/utility results/8. Mushroom dataset/TRTR_TSTR_results_merged.xlsx,utility,0.6569668719826869,,0.0,100.0
8. Mushroom dataset,ForestDiffusion,,0.0,Accuracy_Gap,0.6569668719826869,AdaBoost,,Utility,Gap,-0.003945397036790421,0.0109464844492528,classification,Generators/Experiment with utility data leak/utility results/8. Mushroom dataset/TRTR_TSTR_results_merged.xlsx,utility,-0.003945397036790421,,0.0,100.0
8. Mushroom dataset,ForestDiffusion,,0.0,F1,0.6586554205410092,AdaBoost,,Utility,TRTR,0.6586554205410092,0.01000642657450882,classification,Generators/Experiment with utility data leak/utility results/8. Mushroom dataset/TRTR_TSTR_results_merged.xlsx,utility,0.6586554205410092,,0.0,100.0
8. Mushroom dataset,ForestDiffusion,,0.0,F1,0.7054501163275078,AdaBoost,,Utility,TSTR,0.7054501163275078,0.005909802092955805,classification,Generators/Experiment with utility data leak/utility results/8. Mushroom dataset/TRTR_TSTR_results_merged.xlsx,utility,0.7054501163275078,,0.0,100.0
8. Mushroom dataset,ForestDiffusion,,0.0,F1_Gap,0.7054501163275078,AdaBoost,,Utility,Gap,-0.04679469578649853,0.005909802092955805,classification,Generators/Experiment with utility data leak/utility results/8. Mushroom dataset/TRTR_TSTR_results_merged.xlsx,utility,-0.04679469578649853,,0.0,100.0
8. Mushroom dataset,ForestDiffusion,,0.0,Precision,0.7262195138345482,AdaBoost,,Utility,TRTR,0.7262195138345482,0.02162521657245883,classification,Generators/Experiment with utility data leak/utility results/8. Mushroom dataset/TRTR_TSTR_results_merged.xlsx,utility,0.7262195138345482,,0.0,100.0
8. Mushroom dataset,ForestDiffusion,,0.0,Precision,0.6749553590245572,AdaBoost,,Utility,TSTR,0.6749553590245572,0.02014059479190419,classification,Generators/Experiment with utility data leak/utility results/8. Mushroom dataset/TRTR_TSTR_results_merged.xlsx,utility,0.6749553590245572,,0.0,100.0
8. Mushroom dataset,ForestDiffusion,,0.0,Precision_Gap,0.6749553590245572,AdaBoost,,Utility,Gap,0.051264154809991025,0.02014059479190419,classification,Generators/Experiment with utility data leak/utility results/8. Mushroom dataset/TRTR_TSTR_results_merged.xlsx,utility,0.051264154809991025,,0.0,100.0
8. Mushroom dataset,ForestDiffusion,,0.0,Recall,0.6036898155092245,AdaBoost,,Utility,TRTR,0.6036898155092245,0.02328275950044984,classification,Generators/Experiment with utility data leak/utility results/8. Mushroom dataset/TRTR_TSTR_results_merged.xlsx,utility,0.6036898155092245,,0.0,100.0
8. Mushroom dataset,ForestDiffusion,,0.0,Recall,0.7405129743512825,AdaBoost,,Utility,TSTR,0.7405129743512825,0.02783700788809631,classification,Generators/Experiment with utility data leak/utility results/8. Mushroom dataset/TRTR_TSTR_results_merged.xlsx,utility,0.7405129743512825,,0.0,100.0
8. Mushroom dataset,ForestDiffusion,,0.0,Recall_Gap,0.7405129743512825,AdaBoost,,Utility,Gap,-0.13682315884205798,0.02783700788809631,classification,Generators/Experiment with utility data leak/utility results/8. Mushroom dataset/TRTR_TSTR_results_merged.xlsx,utility,-0.13682315884205798,,0.0,100.0
8. Mushroom dataset,ForestDiffusion,,,Accuracy_Drop,,AdaBoost,,,Gap,-0.003945397036790421,,classification,Generators/Experiment with utility data leak/utility results/8. Mushroom dataset/TRTR_TSTR_results_merged.xlsx,utility,-0.003945397036790421,,0.0,100.0
8. Mushroom dataset,ForestDiffusion,,,F1_Drop,,AdaBoost,,,Gap,-0.04679469578649853,,classification,Generators/Experiment with utility data leak/utility results/8. Mushroom dataset/TRTR_TSTR_results_merged.xlsx,utility,-0.04679469578649853,,0.0,100.0
8. Mushroom dataset,ForestDiffusion,,,Precision_Drop,,AdaBoost,,,Gap,0.05126415480999102,,classification,Generators/Experiment with utility data leak/utility results/8. Mushroom dataset/TRTR_TSTR_results_merged.xlsx,utility,0.05126415480999102,,0.0,100.0
8. Mushroom dataset,ForestDiffusion,,,Recall_Drop,,AdaBoost,,,Gap,-0.136823158842058,,classification,Generators/Experiment with utility data leak/utility results/8. Mushroom dataset/TRTR_TSTR_results_merged.xlsx,utility,-0.136823158842058,,0.0,100.0
8. Mushroom dataset,ForestDiffusion,,0.0,Accuracy,0.652688530048277,SVM-RBF,,Utility,TRTR,0.652688530048277,0.003540466283100108,classification,Generators/Experiment with utility data leak/utility results/8. Mushroom dataset/TRTR_TSTR_results_merged.xlsx,utility,0.652688530048277,,0.0,100.0
8. Mushroom dataset,ForestDiffusion,,0.0,Accuracy,0.6626602297319792,SVM-RBF,,Utility,TSTR,0.6626602297319792,0.005627384388638883,classification,Generators/Experiment with utility data leak/utility results/8. Mushroom dataset/TRTR_TSTR_results_merged.xlsx,utility,0.6626602297319792,,0.0,100.0
8. Mushroom dataset,ForestDiffusion,,0.0,Accuracy_Gap,0.6626602297319792,SVM-RBF,,Utility,Gap,-0.009971699683702262,0.005627384388638883,classification,Generators/Experiment with utility data leak/utility results/8. Mushroom dataset/TRTR_TSTR_results_merged.xlsx,utility,-0.009971699683702262,,0.0,100.0
8. Mushroom dataset,ForestDiffusion,,0.0,F1,0.7111657290688942,SVM-RBF,,Utility,TRTR,0.7111657290688942,0.002515858645437491,classification,Generators/Experiment with utility data leak/utility results/8. Mushroom dataset/TRTR_TSTR_results_merged.xlsx,utility,0.7111657290688942,,0.0,100.0
8. Mushroom dataset,ForestDiffusion,,0.0,F1,0.6988185941478678,SVM-RBF,,Utility,TSTR,0.6988185941478678,0.005350444122233014,classification,Generators/Experiment with utility data leak/utility results/8. Mushroom dataset/TRTR_TSTR_results_merged.xlsx,utility,0.6988185941478678,,0.0,100.0
8. Mushroom dataset,ForestDiffusion,,0.0,F1_Gap,0.6988185941478678,SVM-RBF,,Utility,Gap,0.012347134921026348,0.005350444122233014,classification,Generators/Experiment with utility data leak/utility results/8. Mushroom dataset/TRTR_TSTR_results_merged.xlsx,utility,0.012347134921026348,,0.0,100.0
8. Mushroom dataset,ForestDiffusion,,0.0,Precision,0.660338278612806,SVM-RBF,,Utility,TRTR,0.660338278612806,0.003326244875037613,classification,Generators/Experiment with utility data leak/utility results/8. Mushroom dataset/TRTR_TSTR_results_merged.xlsx,utility,0.660338278612806,,0.0,100.0
8. Mushroom dataset,ForestDiffusion,,0.0,Precision,0.6925340588965098,SVM-RBF,,Utility,TSTR,0.6925340588965098,0.005459372229371497,classification,Generators/Experiment with utility data leak/utility results/8. Mushroom dataset/TRTR_TSTR_results_merged.xlsx,utility,0.6925340588965098,,0.0,100.0
8. Mushroom dataset,ForestDiffusion,,0.0,Precision_Gap,0.6925340588965098,SVM-RBF,,Utility,Gap,-0.032195780283703734,0.005459372229371497,classification,Generators/Experiment with utility data leak/utility results/8. Mushroom dataset/TRTR_TSTR_results_merged.xlsx,utility,-0.032195780283703734,,0.0,100.0
8. Mushroom dataset,ForestDiffusion,,0.0,Recall,0.7704814759262038,SVM-RBF,,Utility,TRTR,0.7704814759262038,0.002684656261806534,classification,Generators/Experiment with utility data leak/utility results/8. Mushroom dataset/TRTR_TSTR_results_merged.xlsx,utility,0.7704814759262038,,0.0,100.0
8. Mushroom dataset,ForestDiffusion,,0.0,Recall,0.7052647367631618,SVM-RBF,,Utility,TSTR,0.7052647367631618,0.007750128605416733,classification,Generators/Experiment with utility data leak/utility results/8. Mushroom dataset/TRTR_TSTR_results_merged.xlsx,utility,0.7052647367631618,,0.0,100.0
8. Mushroom dataset,ForestDiffusion,,0.0,Recall_Gap,0.7052647367631618,SVM-RBF,,Utility,Gap,0.06521673916304194,0.007750128605416733,classification,Generators/Experiment with utility data leak/utility results/8. Mushroom dataset/TRTR_TSTR_results_merged.xlsx,utility,0.06521673916304194,,0.0,100.0
8. Mushroom dataset,ForestDiffusion,,,Accuracy_Drop,,SVM-RBF,,,Gap,-0.009971699683702262,,classification,Generators/Experiment with utility data leak/utility results/8. Mushroom dataset/TRTR_TSTR_results_merged.xlsx,utility,-0.009971699683702262,,0.0,100.0
8. Mushroom dataset,ForestDiffusion,,,F1_Drop,,SVM-RBF,,,Gap,0.01234713492102635,,classification,Generators/Experiment with utility data leak/utility results/8. Mushroom dataset/TRTR_TSTR_results_merged.xlsx,utility,0.01234713492102635,,0.0,100.0
8. Mushroom dataset,ForestDiffusion,,,Precision_Drop,,SVM-RBF,,,Gap,-0.03219578028370373,,classification,Generators/Experiment with utility data leak/utility results/8. Mushroom dataset/TRTR_TSTR_results_merged.xlsx,utility,-0.03219578028370373,,0.0,100.0
8. Mushroom dataset,ForestDiffusion,,,Recall_Drop,,SVM-RBF,,,Gap,0.06521673916304194,,classification,Generators/Experiment with utility data leak/utility results/8. Mushroom dataset/TRTR_TSTR_results_merged.xlsx,utility,0.06521673916304194,,0.0,100.0
8. Mushroom dataset,ForestDiffusion,,0.0,Accuracy,0.6093557516231064,Naive Bayes,,Utility,TRTR,0.6093557516231064,0.002206246746399765,classification,Generators/Experiment with utility data leak/utility results/8. Mushroom dataset/TRTR_TSTR_results_merged.xlsx,utility,0.6093557516231064,,0.0,100.0
8. Mushroom dataset,ForestDiffusion,,0.0,Accuracy,0.5940069918428501,Naive Bayes,,Utility,TSTR,0.5940069918428501,0.004325593662813265,classification,Generators/Experiment with utility data leak/utility results/8. Mushroom dataset/TRTR_TSTR_results_merged.xlsx,utility,0.5940069918428501,,0.0,100.0
8. Mushroom dataset,ForestDiffusion,,0.0,Accuracy_Gap,0.5940069918428501,Naive Bayes,,Utility,Gap,0.015348759780256294,0.004325593662813265,classification,Generators/Experiment with utility data leak/utility results/8. Mushroom dataset/TRTR_TSTR_results_merged.xlsx,utility,0.015348759780256294,,0.0,100.0
8. Mushroom dataset,ForestDiffusion,,0.0,F1,0.5471586204572338,Naive Bayes,,Utility,TRTR,0.5471586204572338,0.003948342675541275,classification,Generators/Experiment with utility data leak/utility results/8. Mushroom dataset/TRTR_TSTR_results_merged.xlsx,utility,0.5471586204572338,,0.0,100.0
8. Mushroom dataset,ForestDiffusion,,0.0,F1,0.5258634247519973,Naive Bayes,,Utility,TSTR,0.5258634247519973,0.00787705473555553,classification,Generators/Experiment with utility data leak/utility results/8. Mushroom dataset/TRTR_TSTR_results_merged.xlsx,utility,0.5258634247519973,,0.0,100.0
8. Mushroom dataset,ForestDiffusion,,0.0,F1_Gap,0.5258634247519973,Naive Bayes,,Utility,Gap,0.021295195705236525,0.00787705473555553,classification,Generators/Experiment with utility data leak/utility results/8. Mushroom dataset/TRTR_TSTR_results_merged.xlsx,utility,0.021295195705236525,,0.0,100.0
8. Mushroom dataset,ForestDiffusion,,0.0,Precision,0.7669376693867336,Naive Bayes,,Utility,TRTR,0.7669376693867336,0.002744162729666706,classification,Generators/Experiment with utility data leak/utility results/8. Mushroom dataset/TRTR_TSTR_results_merged.xlsx,utility,0.7669376693867336,,0.0,100.0
8. Mushroom dataset,ForestDiffusion,,0.0,Precision,0.7471363260614226,Naive Bayes,,Utility,TSTR,0.7471363260614226,0.007472677631446342,classification,Generators/Experiment with utility data leak/utility results/8. Mushroom dataset/TRTR_TSTR_results_merged.xlsx,utility,0.7471363260614226,,0.0,100.0
8. Mushroom dataset,ForestDiffusion,,0.0,Precision_Gap,0.7471363260614226,Naive Bayes,,Utility,Gap,0.019801343325311027,0.007472677631446342,classification,Generators/Experiment with utility data leak/utility results/8. Mushroom dataset/TRTR_TSTR_results_merged.xlsx,utility,0.019801343325311027,,0.0,100.0
8. Mushroom dataset,ForestDiffusion,,0.0,Recall,0.4253037348132593,Naive Bayes,,Utility,TRTR,0.4253037348132593,0.004574279456311722,classification,Generators/Experiment with utility data leak/utility results/8. Mushroom dataset/TRTR_TSTR_results_merged.xlsx,utility,0.4253037348132593,,0.0,100.0
8. Mushroom dataset,ForestDiffusion,,0.0,Recall,0.4058047097645117,Naive Bayes,,Utility,TSTR,0.4058047097645117,0.009362764476637342,classification,Generators/Experiment with utility data leak/utility results/8. Mushroom dataset/TRTR_TSTR_results_merged.xlsx,utility,0.4058047097645117,,0.0,100.0
8. Mushroom dataset,ForestDiffusion,,0.0,Recall_Gap,0.4058047097645117,Naive Bayes,,Utility,Gap,0.019499025048747565,0.009362764476637342,classification,Generators/Experiment with utility data leak/utility results/8. Mushroom dataset/TRTR_TSTR_results_merged.xlsx,utility,0.019499025048747565,,0.0,100.0
8. Mushroom dataset,ForestDiffusion,,,Accuracy_Drop,,Naive Bayes,,,Gap,0.01534875978025629,,classification,Generators/Experiment with utility data leak/utility results/8. Mushroom dataset/TRTR_TSTR_results_merged.xlsx,utility,0.01534875978025629,,0.0,100.0
8. Mushroom dataset,ForestDiffusion,,,F1_Drop,,Naive Bayes,,,Gap,0.02129519570523652,,classification,Generators/Experiment with utility data leak/utility results/8. Mushroom dataset/TRTR_TSTR_results_merged.xlsx,utility,0.02129519570523652,,0.0,100.0
8. Mushroom dataset,ForestDiffusion,,,Precision_Drop,,Naive Bayes,,,Gap,0.01980134332531103,,classification,Generators/Experiment with utility data leak/utility results/8. Mushroom dataset/TRTR_TSTR_results_merged.xlsx,utility,0.01980134332531103,,0.0,100.0
8. Mushroom dataset,ForestDiffusion,,,Recall_Drop,,Naive Bayes,,,Gap,0.01949902504874756,,classification,Generators/Experiment with utility data leak/utility results/8. Mushroom dataset/TRTR_TSTR_results_merged.xlsx,utility,0.01949902504874756,,0.0,100.0
8. Mushroom dataset,CopulaGAN,,0.0,Wasserstein_Distance,0.009572,,,Fidelity,Score,0.009572,,,Generators/SDV models/8. Mushroom.ipynb,,,,,
8. Mushroom dataset,CTGAN,,0.0,Wasserstein_Distance,0.010058,,,Fidelity,Score,0.010058,,,Generators/SDV models/8. Mushroom.ipynb,,,,,
8. Mushroom dataset,GaussianCopula,,0.0,Wasserstein_Distance,0.010206,,,Fidelity,Score,0.010206,,,Generators/SDV models/8. Mushroom.ipynb,,,,,
8. Mushroom dataset,TVAE,,0.0,Wasserstein_Distance,0.02159,,,Fidelity,Score,0.02159,,,Generators/SDV models/8. Mushroom.ipynb,,,,,
8. Mushroom dataset,CTGAN,,0.0,Gower_Distance,0.338231,,,Fidelity,Score,0.338231,,,Generators/SDV models/8. Mushroom.ipynb,,,,,
8. Mushroom dataset,CopulaGAN,,0.0,Gower_Distance,0.33632,,,Fidelity,Score,0.33632,,,Generators/SDV models/8. Mushroom.ipynb,,,,,
8. Mushroom dataset,TVAE,,0.0,Gower_Distance,0.357493,,,Fidelity,Score,0.357493,,,Generators/SDV models/8. Mushroom.ipynb,,,,,
8. Mushroom dataset,GaussianCopula,,0.0,Gower_Distance,0.345135,,,Fidelity,Score,0.345135,,,Generators/SDV models/8. Mushroom.ipynb,,,,,
8. Mushroom dataset,GaussianCopula,,0.0,MMD,0.002653,,,Fidelity,Score,0.002653,,,Generators/SDV models/8. Mushroom.ipynb,,,,,
8. Mushroom dataset,CTGAN,,0.0,MMD,0.004656,,,Fidelity,Score,0.004656,,,Generators/SDV models/8. Mushroom.ipynb,,,,,
8. Mushroom dataset,CopulaGAN,,0.0,MMD,0.006614,,,Fidelity,Score,0.006614,,,Generators/SDV models/8. Mushroom.ipynb,,,,,
8. Mushroom dataset,TVAE,,0.0,MMD,0.027479,,,Fidelity,Score,0.027479,,,Generators/SDV models/8. Mushroom.ipynb,,,,,
8. Mushroom dataset,TVAE,,0.0,Cosine_Similarity,0.038429,,,Fidelity,Score,0.038429,,,Generators/SDV models/8. Mushroom.ipynb,,,,,
8. Mushroom dataset,CTGAN,,0.0,Cosine_Similarity,0.028863,,,Fidelity,Score,0.028863,,,Generators/SDV models/8. Mushroom.ipynb,,,,,
8. Mushroom dataset,GaussianCopula,,0.0,Cosine_Similarity,0.026794,,,Fidelity,Score,0.026794,,,Generators/SDV models/8. Mushroom.ipynb,,,,,
8. Mushroom dataset,CopulaGAN,,0.0,Cosine_Similarity,0.014609,,,Fidelity,Score,0.014609,,,Generators/SDV models/8. Mushroom.ipynb,,,,,
8. Mushroom dataset,CTGAN,,0.0,PCA_Mean_Error,3.741476,,,Fidelity,Score,3.741476,,,Generators/SDV models/8. Mushroom.ipynb,,,,,
8. Mushroom dataset,CopulaGAN,,0.0,PCA_Mean_Error,5.29511,,,Fidelity,Score,5.29511,,,Generators/SDV models/8. Mushroom.ipynb,,,,,
8. Mushroom dataset,TVAE,,0.0,PCA_Mean_Error,3.943863,,,Fidelity,Score,3.943863,,,Generators/SDV models/8. Mushroom.ipynb,,,,,
8. Mushroom dataset,GaussianCopula,,0.0,PCA_Mean_Error,1.3367,,,Fidelity,Score,1.3367,,,Generators/SDV models/8. Mushroom.ipynb,,,,,
8. Mushroom dataset,CTGAN,,0.0,PCA_Correlation_Diff,0.327562,,,Fidelity,Score,0.327562,,,Generators/SDV models/8. Mushroom.ipynb,,,,,
8. Mushroom dataset,CopulaGAN,,0.0,PCA_Correlation_Diff,0.36268,,,Fidelity,Score,0.36268,,,Generators/SDV models/8. Mushroom.ipynb,,,,,
8. Mushroom dataset,TVAE,,0.0,PCA_Correlation_Diff,0.157087,,,Fidelity,Score,0.157087,,,Generators/SDV models/8. Mushroom.ipynb,,,,,
8. Mushroom dataset,GaussianCopula,,0.0,PCA_Correlation_Diff,0.089522,,,Fidelity,Score,0.089522,,,Generators/SDV models/8. Mushroom.ipynb,,,,,
8. Mushroom dataset,GaussianCopula,,0.0,MMD_Multivariate,0.002145,,,Fidelity,Score,0.002145,,,Generators/SDV models/8. Mushroom.ipynb,,,,,
8. Mushroom dataset,CTGAN,,0.0,MMD_Multivariate,0.004699,,,Fidelity,Score,0.004699,,,Generators/SDV models/8. Mushroom.ipynb,,,,,
8. Mushroom dataset,CopulaGAN,,0.0,MMD_Multivariate,0.006553,,,Fidelity,Score,0.006553,,,Generators/SDV models/8. Mushroom.ipynb,,,,,
8. Mushroom dataset,TVAE,,0.0,MMD_Multivariate,0.024753,,,Fidelity,Score,0.024753,,,Generators/SDV models/8. Mushroom.ipynb,,,,,
8. Mushroom dataset,CTGAN,,0.0,KS_Complement,0.9179,,,Fidelity,Score,0.9179,,,Generators/SDV models/8. Mushroom.ipynb,,,,,
8. Mushroom dataset,CopulaGAN,,0.0,KS_Complement,0.9233,,,Fidelity,Score,0.9233,,,Generators/SDV models/8. Mushroom.ipynb,,,,,
8. Mushroom dataset,TVAE,,0.0,KS_Complement,0.922,,,Fidelity,Score,0.922,,,Generators/SDV models/8. Mushroom.ipynb,,,,,
8. Mushroom dataset,GaussianCopula,,0.0,KS_Complement,0.9840000000000001,,,Fidelity,Score,0.9840000000000001,,,Generators/SDV models/8. Mushroom.ipynb,,,,,
8. Mushroom dataset,CTGAN,,0.0,JS_Divergence,0.0131428571428571,,,Fidelity,Score,0.0131428571428571,,,Results/Supplementary/js_divergence_from_plots.csv,,,,,
8. Mushroom dataset,CopulaGAN,,0.0,JS_Divergence,0.0109230769230769,,,Fidelity,Score,0.0109230769230769,,,Results/Supplementary/js_divergence_from_plots.csv,,,,,
8. Mushroom dataset,TVAE,,0.0,JS_Divergence,0.008,,,Fidelity,Score,0.008,,,Results/Supplementary/js_divergence_from_plots.csv,,,,,
8. Mushroom dataset,GaussianCopula,,0.0,JS_Divergence,0.0236666666666666,,,Fidelity,Score,0.0236666666666666,,,Results/Supplementary/js_divergence_from_plots.csv,,,,,
8. Mushroom dataset,CTABGAN,,0.0,Wasserstein_Distance,0.013457,,,Fidelity,Score,0.013457,,,Generators/Other GANS/8. Mushroom_other GAN.ipynb,,,,,
8. Mushroom dataset,WGAN_GP,,0.0,Wasserstein_Distance,0.08401,,,Fidelity,Score,0.08401,,,Generators/Other GANS/8. Mushroom_other GAN.ipynb,,,,,
8. Mushroom dataset,CTABGAN,,0.0,Gower_Distance,0.338105,,,Fidelity,Score,0.338105,,,Generators/Other GANS/8. Mushroom_other GAN.ipynb,,,,,
8. Mushroom dataset,WGAN_GP,,0.0,Gower_Distance,0.29057,,,Fidelity,Score,0.29057,,,Generators/Other GANS/8. Mushroom_other GAN.ipynb,,,,,
8. Mushroom dataset,CTABGAN,,0.0,MMD,0.005531,,,Fidelity,Score,0.005531,,,Generators/Other GANS/8. Mushroom_other GAN.ipynb,,,,,
8. Mushroom dataset,WGAN_GP,,0.0,MMD,0.235867,,,Fidelity,Score,0.235867,,,Generators/Other GANS/8. Mushroom_other GAN.ipynb,,,,,
8. Mushroom dataset,CTABGAN,,0.0,Cosine_Similarity,0.000778,,,Fidelity,Score,0.000778,,,Generators/Other GANS/8. Mushroom_other GAN.ipynb,,,,,
8. Mushroom dataset,WGAN_GP,,0.0,Cosine_Similarity,-0.005969,,,Fidelity,Score,-0.005969,,,Generators/Other GANS/8. Mushroom_other GAN.ipynb,,,,,
8. Mushroom dataset,CTABGAN,,0.0,PCA_Mean_Error,21.351658,,,Fidelity,Score,21.351658,,,Generators/Other GANS/8. Mushroom_other GAN.ipynb,,,,,
8. Mushroom dataset,WGAN_GP,,0.0,PCA_Mean_Error,10.334658,,,Fidelity,Score,10.334658,,,Generators/Other GANS/8. Mushroom_other GAN.ipynb,,,,,
8. Mushroom dataset,CTABGAN,,0.0,PCA_Correlation_Diff,0.754972,,,Fidelity,Score,0.754972,,,Generators/Other GANS/8. Mushroom_other GAN.ipynb,,,,,
8. Mushroom dataset,WGAN_GP,,0.0,PCA_Correlation_Diff,0.165821,,,Fidelity,Score,0.165821,,,Generators/Other GANS/8. Mushroom_other GAN.ipynb,,,,,
8. Mushroom dataset,WGAN_GP,,0.0,MMD_Multivariate,0.027574,,,Fidelity,Score,0.027574,,,Generators/Other GANS/8. Mushroom_other GAN.ipynb,,,,,
8. Mushroom dataset,CTABGAN,,0.0,MMD_Multivariate,0.064502,,,Fidelity,Score,0.064502,,,Generators/Other GANS/8. Mushroom_other GAN.ipynb,,,,,
8. Mushroom dataset,CTABGAN,,0.0,KS_Complement,0.9218000000000001,,,Fidelity,Score,0.9218000000000001,,,Generators/Other GANS/8. Mushroom_other GAN.ipynb,,,,,
8. Mushroom dataset,WGAN_GP,,0.0,KS_Complement,0.6004999999999999,,,Fidelity,Score,0.6004999999999999,,,Generators/Other GANS/8. Mushroom_other GAN.ipynb,,,,,
8. Mushroom dataset,CTABGAN,,0.0,JS_Divergence,0.021,,,Fidelity,Score,0.021,,,Results/Supplementary/js_divergence_from_plots.csv,,,,,
8. Mushroom dataset,WGAN_GP,,0.0,JS_Divergence,0.3174705882352941,,,Fidelity,Score,0.3174705882352941,,,Results/Supplementary/js_divergence_from_plots.csv,,,,,
8. Mushroom dataset,ForestDiffusion,,0.0,Wasserstein_Distance,0.128891,,,Fidelity,Score,0.128891,,,Generators/Diffusion GANs/8. Mushroom_diffusion.ipynb,,,,,
8. Mushroom dataset,TabDDPM,,0.0,Wasserstein_Distance,0.195305,,,Fidelity,Score,0.195305,,,Generators/Diffusion GANs/8. Mushroom_diffusion.ipynb,,,,,
8. Mushroom dataset,TabDDPM,,0.0,Gower_Distance,0.174698,,,Fidelity,Score,0.174698,,,Generators/Diffusion GANs/8. Mushroom_diffusion.ipynb,,,,,
8. Mushroom dataset,ForestDiffusion,,0.0,Gower_Distance,0.345428,,,Fidelity,Score,0.345428,,,Generators/Diffusion GANs/8. Mushroom_diffusion.ipynb,,,,,
8. Mushroom dataset,ForestDiffusion,,0.0,MMD,0.223162,,,Fidelity,Score,0.223162,,,Generators/Diffusion GANs/8. Mushroom_diffusion.ipynb,,,,,
8. Mushroom dataset,TabDDPM,,0.0,MMD,0.408414,,,Fidelity,Score,0.408414,,,Generators/Diffusion GANs/8. Mushroom_diffusion.ipynb,,,,,
8. Mushroom dataset,ForestDiffusion,,0.0,Cosine_Similarity,-0.006439,,,Fidelity,Score,-0.006439,,,Generators/Diffusion GANs/8. Mushroom_diffusion.ipynb,,,,,
8. Mushroom dataset,TabDDPM,,0.0,Cosine_Similarity,-0.010754,,,Fidelity,Score,-0.010754,,,Generators/Diffusion GANs/8. Mushroom_diffusion.ipynb,,,,,
8. Mushroom dataset,TabDDPM,,0.0,PCA_Mean_Error,184.402845,,,Fidelity,Score,184.402845,,,Generators/Diffusion GANs/8. Mushroom_diffusion.ipynb,,,,,
8. Mushroom dataset,ForestDiffusion,,0.0,PCA_Mean_Error,9.037819,,,Fidelity,Score,9.037819,,,Generators/Diffusion GANs/8. Mushroom_diffusion.ipynb,,,,,
8. Mushroom dataset,TabDDPM,,0.0,PCA_Correlation_Diff,0.610188,,,Fidelity,Score,0.610188,,,Generators/Diffusion GANs/8. Mushroom_diffusion.ipynb,,,,,
8. Mushroom dataset,ForestDiffusion,,0.0,PCA_Correlation_Diff,0.050646,,,Fidelity,Score,0.050646,,,Generators/Diffusion GANs/8. Mushroom_diffusion.ipynb,,,,,
8. Mushroom dataset,ForestDiffusion,,0.0,MMD_Multivariate,0.035106,,,Fidelity,Score,0.035106,,,Generators/Diffusion GANs/8. Mushroom_diffusion.ipynb,,,,,
8. Mushroom dataset,TabDDPM,,0.0,MMD_Multivariate,0.326503,,,Fidelity,Score,0.326503,,,Generators/Diffusion GANs/8. Mushroom_diffusion.ipynb,,,,,
8. Mushroom dataset,TabDDPM,,0.0,KS_Complement,0.45280000000000004,,,Fidelity,Score,0.45280000000000004,,,Generators/Diffusion GANs/8. Mushroom_diffusion.ipynb,,,,,
8. Mushroom dataset,ForestDiffusion,,0.0,KS_Complement,0.574,,,Fidelity,Score,0.574,,,Generators/Diffusion GANs/8. Mushroom_diffusion.ipynb,,,,,
8. Mushroom dataset,TabDDPM,,0.0,JS_Divergence,0.4794117647058823,,,Fidelity,Score,0.4794117647058823,,,Results/Supplementary/js_divergence_from_plots.csv,,,,,
8. Mushroom dataset,ForestDiffusion,,0.0,JS_Divergence,0.1098235294117647,,,Fidelity,Score,0.1098235294117647,,,Results/Supplementary/js_divergence_from_plots.csv,,,,,
8. Mushroom dataset,TVAE,,0.0,Quality_Score,0.914558,,,Fidelity,,0.914558,,,Generators/SDV models/8. Mushroom.ipynb,fidelity,0.914558,,,
8. Mushroom dataset,GaussianCopula,,0.0,Quality_Score,0.909833,,,Fidelity,,0.909833,,,Generators/SDV models/8. Mushroom.ipynb,fidelity,0.909833,,,
8. Mushroom dataset,CopulaGAN,,0.0,Quality_Score,0.892834,,,Fidelity,,0.892834,,,Generators/SDV models/8. Mushroom.ipynb,fidelity,0.892834,,,
8. Mushroom dataset,CTGAN,,0.0,Quality_Score,0.878921,,,Fidelity,,0.878921,,,Generators/SDV models/8. Mushroom.ipynb,fidelity,0.878921,,,
8. Mushroom dataset,CTABGAN,,0.0,Quality_Score,0.921772,,,Fidelity,,0.921772,,,Generators/Other GANS/8. Mushroom_other GAN.ipynb,fidelity,0.921772,,,
8. Mushroom dataset,WGAN_GP,,0.0,Quality_Score,0.600454,,,Fidelity,,0.600454,,,Generators/Other GANS/8. Mushroom_other GAN.ipynb,fidelity,0.600454,,,
8. Mushroom dataset,ForestDiffusion,,0.0,Quality_Score,0.573974,,,Fidelity,,0.573974,,,Generators/Diffusion GANs/8. Mushroom_diffusion.ipynb,fidelity,0.573974,,,
8. Mushroom dataset,TabDDPM,,0.0,Quality_Score,0.452807,,,Fidelity,,0.452807,,,Generators/Diffusion GANs/8. Mushroom_diffusion.ipynb,fidelity,0.452807,,,
8. Mushroom dataset,GaussianCopula,,0.0,Mean_Distance,0.3940570978261434,,,Privacy,Score,0.3940570978261434,,,/home/gopi.battineni/SYNTH_BENCHMARK/Generators/SDV models/Excel sheets/Hungarian_Mahalanobis_Four_Models_Secondary_Mushroom.xlsx,privacy,0.3940570978261434,,0.0,100.0
8. Mushroom dataset,TVAE,,0.0,Mean_Distance,0.4330184728020023,,,Privacy,Score,0.4330184728020023,,,/home/gopi.battineni/SYNTH_BENCHMARK/Generators/SDV models/Excel sheets/Hungarian_Mahalanobis_Four_Models_Secondary_Mushroom.xlsx,privacy,0.4330184728020023,,0.0,100.0
8. Mushroom dataset,CTGAN,,0.0,Mean_Distance,0.4861690905004704,,,Privacy,Score,0.4861690905004704,,,/home/gopi.battineni/SYNTH_BENCHMARK/Generators/SDV models/Excel sheets/Hungarian_Mahalanobis_Four_Models_Secondary_Mushroom.xlsx,privacy,0.4861690905004704,,0.0,100.0
8. Mushroom dataset,CopulaGAN,,0.0,Mean_Distance,0.5394674015084815,,,Privacy,Score,0.5394674015084815,,,/home/gopi.battineni/SYNTH_BENCHMARK/Generators/SDV models/Excel sheets/Hungarian_Mahalanobis_Four_Models_Secondary_Mushroom.xlsx,privacy,0.5394674015084815,,0.0,100.0
8. Mushroom dataset,WGAN_GP,,0.0,Mean_Distance,1.040747,,,Privacy,Score,1.040747,,,Generators/Other GANS/8. Mushroom_other GAN.ipynb,,,,,
8. Mushroom dataset,CTABGAN,,0.0,Mean_Distance,1.817611,,,Privacy,Score,1.817611,,,Generators/Other GANS/8. Mushroom_other GAN.ipynb,,,,,
8. Mushroom dataset,ForestDiffusion,,0.0,Mean_Distance,0.527554,,,Privacy,Score,0.527554,,,Generators/Diffusion GANs/8. Mushroom_diffusion.ipynb,,,,,
8. Mushroom dataset,TabDDPM,,0.0,Mean_Distance,9.243277,,,Privacy,Score,9.243277,,,Generators/Diffusion GANs/8. Mushroom_diffusion.ipynb,,,,,
8. Mushroom dataset,GaussianCopula,,0.0,Median_Distance,0.2254726919414616,,,Privacy,Score,0.2254726919414616,,,/home/gopi.battineni/SYNTH_BENCHMARK/Generators/SDV models/Excel sheets/Hungarian_Mahalanobis_Four_Models_Secondary_Mushroom.xlsx,privacy,0.2254726919414616,,0.0,100.0
8. Mushroom dataset,GaussianCopula,,0.0,Std_Distance,0.6656111910637376,,,Privacy,Score,0.6656111910637376,,,/home/gopi.battineni/SYNTH_BENCHMARK/Generators/SDV models/Excel sheets/Hungarian_Mahalanobis_Four_Models_Secondary_Mushroom.xlsx,privacy,0.6656111910637376,,0.0,100.0
8. Mushroom dataset,GaussianCopula,,0.0,Min_Distance,0.002146086828991257,,,Privacy,Score,0.002146086828991257,,,/home/gopi.battineni/SYNTH_BENCHMARK/Generators/SDV models/Excel sheets/Hungarian_Mahalanobis_Four_Models_Secondary_Mushroom.xlsx,privacy,0.002146086828991257,,0.0,100.0
8. Mushroom dataset,GaussianCopula,,0.0,Max_Distance,8.674030931532393,,,Privacy,Score,8.674030931532393,,,/home/gopi.battineni/SYNTH_BENCHMARK/Generators/SDV models/Excel sheets/Hungarian_Mahalanobis_Four_Models_Secondary_Mushroom.xlsx,privacy,8.674030931532393,,0.0,100.0
8. Mushroom dataset,TVAE,,0.0,Median_Distance,0.2391303192908091,,,Privacy,Score,0.2391303192908091,,,/home/gopi.battineni/SYNTH_BENCHMARK/Generators/SDV models/Excel sheets/Hungarian_Mahalanobis_Four_Models_Secondary_Mushroom.xlsx,privacy,0.2391303192908091,,0.0,100.0
8. Mushroom dataset,TVAE,,0.0,Std_Distance,0.5819500932247141,,,Privacy,Score,0.5819500932247141,,,/home/gopi.battineni/SYNTH_BENCHMARK/Generators/SDV models/Excel sheets/Hungarian_Mahalanobis_Four_Models_Secondary_Mushroom.xlsx,privacy,0.5819500932247141,,0.0,100.0
8. Mushroom dataset,TVAE,,0.0,Min_Distance,0.002386147886231051,,,Privacy,Score,0.002386147886231051,,,/home/gopi.battineni/SYNTH_BENCHMARK/Generators/SDV models/Excel sheets/Hungarian_Mahalanobis_Four_Models_Secondary_Mushroom.xlsx,privacy,0.002386147886231051,,0.0,100.0
8. Mushroom dataset,TVAE,,0.0,Max_Distance,7.677494416667606,,,Privacy,Score,7.677494416667606,,,/home/gopi.battineni/SYNTH_BENCHMARK/Generators/SDV models/Excel sheets/Hungarian_Mahalanobis_Four_Models_Secondary_Mushroom.xlsx,privacy,7.677494416667606,,0.0,100.0
8. Mushroom dataset,CTGAN,,0.0,Median_Distance,0.2672439677717343,,,Privacy,Score,0.2672439677717343,,,/home/gopi.battineni/SYNTH_BENCHMARK/Generators/SDV models/Excel sheets/Hungarian_Mahalanobis_Four_Models_Secondary_Mushroom.xlsx,privacy,0.2672439677717343,,0.0,100.0
8. Mushroom dataset,CTGAN,,0.0,Std_Distance,0.6432292575753934,,,Privacy,Score,0.6432292575753934,,,/home/gopi.battineni/SYNTH_BENCHMARK/Generators/SDV models/Excel sheets/Hungarian_Mahalanobis_Four_Models_Secondary_Mushroom.xlsx,privacy,0.6432292575753934,,0.0,100.0
8. Mushroom dataset,CTGAN,,0.0,Min_Distance,0.0,,,Privacy,Score,0.0,,,/home/gopi.battineni/SYNTH_BENCHMARK/Generators/SDV models/Excel sheets/Hungarian_Mahalanobis_Four_Models_Secondary_Mushroom.xlsx,privacy,0.0,,0.0,100.0
8. Mushroom dataset,CTGAN,,0.0,Max_Distance,7.073248842283225,,,Privacy,Score,7.073248842283225,,,/home/gopi.battineni/SYNTH_BENCHMARK/Generators/SDV models/Excel sheets/Hungarian_Mahalanobis_Four_Models_Secondary_Mushroom.xlsx,privacy,7.073248842283225,,0.0,100.0
8. Mushroom dataset,CopulaGAN,,0.0,Median_Distance,0.2874242337085394,,,Privacy,Score,0.2874242337085394,,,/home/gopi.battineni/SYNTH_BENCHMARK/Generators/SDV models/Excel sheets/Hungarian_Mahalanobis_Four_Models_Secondary_Mushroom.xlsx,privacy,0.2874242337085394,,0.0,100.0
8. Mushroom dataset,CopulaGAN,,0.0,Std_Distance,0.7106181738402562,,,Privacy,Score,0.7106181738402562,,,/home/gopi.battineni/SYNTH_BENCHMARK/Generators/SDV models/Excel sheets/Hungarian_Mahalanobis_Four_Models_Secondary_Mushroom.xlsx,privacy,0.7106181738402562,,0.0,100.0
8. Mushroom dataset,CopulaGAN,,0.0,Min_Distance,0.0,,,Privacy,Score,0.0,,,/home/gopi.battineni/SYNTH_BENCHMARK/Generators/SDV models/Excel sheets/Hungarian_Mahalanobis_Four_Models_Secondary_Mushroom.xlsx,privacy,0.0,,0.0,100.0
8. Mushroom dataset,CopulaGAN,,0.0,Max_Distance,7.220497162081333,,,Privacy,Score,7.220497162081333,,,/home/gopi.battineni/SYNTH_BENCHMARK/Generators/SDV models/Excel sheets/Hungarian_Mahalanobis_Four_Models_Secondary_Mushroom.xlsx,privacy,7.220497162081333,,0.0,100.0
8. Mushroom dataset,CopulaGAN,,0.0,NNDR,0.168347,,,Privacy,Score,0.168347,,,Generators/SDV models/8. Mushroom.ipynb,,,,,
8. Mushroom dataset,CTGAN,,0.0,NNDR,0.159398,,,Privacy,Score,0.159398,,,Generators/SDV models/8. Mushroom.ipynb,,,,,
8. Mushroom dataset,GaussianCopula,,0.0,NNDR,0.132641,,,Privacy,Score,0.132641,,,Generators/SDV models/8. Mushroom.ipynb,,,,,
8. Mushroom dataset,TVAE,,0.0,NNDR,0.082171,,,Privacy,Score,0.082171,,,Generators/SDV models/8. Mushroom.ipynb,,,,,
8. Mushroom dataset,GaussianCopula,,0.0,Hungarian_Cosine_Similarity,0.994428,,,Privacy,Score,0.994428,,,Generators/SDV models/8. Mushroom.ipynb,,,,,
8. Mushroom dataset,GaussianCopula,,0.0,Num_Matches,10000.0,,,Privacy,Score,10000.0,,,Generators/SDV models/8. Mushroom.ipynb,,,,,
8. Mushroom dataset,CopulaGAN,,0.0,Hungarian_Cosine_Similarity,0.989882,,,Privacy,Score,0.989882,,,Generators/SDV models/8. Mushroom.ipynb,,,,,
8. Mushroom dataset,CopulaGAN,,0.0,Num_Matches,10000.0,,,Privacy,Score,10000.0,,,Generators/SDV models/8. Mushroom.ipynb,,,,,
8. Mushroom dataset,CTGAN,,0.0,Hungarian_Cosine_Similarity,0.988783,,,Privacy,Score,0.988783,,,Generators/SDV models/8. Mushroom.ipynb,,,,,
8. Mushroom dataset,CTGAN,,0.0,Num_Matches,10000.0,,,Privacy,Score,10000.0,,,Generators/SDV models/8. Mushroom.ipynb,,,,,
8. Mushroom dataset,TVAE,,0.0,Hungarian_Cosine_Similarity,0.983587,,,Privacy,Score,0.983587,,,Generators/SDV models/8. Mushroom.ipynb,,,,,
8. Mushroom dataset,TVAE,,0.0,Num_Matches,10000.0,,,Privacy,Score,10000.0,,,Generators/SDV models/8. Mushroom.ipynb,,,,,
8. Mushroom dataset,TVAE,,0.0,Mahalanobis_Distance,0.796929,,,Privacy,Score,0.796929,,,Generators/SDV models/8. Mushroom.ipynb,,,,,
8. Mushroom dataset,CopulaGAN,,0.0,Mahalanobis_Distance,1.115481,,,Privacy,Score,1.115481,,,Generators/SDV models/8. Mushroom.ipynb,,,,,
8. Mushroom dataset,GaussianCopula,,0.0,Mahalanobis_Distance,1.124839,,,Privacy,Score,1.124839,,,Generators/SDV models/8. Mushroom.ipynb,,,,,
8. Mushroom dataset,CTGAN,,0.0,Mahalanobis_Distance,1.213082,,,Privacy,Score,1.213082,,,Generators/SDV models/8. Mushroom.ipynb,,,,,
8. Mushroom dataset,CopulaGAN,,0.0,MIA_AUC,0.601795,,,Privacy,Score,0.601795,,,Generators/SDV models/8. Mushroom.ipynb,,,,,
8. Mushroom dataset,GaussianCopula,,0.0,MIA_AUC,0.593068,,,Privacy,Score,0.593068,,,Generators/SDV models/8. Mushroom.ipynb,,,,,
8. Mushroom dataset,CTGAN,,0.0,MIA_AUC,0.589119,,,Privacy,Score,0.589119,,,Generators/SDV models/8. Mushroom.ipynb,,,,,
8. Mushroom dataset,TVAE,,0.0,MIA_AUC,0.393628,,,Privacy,Score,0.393628,,,Generators/SDV models/8. Mushroom.ipynb,,,,,
8. Mushroom dataset,WGAN_GP,,0.0,NNDR,19.131607,,,Privacy,Score,19.131607,,,Generators/Other GANS/8. Mushroom_other GAN.ipynb,,,,,
8. Mushroom dataset,CTABGAN,,0.0,NNDR,10.347531,,,Privacy,Score,10.347531,,,Generators/Other GANS/8. Mushroom_other GAN.ipynb,,,,,
8. Mushroom dataset,CTABGAN,,0.0,Hungarian_Cosine_Similarity,0.9666,,,Privacy,Score,0.9666,,,Generators/Other GANS/8. Mushroom_other GAN.ipynb,,,,,
8. Mushroom dataset,CTABGAN,,0.0,Num_Matches,1000.0,,,Privacy,Score,1000.0,,,Generators/Other GANS/8. Mushroom_other GAN.ipynb,,,,,
8. Mushroom dataset,WGAN_GP,,0.0,Hungarian_Cosine_Similarity,0.864065,,,Privacy,Score,0.864065,,,Generators/Other GANS/8. Mushroom_other GAN.ipynb,,,,,
8. Mushroom dataset,WGAN_GP,,0.0,Num_Matches,1000.0,,,Privacy,Score,1000.0,,,Generators/Other GANS/8. Mushroom_other GAN.ipynb,,,,,
8. Mushroom dataset,WGAN_GP,,0.0,Mahalanobis_Distance,1.508143,,,Privacy,Score,1.508143,,,Generators/Other GANS/8. Mushroom_other GAN.ipynb,,,,,
8. Mushroom dataset,CTABGAN,,0.0,Mahalanobis_Distance,2.030192,,,Privacy,Score,2.030192,,,Generators/Other GANS/8. Mushroom_other GAN.ipynb,,,,,
8. Mushroom dataset,CTABGAN,,0.0,MIA_AUC,0.493407,,,Privacy,Score,0.493407,,,Generators/Other GANS/8. Mushroom_other GAN.ipynb,,,,,
8. Mushroom dataset,WGAN_GP,,0.0,MIA_AUC,0.539532,,,Privacy,Score,0.539532,,,Generators/Other GANS/8. Mushroom_other GAN.ipynb,,,,,
8. Mushroom dataset,TabDDPM,,0.0,NNDR,26.552123,,,Privacy,Score,26.552123,,,Generators/Diffusion GANs/8. Mushroom_diffusion.ipynb,,,,,
8. Mushroom dataset,ForestDiffusion,,0.0,NNDR,13.218077,,,Privacy,Score,13.218077,,,Generators/Diffusion GANs/8. Mushroom_diffusion.ipynb,,,,,
8. Mushroom dataset,ForestDiffusion,,0.0,Hungarian_Cosine_Similarity,0.988409,,,Privacy,Score,0.988409,,,Generators/Diffusion GANs/8. Mushroom_diffusion.ipynb,,,,,
8. Mushroom dataset,ForestDiffusion,,0.0,Num_Matches,1000.0,,,Privacy,Score,1000.0,,,Generators/Diffusion GANs/8. Mushroom_diffusion.ipynb,,,,,
8. Mushroom dataset,TabDDPM,,0.0,Hungarian_Cosine_Similarity,0.810579,,,Privacy,Score,0.810579,,,Generators/Diffusion GANs/8. Mushroom_diffusion.ipynb,,,,,
8. Mushroom dataset,TabDDPM,,0.0,Num_Matches,1000.0,,,Privacy,Score,1000.0,,,Generators/Diffusion GANs/8. Mushroom_diffusion.ipynb,,,,,
8. Mushroom dataset,ForestDiffusion,,0.0,Mahalanobis_Distance,0.710741,,,Privacy,Score,0.710741,,,Generators/Diffusion GANs/8. Mushroom_diffusion.ipynb,,,,,
8. Mushroom dataset,TabDDPM,,0.0,Mahalanobis_Distance,7.135189,,,Privacy,Score,7.135189,,,Generators/Diffusion GANs/8. Mushroom_diffusion.ipynb,,,,,
8. Mushroom dataset,ForestDiffusion,,0.0,MIA_AUC,0.50757,,,Privacy,Score,0.50757,,,Generators/Diffusion GANs/8. Mushroom_diffusion.ipynb,,,,,
8. Mushroom dataset,TabDDPM,,0.0,MIA_AUC,0.52337,,,Privacy,Score,0.52337,,,Generators/Diffusion GANs/8. Mushroom_diffusion.ipynb,,,,,
