Dataset,Generator,Seed,LeakageLevel,Metric,MetricValue,Classifier,Regressor,Category,EvaluationType,Mean,Std,TaskType,SourceFile,Experiment,Value,RegressionModel,Leakage,TrainingPercentage
1. Cancer,CTGAN,,0.0,Accuracy,0.9789473684210526,Logistic Regression,,Utility,TRTR,0.9789473684210526,0.009768007654087744,classification,Generators/Experiment with utility data leak/utility results/1. Cancer/TRTR_TSTR_results_cancer.xlsx,utility,0.9789473684210526,,0.0,100.0
1. Cancer,CTGAN,,0.0,Accuracy,0.7912280701754387,Logistic Regression,,Utility,TSTR,0.7912280701754387,0.0128920512778062,classification,Generators/Experiment with utility data leak/utility results/1. Cancer/TRTR_TSTR_results_cancer.xlsx,utility,0.7912280701754387,,0.0,100.0
1. Cancer,CTGAN,,0.0,Accuracy_Gap,0.7912280701754387,Logistic Regression,,Utility,Gap,0.18771929824561384,0.0128920512778062,classification,Generators/Experiment with utility data leak/utility results/1. Cancer/TRTR_TSTR_results_cancer.xlsx,utility,0.18771929824561384,,0.0,100.0
1. Cancer,CTGAN,,0.0,F1,0.9707868770215718,Logistic Regression,,Utility,TRTR,0.9707868770215718,0.0137941861874265,classification,Generators/Experiment with utility data leak/utility results/1. Cancer/TRTR_TSTR_results_cancer.xlsx,utility,0.9707868770215718,,0.0,100.0
1. Cancer,CTGAN,,0.0,F1,0.7657846423459664,Logistic Regression,,Utility,TSTR,0.7657846423459664,0.01159782677494995,classification,Generators/Experiment with utility data leak/utility results/1. Cancer/TRTR_TSTR_results_cancer.xlsx,utility,0.7657846423459664,,0.0,100.0
1. Cancer,CTGAN,,0.0,F1_Gap,0.7657846423459664,Logistic Regression,,Utility,Gap,0.2050022346756054,0.01159782677494995,classification,Generators/Experiment with utility data leak/utility results/1. Cancer/TRTR_TSTR_results_cancer.xlsx,utility,0.2050022346756054,,0.0,100.0
1. Cancer,CTGAN,,0.0,Precision,0.9901768962744573,Logistic Regression,,Utility,TRTR,0.9901768962744573,0.01203823054760635,classification,Generators/Experiment with utility data leak/utility results/1. Cancer/TRTR_TSTR_results_cancer.xlsx,utility,0.9901768962744573,,0.0,100.0
1. Cancer,CTGAN,,0.0,Precision,0.6535649630917597,Logistic Regression,,Utility,TSTR,0.6535649630917597,0.01919003519494301,classification,Generators/Experiment with utility data leak/utility results/1. Cancer/TRTR_TSTR_results_cancer.xlsx,utility,0.6535649630917597,,0.0,100.0
1. Cancer,CTGAN,,0.0,Precision_Gap,0.6535649630917597,Logistic Regression,,Utility,Gap,0.33661193318269755,0.01919003519494301,classification,Generators/Experiment with utility data leak/utility results/1. Cancer/TRTR_TSTR_results_cancer.xlsx,utility,0.33661193318269755,,0.0,100.0
1. Cancer,CTGAN,,0.0,Recall,0.9523809523809523,Logistic Regression,,Utility,TRTR,0.9523809523809523,0.02129588549999798,classification,Generators/Experiment with utility data leak/utility results/1. Cancer/TRTR_TSTR_results_cancer.xlsx,utility,0.9523809523809523,,0.0,100.0
1. Cancer,CTGAN,,0.0,Recall,0.9261904761904762,Logistic Regression,,Utility,TSTR,0.9261904761904762,0.03095238095238095,classification,Generators/Experiment with utility data leak/utility results/1. Cancer/TRTR_TSTR_results_cancer.xlsx,utility,0.9261904761904762,,0.0,100.0
1. Cancer,CTGAN,,0.0,Recall_Gap,0.9261904761904762,Logistic Regression,,Utility,Gap,0.026190476190476097,0.03095238095238095,classification,Generators/Experiment with utility data leak/utility results/1. Cancer/TRTR_TSTR_results_cancer.xlsx,utility,0.026190476190476097,,0.0,100.0
1. Cancer,CTGAN,,,Accuracy_Drop,,Logistic Regression,,,Gap,0.1877192982456138,,classification,Generators/Experiment with utility data leak/utility results/1. Cancer/TRTR_TSTR_results_cancer.xlsx,utility,0.1877192982456138,,0.0,100.0
1. Cancer,CTGAN,,,F1_Drop,,Logistic Regression,,,Gap,0.2050022346756054,,classification,Generators/Experiment with utility data leak/utility results/1. Cancer/TRTR_TSTR_results_cancer.xlsx,utility,0.2050022346756054,,0.0,100.0
1. Cancer,CTGAN,,,Precision_Drop,,Logistic Regression,,,Gap,0.3366119331826976,,classification,Generators/Experiment with utility data leak/utility results/1. Cancer/TRTR_TSTR_results_cancer.xlsx,utility,0.3366119331826976,,0.0,100.0
1. Cancer,CTGAN,,,Recall_Drop,,Logistic Regression,,,Gap,0.0261904761904761,,classification,Generators/Experiment with utility data leak/utility results/1. Cancer/TRTR_TSTR_results_cancer.xlsx,utility,0.0261904761904761,,0.0,100.0
1. Cancer,CTGAN,,0.0,Accuracy,0.974561403508772,MLP,,Utility,TRTR,0.974561403508772,0.01327433855300136,classification,Generators/Experiment with utility data leak/utility results/1. Cancer/TRTR_TSTR_results_cancer.xlsx,utility,0.974561403508772,,0.0,100.0
1. Cancer,CTGAN,,0.0,Accuracy,0.7201754385964911,MLP,,Utility,TSTR,0.7201754385964911,0.06685683863961835,classification,Generators/Experiment with utility data leak/utility results/1. Cancer/TRTR_TSTR_results_cancer.xlsx,utility,0.7201754385964911,,0.0,100.0
1. Cancer,CTGAN,,0.0,Accuracy_Gap,0.7201754385964911,MLP,,Utility,Gap,0.2543859649122808,0.06685683863961835,classification,Generators/Experiment with utility data leak/utility results/1. Cancer/TRTR_TSTR_results_cancer.xlsx,utility,0.2543859649122808,,0.0,100.0
1. Cancer,CTGAN,,0.0,F1,0.9646057122906845,MLP,,Utility,TRTR,0.9646057122906845,0.01869298955577862,classification,Generators/Experiment with utility data leak/utility results/1. Cancer/TRTR_TSTR_results_cancer.xlsx,utility,0.9646057122906845,,0.0,100.0
1. Cancer,CTGAN,,0.0,F1,0.7178685882670924,MLP,,Utility,TSTR,0.7178685882670924,0.04862817078019972,classification,Generators/Experiment with utility data leak/utility results/1. Cancer/TRTR_TSTR_results_cancer.xlsx,utility,0.7178685882670924,,0.0,100.0
1. Cancer,CTGAN,,0.0,F1_Gap,0.7178685882670924,MLP,,Utility,Gap,0.24673712402359205,0.04862817078019972,classification,Generators/Experiment with utility data leak/utility results/1. Cancer/TRTR_TSTR_results_cancer.xlsx,utility,0.24673712402359205,,0.0,100.0
1. Cancer,CTGAN,,0.0,Precision,0.985467661474468,MLP,,Utility,TRTR,0.985467661474468,0.0191919907367019,classification,Generators/Experiment with utility data leak/utility results/1. Cancer/TRTR_TSTR_results_cancer.xlsx,utility,0.985467661474468,,0.0,100.0
1. Cancer,CTGAN,,0.0,Precision,0.5813814731916255,MLP,,Utility,TSTR,0.5813814731916255,0.06881605869648902,classification,Generators/Experiment with utility data leak/utility results/1. Cancer/TRTR_TSTR_results_cancer.xlsx,utility,0.5813814731916255,,0.0,100.0
1. Cancer,CTGAN,,0.0,Precision_Gap,0.5813814731916255,MLP,,Utility,Gap,0.4040861882828425,0.06881605869648902,classification,Generators/Experiment with utility data leak/utility results/1. Cancer/TRTR_TSTR_results_cancer.xlsx,utility,0.4040861882828425,,0.0,100.0
1. Cancer,CTGAN,,0.0,Recall,0.9452380952380952,MLP,,Utility,TRTR,0.9452380952380952,0.03021089890583217,classification,Generators/Experiment with utility data leak/utility results/1. Cancer/TRTR_TSTR_results_cancer.xlsx,utility,0.9452380952380952,,0.0,100.0
1. Cancer,CTGAN,,0.0,Recall,0.95,MLP,,Utility,TSTR,0.95,0.0457366016959489,classification,Generators/Experiment with utility data leak/utility results/1. Cancer/TRTR_TSTR_results_cancer.xlsx,utility,0.95,,0.0,100.0
1. Cancer,CTGAN,,0.0,Recall_Gap,0.95,MLP,,Utility,Gap,-0.004761904761904745,0.0457366016959489,classification,Generators/Experiment with utility data leak/utility results/1. Cancer/TRTR_TSTR_results_cancer.xlsx,utility,-0.004761904761904745,,0.0,100.0
1. Cancer,CTGAN,,,Accuracy_Drop,,MLP,,,Gap,0.2543859649122808,,classification,Generators/Experiment with utility data leak/utility results/1. Cancer/TRTR_TSTR_results_cancer.xlsx,utility,0.2543859649122808,,0.0,100.0
1. Cancer,CTGAN,,,F1_Drop,,MLP,,,Gap,0.246737124023592,,classification,Generators/Experiment with utility data leak/utility results/1. Cancer/TRTR_TSTR_results_cancer.xlsx,utility,0.246737124023592,,0.0,100.0
1. Cancer,CTGAN,,,Precision_Drop,,MLP,,,Gap,0.4040861882828425,,classification,Generators/Experiment with utility data leak/utility results/1. Cancer/TRTR_TSTR_results_cancer.xlsx,utility,0.4040861882828425,,0.0,100.0
1. Cancer,CTGAN,,,Recall_Drop,,MLP,,,Gap,-0.004761904761904745,,classification,Generators/Experiment with utility data leak/utility results/1. Cancer/TRTR_TSTR_results_cancer.xlsx,utility,-0.004761904761904745,,0.0,100.0
1. Cancer,CTGAN,,0.0,Accuracy,0.9701754385964912,SVM-RBF,,Utility,TRTR,0.9701754385964912,0.01889531511275264,classification,Generators/Experiment with utility data leak/utility results/1. Cancer/TRTR_TSTR_results_cancer.xlsx,utility,0.9701754385964912,,0.0,100.0
1. Cancer,CTGAN,,0.0,Accuracy,0.7342105263157894,SVM-RBF,,Utility,TSTR,0.7342105263157894,0.02387834664704595,classification,Generators/Experiment with utility data leak/utility results/1. Cancer/TRTR_TSTR_results_cancer.xlsx,utility,0.7342105263157894,,0.0,100.0
1. Cancer,CTGAN,,0.0,Accuracy_Gap,0.7342105263157894,SVM-RBF,,Utility,Gap,0.23596491228070182,0.02387834664704595,classification,Generators/Experiment with utility data leak/utility results/1. Cancer/TRTR_TSTR_results_cancer.xlsx,utility,0.23596491228070182,,0.0,100.0
1. Cancer,CTGAN,,0.0,F1,0.9583987428081452,SVM-RBF,,Utility,TRTR,0.9583987428081452,0.02694607072359247,classification,Generators/Experiment with utility data leak/utility results/1. Cancer/TRTR_TSTR_results_cancer.xlsx,utility,0.9583987428081452,,0.0,100.0
1. Cancer,CTGAN,,0.0,F1,0.7058459078385154,SVM-RBF,,Utility,TSTR,0.7058459078385154,0.020234272079634,classification,Generators/Experiment with utility data leak/utility results/1. Cancer/TRTR_TSTR_results_cancer.xlsx,utility,0.7058459078385154,,0.0,100.0
1. Cancer,CTGAN,,0.0,F1_Gap,0.7058459078385154,SVM-RBF,,Utility,Gap,0.25255283496962977,0.020234272079634,classification,Generators/Experiment with utility data leak/utility results/1. Cancer/TRTR_TSTR_results_cancer.xlsx,utility,0.25255283496962977,,0.0,100.0
1. Cancer,CTGAN,,0.0,Precision,0.975500670827118,SVM-RBF,,Utility,TRTR,0.975500670827118,0.01929000486040976,classification,Generators/Experiment with utility data leak/utility results/1. Cancer/TRTR_TSTR_results_cancer.xlsx,utility,0.975500670827118,,0.0,100.0
1. Cancer,CTGAN,,0.0,Precision,0.5973837425749331,SVM-RBF,,Utility,TSTR,0.5973837425749331,0.02711103869198211,classification,Generators/Experiment with utility data leak/utility results/1. Cancer/TRTR_TSTR_results_cancer.xlsx,utility,0.5973837425749331,,0.0,100.0
1. Cancer,CTGAN,,0.0,Precision_Gap,0.5973837425749331,SVM-RBF,,Utility,Gap,0.3781169282521849,0.02711103869198211,classification,Generators/Experiment with utility data leak/utility results/1. Cancer/TRTR_TSTR_results_cancer.xlsx,utility,0.3781169282521849,,0.0,100.0
1. Cancer,CTGAN,,0.0,Recall,0.9428571428571428,SVM-RBF,,Utility,TRTR,0.9428571428571428,0.04416008807378907,classification,Generators/Experiment with utility data leak/utility results/1. Cancer/TRTR_TSTR_results_cancer.xlsx,utility,0.9428571428571428,,0.0,100.0
1. Cancer,CTGAN,,0.0,Recall,0.8642857142857144,SVM-RBF,,Utility,TSTR,0.8642857142857144,0.03021089890583218,classification,Generators/Experiment with utility data leak/utility results/1. Cancer/TRTR_TSTR_results_cancer.xlsx,utility,0.8642857142857144,,0.0,100.0
1. Cancer,CTGAN,,0.0,Recall_Gap,0.8642857142857144,SVM-RBF,,Utility,Gap,0.0785714285714284,0.03021089890583218,classification,Generators/Experiment with utility data leak/utility results/1. Cancer/TRTR_TSTR_results_cancer.xlsx,utility,0.0785714285714284,,0.0,100.0
1. Cancer,CTGAN,,,Accuracy_Drop,,SVM-RBF,,,Gap,0.2359649122807018,,classification,Generators/Experiment with utility data leak/utility results/1. Cancer/TRTR_TSTR_results_cancer.xlsx,utility,0.2359649122807018,,0.0,100.0
1. Cancer,CTGAN,,,F1_Drop,,SVM-RBF,,,Gap,0.2525528349696298,,classification,Generators/Experiment with utility data leak/utility results/1. Cancer/TRTR_TSTR_results_cancer.xlsx,utility,0.2525528349696298,,0.0,100.0
1. Cancer,CTGAN,,,Precision_Drop,,SVM-RBF,,,Gap,0.3781169282521849,,classification,Generators/Experiment with utility data leak/utility results/1. Cancer/TRTR_TSTR_results_cancer.xlsx,utility,0.3781169282521849,,0.0,100.0
1. Cancer,CTGAN,,,Recall_Drop,,SVM-RBF,,,Gap,0.0785714285714284,,classification,Generators/Experiment with utility data leak/utility results/1. Cancer/TRTR_TSTR_results_cancer.xlsx,utility,0.0785714285714284,,0.0,100.0
1. Cancer,CTGAN,,0.0,Accuracy,0.9701754385964912,Extra Trees,,Utility,TRTR,0.9701754385964912,0.01189882453179872,classification,Generators/Experiment with utility data leak/utility results/1. Cancer/TRTR_TSTR_results_cancer.xlsx,utility,0.9701754385964912,,0.0,100.0
1. Cancer,CTGAN,,0.0,Accuracy,0.7035087719298245,Extra Trees,,Utility,TSTR,0.7035087719298245,0.02712214883112335,classification,Generators/Experiment with utility data leak/utility results/1. Cancer/TRTR_TSTR_results_cancer.xlsx,utility,0.7035087719298245,,0.0,100.0
1. Cancer,CTGAN,,0.0,Accuracy_Gap,0.7035087719298245,Extra Trees,,Utility,Gap,0.2666666666666667,0.02712214883112335,classification,Generators/Experiment with utility data leak/utility results/1. Cancer/TRTR_TSTR_results_cancer.xlsx,utility,0.2666666666666667,,0.0,100.0
1. Cancer,CTGAN,,0.0,F1,0.9589899381997989,Extra Trees,,Utility,TRTR,0.9589899381997989,0.01652286372603384,classification,Generators/Experiment with utility data leak/utility results/1. Cancer/TRTR_TSTR_results_cancer.xlsx,utility,0.9589899381997989,,0.0,100.0
1. Cancer,CTGAN,,0.0,F1,0.6863330842765026,Extra Trees,,Utility,TSTR,0.6863330842765026,0.02683187254311334,classification,Generators/Experiment with utility data leak/utility results/1. Cancer/TRTR_TSTR_results_cancer.xlsx,utility,0.6863330842765026,,0.0,100.0
1. Cancer,CTGAN,,0.0,F1_Gap,0.6863330842765026,Extra Trees,,Utility,Gap,0.2726568539232963,0.02683187254311334,classification,Generators/Experiment with utility data leak/utility results/1. Cancer/TRTR_TSTR_results_cancer.xlsx,utility,0.2726568539232963,,0.0,100.0
1. Cancer,CTGAN,,0.0,Precision,0.971542217000243,Extra Trees,,Utility,TRTR,0.971542217000243,0.02506278422086412,classification,Generators/Experiment with utility data leak/utility results/1. Cancer/TRTR_TSTR_results_cancer.xlsx,utility,0.971542217000243,,0.0,100.0
1. Cancer,CTGAN,,0.0,Precision,0.5632094750718591,Extra Trees,,Utility,TSTR,0.5632094750718591,0.02550146867181092,classification,Generators/Experiment with utility data leak/utility results/1. Cancer/TRTR_TSTR_results_cancer.xlsx,utility,0.5632094750718591,,0.0,100.0
1. Cancer,CTGAN,,0.0,Precision_Gap,0.5632094750718591,Extra Trees,,Utility,Gap,0.40833274192838387,0.02550146867181092,classification,Generators/Experiment with utility data leak/utility results/1. Cancer/TRTR_TSTR_results_cancer.xlsx,utility,0.40833274192838387,,0.0,100.0
1. Cancer,CTGAN,,0.0,Recall,0.9476190476190476,Extra Trees,,Utility,TRTR,0.9476190476190476,0.02776643759450141,classification,Generators/Experiment with utility data leak/utility results/1. Cancer/TRTR_TSTR_results_cancer.xlsx,utility,0.9476190476190476,,0.0,100.0
1. Cancer,CTGAN,,0.0,Recall,0.880952380952381,Extra Trees,,Utility,TSTR,0.880952380952381,0.05323971374999498,classification,Generators/Experiment with utility data leak/utility results/1. Cancer/TRTR_TSTR_results_cancer.xlsx,utility,0.880952380952381,,0.0,100.0
1. Cancer,CTGAN,,0.0,Recall_Gap,0.880952380952381,Extra Trees,,Utility,Gap,0.06666666666666654,0.05323971374999498,classification,Generators/Experiment with utility data leak/utility results/1. Cancer/TRTR_TSTR_results_cancer.xlsx,utility,0.06666666666666654,,0.0,100.0
1. Cancer,CTGAN,,,Accuracy_Drop,,Extra Trees,,,Gap,0.2666666666666667,,classification,Generators/Experiment with utility data leak/utility results/1. Cancer/TRTR_TSTR_results_cancer.xlsx,utility,0.2666666666666667,,0.0,100.0
1. Cancer,CTGAN,,,F1_Drop,,Extra Trees,,,Gap,0.2726568539232963,,classification,Generators/Experiment with utility data leak/utility results/1. Cancer/TRTR_TSTR_results_cancer.xlsx,utility,0.2726568539232963,,0.0,100.0
1. Cancer,CTGAN,,,Precision_Drop,,Extra Trees,,,Gap,0.4083327419283839,,classification,Generators/Experiment with utility data leak/utility results/1. Cancer/TRTR_TSTR_results_cancer.xlsx,utility,0.4083327419283839,,0.0,100.0
1. Cancer,CTGAN,,,Recall_Drop,,Extra Trees,,,Gap,0.06666666666666654,,classification,Generators/Experiment with utility data leak/utility results/1. Cancer/TRTR_TSTR_results_cancer.xlsx,utility,0.06666666666666654,,0.0,100.0
1. Cancer,CTGAN,,0.0,Accuracy,0.9666666666666666,AdaBoost,,Utility,TRTR,0.9666666666666666,0.01022974016639526,classification,Generators/Experiment with utility data leak/utility results/1. Cancer/TRTR_TSTR_results_cancer.xlsx,utility,0.9666666666666666,,0.0,100.0
1. Cancer,CTGAN,,0.0,Accuracy,0.7254385964912281,AdaBoost,,Utility,TSTR,0.7254385964912281,0.02513429610858667,classification,Generators/Experiment with utility data leak/utility results/1. Cancer/TRTR_TSTR_results_cancer.xlsx,utility,0.7254385964912281,,0.0,100.0
1. Cancer,CTGAN,,0.0,Accuracy_Gap,0.7254385964912281,AdaBoost,,Utility,Gap,0.24122807017543846,0.02513429610858667,classification,Generators/Experiment with utility data leak/utility results/1. Cancer/TRTR_TSTR_results_cancer.xlsx,utility,0.24122807017543846,,0.0,100.0
1. Cancer,CTGAN,,0.0,F1,0.9537824074424763,AdaBoost,,Utility,TRTR,0.9537824074424763,0.01443243582836966,classification,Generators/Experiment with utility data leak/utility results/1. Cancer/TRTR_TSTR_results_cancer.xlsx,utility,0.9537824074424763,,0.0,100.0
1. Cancer,CTGAN,,0.0,F1,0.7066383070371282,AdaBoost,,Utility,TSTR,0.7066383070371282,0.02622587045779307,classification,Generators/Experiment with utility data leak/utility results/1. Cancer/TRTR_TSTR_results_cancer.xlsx,utility,0.7066383070371282,,0.0,100.0
1. Cancer,CTGAN,,0.0,F1_Gap,0.7066383070371282,AdaBoost,,Utility,Gap,0.24714410040534818,0.02622587045779307,classification,Generators/Experiment with utility data leak/utility results/1. Cancer/TRTR_TSTR_results_cancer.xlsx,utility,0.24714410040534818,,0.0,100.0
1. Cancer,CTGAN,,0.0,Precision,0.9735489892977129,AdaBoost,,Utility,TRTR,0.9735489892977129,0.02210918228480495,classification,Generators/Experiment with utility data leak/utility results/1. Cancer/TRTR_TSTR_results_cancer.xlsx,utility,0.9735489892977129,,0.0,100.0
1. Cancer,CTGAN,,0.0,Precision,0.5843282264066113,AdaBoost,,Utility,TSTR,0.5843282264066113,0.02594956660915364,classification,Generators/Experiment with utility data leak/utility results/1. Cancer/TRTR_TSTR_results_cancer.xlsx,utility,0.5843282264066113,,0.0,100.0
1. Cancer,CTGAN,,0.0,Precision_Gap,0.5843282264066113,AdaBoost,,Utility,Gap,0.38922076289110163,0.02594956660915364,classification,Generators/Experiment with utility data leak/utility results/1. Cancer/TRTR_TSTR_results_cancer.xlsx,utility,0.38922076289110163,,0.0,100.0
1. Cancer,CTGAN,,0.0,Recall,0.9357142857142857,AdaBoost,,Utility,TRTR,0.9357142857142857,0.02827224306437598,classification,Generators/Experiment with utility data leak/utility results/1. Cancer/TRTR_TSTR_results_cancer.xlsx,utility,0.9357142857142857,,0.0,100.0
1. Cancer,CTGAN,,0.0,Recall,0.9,AdaBoost,,Utility,TSTR,0.9,0.07438333024673004,classification,Generators/Experiment with utility data leak/utility results/1. Cancer/TRTR_TSTR_results_cancer.xlsx,utility,0.9,,0.0,100.0
1. Cancer,CTGAN,,0.0,Recall_Gap,0.9,AdaBoost,,Utility,Gap,0.0357142857142857,0.07438333024673004,classification,Generators/Experiment with utility data leak/utility results/1. Cancer/TRTR_TSTR_results_cancer.xlsx,utility,0.0357142857142857,,0.0,100.0
1. Cancer,CTGAN,,,Accuracy_Drop,,AdaBoost,,,Gap,0.2412280701754385,,classification,Generators/Experiment with utility data leak/utility results/1. Cancer/TRTR_TSTR_results_cancer.xlsx,utility,0.2412280701754385,,0.0,100.0
1. Cancer,CTGAN,,,F1_Drop,,AdaBoost,,,Gap,0.2471441004053482,,classification,Generators/Experiment with utility data leak/utility results/1. Cancer/TRTR_TSTR_results_cancer.xlsx,utility,0.2471441004053482,,0.0,100.0
1. Cancer,CTGAN,,,Precision_Drop,,AdaBoost,,,Gap,0.3892207628911016,,classification,Generators/Experiment with utility data leak/utility results/1. Cancer/TRTR_TSTR_results_cancer.xlsx,utility,0.3892207628911016,,0.0,100.0
1. Cancer,CTGAN,,,Recall_Drop,,AdaBoost,,,Gap,0.0357142857142857,,classification,Generators/Experiment with utility data leak/utility results/1. Cancer/TRTR_TSTR_results_cancer.xlsx,utility,0.0357142857142857,,0.0,100.0
1. Cancer,CTGAN,,0.0,Accuracy,0.9631578947368421,Gradient Boosting,,Utility,TRTR,0.9631578947368421,0.0203084857943688,classification,Generators/Experiment with utility data leak/utility results/1. Cancer/TRTR_TSTR_results_cancer.xlsx,utility,0.9631578947368421,,0.0,100.0
1. Cancer,CTGAN,,0.0,Accuracy,0.6956140350877192,Gradient Boosting,,Utility,TSTR,0.6956140350877192,0.05100558512318116,classification,Generators/Experiment with utility data leak/utility results/1. Cancer/TRTR_TSTR_results_cancer.xlsx,utility,0.6956140350877192,,0.0,100.0
1. Cancer,CTGAN,,0.0,Accuracy_Gap,0.6956140350877192,Gradient Boosting,,Utility,Gap,0.26754385964912286,0.05100558512318116,classification,Generators/Experiment with utility data leak/utility results/1. Cancer/TRTR_TSTR_results_cancer.xlsx,utility,0.26754385964912286,,0.0,100.0
1. Cancer,CTGAN,,0.0,F1,0.9494212600983015,Gradient Boosting,,Utility,TRTR,0.9494212600983015,0.02779434087071402,classification,Generators/Experiment with utility data leak/utility results/1. Cancer/TRTR_TSTR_results_cancer.xlsx,utility,0.9494212600983015,,0.0,100.0
1. Cancer,CTGAN,,0.0,F1,0.6803525981791595,Gradient Boosting,,Utility,TSTR,0.6803525981791595,0.03538217252110418,classification,Generators/Experiment with utility data leak/utility results/1. Cancer/TRTR_TSTR_results_cancer.xlsx,utility,0.6803525981791595,,0.0,100.0
1. Cancer,CTGAN,,0.0,F1_Gap,0.6803525981791595,Gradient Boosting,,Utility,Gap,0.269068661919142,0.03538217252110418,classification,Generators/Experiment with utility data leak/utility results/1. Cancer/TRTR_TSTR_results_cancer.xlsx,utility,0.269068661919142,,0.0,100.0
1. Cancer,CTGAN,,0.0,Precision,0.9620305430373497,Gradient Boosting,,Utility,TRTR,0.9620305430373497,0.0358379580625646,classification,Generators/Experiment with utility data leak/utility results/1. Cancer/TRTR_TSTR_results_cancer.xlsx,utility,0.9620305430373497,,0.0,100.0
1. Cancer,CTGAN,,0.0,Precision,0.5599249455528891,Gradient Boosting,,Utility,TSTR,0.5599249455528891,0.04552000035223773,classification,Generators/Experiment with utility data leak/utility results/1. Cancer/TRTR_TSTR_results_cancer.xlsx,utility,0.5599249455528891,,0.0,100.0
1. Cancer,CTGAN,,0.0,Precision_Gap,0.5599249455528891,Gradient Boosting,,Utility,Gap,0.4021055974844606,0.04552000035223773,classification,Generators/Experiment with utility data leak/utility results/1. Cancer/TRTR_TSTR_results_cancer.xlsx,utility,0.4021055974844606,,0.0,100.0
1. Cancer,CTGAN,,0.0,Recall,0.938095238095238,Gradient Boosting,,Utility,TRTR,0.938095238095238,0.03400680204068023,classification,Generators/Experiment with utility data leak/utility results/1. Cancer/TRTR_TSTR_results_cancer.xlsx,utility,0.938095238095238,,0.0,100.0
1. Cancer,CTGAN,,0.0,Recall,0.8738095238095237,Gradient Boosting,,Utility,TSTR,0.8738095238095237,0.05639390134441432,classification,Generators/Experiment with utility data leak/utility results/1. Cancer/TRTR_TSTR_results_cancer.xlsx,utility,0.8738095238095237,,0.0,100.0
1. Cancer,CTGAN,,0.0,Recall_Gap,0.8738095238095237,Gradient Boosting,,Utility,Gap,0.06428571428571428,0.05639390134441432,classification,Generators/Experiment with utility data leak/utility results/1. Cancer/TRTR_TSTR_results_cancer.xlsx,utility,0.06428571428571428,,0.0,100.0
1. Cancer,CTGAN,,,Accuracy_Drop,,Gradient Boosting,,,Gap,0.2675438596491229,,classification,Generators/Experiment with utility data leak/utility results/1. Cancer/TRTR_TSTR_results_cancer.xlsx,utility,0.2675438596491229,,0.0,100.0
1. Cancer,CTGAN,,,F1_Drop,,Gradient Boosting,,,Gap,0.269068661919142,,classification,Generators/Experiment with utility data leak/utility results/1. Cancer/TRTR_TSTR_results_cancer.xlsx,utility,0.269068661919142,,0.0,100.0
1. Cancer,CTGAN,,,Precision_Drop,,Gradient Boosting,,,Gap,0.4021055974844606,,classification,Generators/Experiment with utility data leak/utility results/1. Cancer/TRTR_TSTR_results_cancer.xlsx,utility,0.4021055974844606,,0.0,100.0
1. Cancer,CTGAN,,,Recall_Drop,,Gradient Boosting,,,Gap,0.06428571428571428,,classification,Generators/Experiment with utility data leak/utility results/1. Cancer/TRTR_TSTR_results_cancer.xlsx,utility,0.06428571428571428,,0.0,100.0
1. Cancer,CTGAN,,0.0,Accuracy,0.962280701754386,KNN,,Utility,TRTR,0.962280701754386,0.01883413206454726,classification,Generators/Experiment with utility data leak/utility results/1. Cancer/TRTR_TSTR_results_cancer.xlsx,utility,0.962280701754386,,0.0,100.0
1. Cancer,CTGAN,,0.0,Accuracy,0.6140350877192982,KNN,,Utility,TSTR,0.6140350877192982,0.05407380704358751,classification,Generators/Experiment with utility data leak/utility results/1. Cancer/TRTR_TSTR_results_cancer.xlsx,utility,0.6140350877192982,,0.0,100.0
1. Cancer,CTGAN,,0.0,Accuracy_Gap,0.6140350877192982,KNN,,Utility,Gap,0.3482456140350878,0.05407380704358751,classification,Generators/Experiment with utility data leak/utility results/1. Cancer/TRTR_TSTR_results_cancer.xlsx,utility,0.3482456140350878,,0.0,100.0
1. Cancer,CTGAN,,0.0,F1,0.947074373024434,KNN,,Utility,TRTR,0.947074373024434,0.02672761688789936,classification,Generators/Experiment with utility data leak/utility results/1. Cancer/TRTR_TSTR_results_cancer.xlsx,utility,0.947074373024434,,0.0,100.0
1. Cancer,CTGAN,,0.0,F1,0.6243262154795239,KNN,,Utility,TSTR,0.6243262154795239,0.03597395730127182,classification,Generators/Experiment with utility data leak/utility results/1. Cancer/TRTR_TSTR_results_cancer.xlsx,utility,0.6243262154795239,,0.0,100.0
1. Cancer,CTGAN,,0.0,F1_Gap,0.6243262154795239,KNN,,Utility,Gap,0.32274815754491004,0.03597395730127182,classification,Generators/Experiment with utility data leak/utility results/1. Cancer/TRTR_TSTR_results_cancer.xlsx,utility,0.32274815754491004,,0.0,100.0
1. Cancer,CTGAN,,0.0,Precision,0.9751404010156286,KNN,,Utility,TRTR,0.9751404010156286,0.02459125532957641,classification,Generators/Experiment with utility data leak/utility results/1. Cancer/TRTR_TSTR_results_cancer.xlsx,utility,0.9751404010156286,,0.0,100.0
1. Cancer,CTGAN,,0.0,Precision,0.490045443189898,KNN,,Utility,TSTR,0.490045443189898,0.04018018602689914,classification,Generators/Experiment with utility data leak/utility results/1. Cancer/TRTR_TSTR_results_cancer.xlsx,utility,0.490045443189898,,0.0,100.0
1. Cancer,CTGAN,,0.0,Precision_Gap,0.490045443189898,KNN,,Utility,Gap,0.4850949578257306,0.04018018602689914,classification,Generators/Experiment with utility data leak/utility results/1. Cancer/TRTR_TSTR_results_cancer.xlsx,utility,0.4850949578257306,,0.0,100.0
1. Cancer,CTGAN,,0.0,Recall,0.9214285714285715,KNN,,Utility,TRTR,0.9214285714285715,0.03991203479581002,classification,Generators/Experiment with utility data leak/utility results/1. Cancer/TRTR_TSTR_results_cancer.xlsx,utility,0.9214285714285715,,0.0,100.0
1. Cancer,CTGAN,,0.0,Recall,0.8666666666666666,KNN,,Utility,TSTR,0.8666666666666666,0.06042179781166439,classification,Generators/Experiment with utility data leak/utility results/1. Cancer/TRTR_TSTR_results_cancer.xlsx,utility,0.8666666666666666,,0.0,100.0
1. Cancer,CTGAN,,0.0,Recall_Gap,0.8666666666666666,KNN,,Utility,Gap,0.0547619047619049,0.06042179781166439,classification,Generators/Experiment with utility data leak/utility results/1. Cancer/TRTR_TSTR_results_cancer.xlsx,utility,0.0547619047619049,,0.0,100.0
1. Cancer,CTGAN,,,Accuracy_Drop,,KNN,,,Gap,0.3482456140350878,,classification,Generators/Experiment with utility data leak/utility results/1. Cancer/TRTR_TSTR_results_cancer.xlsx,utility,0.3482456140350878,,0.0,100.0
1. Cancer,CTGAN,,,F1_Drop,,KNN,,,Gap,0.32274815754491,,classification,Generators/Experiment with utility data leak/utility results/1. Cancer/TRTR_TSTR_results_cancer.xlsx,utility,0.32274815754491,,0.0,100.0
1. Cancer,CTGAN,,,Precision_Drop,,KNN,,,Gap,0.4850949578257306,,classification,Generators/Experiment with utility data leak/utility results/1. Cancer/TRTR_TSTR_results_cancer.xlsx,utility,0.4850949578257306,,0.0,100.0
1. Cancer,CTGAN,,,Recall_Drop,,KNN,,,Gap,0.0547619047619049,,classification,Generators/Experiment with utility data leak/utility results/1. Cancer/TRTR_TSTR_results_cancer.xlsx,utility,0.0547619047619049,,0.0,100.0
1. Cancer,CTGAN,,0.0,Accuracy,0.962280701754386,Random Forest,,Utility,TRTR,0.962280701754386,0.0136176971019825,classification,Generators/Experiment with utility data leak/utility results/1. Cancer/TRTR_TSTR_results_cancer.xlsx,utility,0.962280701754386,,0.0,100.0
1. Cancer,CTGAN,,0.0,Accuracy,0.7157894736842105,Random Forest,,Utility,TSTR,0.7157894736842105,0.02723539420396496,classification,Generators/Experiment with utility data leak/utility results/1. Cancer/TRTR_TSTR_results_cancer.xlsx,utility,0.7157894736842105,,0.0,100.0
1. Cancer,CTGAN,,0.0,Accuracy_Gap,0.7157894736842105,Random Forest,,Utility,Gap,0.24649122807017543,0.02723539420396496,classification,Generators/Experiment with utility data leak/utility results/1. Cancer/TRTR_TSTR_results_cancer.xlsx,utility,0.24649122807017543,,0.0,100.0
1. Cancer,CTGAN,,0.0,F1,0.9482304799188631,Random Forest,,Utility,TRTR,0.9482304799188631,0.01843776018375915,classification,Generators/Experiment with utility data leak/utility results/1. Cancer/TRTR_TSTR_results_cancer.xlsx,utility,0.9482304799188631,,0.0,100.0
1. Cancer,CTGAN,,0.0,F1,0.6893646786324237,Random Forest,,Utility,TSTR,0.6893646786324237,0.03071131504379913,classification,Generators/Experiment with utility data leak/utility results/1. Cancer/TRTR_TSTR_results_cancer.xlsx,utility,0.6893646786324237,,0.0,100.0
1. Cancer,CTGAN,,0.0,F1_Gap,0.6893646786324237,Random Forest,,Utility,Gap,0.25886580128643943,0.03071131504379913,classification,Generators/Experiment with utility data leak/utility results/1. Cancer/TRTR_TSTR_results_cancer.xlsx,utility,0.25886580128643943,,0.0,100.0
1. Cancer,CTGAN,,0.0,Precision,0.9617923931806518,Random Forest,,Utility,TRTR,0.9617923931806518,0.02967466301692189,classification,Generators/Experiment with utility data leak/utility results/1. Cancer/TRTR_TSTR_results_cancer.xlsx,utility,0.9617923931806518,,0.0,100.0
1. Cancer,CTGAN,,0.0,Precision,0.5773425885958766,Random Forest,,Utility,TSTR,0.5773425885958766,0.02596342085199856,classification,Generators/Experiment with utility data leak/utility results/1. Cancer/TRTR_TSTR_results_cancer.xlsx,utility,0.5773425885958766,,0.0,100.0
1. Cancer,CTGAN,,0.0,Precision_Gap,0.5773425885958766,Random Forest,,Utility,Gap,0.3844498045847752,0.02596342085199856,classification,Generators/Experiment with utility data leak/utility results/1. Cancer/TRTR_TSTR_results_cancer.xlsx,utility,0.3844498045847752,,0.0,100.0
1. Cancer,CTGAN,,0.0,Recall,0.9357142857142857,Random Forest,,Utility,TRTR,0.9357142857142857,0.0214285714285714,classification,Generators/Experiment with utility data leak/utility results/1. Cancer/TRTR_TSTR_results_cancer.xlsx,utility,0.9357142857142857,,0.0,100.0
1. Cancer,CTGAN,,0.0,Recall,0.8571428571428571,Random Forest,,Utility,TSTR,0.8571428571428571,0.05532833351724881,classification,Generators/Experiment with utility data leak/utility results/1. Cancer/TRTR_TSTR_results_cancer.xlsx,utility,0.8571428571428571,,0.0,100.0
1. Cancer,CTGAN,,0.0,Recall_Gap,0.8571428571428571,Random Forest,,Utility,Gap,0.07857142857142863,0.05532833351724881,classification,Generators/Experiment with utility data leak/utility results/1. Cancer/TRTR_TSTR_results_cancer.xlsx,utility,0.07857142857142863,,0.0,100.0
1. Cancer,CTGAN,,,Accuracy_Drop,,Random Forest,,,Gap,0.2464912280701754,,classification,Generators/Experiment with utility data leak/utility results/1. Cancer/TRTR_TSTR_results_cancer.xlsx,utility,0.2464912280701754,,0.0,100.0
1. Cancer,CTGAN,,,F1_Drop,,Random Forest,,,Gap,0.2588658012864394,,classification,Generators/Experiment with utility data leak/utility results/1. Cancer/TRTR_TSTR_results_cancer.xlsx,utility,0.2588658012864394,,0.0,100.0
1. Cancer,CTGAN,,,Precision_Drop,,Random Forest,,,Gap,0.3844498045847752,,classification,Generators/Experiment with utility data leak/utility results/1. Cancer/TRTR_TSTR_results_cancer.xlsx,utility,0.3844498045847752,,0.0,100.0
1. Cancer,CTGAN,,,Recall_Drop,,Random Forest,,,Gap,0.07857142857142863,,classification,Generators/Experiment with utility data leak/utility results/1. Cancer/TRTR_TSTR_results_cancer.xlsx,utility,0.07857142857142863,,0.0,100.0
1. Cancer,CTGAN,,0.0,Accuracy,0.9350877192982457,Decision Tree,,Utility,TRTR,0.9350877192982457,0.02045948033279054,classification,Generators/Experiment with utility data leak/utility results/1. Cancer/TRTR_TSTR_results_cancer.xlsx,utility,0.9350877192982457,,0.0,100.0
1. Cancer,CTGAN,,0.0,Accuracy,0.6421052631578947,Decision Tree,,Utility,TSTR,0.6421052631578947,0.04671412966910297,classification,Generators/Experiment with utility data leak/utility results/1. Cancer/TRTR_TSTR_results_cancer.xlsx,utility,0.6421052631578947,,0.0,100.0
1. Cancer,CTGAN,,0.0,Accuracy_Gap,0.6421052631578947,Decision Tree,,Utility,Gap,0.292982456140351,0.04671412966910297,classification,Generators/Experiment with utility data leak/utility results/1. Cancer/TRTR_TSTR_results_cancer.xlsx,utility,0.292982456140351,,0.0,100.0
1. Cancer,CTGAN,,0.0,F1,0.9122461606275634,Decision Tree,,Utility,TRTR,0.9122461606275634,0.02771502846045041,classification,Generators/Experiment with utility data leak/utility results/1. Cancer/TRTR_TSTR_results_cancer.xlsx,utility,0.9122461606275634,,0.0,100.0
1. Cancer,CTGAN,,0.0,F1,0.5725381460270876,Decision Tree,,Utility,TSTR,0.5725381460270876,0.07484603595573021,classification,Generators/Experiment with utility data leak/utility results/1. Cancer/TRTR_TSTR_results_cancer.xlsx,utility,0.5725381460270876,,0.0,100.0
1. Cancer,CTGAN,,0.0,F1_Gap,0.5725381460270876,Decision Tree,,Utility,Gap,0.3397080146004757,0.07484603595573021,classification,Generators/Experiment with utility data leak/utility results/1. Cancer/TRTR_TSTR_results_cancer.xlsx,utility,0.3397080146004757,,0.0,100.0
1. Cancer,CTGAN,,0.0,Precision,0.9096981560397401,Decision Tree,,Utility,TRTR,0.9096981560397401,0.03732307542896939,classification,Generators/Experiment with utility data leak/utility results/1. Cancer/TRTR_TSTR_results_cancer.xlsx,utility,0.9096981560397401,,0.0,100.0
1. Cancer,CTGAN,,0.0,Precision,0.5140981364718435,Decision Tree,,Utility,TSTR,0.5140981364718435,0.05412269457356239,classification,Generators/Experiment with utility data leak/utility results/1. Cancer/TRTR_TSTR_results_cancer.xlsx,utility,0.5140981364718435,,0.0,100.0
1. Cancer,CTGAN,,0.0,Precision_Gap,0.5140981364718435,Decision Tree,,Utility,Gap,0.3956000195678966,0.05412269457356239,classification,Generators/Experiment with utility data leak/utility results/1. Cancer/TRTR_TSTR_results_cancer.xlsx,utility,0.3956000195678966,,0.0,100.0
1. Cancer,CTGAN,,0.0,Recall,0.9166666666666666,Decision Tree,,Utility,TRTR,0.9166666666666666,0.04158154570612613,classification,Generators/Experiment with utility data leak/utility results/1. Cancer/TRTR_TSTR_results_cancer.xlsx,utility,0.9166666666666666,,0.0,100.0
1. Cancer,CTGAN,,0.0,Recall,0.6666666666666667,Decision Tree,,Utility,TSTR,0.6666666666666667,0.1456084271563872,classification,Generators/Experiment with utility data leak/utility results/1. Cancer/TRTR_TSTR_results_cancer.xlsx,utility,0.6666666666666667,,0.0,100.0
1. Cancer,CTGAN,,0.0,Recall_Gap,0.6666666666666667,Decision Tree,,Utility,Gap,0.2499999999999999,0.1456084271563872,classification,Generators/Experiment with utility data leak/utility results/1. Cancer/TRTR_TSTR_results_cancer.xlsx,utility,0.2499999999999999,,0.0,100.0
1. Cancer,CTGAN,,,Accuracy_Drop,,Decision Tree,,,Gap,0.292982456140351,,classification,Generators/Experiment with utility data leak/utility results/1. Cancer/TRTR_TSTR_results_cancer.xlsx,utility,0.292982456140351,,0.0,100.0
1. Cancer,CTGAN,,,F1_Drop,,Decision Tree,,,Gap,0.3397080146004757,,classification,Generators/Experiment with utility data leak/utility results/1. Cancer/TRTR_TSTR_results_cancer.xlsx,utility,0.3397080146004757,,0.0,100.0
1. Cancer,CTGAN,,,Precision_Drop,,Decision Tree,,,Gap,0.3956000195678966,,classification,Generators/Experiment with utility data leak/utility results/1. Cancer/TRTR_TSTR_results_cancer.xlsx,utility,0.3956000195678966,,0.0,100.0
1. Cancer,CTGAN,,,Recall_Drop,,Decision Tree,,,Gap,0.2499999999999999,,classification,Generators/Experiment with utility data leak/utility results/1. Cancer/TRTR_TSTR_results_cancer.xlsx,utility,0.2499999999999999,,0.0,100.0
1. Cancer,CTGAN,,0.0,Accuracy,0.9324561403508772,Naive Bayes,,Utility,TRTR,0.9324561403508772,0.02322491630679601,classification,Generators/Experiment with utility data leak/utility results/1. Cancer/TRTR_TSTR_results_cancer.xlsx,utility,0.9324561403508772,,0.0,100.0
1. Cancer,CTGAN,,0.0,Accuracy,0.8517543859649122,Naive Bayes,,Utility,TSTR,0.8517543859649122,0.02947420634458147,classification,Generators/Experiment with utility data leak/utility results/1. Cancer/TRTR_TSTR_results_cancer.xlsx,utility,0.8517543859649122,,0.0,100.0
1. Cancer,CTGAN,,0.0,Accuracy_Gap,0.8517543859649122,Naive Bayes,,Utility,Gap,0.08070175438596505,0.02947420634458147,classification,Generators/Experiment with utility data leak/utility results/1. Cancer/TRTR_TSTR_results_cancer.xlsx,utility,0.08070175438596505,,0.0,100.0
1. Cancer,CTGAN,,0.0,F1,0.9055642341410918,Naive Bayes,,Utility,TRTR,0.9055642341410918,0.0327534076549362,classification,Generators/Experiment with utility data leak/utility results/1. Cancer/TRTR_TSTR_results_cancer.xlsx,utility,0.9055642341410918,,0.0,100.0
1. Cancer,CTGAN,,0.0,F1,0.8124915287949535,Naive Bayes,,Utility,TSTR,0.8124915287949535,0.03406757728491355,classification,Generators/Experiment with utility data leak/utility results/1. Cancer/TRTR_TSTR_results_cancer.xlsx,utility,0.8124915287949535,,0.0,100.0
1. Cancer,CTGAN,,0.0,F1_Gap,0.8124915287949535,Naive Bayes,,Utility,Gap,0.09307270534613832,0.03406757728491355,classification,Generators/Experiment with utility data leak/utility results/1. Cancer/TRTR_TSTR_results_cancer.xlsx,utility,0.09307270534613832,,0.0,100.0
1. Cancer,CTGAN,,0.0,Precision,0.931024002484766,Naive Bayes,,Utility,TRTR,0.931024002484766,0.03636585629143303,classification,Generators/Experiment with utility data leak/utility results/1. Cancer/TRTR_TSTR_results_cancer.xlsx,utility,0.931024002484766,,0.0,100.0
1. Cancer,CTGAN,,0.0,Precision,0.7650298077911399,Naive Bayes,,Utility,TSTR,0.7650298077911399,0.04849160121861332,classification,Generators/Experiment with utility data leak/utility results/1. Cancer/TRTR_TSTR_results_cancer.xlsx,utility,0.7650298077911399,,0.0,100.0
1. Cancer,CTGAN,,0.0,Precision_Gap,0.7650298077911399,Naive Bayes,,Utility,Gap,0.16599419469362608,0.04849160121861332,classification,Generators/Experiment with utility data leak/utility results/1. Cancer/TRTR_TSTR_results_cancer.xlsx,utility,0.16599419469362608,,0.0,100.0
1. Cancer,CTGAN,,0.0,Recall,0.8833333333333332,Naive Bayes,,Utility,TRTR,0.8833333333333332,0.05156287578025646,classification,Generators/Experiment with utility data leak/utility results/1. Cancer/TRTR_TSTR_results_cancer.xlsx,utility,0.8833333333333332,,0.0,100.0
1. Cancer,CTGAN,,0.0,Recall,0.8690476190476192,Naive Bayes,,Utility,TSTR,0.8690476190476192,0.04158154570612614,classification,Generators/Experiment with utility data leak/utility results/1. Cancer/TRTR_TSTR_results_cancer.xlsx,utility,0.8690476190476192,,0.0,100.0
1. Cancer,CTGAN,,0.0,Recall_Gap,0.8690476190476192,Naive Bayes,,Utility,Gap,0.014285714285714013,0.04158154570612614,classification,Generators/Experiment with utility data leak/utility results/1. Cancer/TRTR_TSTR_results_cancer.xlsx,utility,0.014285714285714013,,0.0,100.0
1. Cancer,CTGAN,,,Accuracy_Drop,,Naive Bayes,,,Gap,0.08070175438596505,,classification,Generators/Experiment with utility data leak/utility results/1. Cancer/TRTR_TSTR_results_cancer.xlsx,utility,0.08070175438596505,,0.0,100.0
1. Cancer,CTGAN,,,F1_Drop,,Naive Bayes,,,Gap,0.09307270534613832,,classification,Generators/Experiment with utility data leak/utility results/1. Cancer/TRTR_TSTR_results_cancer.xlsx,utility,0.09307270534613832,,0.0,100.0
1. Cancer,CTGAN,,,Precision_Drop,,Naive Bayes,,,Gap,0.1659941946936261,,classification,Generators/Experiment with utility data leak/utility results/1. Cancer/TRTR_TSTR_results_cancer.xlsx,utility,0.1659941946936261,,0.0,100.0
1. Cancer,CTGAN,,,Recall_Drop,,Naive Bayes,,,Gap,0.01428571428571401,,classification,Generators/Experiment with utility data leak/utility results/1. Cancer/TRTR_TSTR_results_cancer.xlsx,utility,0.01428571428571401,,0.0,100.0
1. Cancer,CopulaGAN,,0.0,Accuracy,0.9789473684210526,Logistic Regression,,Utility,TRTR,0.9789473684210526,0.009768007654087744,classification,Generators/Experiment with utility data leak/utility results/1. Cancer/TRTR_TSTR_results_cancer.xlsx,utility,0.9789473684210526,,0.0,100.0
1. Cancer,CopulaGAN,,0.0,Accuracy,0.2631578947368421,Logistic Regression,,Utility,TSTR,0.2631578947368421,0.03088915238887546,classification,Generators/Experiment with utility data leak/utility results/1. Cancer/TRTR_TSTR_results_cancer.xlsx,utility,0.2631578947368421,,0.0,100.0
1. Cancer,CopulaGAN,,0.0,Accuracy_Gap,0.2631578947368421,Logistic Regression,,Utility,Gap,0.7157894736842105,0.03088915238887546,classification,Generators/Experiment with utility data leak/utility results/1. Cancer/TRTR_TSTR_results_cancer.xlsx,utility,0.7157894736842105,,0.0,100.0
1. Cancer,CopulaGAN,,0.0,F1,0.9707868770215718,Logistic Regression,,Utility,TRTR,0.9707868770215718,0.0137941861874265,classification,Generators/Experiment with utility data leak/utility results/1. Cancer/TRTR_TSTR_results_cancer.xlsx,utility,0.9707868770215718,,0.0,100.0
1. Cancer,CopulaGAN,,0.0,F1,0.3985670877139814,Logistic Regression,,Utility,TSTR,0.3985670877139814,0.04376900515437522,classification,Generators/Experiment with utility data leak/utility results/1. Cancer/TRTR_TSTR_results_cancer.xlsx,utility,0.3985670877139814,,0.0,100.0
1. Cancer,CopulaGAN,,0.0,F1_Gap,0.3985670877139814,Logistic Regression,,Utility,Gap,0.5722197893075904,0.04376900515437522,classification,Generators/Experiment with utility data leak/utility results/1. Cancer/TRTR_TSTR_results_cancer.xlsx,utility,0.5722197893075904,,0.0,100.0
1. Cancer,CopulaGAN,,0.0,Precision,0.9901768962744573,Logistic Regression,,Utility,TRTR,0.9901768962744573,0.01203823054760635,classification,Generators/Experiment with utility data leak/utility results/1. Cancer/TRTR_TSTR_results_cancer.xlsx,utility,0.9901768962744573,,0.0,100.0
1. Cancer,CopulaGAN,,0.0,Precision,0.284463618381962,Logistic Regression,,Utility,TSTR,0.284463618381962,0.02735704074753571,classification,Generators/Experiment with utility data leak/utility results/1. Cancer/TRTR_TSTR_results_cancer.xlsx,utility,0.284463618381962,,0.0,100.0
1. Cancer,CopulaGAN,,0.0,Precision_Gap,0.284463618381962,Logistic Regression,,Utility,Gap,0.7057132778924953,0.02735704074753571,classification,Generators/Experiment with utility data leak/utility results/1. Cancer/TRTR_TSTR_results_cancer.xlsx,utility,0.7057132778924953,,0.0,100.0
1. Cancer,CopulaGAN,,0.0,Recall,0.9523809523809523,Logistic Regression,,Utility,TRTR,0.9523809523809523,0.02129588549999798,classification,Generators/Experiment with utility data leak/utility results/1. Cancer/TRTR_TSTR_results_cancer.xlsx,utility,0.9523809523809523,,0.0,100.0
1. Cancer,CopulaGAN,,0.0,Recall,0.6666666666666667,Logistic Regression,,Utility,TSTR,0.6666666666666667,0.09464098530643712,classification,Generators/Experiment with utility data leak/utility results/1. Cancer/TRTR_TSTR_results_cancer.xlsx,utility,0.6666666666666667,,0.0,100.0
1. Cancer,CopulaGAN,,0.0,Recall_Gap,0.6666666666666667,Logistic Regression,,Utility,Gap,0.2857142857142856,0.09464098530643712,classification,Generators/Experiment with utility data leak/utility results/1. Cancer/TRTR_TSTR_results_cancer.xlsx,utility,0.2857142857142856,,0.0,100.0
1. Cancer,CopulaGAN,,,Accuracy_Drop,,Logistic Regression,,,Gap,0.7157894736842104,,classification,Generators/Experiment with utility data leak/utility results/1. Cancer/TRTR_TSTR_results_cancer.xlsx,utility,0.7157894736842104,,0.0,100.0
1. Cancer,CopulaGAN,,,F1_Drop,,Logistic Regression,,,Gap,0.5722197893075904,,classification,Generators/Experiment with utility data leak/utility results/1. Cancer/TRTR_TSTR_results_cancer.xlsx,utility,0.5722197893075904,,0.0,100.0
1. Cancer,CopulaGAN,,,Precision_Drop,,Logistic Regression,,,Gap,0.7057132778924953,,classification,Generators/Experiment with utility data leak/utility results/1. Cancer/TRTR_TSTR_results_cancer.xlsx,utility,0.7057132778924953,,0.0,100.0
1. Cancer,CopulaGAN,,,Recall_Drop,,Logistic Regression,,,Gap,0.2857142857142856,,classification,Generators/Experiment with utility data leak/utility results/1. Cancer/TRTR_TSTR_results_cancer.xlsx,utility,0.2857142857142856,,0.0,100.0
1. Cancer,CopulaGAN,,0.0,Accuracy,0.974561403508772,MLP,,Utility,TRTR,0.974561403508772,0.01327433855300136,classification,Generators/Experiment with utility data leak/utility results/1. Cancer/TRTR_TSTR_results_cancer.xlsx,utility,0.974561403508772,,0.0,100.0
1. Cancer,CopulaGAN,,0.0,Accuracy,0.243859649122807,MLP,,Utility,TSTR,0.243859649122807,0.06666666666666668,classification,Generators/Experiment with utility data leak/utility results/1. Cancer/TRTR_TSTR_results_cancer.xlsx,utility,0.243859649122807,,0.0,100.0
1. Cancer,CopulaGAN,,0.0,Accuracy_Gap,0.243859649122807,MLP,,Utility,Gap,0.730701754385965,0.06666666666666668,classification,Generators/Experiment with utility data leak/utility results/1. Cancer/TRTR_TSTR_results_cancer.xlsx,utility,0.730701754385965,,0.0,100.0
1. Cancer,CopulaGAN,,0.0,F1,0.9646057122906845,MLP,,Utility,TRTR,0.9646057122906845,0.01869298955577862,classification,Generators/Experiment with utility data leak/utility results/1. Cancer/TRTR_TSTR_results_cancer.xlsx,utility,0.9646057122906845,,0.0,100.0
1. Cancer,CopulaGAN,,0.0,F1,0.3148359078246065,MLP,,Utility,TSTR,0.3148359078246065,0.08735914276020076,classification,Generators/Experiment with utility data leak/utility results/1. Cancer/TRTR_TSTR_results_cancer.xlsx,utility,0.3148359078246065,,0.0,100.0
1. Cancer,CopulaGAN,,0.0,F1_Gap,0.3148359078246065,MLP,,Utility,Gap,0.649769804466078,0.08735914276020076,classification,Generators/Experiment with utility data leak/utility results/1. Cancer/TRTR_TSTR_results_cancer.xlsx,utility,0.649769804466078,,0.0,100.0
1. Cancer,CopulaGAN,,0.0,Precision,0.985467661474468,MLP,,Utility,TRTR,0.985467661474468,0.0191919907367019,classification,Generators/Experiment with utility data leak/utility results/1. Cancer/TRTR_TSTR_results_cancer.xlsx,utility,0.985467661474468,,0.0,100.0
1. Cancer,CopulaGAN,,0.0,Precision,0.2346004713560841,MLP,,Utility,TSTR,0.2346004713560841,0.05987976719583476,classification,Generators/Experiment with utility data leak/utility results/1. Cancer/TRTR_TSTR_results_cancer.xlsx,utility,0.2346004713560841,,0.0,100.0
1. Cancer,CopulaGAN,,0.0,Precision_Gap,0.2346004713560841,MLP,,Utility,Gap,0.7508671901183839,0.05987976719583476,classification,Generators/Experiment with utility data leak/utility results/1. Cancer/TRTR_TSTR_results_cancer.xlsx,utility,0.7508671901183839,,0.0,100.0
1. Cancer,CopulaGAN,,0.0,Recall,0.9452380952380952,MLP,,Utility,TRTR,0.9452380952380952,0.03021089890583217,classification,Generators/Experiment with utility data leak/utility results/1. Cancer/TRTR_TSTR_results_cancer.xlsx,utility,0.9452380952380952,,0.0,100.0
1. Cancer,CopulaGAN,,0.0,Recall,0.480952380952381,MLP,,Utility,TSTR,0.480952380952381,0.1560568534111804,classification,Generators/Experiment with utility data leak/utility results/1. Cancer/TRTR_TSTR_results_cancer.xlsx,utility,0.480952380952381,,0.0,100.0
1. Cancer,CopulaGAN,,0.0,Recall_Gap,0.480952380952381,MLP,,Utility,Gap,0.4642857142857142,0.1560568534111804,classification,Generators/Experiment with utility data leak/utility results/1. Cancer/TRTR_TSTR_results_cancer.xlsx,utility,0.4642857142857142,,0.0,100.0
1. Cancer,CopulaGAN,,,Accuracy_Drop,,MLP,,,Gap,0.730701754385965,,classification,Generators/Experiment with utility data leak/utility results/1. Cancer/TRTR_TSTR_results_cancer.xlsx,utility,0.730701754385965,,0.0,100.0
1. Cancer,CopulaGAN,,,F1_Drop,,MLP,,,Gap,0.649769804466078,,classification,Generators/Experiment with utility data leak/utility results/1. Cancer/TRTR_TSTR_results_cancer.xlsx,utility,0.649769804466078,,0.0,100.0
1. Cancer,CopulaGAN,,,Precision_Drop,,MLP,,,Gap,0.7508671901183839,,classification,Generators/Experiment with utility data leak/utility results/1. Cancer/TRTR_TSTR_results_cancer.xlsx,utility,0.7508671901183839,,0.0,100.0
1. Cancer,CopulaGAN,,,Recall_Drop,,MLP,,,Gap,0.4642857142857142,,classification,Generators/Experiment with utility data leak/utility results/1. Cancer/TRTR_TSTR_results_cancer.xlsx,utility,0.4642857142857142,,0.0,100.0
1. Cancer,CopulaGAN,,0.0,Accuracy,0.9701754385964912,SVM-RBF,,Utility,TRTR,0.9701754385964912,0.01889531511275264,classification,Generators/Experiment with utility data leak/utility results/1. Cancer/TRTR_TSTR_results_cancer.xlsx,utility,0.9701754385964912,,0.0,100.0
1. Cancer,CopulaGAN,,0.0,Accuracy,0.256140350877193,SVM-RBF,,Utility,TSTR,0.256140350877193,0.04503683387015241,classification,Generators/Experiment with utility data leak/utility results/1. Cancer/TRTR_TSTR_results_cancer.xlsx,utility,0.256140350877193,,0.0,100.0
1. Cancer,CopulaGAN,,0.0,Accuracy_Gap,0.256140350877193,SVM-RBF,,Utility,Gap,0.7140350877192982,0.04503683387015241,classification,Generators/Experiment with utility data leak/utility results/1. Cancer/TRTR_TSTR_results_cancer.xlsx,utility,0.7140350877192982,,0.0,100.0
1. Cancer,CopulaGAN,,0.0,F1,0.9583987428081452,SVM-RBF,,Utility,TRTR,0.9583987428081452,0.02694607072359247,classification,Generators/Experiment with utility data leak/utility results/1. Cancer/TRTR_TSTR_results_cancer.xlsx,utility,0.9583987428081452,,0.0,100.0
1. Cancer,CopulaGAN,,0.0,F1,0.3694444042627564,SVM-RBF,,Utility,TSTR,0.3694444042627564,0.0750845122045937,classification,Generators/Experiment with utility data leak/utility results/1. Cancer/TRTR_TSTR_results_cancer.xlsx,utility,0.3694444042627564,,0.0,100.0
1. Cancer,CopulaGAN,,0.0,F1_Gap,0.3694444042627564,SVM-RBF,,Utility,Gap,0.5889543385453888,0.0750845122045937,classification,Generators/Experiment with utility data leak/utility results/1. Cancer/TRTR_TSTR_results_cancer.xlsx,utility,0.5889543385453888,,0.0,100.0
1. Cancer,CopulaGAN,,0.0,Precision,0.975500670827118,SVM-RBF,,Utility,TRTR,0.975500670827118,0.01929000486040976,classification,Generators/Experiment with utility data leak/utility results/1. Cancer/TRTR_TSTR_results_cancer.xlsx,utility,0.975500670827118,,0.0,100.0
1. Cancer,CopulaGAN,,0.0,Precision,0.2669488463176923,SVM-RBF,,Utility,TSTR,0.2669488463176923,0.04830223231252203,classification,Generators/Experiment with utility data leak/utility results/1. Cancer/TRTR_TSTR_results_cancer.xlsx,utility,0.2669488463176923,,0.0,100.0
1. Cancer,CopulaGAN,,0.0,Precision_Gap,0.2669488463176923,SVM-RBF,,Utility,Gap,0.7085518245094258,0.04830223231252203,classification,Generators/Experiment with utility data leak/utility results/1. Cancer/TRTR_TSTR_results_cancer.xlsx,utility,0.7085518245094258,,0.0,100.0
1. Cancer,CopulaGAN,,0.0,Recall,0.9428571428571428,SVM-RBF,,Utility,TRTR,0.9428571428571428,0.04416008807378907,classification,Generators/Experiment with utility data leak/utility results/1. Cancer/TRTR_TSTR_results_cancer.xlsx,utility,0.9428571428571428,,0.0,100.0
1. Cancer,CopulaGAN,,0.0,Recall,0.6023809523809524,SVM-RBF,,Utility,TSTR,0.6023809523809524,0.150979417737978,classification,Generators/Experiment with utility data leak/utility results/1. Cancer/TRTR_TSTR_results_cancer.xlsx,utility,0.6023809523809524,,0.0,100.0
1. Cancer,CopulaGAN,,0.0,Recall_Gap,0.6023809523809524,SVM-RBF,,Utility,Gap,0.3404761904761905,0.150979417737978,classification,Generators/Experiment with utility data leak/utility results/1. Cancer/TRTR_TSTR_results_cancer.xlsx,utility,0.3404761904761905,,0.0,100.0
1. Cancer,CopulaGAN,,,Accuracy_Drop,,SVM-RBF,,,Gap,0.7140350877192982,,classification,Generators/Experiment with utility data leak/utility results/1. Cancer/TRTR_TSTR_results_cancer.xlsx,utility,0.7140350877192982,,0.0,100.0
1. Cancer,CopulaGAN,,,F1_Drop,,SVM-RBF,,,Gap,0.5889543385453888,,classification,Generators/Experiment with utility data leak/utility results/1. Cancer/TRTR_TSTR_results_cancer.xlsx,utility,0.5889543385453888,,0.0,100.0
1. Cancer,CopulaGAN,,,Precision_Drop,,SVM-RBF,,,Gap,0.7085518245094257,,classification,Generators/Experiment with utility data leak/utility results/1. Cancer/TRTR_TSTR_results_cancer.xlsx,utility,0.7085518245094257,,0.0,100.0
1. Cancer,CopulaGAN,,,Recall_Drop,,SVM-RBF,,,Gap,0.3404761904761905,,classification,Generators/Experiment with utility data leak/utility results/1. Cancer/TRTR_TSTR_results_cancer.xlsx,utility,0.3404761904761905,,0.0,100.0
1. Cancer,CopulaGAN,,0.0,Accuracy,0.9701754385964912,Extra Trees,,Utility,TRTR,0.9701754385964912,0.01189882453179872,classification,Generators/Experiment with utility data leak/utility results/1. Cancer/TRTR_TSTR_results_cancer.xlsx,utility,0.9701754385964912,,0.0,100.0
1. Cancer,CopulaGAN,,0.0,Accuracy,0.3473684210526316,Extra Trees,,Utility,TSTR,0.3473684210526316,0.06254576656131891,classification,Generators/Experiment with utility data leak/utility results/1. Cancer/TRTR_TSTR_results_cancer.xlsx,utility,0.3473684210526316,,0.0,100.0
1. Cancer,CopulaGAN,,0.0,Accuracy_Gap,0.3473684210526316,Extra Trees,,Utility,Gap,0.6228070175438596,0.06254576656131891,classification,Generators/Experiment with utility data leak/utility results/1. Cancer/TRTR_TSTR_results_cancer.xlsx,utility,0.6228070175438596,,0.0,100.0
1. Cancer,CopulaGAN,,0.0,F1,0.9589899381997989,Extra Trees,,Utility,TRTR,0.9589899381997989,0.01652286372603384,classification,Generators/Experiment with utility data leak/utility results/1. Cancer/TRTR_TSTR_results_cancer.xlsx,utility,0.9589899381997989,,0.0,100.0
1. Cancer,CopulaGAN,,0.0,F1,0.3942774400600938,Extra Trees,,Utility,TSTR,0.3942774400600938,0.06988236591030123,classification,Generators/Experiment with utility data leak/utility results/1. Cancer/TRTR_TSTR_results_cancer.xlsx,utility,0.3942774400600938,,0.0,100.0
1. Cancer,CopulaGAN,,0.0,F1_Gap,0.3942774400600938,Extra Trees,,Utility,Gap,0.5647124981397051,0.06988236591030123,classification,Generators/Experiment with utility data leak/utility results/1. Cancer/TRTR_TSTR_results_cancer.xlsx,utility,0.5647124981397051,,0.0,100.0
1. Cancer,CopulaGAN,,0.0,Precision,0.971542217000243,Extra Trees,,Utility,TRTR,0.971542217000243,0.02506278422086412,classification,Generators/Experiment with utility data leak/utility results/1. Cancer/TRTR_TSTR_results_cancer.xlsx,utility,0.971542217000243,,0.0,100.0
1. Cancer,CopulaGAN,,0.0,Precision,0.299012460924504,Extra Trees,,Utility,TSTR,0.299012460924504,0.04786760332872306,classification,Generators/Experiment with utility data leak/utility results/1. Cancer/TRTR_TSTR_results_cancer.xlsx,utility,0.299012460924504,,0.0,100.0
1. Cancer,CopulaGAN,,0.0,Precision_Gap,0.299012460924504,Extra Trees,,Utility,Gap,0.6725297560757391,0.04786760332872306,classification,Generators/Experiment with utility data leak/utility results/1. Cancer/TRTR_TSTR_results_cancer.xlsx,utility,0.6725297560757391,,0.0,100.0
1. Cancer,CopulaGAN,,0.0,Recall,0.9476190476190476,Extra Trees,,Utility,TRTR,0.9476190476190476,0.02776643759450141,classification,Generators/Experiment with utility data leak/utility results/1. Cancer/TRTR_TSTR_results_cancer.xlsx,utility,0.9476190476190476,,0.0,100.0
1. Cancer,CopulaGAN,,0.0,Recall,0.5833333333333333,Extra Trees,,Utility,TSTR,0.5833333333333333,0.130083698853788,classification,Generators/Experiment with utility data leak/utility results/1. Cancer/TRTR_TSTR_results_cancer.xlsx,utility,0.5833333333333333,,0.0,100.0
1. Cancer,CopulaGAN,,0.0,Recall_Gap,0.5833333333333333,Extra Trees,,Utility,Gap,0.3642857142857143,0.130083698853788,classification,Generators/Experiment with utility data leak/utility results/1. Cancer/TRTR_TSTR_results_cancer.xlsx,utility,0.3642857142857143,,0.0,100.0
1. Cancer,CopulaGAN,,,Accuracy_Drop,,Extra Trees,,,Gap,0.6228070175438596,,classification,Generators/Experiment with utility data leak/utility results/1. Cancer/TRTR_TSTR_results_cancer.xlsx,utility,0.6228070175438596,,0.0,100.0
1. Cancer,CopulaGAN,,,F1_Drop,,Extra Trees,,,Gap,0.5647124981397051,,classification,Generators/Experiment with utility data leak/utility results/1. Cancer/TRTR_TSTR_results_cancer.xlsx,utility,0.5647124981397051,,0.0,100.0
1. Cancer,CopulaGAN,,,Precision_Drop,,Extra Trees,,,Gap,0.6725297560757391,,classification,Generators/Experiment with utility data leak/utility results/1. Cancer/TRTR_TSTR_results_cancer.xlsx,utility,0.6725297560757391,,0.0,100.0
1. Cancer,CopulaGAN,,,Recall_Drop,,Extra Trees,,,Gap,0.3642857142857143,,classification,Generators/Experiment with utility data leak/utility results/1. Cancer/TRTR_TSTR_results_cancer.xlsx,utility,0.3642857142857143,,0.0,100.0
1. Cancer,CopulaGAN,,0.0,Accuracy,0.9666666666666666,AdaBoost,,Utility,TRTR,0.9666666666666666,0.01022974016639526,classification,Generators/Experiment with utility data leak/utility results/1. Cancer/TRTR_TSTR_results_cancer.xlsx,utility,0.9666666666666666,,0.0,100.0
1. Cancer,CopulaGAN,,0.0,Accuracy,0.4815789473684211,AdaBoost,,Utility,TSTR,0.4815789473684211,0.1002804623522366,classification,Generators/Experiment with utility data leak/utility results/1. Cancer/TRTR_TSTR_results_cancer.xlsx,utility,0.4815789473684211,,0.0,100.0
1. Cancer,CopulaGAN,,0.0,Accuracy_Gap,0.4815789473684211,AdaBoost,,Utility,Gap,0.48508771929824546,0.1002804623522366,classification,Generators/Experiment with utility data leak/utility results/1. Cancer/TRTR_TSTR_results_cancer.xlsx,utility,0.48508771929824546,,0.0,100.0
1. Cancer,CopulaGAN,,0.0,F1,0.9537824074424763,AdaBoost,,Utility,TRTR,0.9537824074424763,0.01443243582836966,classification,Generators/Experiment with utility data leak/utility results/1. Cancer/TRTR_TSTR_results_cancer.xlsx,utility,0.9537824074424763,,0.0,100.0
1. Cancer,CopulaGAN,,0.0,F1,0.519801058330466,AdaBoost,,Utility,TSTR,0.519801058330466,0.06901698133998511,classification,Generators/Experiment with utility data leak/utility results/1. Cancer/TRTR_TSTR_results_cancer.xlsx,utility,0.519801058330466,,0.0,100.0
1. Cancer,CopulaGAN,,0.0,F1_Gap,0.519801058330466,AdaBoost,,Utility,Gap,0.43398134911201036,0.06901698133998511,classification,Generators/Experiment with utility data leak/utility results/1. Cancer/TRTR_TSTR_results_cancer.xlsx,utility,0.43398134911201036,,0.0,100.0
1. Cancer,CopulaGAN,,0.0,Precision,0.9735489892977129,AdaBoost,,Utility,TRTR,0.9735489892977129,0.02210918228480495,classification,Generators/Experiment with utility data leak/utility results/1. Cancer/TRTR_TSTR_results_cancer.xlsx,utility,0.9735489892977129,,0.0,100.0
1. Cancer,CopulaGAN,,0.0,Precision,0.40156576742601,AdaBoost,,Utility,TSTR,0.40156576742601,0.06687363753559306,classification,Generators/Experiment with utility data leak/utility results/1. Cancer/TRTR_TSTR_results_cancer.xlsx,utility,0.40156576742601,,0.0,100.0
1. Cancer,CopulaGAN,,0.0,Precision_Gap,0.40156576742601,AdaBoost,,Utility,Gap,0.5719832218717029,0.06687363753559306,classification,Generators/Experiment with utility data leak/utility results/1. Cancer/TRTR_TSTR_results_cancer.xlsx,utility,0.5719832218717029,,0.0,100.0
1. Cancer,CopulaGAN,,0.0,Recall,0.9357142857142857,AdaBoost,,Utility,TRTR,0.9357142857142857,0.02827224306437598,classification,Generators/Experiment with utility data leak/utility results/1. Cancer/TRTR_TSTR_results_cancer.xlsx,utility,0.9357142857142857,,0.0,100.0
1. Cancer,CopulaGAN,,0.0,Recall,0.7595238095238095,AdaBoost,,Utility,TSTR,0.7595238095238095,0.1252887820659321,classification,Generators/Experiment with utility data leak/utility results/1. Cancer/TRTR_TSTR_results_cancer.xlsx,utility,0.7595238095238095,,0.0,100.0
1. Cancer,CopulaGAN,,0.0,Recall_Gap,0.7595238095238095,AdaBoost,,Utility,Gap,0.17619047619047623,0.1252887820659321,classification,Generators/Experiment with utility data leak/utility results/1. Cancer/TRTR_TSTR_results_cancer.xlsx,utility,0.17619047619047623,,0.0,100.0
1. Cancer,CopulaGAN,,,Accuracy_Drop,,AdaBoost,,,Gap,0.4850877192982455,,classification,Generators/Experiment with utility data leak/utility results/1. Cancer/TRTR_TSTR_results_cancer.xlsx,utility,0.4850877192982455,,0.0,100.0
1. Cancer,CopulaGAN,,,F1_Drop,,AdaBoost,,,Gap,0.4339813491120104,,classification,Generators/Experiment with utility data leak/utility results/1. Cancer/TRTR_TSTR_results_cancer.xlsx,utility,0.4339813491120104,,0.0,100.0
1. Cancer,CopulaGAN,,,Precision_Drop,,AdaBoost,,,Gap,0.5719832218717029,,classification,Generators/Experiment with utility data leak/utility results/1. Cancer/TRTR_TSTR_results_cancer.xlsx,utility,0.5719832218717029,,0.0,100.0
1. Cancer,CopulaGAN,,,Recall_Drop,,AdaBoost,,,Gap,0.1761904761904762,,classification,Generators/Experiment with utility data leak/utility results/1. Cancer/TRTR_TSTR_results_cancer.xlsx,utility,0.1761904761904762,,0.0,100.0
1. Cancer,CopulaGAN,,0.0,Accuracy,0.9631578947368421,Gradient Boosting,,Utility,TRTR,0.9631578947368421,0.0203084857943688,classification,Generators/Experiment with utility data leak/utility results/1. Cancer/TRTR_TSTR_results_cancer.xlsx,utility,0.9631578947368421,,0.0,100.0
1. Cancer,CopulaGAN,,0.0,Accuracy,0.3894736842105263,Gradient Boosting,,Utility,TSTR,0.3894736842105263,0.0709605207584445,classification,Generators/Experiment with utility data leak/utility results/1. Cancer/TRTR_TSTR_results_cancer.xlsx,utility,0.3894736842105263,,0.0,100.0
1. Cancer,CopulaGAN,,0.0,Accuracy_Gap,0.3894736842105263,Gradient Boosting,,Utility,Gap,0.5736842105263158,0.0709605207584445,classification,Generators/Experiment with utility data leak/utility results/1. Cancer/TRTR_TSTR_results_cancer.xlsx,utility,0.5736842105263158,,0.0,100.0
1. Cancer,CopulaGAN,,0.0,F1,0.9494212600983015,Gradient Boosting,,Utility,TRTR,0.9494212600983015,0.02779434087071402,classification,Generators/Experiment with utility data leak/utility results/1. Cancer/TRTR_TSTR_results_cancer.xlsx,utility,0.9494212600983015,,0.0,100.0
1. Cancer,CopulaGAN,,0.0,F1,0.3896629562003324,Gradient Boosting,,Utility,TSTR,0.3896629562003324,0.08159356725323165,classification,Generators/Experiment with utility data leak/utility results/1. Cancer/TRTR_TSTR_results_cancer.xlsx,utility,0.3896629562003324,,0.0,100.0
1. Cancer,CopulaGAN,,0.0,F1_Gap,0.3896629562003324,Gradient Boosting,,Utility,Gap,0.5597583038979691,0.08159356725323165,classification,Generators/Experiment with utility data leak/utility results/1. Cancer/TRTR_TSTR_results_cancer.xlsx,utility,0.5597583038979691,,0.0,100.0
1. Cancer,CopulaGAN,,0.0,Precision,0.9620305430373497,Gradient Boosting,,Utility,TRTR,0.9620305430373497,0.0358379580625646,classification,Generators/Experiment with utility data leak/utility results/1. Cancer/TRTR_TSTR_results_cancer.xlsx,utility,0.9620305430373497,,0.0,100.0
1. Cancer,CopulaGAN,,0.0,Precision,0.3082748940337974,Gradient Boosting,,Utility,TSTR,0.3082748940337974,0.05739376069790951,classification,Generators/Experiment with utility data leak/utility results/1. Cancer/TRTR_TSTR_results_cancer.xlsx,utility,0.3082748940337974,,0.0,100.0
1. Cancer,CopulaGAN,,0.0,Precision_Gap,0.3082748940337974,Gradient Boosting,,Utility,Gap,0.6537556490035523,0.05739376069790951,classification,Generators/Experiment with utility data leak/utility results/1. Cancer/TRTR_TSTR_results_cancer.xlsx,utility,0.6537556490035523,,0.0,100.0
1. Cancer,CopulaGAN,,0.0,Recall,0.938095238095238,Gradient Boosting,,Utility,TRTR,0.938095238095238,0.03400680204068023,classification,Generators/Experiment with utility data leak/utility results/1. Cancer/TRTR_TSTR_results_cancer.xlsx,utility,0.938095238095238,,0.0,100.0
1. Cancer,CopulaGAN,,0.0,Recall,0.5404761904761904,Gradient Boosting,,Utility,TSTR,0.5404761904761904,0.150979417737978,classification,Generators/Experiment with utility data leak/utility results/1. Cancer/TRTR_TSTR_results_cancer.xlsx,utility,0.5404761904761904,,0.0,100.0
1. Cancer,CopulaGAN,,0.0,Recall_Gap,0.5404761904761904,Gradient Boosting,,Utility,Gap,0.39761904761904754,0.150979417737978,classification,Generators/Experiment with utility data leak/utility results/1. Cancer/TRTR_TSTR_results_cancer.xlsx,utility,0.39761904761904754,,0.0,100.0
1. Cancer,CopulaGAN,,,Accuracy_Drop,,Gradient Boosting,,,Gap,0.5736842105263158,,classification,Generators/Experiment with utility data leak/utility results/1. Cancer/TRTR_TSTR_results_cancer.xlsx,utility,0.5736842105263158,,0.0,100.0
1. Cancer,CopulaGAN,,,F1_Drop,,Gradient Boosting,,,Gap,0.5597583038979692,,classification,Generators/Experiment with utility data leak/utility results/1. Cancer/TRTR_TSTR_results_cancer.xlsx,utility,0.5597583038979692,,0.0,100.0
1. Cancer,CopulaGAN,,,Precision_Drop,,Gradient Boosting,,,Gap,0.6537556490035523,,classification,Generators/Experiment with utility data leak/utility results/1. Cancer/TRTR_TSTR_results_cancer.xlsx,utility,0.6537556490035523,,0.0,100.0
1. Cancer,CopulaGAN,,,Recall_Drop,,Gradient Boosting,,,Gap,0.3976190476190475,,classification,Generators/Experiment with utility data leak/utility results/1. Cancer/TRTR_TSTR_results_cancer.xlsx,utility,0.3976190476190475,,0.0,100.0
1. Cancer,CopulaGAN,,0.0,Accuracy,0.962280701754386,KNN,,Utility,TRTR,0.962280701754386,0.01883413206454726,classification,Generators/Experiment with utility data leak/utility results/1. Cancer/TRTR_TSTR_results_cancer.xlsx,utility,0.962280701754386,,0.0,100.0
1. Cancer,CopulaGAN,,0.0,Accuracy,0.343859649122807,KNN,,Utility,TSTR,0.343859649122807,0.04974542764476429,classification,Generators/Experiment with utility data leak/utility results/1. Cancer/TRTR_TSTR_results_cancer.xlsx,utility,0.343859649122807,,0.0,100.0
1. Cancer,CopulaGAN,,0.0,Accuracy_Gap,0.343859649122807,KNN,,Utility,Gap,0.618421052631579,0.04974542764476429,classification,Generators/Experiment with utility data leak/utility results/1. Cancer/TRTR_TSTR_results_cancer.xlsx,utility,0.618421052631579,,0.0,100.0
1. Cancer,CopulaGAN,,0.0,F1,0.947074373024434,KNN,,Utility,TRTR,0.947074373024434,0.02672761688789936,classification,Generators/Experiment with utility data leak/utility results/1. Cancer/TRTR_TSTR_results_cancer.xlsx,utility,0.947074373024434,,0.0,100.0
1. Cancer,CopulaGAN,,0.0,F1,0.4727259627656144,KNN,,Utility,TSTR,0.4727259627656144,0.04407537185753434,classification,Generators/Experiment with utility data leak/utility results/1. Cancer/TRTR_TSTR_results_cancer.xlsx,utility,0.4727259627656144,,0.0,100.0
1. Cancer,CopulaGAN,,0.0,F1_Gap,0.4727259627656144,KNN,,Utility,Gap,0.4743484102588196,0.04407537185753434,classification,Generators/Experiment with utility data leak/utility results/1. Cancer/TRTR_TSTR_results_cancer.xlsx,utility,0.4743484102588196,,0.0,100.0
1. Cancer,CopulaGAN,,0.0,Precision,0.9751404010156286,KNN,,Utility,TRTR,0.9751404010156286,0.02459125532957641,classification,Generators/Experiment with utility data leak/utility results/1. Cancer/TRTR_TSTR_results_cancer.xlsx,utility,0.9751404010156286,,0.0,100.0
1. Cancer,CopulaGAN,,0.0,Precision,0.3356790936398785,KNN,,Utility,TSTR,0.3356790936398785,0.03023147027119576,classification,Generators/Experiment with utility data leak/utility results/1. Cancer/TRTR_TSTR_results_cancer.xlsx,utility,0.3356790936398785,,0.0,100.0
1. Cancer,CopulaGAN,,0.0,Precision_Gap,0.3356790936398785,KNN,,Utility,Gap,0.63946130737575,0.03023147027119576,classification,Generators/Experiment with utility data leak/utility results/1. Cancer/TRTR_TSTR_results_cancer.xlsx,utility,0.63946130737575,,0.0,100.0
1. Cancer,CopulaGAN,,0.0,Recall,0.9214285714285715,KNN,,Utility,TRTR,0.9214285714285715,0.03991203479581002,classification,Generators/Experiment with utility data leak/utility results/1. Cancer/TRTR_TSTR_results_cancer.xlsx,utility,0.9214285714285715,,0.0,100.0
1. Cancer,CopulaGAN,,0.0,Recall,0.8,KNN,,Utility,TSTR,0.8,0.08597842897746566,classification,Generators/Experiment with utility data leak/utility results/1. Cancer/TRTR_TSTR_results_cancer.xlsx,utility,0.8,,0.0,100.0
1. Cancer,CopulaGAN,,0.0,Recall_Gap,0.8,KNN,,Utility,Gap,0.12142857142857144,0.08597842897746566,classification,Generators/Experiment with utility data leak/utility results/1. Cancer/TRTR_TSTR_results_cancer.xlsx,utility,0.12142857142857144,,0.0,100.0
1. Cancer,CopulaGAN,,,Accuracy_Drop,,KNN,,,Gap,0.618421052631579,,classification,Generators/Experiment with utility data leak/utility results/1. Cancer/TRTR_TSTR_results_cancer.xlsx,utility,0.618421052631579,,0.0,100.0
1. Cancer,CopulaGAN,,,F1_Drop,,KNN,,,Gap,0.4743484102588196,,classification,Generators/Experiment with utility data leak/utility results/1. Cancer/TRTR_TSTR_results_cancer.xlsx,utility,0.4743484102588196,,0.0,100.0
1. Cancer,CopulaGAN,,,Precision_Drop,,KNN,,,Gap,0.63946130737575,,classification,Generators/Experiment with utility data leak/utility results/1. Cancer/TRTR_TSTR_results_cancer.xlsx,utility,0.63946130737575,,0.0,100.0
1. Cancer,CopulaGAN,,,Recall_Drop,,KNN,,,Gap,0.1214285714285714,,classification,Generators/Experiment with utility data leak/utility results/1. Cancer/TRTR_TSTR_results_cancer.xlsx,utility,0.1214285714285714,,0.0,100.0
1. Cancer,CopulaGAN,,0.0,Accuracy,0.962280701754386,Random Forest,,Utility,TRTR,0.962280701754386,0.0136176971019825,classification,Generators/Experiment with utility data leak/utility results/1. Cancer/TRTR_TSTR_results_cancer.xlsx,utility,0.962280701754386,,0.0,100.0
1. Cancer,CopulaGAN,,0.0,Accuracy,0.4342105263157895,Random Forest,,Utility,TSTR,0.4342105263157895,0.06567241047103436,classification,Generators/Experiment with utility data leak/utility results/1. Cancer/TRTR_TSTR_results_cancer.xlsx,utility,0.4342105263157895,,0.0,100.0
1. Cancer,CopulaGAN,,0.0,Accuracy_Gap,0.4342105263157895,Random Forest,,Utility,Gap,0.5280701754385965,0.06567241047103436,classification,Generators/Experiment with utility data leak/utility results/1. Cancer/TRTR_TSTR_results_cancer.xlsx,utility,0.5280701754385965,,0.0,100.0
1. Cancer,CopulaGAN,,0.0,F1,0.9482304799188631,Random Forest,,Utility,TRTR,0.9482304799188631,0.01843776018375915,classification,Generators/Experiment with utility data leak/utility results/1. Cancer/TRTR_TSTR_results_cancer.xlsx,utility,0.9482304799188631,,0.0,100.0
1. Cancer,CopulaGAN,,0.0,F1,0.3816551708328511,Random Forest,,Utility,TSTR,0.3816551708328511,0.05380485147891598,classification,Generators/Experiment with utility data leak/utility results/1. Cancer/TRTR_TSTR_results_cancer.xlsx,utility,0.3816551708328511,,0.0,100.0
1. Cancer,CopulaGAN,,0.0,F1_Gap,0.3816551708328511,Random Forest,,Utility,Gap,0.566575309086012,0.05380485147891598,classification,Generators/Experiment with utility data leak/utility results/1. Cancer/TRTR_TSTR_results_cancer.xlsx,utility,0.566575309086012,,0.0,100.0
1. Cancer,CopulaGAN,,0.0,Precision,0.9617923931806518,Random Forest,,Utility,TRTR,0.9617923931806518,0.02967466301692189,classification,Generators/Experiment with utility data leak/utility results/1. Cancer/TRTR_TSTR_results_cancer.xlsx,utility,0.9617923931806518,,0.0,100.0
1. Cancer,CopulaGAN,,0.0,Precision,0.3220137555784127,Random Forest,,Utility,TSTR,0.3220137555784127,0.045904894901459,classification,Generators/Experiment with utility data leak/utility results/1. Cancer/TRTR_TSTR_results_cancer.xlsx,utility,0.3220137555784127,,0.0,100.0
1. Cancer,CopulaGAN,,0.0,Precision_Gap,0.3220137555784127,Random Forest,,Utility,Gap,0.6397786376022391,0.045904894901459,classification,Generators/Experiment with utility data leak/utility results/1. Cancer/TRTR_TSTR_results_cancer.xlsx,utility,0.6397786376022391,,0.0,100.0
1. Cancer,CopulaGAN,,0.0,Recall,0.9357142857142857,Random Forest,,Utility,TRTR,0.9357142857142857,0.0214285714285714,classification,Generators/Experiment with utility data leak/utility results/1. Cancer/TRTR_TSTR_results_cancer.xlsx,utility,0.9357142857142857,,0.0,100.0
1. Cancer,CopulaGAN,,0.0,Recall,0.4761904761904762,Random Forest,,Utility,TSTR,0.4761904761904762,0.0903507902905251,classification,Generators/Experiment with utility data leak/utility results/1. Cancer/TRTR_TSTR_results_cancer.xlsx,utility,0.4761904761904762,,0.0,100.0
1. Cancer,CopulaGAN,,0.0,Recall_Gap,0.4761904761904762,Random Forest,,Utility,Gap,0.4595238095238095,0.0903507902905251,classification,Generators/Experiment with utility data leak/utility results/1. Cancer/TRTR_TSTR_results_cancer.xlsx,utility,0.4595238095238095,,0.0,100.0
1. Cancer,CopulaGAN,,,Accuracy_Drop,,Random Forest,,,Gap,0.5280701754385965,,classification,Generators/Experiment with utility data leak/utility results/1. Cancer/TRTR_TSTR_results_cancer.xlsx,utility,0.5280701754385965,,0.0,100.0
1. Cancer,CopulaGAN,,,F1_Drop,,Random Forest,,,Gap,0.5665753090860121,,classification,Generators/Experiment with utility data leak/utility results/1. Cancer/TRTR_TSTR_results_cancer.xlsx,utility,0.5665753090860121,,0.0,100.0
1. Cancer,CopulaGAN,,,Precision_Drop,,Random Forest,,,Gap,0.6397786376022392,,classification,Generators/Experiment with utility data leak/utility results/1. Cancer/TRTR_TSTR_results_cancer.xlsx,utility,0.6397786376022392,,0.0,100.0
1. Cancer,CopulaGAN,,,Recall_Drop,,Random Forest,,,Gap,0.4595238095238096,,classification,Generators/Experiment with utility data leak/utility results/1. Cancer/TRTR_TSTR_results_cancer.xlsx,utility,0.4595238095238096,,0.0,100.0
1. Cancer,CopulaGAN,,0.0,Accuracy,0.9350877192982457,Decision Tree,,Utility,TRTR,0.9350877192982457,0.02045948033279054,classification,Generators/Experiment with utility data leak/utility results/1. Cancer/TRTR_TSTR_results_cancer.xlsx,utility,0.9350877192982457,,0.0,100.0
1. Cancer,CopulaGAN,,0.0,Accuracy,0.4885964912280701,Decision Tree,,Utility,TSTR,0.4885964912280701,0.1217403551246111,classification,Generators/Experiment with utility data leak/utility results/1. Cancer/TRTR_TSTR_results_cancer.xlsx,utility,0.4885964912280701,,0.0,100.0
1. Cancer,CopulaGAN,,0.0,Accuracy_Gap,0.4885964912280701,Decision Tree,,Utility,Gap,0.44649122807017566,0.1217403551246111,classification,Generators/Experiment with utility data leak/utility results/1. Cancer/TRTR_TSTR_results_cancer.xlsx,utility,0.44649122807017566,,0.0,100.0
1. Cancer,CopulaGAN,,0.0,F1,0.9122461606275634,Decision Tree,,Utility,TRTR,0.9122461606275634,0.02771502846045041,classification,Generators/Experiment with utility data leak/utility results/1. Cancer/TRTR_TSTR_results_cancer.xlsx,utility,0.9122461606275634,,0.0,100.0
1. Cancer,CopulaGAN,,0.0,F1,0.4336614094883392,Decision Tree,,Utility,TSTR,0.4336614094883392,0.1278834023662402,classification,Generators/Experiment with utility data leak/utility results/1. Cancer/TRTR_TSTR_results_cancer.xlsx,utility,0.4336614094883392,,0.0,100.0
1. Cancer,CopulaGAN,,0.0,F1_Gap,0.4336614094883392,Decision Tree,,Utility,Gap,0.47858475113922416,0.1278834023662402,classification,Generators/Experiment with utility data leak/utility results/1. Cancer/TRTR_TSTR_results_cancer.xlsx,utility,0.47858475113922416,,0.0,100.0
1. Cancer,CopulaGAN,,0.0,Precision,0.9096981560397401,Decision Tree,,Utility,TRTR,0.9096981560397401,0.03732307542896939,classification,Generators/Experiment with utility data leak/utility results/1. Cancer/TRTR_TSTR_results_cancer.xlsx,utility,0.9096981560397401,,0.0,100.0
1. Cancer,CopulaGAN,,0.0,Precision,0.3755289426952128,Decision Tree,,Utility,TSTR,0.3755289426952128,0.113279749606878,classification,Generators/Experiment with utility data leak/utility results/1. Cancer/TRTR_TSTR_results_cancer.xlsx,utility,0.3755289426952128,,0.0,100.0
1. Cancer,CopulaGAN,,0.0,Precision_Gap,0.3755289426952128,Decision Tree,,Utility,Gap,0.5341692133445273,0.113279749606878,classification,Generators/Experiment with utility data leak/utility results/1. Cancer/TRTR_TSTR_results_cancer.xlsx,utility,0.5341692133445273,,0.0,100.0
1. Cancer,CopulaGAN,,0.0,Recall,0.9166666666666666,Decision Tree,,Utility,TRTR,0.9166666666666666,0.04158154570612613,classification,Generators/Experiment with utility data leak/utility results/1. Cancer/TRTR_TSTR_results_cancer.xlsx,utility,0.9166666666666666,,0.0,100.0
1. Cancer,CopulaGAN,,0.0,Recall,0.5428571428571429,Decision Tree,,Utility,TSTR,0.5428571428571429,0.1942483624225823,classification,Generators/Experiment with utility data leak/utility results/1. Cancer/TRTR_TSTR_results_cancer.xlsx,utility,0.5428571428571429,,0.0,100.0
1. Cancer,CopulaGAN,,0.0,Recall_Gap,0.5428571428571429,Decision Tree,,Utility,Gap,0.3738095238095237,0.1942483624225823,classification,Generators/Experiment with utility data leak/utility results/1. Cancer/TRTR_TSTR_results_cancer.xlsx,utility,0.3738095238095237,,0.0,100.0
1. Cancer,CopulaGAN,,,Accuracy_Drop,,Decision Tree,,,Gap,0.4464912280701756,,classification,Generators/Experiment with utility data leak/utility results/1. Cancer/TRTR_TSTR_results_cancer.xlsx,utility,0.4464912280701756,,0.0,100.0
1. Cancer,CopulaGAN,,,F1_Drop,,Decision Tree,,,Gap,0.4785847511392242,,classification,Generators/Experiment with utility data leak/utility results/1. Cancer/TRTR_TSTR_results_cancer.xlsx,utility,0.4785847511392242,,0.0,100.0
1. Cancer,CopulaGAN,,,Precision_Drop,,Decision Tree,,,Gap,0.5341692133445274,,classification,Generators/Experiment with utility data leak/utility results/1. Cancer/TRTR_TSTR_results_cancer.xlsx,utility,0.5341692133445274,,0.0,100.0
1. Cancer,CopulaGAN,,,Recall_Drop,,Decision Tree,,,Gap,0.3738095238095237,,classification,Generators/Experiment with utility data leak/utility results/1. Cancer/TRTR_TSTR_results_cancer.xlsx,utility,0.3738095238095237,,0.0,100.0
1. Cancer,CopulaGAN,,0.0,Accuracy,0.9324561403508772,Naive Bayes,,Utility,TRTR,0.9324561403508772,0.02322491630679601,classification,Generators/Experiment with utility data leak/utility results/1. Cancer/TRTR_TSTR_results_cancer.xlsx,utility,0.9324561403508772,,0.0,100.0
1. Cancer,CopulaGAN,,0.0,Accuracy,0.3447368421052631,Naive Bayes,,Utility,TSTR,0.3447368421052631,0.03923906885323691,classification,Generators/Experiment with utility data leak/utility results/1. Cancer/TRTR_TSTR_results_cancer.xlsx,utility,0.3447368421052631,,0.0,100.0
1. Cancer,CopulaGAN,,0.0,Accuracy_Gap,0.3447368421052631,Naive Bayes,,Utility,Gap,0.5877192982456141,0.03923906885323691,classification,Generators/Experiment with utility data leak/utility results/1. Cancer/TRTR_TSTR_results_cancer.xlsx,utility,0.5877192982456141,,0.0,100.0
1. Cancer,CopulaGAN,,0.0,F1,0.9055642341410918,Naive Bayes,,Utility,TRTR,0.9055642341410918,0.0327534076549362,classification,Generators/Experiment with utility data leak/utility results/1. Cancer/TRTR_TSTR_results_cancer.xlsx,utility,0.9055642341410918,,0.0,100.0
1. Cancer,CopulaGAN,,0.0,F1,0.4662794326323761,Naive Bayes,,Utility,TSTR,0.4662794326323761,0.03639025421877407,classification,Generators/Experiment with utility data leak/utility results/1. Cancer/TRTR_TSTR_results_cancer.xlsx,utility,0.4662794326323761,,0.0,100.0
1. Cancer,CopulaGAN,,0.0,F1_Gap,0.4662794326323761,Naive Bayes,,Utility,Gap,0.4392848015087157,0.03639025421877407,classification,Generators/Experiment with utility data leak/utility results/1. Cancer/TRTR_TSTR_results_cancer.xlsx,utility,0.4392848015087157,,0.0,100.0
1. Cancer,CopulaGAN,,0.0,Precision,0.931024002484766,Naive Bayes,,Utility,TRTR,0.931024002484766,0.03636585629143303,classification,Generators/Experiment with utility data leak/utility results/1. Cancer/TRTR_TSTR_results_cancer.xlsx,utility,0.931024002484766,,0.0,100.0
1. Cancer,CopulaGAN,,0.0,Precision,0.3329675819725071,Naive Bayes,,Utility,TSTR,0.3329675819725071,0.02410520935186833,classification,Generators/Experiment with utility data leak/utility results/1. Cancer/TRTR_TSTR_results_cancer.xlsx,utility,0.3329675819725071,,0.0,100.0
1. Cancer,CopulaGAN,,0.0,Precision_Gap,0.3329675819725071,Naive Bayes,,Utility,Gap,0.5980564205122589,0.02410520935186833,classification,Generators/Experiment with utility data leak/utility results/1. Cancer/TRTR_TSTR_results_cancer.xlsx,utility,0.5980564205122589,,0.0,100.0
1. Cancer,CopulaGAN,,0.0,Recall,0.8833333333333332,Naive Bayes,,Utility,TRTR,0.8833333333333332,0.05156287578025646,classification,Generators/Experiment with utility data leak/utility results/1. Cancer/TRTR_TSTR_results_cancer.xlsx,utility,0.8833333333333332,,0.0,100.0
1. Cancer,CopulaGAN,,0.0,Recall,0.7785714285714286,Naive Bayes,,Utility,TSTR,0.7785714285714286,0.07457361792078966,classification,Generators/Experiment with utility data leak/utility results/1. Cancer/TRTR_TSTR_results_cancer.xlsx,utility,0.7785714285714286,,0.0,100.0
1. Cancer,CopulaGAN,,0.0,Recall_Gap,0.7785714285714286,Naive Bayes,,Utility,Gap,0.10476190476190461,0.07457361792078966,classification,Generators/Experiment with utility data leak/utility results/1. Cancer/TRTR_TSTR_results_cancer.xlsx,utility,0.10476190476190461,,0.0,100.0
1. Cancer,CopulaGAN,,,Accuracy_Drop,,Naive Bayes,,,Gap,0.5877192982456141,,classification,Generators/Experiment with utility data leak/utility results/1. Cancer/TRTR_TSTR_results_cancer.xlsx,utility,0.5877192982456141,,0.0,100.0
1. Cancer,CopulaGAN,,,F1_Drop,,Naive Bayes,,,Gap,0.4392848015087156,,classification,Generators/Experiment with utility data leak/utility results/1. Cancer/TRTR_TSTR_results_cancer.xlsx,utility,0.4392848015087156,,0.0,100.0
1. Cancer,CopulaGAN,,,Precision_Drop,,Naive Bayes,,,Gap,0.5980564205122589,,classification,Generators/Experiment with utility data leak/utility results/1. Cancer/TRTR_TSTR_results_cancer.xlsx,utility,0.5980564205122589,,0.0,100.0
1. Cancer,CopulaGAN,,,Recall_Drop,,Naive Bayes,,,Gap,0.1047619047619046,,classification,Generators/Experiment with utility data leak/utility results/1. Cancer/TRTR_TSTR_results_cancer.xlsx,utility,0.1047619047619046,,0.0,100.0
1. Cancer,TVAE,,0.0,Accuracy,0.9789473684210526,Logistic Regression,,Utility,TRTR,0.9789473684210526,0.009768007654087744,classification,Generators/Experiment with utility data leak/utility results/1. Cancer/TRTR_TSTR_results_cancer.xlsx,utility,0.9789473684210526,,0.0,100.0
1. Cancer,TVAE,,0.0,Accuracy,0.9508771929824562,Logistic Regression,,Utility,TSTR,0.9508771929824562,0.01626950613244861,classification,Generators/Experiment with utility data leak/utility results/1. Cancer/TRTR_TSTR_results_cancer.xlsx,utility,0.9508771929824562,,0.0,100.0
1. Cancer,TVAE,,0.0,Accuracy_Gap,0.9508771929824562,Logistic Regression,,Utility,Gap,0.028070175438596356,0.01626950613244861,classification,Generators/Experiment with utility data leak/utility results/1. Cancer/TRTR_TSTR_results_cancer.xlsx,utility,0.028070175438596356,,0.0,100.0
1. Cancer,TVAE,,0.0,F1,0.9707868770215718,Logistic Regression,,Utility,TRTR,0.9707868770215718,0.0137941861874265,classification,Generators/Experiment with utility data leak/utility results/1. Cancer/TRTR_TSTR_results_cancer.xlsx,utility,0.9707868770215718,,0.0,100.0
1. Cancer,TVAE,,0.0,F1,0.9349537812232789,Logistic Regression,,Utility,TSTR,0.9349537812232789,0.0205244350291098,classification,Generators/Experiment with utility data leak/utility results/1. Cancer/TRTR_TSTR_results_cancer.xlsx,utility,0.9349537812232789,,0.0,100.0
1. Cancer,TVAE,,0.0,F1_Gap,0.9349537812232789,Logistic Regression,,Utility,Gap,0.03583309579829297,0.0205244350291098,classification,Generators/Experiment with utility data leak/utility results/1. Cancer/TRTR_TSTR_results_cancer.xlsx,utility,0.03583309579829297,,0.0,100.0
1. Cancer,TVAE,,0.0,Precision,0.9901768962744573,Logistic Regression,,Utility,TRTR,0.9901768962744573,0.01203823054760635,classification,Generators/Experiment with utility data leak/utility results/1. Cancer/TRTR_TSTR_results_cancer.xlsx,utility,0.9901768962744573,,0.0,100.0
1. Cancer,TVAE,,0.0,Precision,0.9200017570368066,Logistic Regression,,Utility,TSTR,0.9200017570368066,0.04364250546674514,classification,Generators/Experiment with utility data leak/utility results/1. Cancer/TRTR_TSTR_results_cancer.xlsx,utility,0.9200017570368066,,0.0,100.0
1. Cancer,TVAE,,0.0,Precision_Gap,0.9200017570368066,Logistic Regression,,Utility,Gap,0.07017513923765062,0.04364250546674514,classification,Generators/Experiment with utility data leak/utility results/1. Cancer/TRTR_TSTR_results_cancer.xlsx,utility,0.07017513923765062,,0.0,100.0
1. Cancer,TVAE,,0.0,Recall,0.9523809523809523,Logistic Regression,,Utility,TRTR,0.9523809523809523,0.02129588549999798,classification,Generators/Experiment with utility data leak/utility results/1. Cancer/TRTR_TSTR_results_cancer.xlsx,utility,0.9523809523809523,,0.0,100.0
1. Cancer,TVAE,,0.0,Recall,0.9523809523809523,Logistic Regression,,Utility,TSTR,0.9523809523809523,0.02608202654786504,classification,Generators/Experiment with utility data leak/utility results/1. Cancer/TRTR_TSTR_results_cancer.xlsx,utility,0.9523809523809523,,0.0,100.0
1. Cancer,TVAE,,0.0,Recall_Gap,0.9523809523809523,Logistic Regression,,Utility,Gap,0.0,0.02608202654786504,classification,Generators/Experiment with utility data leak/utility results/1. Cancer/TRTR_TSTR_results_cancer.xlsx,utility,0.0,,0.0,100.0
1. Cancer,TVAE,,,Accuracy_Drop,,Logistic Regression,,,Gap,0.02807017543859636,,classification,Generators/Experiment with utility data leak/utility results/1. Cancer/TRTR_TSTR_results_cancer.xlsx,utility,0.02807017543859636,,0.0,100.0
1. Cancer,TVAE,,,F1_Drop,,Logistic Regression,,,Gap,0.03583309579829297,,classification,Generators/Experiment with utility data leak/utility results/1. Cancer/TRTR_TSTR_results_cancer.xlsx,utility,0.03583309579829297,,0.0,100.0
1. Cancer,TVAE,,,Precision_Drop,,Logistic Regression,,,Gap,0.07017513923765062,,classification,Generators/Experiment with utility data leak/utility results/1. Cancer/TRTR_TSTR_results_cancer.xlsx,utility,0.07017513923765062,,0.0,100.0
1. Cancer,TVAE,,,Recall_Drop,,Logistic Regression,,,Gap,0.0,,classification,Generators/Experiment with utility data leak/utility results/1. Cancer/TRTR_TSTR_results_cancer.xlsx,utility,0.0,,0.0,100.0
1. Cancer,TVAE,,0.0,Accuracy,0.974561403508772,MLP,,Utility,TRTR,0.974561403508772,0.01327433855300136,classification,Generators/Experiment with utility data leak/utility results/1. Cancer/TRTR_TSTR_results_cancer.xlsx,utility,0.974561403508772,,0.0,100.0
1. Cancer,TVAE,,0.0,Accuracy,0.9394736842105263,MLP,,Utility,TSTR,0.9394736842105263,0.01491228070175438,classification,Generators/Experiment with utility data leak/utility results/1. Cancer/TRTR_TSTR_results_cancer.xlsx,utility,0.9394736842105263,,0.0,100.0
1. Cancer,TVAE,,0.0,Accuracy_Gap,0.9394736842105263,MLP,,Utility,Gap,0.03508771929824561,0.01491228070175438,classification,Generators/Experiment with utility data leak/utility results/1. Cancer/TRTR_TSTR_results_cancer.xlsx,utility,0.03508771929824561,,0.0,100.0
1. Cancer,TVAE,,0.0,F1,0.9646057122906845,MLP,,Utility,TRTR,0.9646057122906845,0.01869298955577862,classification,Generators/Experiment with utility data leak/utility results/1. Cancer/TRTR_TSTR_results_cancer.xlsx,utility,0.9646057122906845,,0.0,100.0
1. Cancer,TVAE,,0.0,F1,0.9192517598044786,MLP,,Utility,TSTR,0.9192517598044786,0.01919021951793801,classification,Generators/Experiment with utility data leak/utility results/1. Cancer/TRTR_TSTR_results_cancer.xlsx,utility,0.9192517598044786,,0.0,100.0
1. Cancer,TVAE,,0.0,F1_Gap,0.9192517598044786,MLP,,Utility,Gap,0.045353952486205884,0.01919021951793801,classification,Generators/Experiment with utility data leak/utility results/1. Cancer/TRTR_TSTR_results_cancer.xlsx,utility,0.045353952486205884,,0.0,100.0
1. Cancer,TVAE,,0.0,Precision,0.985467661474468,MLP,,Utility,TRTR,0.985467661474468,0.0191919907367019,classification,Generators/Experiment with utility data leak/utility results/1. Cancer/TRTR_TSTR_results_cancer.xlsx,utility,0.985467661474468,,0.0,100.0
1. Cancer,TVAE,,0.0,Precision,0.9064603150404279,MLP,,Utility,TSTR,0.9064603150404279,0.03159454285352053,classification,Generators/Experiment with utility data leak/utility results/1. Cancer/TRTR_TSTR_results_cancer.xlsx,utility,0.9064603150404279,,0.0,100.0
1. Cancer,TVAE,,0.0,Precision_Gap,0.9064603150404279,MLP,,Utility,Gap,0.07900734643404006,0.03159454285352053,classification,Generators/Experiment with utility data leak/utility results/1. Cancer/TRTR_TSTR_results_cancer.xlsx,utility,0.07900734643404006,,0.0,100.0
1. Cancer,TVAE,,0.0,Recall,0.9452380952380952,MLP,,Utility,TRTR,0.9452380952380952,0.03021089890583217,classification,Generators/Experiment with utility data leak/utility results/1. Cancer/TRTR_TSTR_results_cancer.xlsx,utility,0.9452380952380952,,0.0,100.0
1. Cancer,TVAE,,0.0,Recall,0.9333333333333333,MLP,,Utility,TSTR,0.9333333333333333,0.02332847374079215,classification,Generators/Experiment with utility data leak/utility results/1. Cancer/TRTR_TSTR_results_cancer.xlsx,utility,0.9333333333333333,,0.0,100.0
1. Cancer,TVAE,,0.0,Recall_Gap,0.9333333333333333,MLP,,Utility,Gap,0.011904761904761862,0.02332847374079215,classification,Generators/Experiment with utility data leak/utility results/1. Cancer/TRTR_TSTR_results_cancer.xlsx,utility,0.011904761904761862,,0.0,100.0
1. Cancer,TVAE,,,Accuracy_Drop,,MLP,,,Gap,0.03508771929824561,,classification,Generators/Experiment with utility data leak/utility results/1. Cancer/TRTR_TSTR_results_cancer.xlsx,utility,0.03508771929824561,,0.0,100.0
1. Cancer,TVAE,,,F1_Drop,,MLP,,,Gap,0.04535395248620588,,classification,Generators/Experiment with utility data leak/utility results/1. Cancer/TRTR_TSTR_results_cancer.xlsx,utility,0.04535395248620588,,0.0,100.0
1. Cancer,TVAE,,,Precision_Drop,,MLP,,,Gap,0.07900734643404006,,classification,Generators/Experiment with utility data leak/utility results/1. Cancer/TRTR_TSTR_results_cancer.xlsx,utility,0.07900734643404006,,0.0,100.0
1. Cancer,TVAE,,,Recall_Drop,,MLP,,,Gap,0.01190476190476186,,classification,Generators/Experiment with utility data leak/utility results/1. Cancer/TRTR_TSTR_results_cancer.xlsx,utility,0.01190476190476186,,0.0,100.0
1. Cancer,TVAE,,0.0,Accuracy,0.9701754385964912,SVM-RBF,,Utility,TRTR,0.9701754385964912,0.01889531511275264,classification,Generators/Experiment with utility data leak/utility results/1. Cancer/TRTR_TSTR_results_cancer.xlsx,utility,0.9701754385964912,,0.0,100.0
1. Cancer,TVAE,,0.0,Accuracy,0.9043859649122806,SVM-RBF,,Utility,TSTR,0.9043859649122806,0.02400689856737546,classification,Generators/Experiment with utility data leak/utility results/1. Cancer/TRTR_TSTR_results_cancer.xlsx,utility,0.9043859649122806,,0.0,100.0
1. Cancer,TVAE,,0.0,Accuracy_Gap,0.9043859649122806,SVM-RBF,,Utility,Gap,0.06578947368421062,0.02400689856737546,classification,Generators/Experiment with utility data leak/utility results/1. Cancer/TRTR_TSTR_results_cancer.xlsx,utility,0.06578947368421062,,0.0,100.0
1. Cancer,TVAE,,0.0,F1,0.9583987428081452,SVM-RBF,,Utility,TRTR,0.9583987428081452,0.02694607072359247,classification,Generators/Experiment with utility data leak/utility results/1. Cancer/TRTR_TSTR_results_cancer.xlsx,utility,0.9583987428081452,,0.0,100.0
1. Cancer,TVAE,,0.0,F1,0.8777910309014987,SVM-RBF,,Utility,TSTR,0.8777910309014987,0.02856307801556199,classification,Generators/Experiment with utility data leak/utility results/1. Cancer/TRTR_TSTR_results_cancer.xlsx,utility,0.8777910309014987,,0.0,100.0
1. Cancer,TVAE,,0.0,F1_Gap,0.8777910309014987,SVM-RBF,,Utility,Gap,0.0806077119066465,0.02856307801556199,classification,Generators/Experiment with utility data leak/utility results/1. Cancer/TRTR_TSTR_results_cancer.xlsx,utility,0.0806077119066465,,0.0,100.0
1. Cancer,TVAE,,0.0,Precision,0.975500670827118,SVM-RBF,,Utility,TRTR,0.975500670827118,0.01929000486040976,classification,Generators/Experiment with utility data leak/utility results/1. Cancer/TRTR_TSTR_results_cancer.xlsx,utility,0.975500670827118,,0.0,100.0
1. Cancer,TVAE,,0.0,Precision,0.8345596660379948,SVM-RBF,,Utility,TSTR,0.8345596660379948,0.04725014894563535,classification,Generators/Experiment with utility data leak/utility results/1. Cancer/TRTR_TSTR_results_cancer.xlsx,utility,0.8345596660379948,,0.0,100.0
1. Cancer,TVAE,,0.0,Precision_Gap,0.8345596660379948,SVM-RBF,,Utility,Gap,0.1409410047891232,0.04725014894563535,classification,Generators/Experiment with utility data leak/utility results/1. Cancer/TRTR_TSTR_results_cancer.xlsx,utility,0.1409410047891232,,0.0,100.0
1. Cancer,TVAE,,0.0,Recall,0.9428571428571428,SVM-RBF,,Utility,TRTR,0.9428571428571428,0.04416008807378907,classification,Generators/Experiment with utility data leak/utility results/1. Cancer/TRTR_TSTR_results_cancer.xlsx,utility,0.9428571428571428,,0.0,100.0
1. Cancer,TVAE,,0.0,Recall,0.9285714285714286,SVM-RBF,,Utility,TSTR,0.9285714285714286,0.03839170356332643,classification,Generators/Experiment with utility data leak/utility results/1. Cancer/TRTR_TSTR_results_cancer.xlsx,utility,0.9285714285714286,,0.0,100.0
1. Cancer,TVAE,,0.0,Recall_Gap,0.9285714285714286,SVM-RBF,,Utility,Gap,0.014285714285714235,0.03839170356332643,classification,Generators/Experiment with utility data leak/utility results/1. Cancer/TRTR_TSTR_results_cancer.xlsx,utility,0.014285714285714235,,0.0,100.0
1. Cancer,TVAE,,,Accuracy_Drop,,SVM-RBF,,,Gap,0.06578947368421062,,classification,Generators/Experiment with utility data leak/utility results/1. Cancer/TRTR_TSTR_results_cancer.xlsx,utility,0.06578947368421062,,0.0,100.0
1. Cancer,TVAE,,,F1_Drop,,SVM-RBF,,,Gap,0.0806077119066465,,classification,Generators/Experiment with utility data leak/utility results/1. Cancer/TRTR_TSTR_results_cancer.xlsx,utility,0.0806077119066465,,0.0,100.0
1. Cancer,TVAE,,,Precision_Drop,,SVM-RBF,,,Gap,0.1409410047891232,,classification,Generators/Experiment with utility data leak/utility results/1. Cancer/TRTR_TSTR_results_cancer.xlsx,utility,0.1409410047891232,,0.0,100.0
1. Cancer,TVAE,,,Recall_Drop,,SVM-RBF,,,Gap,0.01428571428571423,,classification,Generators/Experiment with utility data leak/utility results/1. Cancer/TRTR_TSTR_results_cancer.xlsx,utility,0.01428571428571423,,0.0,100.0
1. Cancer,TVAE,,0.0,Accuracy,0.9701754385964912,Extra Trees,,Utility,TRTR,0.9701754385964912,0.01189882453179872,classification,Generators/Experiment with utility data leak/utility results/1. Cancer/TRTR_TSTR_results_cancer.xlsx,utility,0.9701754385964912,,0.0,100.0
1. Cancer,TVAE,,0.0,Accuracy,0.9421052631578949,Extra Trees,,Utility,TSTR,0.9421052631578949,0.01189882453179871,classification,Generators/Experiment with utility data leak/utility results/1. Cancer/TRTR_TSTR_results_cancer.xlsx,utility,0.9421052631578949,,0.0,100.0
1. Cancer,TVAE,,0.0,Accuracy_Gap,0.9421052631578949,Extra Trees,,Utility,Gap,0.028070175438596356,0.01189882453179871,classification,Generators/Experiment with utility data leak/utility results/1. Cancer/TRTR_TSTR_results_cancer.xlsx,utility,0.028070175438596356,,0.0,100.0
1. Cancer,TVAE,,0.0,F1,0.9589899381997989,Extra Trees,,Utility,TRTR,0.9589899381997989,0.01652286372603384,classification,Generators/Experiment with utility data leak/utility results/1. Cancer/TRTR_TSTR_results_cancer.xlsx,utility,0.9589899381997989,,0.0,100.0
1. Cancer,TVAE,,0.0,F1,0.9215341464590943,Extra Trees,,Utility,TSTR,0.9215341464590943,0.01651097672799115,classification,Generators/Experiment with utility data leak/utility results/1. Cancer/TRTR_TSTR_results_cancer.xlsx,utility,0.9215341464590943,,0.0,100.0
1. Cancer,TVAE,,0.0,F1_Gap,0.9215341464590943,Extra Trees,,Utility,Gap,0.03745579174070468,0.01651097672799115,classification,Generators/Experiment with utility data leak/utility results/1. Cancer/TRTR_TSTR_results_cancer.xlsx,utility,0.03745579174070468,,0.0,100.0
1. Cancer,TVAE,,0.0,Precision,0.971542217000243,Extra Trees,,Utility,TRTR,0.971542217000243,0.02506278422086412,classification,Generators/Experiment with utility data leak/utility results/1. Cancer/TRTR_TSTR_results_cancer.xlsx,utility,0.971542217000243,,0.0,100.0
1. Cancer,TVAE,,0.0,Precision,0.9209321690653983,Extra Trees,,Utility,TSTR,0.9209321690653983,0.03016871953040859,classification,Generators/Experiment with utility data leak/utility results/1. Cancer/TRTR_TSTR_results_cancer.xlsx,utility,0.9209321690653983,,0.0,100.0
1. Cancer,TVAE,,0.0,Precision_Gap,0.9209321690653983,Extra Trees,,Utility,Gap,0.05061004793484469,0.03016871953040859,classification,Generators/Experiment with utility data leak/utility results/1. Cancer/TRTR_TSTR_results_cancer.xlsx,utility,0.05061004793484469,,0.0,100.0
1. Cancer,TVAE,,0.0,Recall,0.9476190476190476,Extra Trees,,Utility,TRTR,0.9476190476190476,0.02776643759450141,classification,Generators/Experiment with utility data leak/utility results/1. Cancer/TRTR_TSTR_results_cancer.xlsx,utility,0.9476190476190476,,0.0,100.0
1. Cancer,TVAE,,0.0,Recall,0.9238095238095237,Extra Trees,,Utility,TSTR,0.9238095238095237,0.03499271061118826,classification,Generators/Experiment with utility data leak/utility results/1. Cancer/TRTR_TSTR_results_cancer.xlsx,utility,0.9238095238095237,,0.0,100.0
1. Cancer,TVAE,,0.0,Recall_Gap,0.9238095238095237,Extra Trees,,Utility,Gap,0.023809523809523836,0.03499271061118826,classification,Generators/Experiment with utility data leak/utility results/1. Cancer/TRTR_TSTR_results_cancer.xlsx,utility,0.023809523809523836,,0.0,100.0
1. Cancer,TVAE,,,Accuracy_Drop,,Extra Trees,,,Gap,0.02807017543859636,,classification,Generators/Experiment with utility data leak/utility results/1. Cancer/TRTR_TSTR_results_cancer.xlsx,utility,0.02807017543859636,,0.0,100.0
1. Cancer,TVAE,,,F1_Drop,,Extra Trees,,,Gap,0.03745579174070468,,classification,Generators/Experiment with utility data leak/utility results/1. Cancer/TRTR_TSTR_results_cancer.xlsx,utility,0.03745579174070468,,0.0,100.0
1. Cancer,TVAE,,,Precision_Drop,,Extra Trees,,,Gap,0.05061004793484469,,classification,Generators/Experiment with utility data leak/utility results/1. Cancer/TRTR_TSTR_results_cancer.xlsx,utility,0.05061004793484469,,0.0,100.0
1. Cancer,TVAE,,,Recall_Drop,,Extra Trees,,,Gap,0.02380952380952384,,classification,Generators/Experiment with utility data leak/utility results/1. Cancer/TRTR_TSTR_results_cancer.xlsx,utility,0.02380952380952384,,0.0,100.0
1. Cancer,TVAE,,0.0,Accuracy,0.9666666666666666,AdaBoost,,Utility,TRTR,0.9666666666666666,0.01022974016639526,classification,Generators/Experiment with utility data leak/utility results/1. Cancer/TRTR_TSTR_results_cancer.xlsx,utility,0.9666666666666666,,0.0,100.0
1. Cancer,TVAE,,0.0,Accuracy,0.9342105263157894,AdaBoost,,Utility,TSTR,0.9342105263157894,0.02426195909813917,classification,Generators/Experiment with utility data leak/utility results/1. Cancer/TRTR_TSTR_results_cancer.xlsx,utility,0.9342105263157894,,0.0,100.0
1. Cancer,TVAE,,0.0,Accuracy_Gap,0.9342105263157894,AdaBoost,,Utility,Gap,0.03245614035087718,0.02426195909813917,classification,Generators/Experiment with utility data leak/utility results/1. Cancer/TRTR_TSTR_results_cancer.xlsx,utility,0.03245614035087718,,0.0,100.0
1. Cancer,TVAE,,0.0,F1,0.9537824074424763,AdaBoost,,Utility,TRTR,0.9537824074424763,0.01443243582836966,classification,Generators/Experiment with utility data leak/utility results/1. Cancer/TRTR_TSTR_results_cancer.xlsx,utility,0.9537824074424763,,0.0,100.0
1. Cancer,TVAE,,0.0,F1,0.9153513314029592,AdaBoost,,Utility,TSTR,0.9153513314029592,0.02941917497135529,classification,Generators/Experiment with utility data leak/utility results/1. Cancer/TRTR_TSTR_results_cancer.xlsx,utility,0.9153513314029592,,0.0,100.0
1. Cancer,TVAE,,0.0,F1_Gap,0.9153513314029592,AdaBoost,,Utility,Gap,0.03843107603951712,0.02941917497135529,classification,Generators/Experiment with utility data leak/utility results/1. Cancer/TRTR_TSTR_results_cancer.xlsx,utility,0.03843107603951712,,0.0,100.0
1. Cancer,TVAE,,0.0,Precision,0.9735489892977129,AdaBoost,,Utility,TRTR,0.9735489892977129,0.02210918228480495,classification,Generators/Experiment with utility data leak/utility results/1. Cancer/TRTR_TSTR_results_cancer.xlsx,utility,0.9735489892977129,,0.0,100.0
1. Cancer,TVAE,,0.0,Precision,0.8795536196577732,AdaBoost,,Utility,TSTR,0.8795536196577732,0.05318306563608498,classification,Generators/Experiment with utility data leak/utility results/1. Cancer/TRTR_TSTR_results_cancer.xlsx,utility,0.8795536196577732,,0.0,100.0
1. Cancer,TVAE,,0.0,Precision_Gap,0.8795536196577732,AdaBoost,,Utility,Gap,0.09399536963993971,0.05318306563608498,classification,Generators/Experiment with utility data leak/utility results/1. Cancer/TRTR_TSTR_results_cancer.xlsx,utility,0.09399536963993971,,0.0,100.0
1. Cancer,TVAE,,0.0,Recall,0.9357142857142857,AdaBoost,,Utility,TRTR,0.9357142857142857,0.02827224306437598,classification,Generators/Experiment with utility data leak/utility results/1. Cancer/TRTR_TSTR_results_cancer.xlsx,utility,0.9357142857142857,,0.0,100.0
1. Cancer,TVAE,,0.0,Recall,0.9571428571428571,AdaBoost,,Utility,TSTR,0.9571428571428571,0.03333333333333333,classification,Generators/Experiment with utility data leak/utility results/1. Cancer/TRTR_TSTR_results_cancer.xlsx,utility,0.9571428571428571,,0.0,100.0
1. Cancer,TVAE,,0.0,Recall_Gap,0.9571428571428571,AdaBoost,,Utility,Gap,-0.021428571428571352,0.03333333333333333,classification,Generators/Experiment with utility data leak/utility results/1. Cancer/TRTR_TSTR_results_cancer.xlsx,utility,-0.021428571428571352,,0.0,100.0
1. Cancer,TVAE,,,Accuracy_Drop,,AdaBoost,,,Gap,0.03245614035087718,,classification,Generators/Experiment with utility data leak/utility results/1. Cancer/TRTR_TSTR_results_cancer.xlsx,utility,0.03245614035087718,,0.0,100.0
1. Cancer,TVAE,,,F1_Drop,,AdaBoost,,,Gap,0.03843107603951712,,classification,Generators/Experiment with utility data leak/utility results/1. Cancer/TRTR_TSTR_results_cancer.xlsx,utility,0.03843107603951712,,0.0,100.0
1. Cancer,TVAE,,,Precision_Drop,,AdaBoost,,,Gap,0.09399536963993971,,classification,Generators/Experiment with utility data leak/utility results/1. Cancer/TRTR_TSTR_results_cancer.xlsx,utility,0.09399536963993971,,0.0,100.0
1. Cancer,TVAE,,,Recall_Drop,,AdaBoost,,,Gap,-0.02142857142857135,,classification,Generators/Experiment with utility data leak/utility results/1. Cancer/TRTR_TSTR_results_cancer.xlsx,utility,-0.02142857142857135,,0.0,100.0
1. Cancer,TVAE,,0.0,Accuracy,0.9631578947368421,Gradient Boosting,,Utility,TRTR,0.9631578947368421,0.0203084857943688,classification,Generators/Experiment with utility data leak/utility results/1. Cancer/TRTR_TSTR_results_cancer.xlsx,utility,0.9631578947368421,,0.0,100.0
1. Cancer,TVAE,,0.0,Accuracy,0.9280701754385966,Gradient Boosting,,Utility,TSTR,0.9280701754385966,0.02141500985216438,classification,Generators/Experiment with utility data leak/utility results/1. Cancer/TRTR_TSTR_results_cancer.xlsx,utility,0.9280701754385966,,0.0,100.0
1. Cancer,TVAE,,0.0,Accuracy_Gap,0.9280701754385966,Gradient Boosting,,Utility,Gap,0.0350877192982455,0.02141500985216438,classification,Generators/Experiment with utility data leak/utility results/1. Cancer/TRTR_TSTR_results_cancer.xlsx,utility,0.0350877192982455,,0.0,100.0
1. Cancer,TVAE,,0.0,F1,0.9494212600983015,Gradient Boosting,,Utility,TRTR,0.9494212600983015,0.02779434087071402,classification,Generators/Experiment with utility data leak/utility results/1. Cancer/TRTR_TSTR_results_cancer.xlsx,utility,0.9494212600983015,,0.0,100.0
1. Cancer,TVAE,,0.0,F1,0.9072946817713374,Gradient Boosting,,Utility,TSTR,0.9072946817713374,0.02573561371849602,classification,Generators/Experiment with utility data leak/utility results/1. Cancer/TRTR_TSTR_results_cancer.xlsx,utility,0.9072946817713374,,0.0,100.0
1. Cancer,TVAE,,0.0,F1_Gap,0.9072946817713374,Gradient Boosting,,Utility,Gap,0.04212657832696409,0.02573561371849602,classification,Generators/Experiment with utility data leak/utility results/1. Cancer/TRTR_TSTR_results_cancer.xlsx,utility,0.04212657832696409,,0.0,100.0
1. Cancer,TVAE,,0.0,Precision,0.9620305430373497,Gradient Boosting,,Utility,TRTR,0.9620305430373497,0.0358379580625646,classification,Generators/Experiment with utility data leak/utility results/1. Cancer/TRTR_TSTR_results_cancer.xlsx,utility,0.9620305430373497,,0.0,100.0
1. Cancer,TVAE,,0.0,Precision,0.8692762521847348,Gradient Boosting,,Utility,TSTR,0.8692762521847348,0.04161638397144202,classification,Generators/Experiment with utility data leak/utility results/1. Cancer/TRTR_TSTR_results_cancer.xlsx,utility,0.8692762521847348,,0.0,100.0
1. Cancer,TVAE,,0.0,Precision_Gap,0.8692762521847348,Gradient Boosting,,Utility,Gap,0.09275429085261488,0.04161638397144202,classification,Generators/Experiment with utility data leak/utility results/1. Cancer/TRTR_TSTR_results_cancer.xlsx,utility,0.09275429085261488,,0.0,100.0
1. Cancer,TVAE,,0.0,Recall,0.938095238095238,Gradient Boosting,,Utility,TRTR,0.938095238095238,0.03400680204068023,classification,Generators/Experiment with utility data leak/utility results/1. Cancer/TRTR_TSTR_results_cancer.xlsx,utility,0.938095238095238,,0.0,100.0
1. Cancer,TVAE,,0.0,Recall,0.95,Gradient Boosting,,Utility,TSTR,0.95,0.01977767586409063,classification,Generators/Experiment with utility data leak/utility results/1. Cancer/TRTR_TSTR_results_cancer.xlsx,utility,0.95,,0.0,100.0
1. Cancer,TVAE,,0.0,Recall_Gap,0.95,Gradient Boosting,,Utility,Gap,-0.011904761904761973,0.01977767586409063,classification,Generators/Experiment with utility data leak/utility results/1. Cancer/TRTR_TSTR_results_cancer.xlsx,utility,-0.011904761904761973,,0.0,100.0
1. Cancer,TVAE,,,Accuracy_Drop,,Gradient Boosting,,,Gap,0.0350877192982455,,classification,Generators/Experiment with utility data leak/utility results/1. Cancer/TRTR_TSTR_results_cancer.xlsx,utility,0.0350877192982455,,0.0,100.0
1. Cancer,TVAE,,,F1_Drop,,Gradient Boosting,,,Gap,0.04212657832696409,,classification,Generators/Experiment with utility data leak/utility results/1. Cancer/TRTR_TSTR_results_cancer.xlsx,utility,0.04212657832696409,,0.0,100.0
1. Cancer,TVAE,,,Precision_Drop,,Gradient Boosting,,,Gap,0.09275429085261488,,classification,Generators/Experiment with utility data leak/utility results/1. Cancer/TRTR_TSTR_results_cancer.xlsx,utility,0.09275429085261488,,0.0,100.0
1. Cancer,TVAE,,,Recall_Drop,,Gradient Boosting,,,Gap,-0.01190476190476197,,classification,Generators/Experiment with utility data leak/utility results/1. Cancer/TRTR_TSTR_results_cancer.xlsx,utility,-0.01190476190476197,,0.0,100.0
1. Cancer,TVAE,,0.0,Accuracy,0.962280701754386,KNN,,Utility,TRTR,0.962280701754386,0.01883413206454726,classification,Generators/Experiment with utility data leak/utility results/1. Cancer/TRTR_TSTR_results_cancer.xlsx,utility,0.962280701754386,,0.0,100.0
1. Cancer,TVAE,,0.0,Accuracy,0.9192982456140351,KNN,,Utility,TSTR,0.9192982456140351,0.01559332353915015,classification,Generators/Experiment with utility data leak/utility results/1. Cancer/TRTR_TSTR_results_cancer.xlsx,utility,0.9192982456140351,,0.0,100.0
1. Cancer,TVAE,,0.0,Accuracy_Gap,0.9192982456140351,KNN,,Utility,Gap,0.0429824561403509,0.01559332353915015,classification,Generators/Experiment with utility data leak/utility results/1. Cancer/TRTR_TSTR_results_cancer.xlsx,utility,0.0429824561403509,,0.0,100.0
1. Cancer,TVAE,,0.0,F1,0.947074373024434,KNN,,Utility,TRTR,0.947074373024434,0.02672761688789936,classification,Generators/Experiment with utility data leak/utility results/1. Cancer/TRTR_TSTR_results_cancer.xlsx,utility,0.947074373024434,,0.0,100.0
1. Cancer,TVAE,,0.0,F1,0.8845383342815607,KNN,,Utility,TSTR,0.8845383342815607,0.02309637542466639,classification,Generators/Experiment with utility data leak/utility results/1. Cancer/TRTR_TSTR_results_cancer.xlsx,utility,0.8845383342815607,,0.0,100.0
1. Cancer,TVAE,,0.0,F1_Gap,0.8845383342815607,KNN,,Utility,Gap,0.06253603874287328,0.02309637542466639,classification,Generators/Experiment with utility data leak/utility results/1. Cancer/TRTR_TSTR_results_cancer.xlsx,utility,0.06253603874287328,,0.0,100.0
1. Cancer,TVAE,,0.0,Precision,0.9751404010156286,KNN,,Utility,TRTR,0.9751404010156286,0.02459125532957641,classification,Generators/Experiment with utility data leak/utility results/1. Cancer/TRTR_TSTR_results_cancer.xlsx,utility,0.9751404010156286,,0.0,100.0
1. Cancer,TVAE,,0.0,Precision,0.9356775422606691,KNN,,Utility,TSTR,0.9356775422606691,0.03601643338690418,classification,Generators/Experiment with utility data leak/utility results/1. Cancer/TRTR_TSTR_results_cancer.xlsx,utility,0.9356775422606691,,0.0,100.0
1. Cancer,TVAE,,0.0,Precision_Gap,0.9356775422606691,KNN,,Utility,Gap,0.03946285875495947,0.03601643338690418,classification,Generators/Experiment with utility data leak/utility results/1. Cancer/TRTR_TSTR_results_cancer.xlsx,utility,0.03946285875495947,,0.0,100.0
1. Cancer,TVAE,,0.0,Recall,0.9214285714285715,KNN,,Utility,TRTR,0.9214285714285715,0.03991203479581002,classification,Generators/Experiment with utility data leak/utility results/1. Cancer/TRTR_TSTR_results_cancer.xlsx,utility,0.9214285714285715,,0.0,100.0
1. Cancer,TVAE,,0.0,Recall,0.8404761904761904,KNN,,Utility,TSTR,0.8404761904761904,0.0384654629081036,classification,Generators/Experiment with utility data leak/utility results/1. Cancer/TRTR_TSTR_results_cancer.xlsx,utility,0.8404761904761904,,0.0,100.0
1. Cancer,TVAE,,0.0,Recall_Gap,0.8404761904761904,KNN,,Utility,Gap,0.08095238095238111,0.0384654629081036,classification,Generators/Experiment with utility data leak/utility results/1. Cancer/TRTR_TSTR_results_cancer.xlsx,utility,0.08095238095238111,,0.0,100.0
1. Cancer,TVAE,,,Accuracy_Drop,,KNN,,,Gap,0.0429824561403509,,classification,Generators/Experiment with utility data leak/utility results/1. Cancer/TRTR_TSTR_results_cancer.xlsx,utility,0.0429824561403509,,0.0,100.0
1. Cancer,TVAE,,,F1_Drop,,KNN,,,Gap,0.06253603874287328,,classification,Generators/Experiment with utility data leak/utility results/1. Cancer/TRTR_TSTR_results_cancer.xlsx,utility,0.06253603874287328,,0.0,100.0
1. Cancer,TVAE,,,Precision_Drop,,KNN,,,Gap,0.03946285875495947,,classification,Generators/Experiment with utility data leak/utility results/1. Cancer/TRTR_TSTR_results_cancer.xlsx,utility,0.03946285875495947,,0.0,100.0
1. Cancer,TVAE,,,Recall_Drop,,KNN,,,Gap,0.08095238095238111,,classification,Generators/Experiment with utility data leak/utility results/1. Cancer/TRTR_TSTR_results_cancer.xlsx,utility,0.08095238095238111,,0.0,100.0
1. Cancer,TVAE,,0.0,Accuracy,0.962280701754386,Random Forest,,Utility,TRTR,0.962280701754386,0.0136176971019825,classification,Generators/Experiment with utility data leak/utility results/1. Cancer/TRTR_TSTR_results_cancer.xlsx,utility,0.962280701754386,,0.0,100.0
1. Cancer,TVAE,,0.0,Accuracy,0.9403508771929825,Random Forest,,Utility,TSTR,0.9403508771929825,0.02411881944713603,classification,Generators/Experiment with utility data leak/utility results/1. Cancer/TRTR_TSTR_results_cancer.xlsx,utility,0.9403508771929825,,0.0,100.0
1. Cancer,TVAE,,0.0,Accuracy_Gap,0.9403508771929825,Random Forest,,Utility,Gap,0.021929824561403466,0.02411881944713603,classification,Generators/Experiment with utility data leak/utility results/1. Cancer/TRTR_TSTR_results_cancer.xlsx,utility,0.021929824561403466,,0.0,100.0
1. Cancer,TVAE,,0.0,F1,0.9482304799188631,Random Forest,,Utility,TRTR,0.9482304799188631,0.01843776018375915,classification,Generators/Experiment with utility data leak/utility results/1. Cancer/TRTR_TSTR_results_cancer.xlsx,utility,0.9482304799188631,,0.0,100.0
1. Cancer,TVAE,,0.0,F1,0.9227451990685708,Random Forest,,Utility,TSTR,0.9227451990685708,0.03040540973588106,classification,Generators/Experiment with utility data leak/utility results/1. Cancer/TRTR_TSTR_results_cancer.xlsx,utility,0.9227451990685708,,0.0,100.0
1. Cancer,TVAE,,0.0,F1_Gap,0.9227451990685708,Random Forest,,Utility,Gap,0.025485280850292336,0.03040540973588106,classification,Generators/Experiment with utility data leak/utility results/1. Cancer/TRTR_TSTR_results_cancer.xlsx,utility,0.025485280850292336,,0.0,100.0
1. Cancer,TVAE,,0.0,Precision,0.9617923931806518,Random Forest,,Utility,TRTR,0.9617923931806518,0.02967466301692189,classification,Generators/Experiment with utility data leak/utility results/1. Cancer/TRTR_TSTR_results_cancer.xlsx,utility,0.9617923931806518,,0.0,100.0
1. Cancer,TVAE,,0.0,Precision,0.8902658325683648,Random Forest,,Utility,TSTR,0.8902658325683648,0.04986619470062876,classification,Generators/Experiment with utility data leak/utility results/1. Cancer/TRTR_TSTR_results_cancer.xlsx,utility,0.8902658325683648,,0.0,100.0
1. Cancer,TVAE,,0.0,Precision_Gap,0.8902658325683648,Random Forest,,Utility,Gap,0.07152656061228702,0.04986619470062876,classification,Generators/Experiment with utility data leak/utility results/1. Cancer/TRTR_TSTR_results_cancer.xlsx,utility,0.07152656061228702,,0.0,100.0
1. Cancer,TVAE,,0.0,Recall,0.9357142857142857,Random Forest,,Utility,TRTR,0.9357142857142857,0.0214285714285714,classification,Generators/Experiment with utility data leak/utility results/1. Cancer/TRTR_TSTR_results_cancer.xlsx,utility,0.9357142857142857,,0.0,100.0
1. Cancer,TVAE,,0.0,Recall,0.9595238095238094,Random Forest,,Utility,TSTR,0.9595238095238094,0.02827224306437599,classification,Generators/Experiment with utility data leak/utility results/1. Cancer/TRTR_TSTR_results_cancer.xlsx,utility,0.9595238095238094,,0.0,100.0
1. Cancer,TVAE,,0.0,Recall_Gap,0.9595238095238094,Random Forest,,Utility,Gap,-0.023809523809523725,0.02827224306437599,classification,Generators/Experiment with utility data leak/utility results/1. Cancer/TRTR_TSTR_results_cancer.xlsx,utility,-0.023809523809523725,,0.0,100.0
1. Cancer,TVAE,,,Accuracy_Drop,,Random Forest,,,Gap,0.02192982456140347,,classification,Generators/Experiment with utility data leak/utility results/1. Cancer/TRTR_TSTR_results_cancer.xlsx,utility,0.02192982456140347,,0.0,100.0
1. Cancer,TVAE,,,F1_Drop,,Random Forest,,,Gap,0.02548528085029234,,classification,Generators/Experiment with utility data leak/utility results/1. Cancer/TRTR_TSTR_results_cancer.xlsx,utility,0.02548528085029234,,0.0,100.0
1. Cancer,TVAE,,,Precision_Drop,,Random Forest,,,Gap,0.07152656061228702,,classification,Generators/Experiment with utility data leak/utility results/1. Cancer/TRTR_TSTR_results_cancer.xlsx,utility,0.07152656061228702,,0.0,100.0
1. Cancer,TVAE,,,Recall_Drop,,Random Forest,,,Gap,-0.02380952380952372,,classification,Generators/Experiment with utility data leak/utility results/1. Cancer/TRTR_TSTR_results_cancer.xlsx,utility,-0.02380952380952372,,0.0,100.0
1. Cancer,TVAE,,0.0,Accuracy,0.9350877192982457,Decision Tree,,Utility,TRTR,0.9350877192982457,0.02045948033279054,classification,Generators/Experiment with utility data leak/utility results/1. Cancer/TRTR_TSTR_results_cancer.xlsx,utility,0.9350877192982457,,0.0,100.0
1. Cancer,TVAE,,0.0,Accuracy,0.8850877192982457,Decision Tree,,Utility,TSTR,0.8850877192982457,0.03339099352749871,classification,Generators/Experiment with utility data leak/utility results/1. Cancer/TRTR_TSTR_results_cancer.xlsx,utility,0.8850877192982457,,0.0,100.0
1. Cancer,TVAE,,0.0,Accuracy_Gap,0.8850877192982457,Decision Tree,,Utility,Gap,0.050000000000000044,0.03339099352749871,classification,Generators/Experiment with utility data leak/utility results/1. Cancer/TRTR_TSTR_results_cancer.xlsx,utility,0.050000000000000044,,0.0,100.0
1. Cancer,TVAE,,0.0,F1,0.9122461606275634,Decision Tree,,Utility,TRTR,0.9122461606275634,0.02771502846045041,classification,Generators/Experiment with utility data leak/utility results/1. Cancer/TRTR_TSTR_results_cancer.xlsx,utility,0.9122461606275634,,0.0,100.0
1. Cancer,TVAE,,0.0,F1,0.8534828223900593,Decision Tree,,Utility,TSTR,0.8534828223900593,0.0408262245800949,classification,Generators/Experiment with utility data leak/utility results/1. Cancer/TRTR_TSTR_results_cancer.xlsx,utility,0.8534828223900593,,0.0,100.0
1. Cancer,TVAE,,0.0,F1_Gap,0.8534828223900593,Decision Tree,,Utility,Gap,0.058763338237504015,0.0408262245800949,classification,Generators/Experiment with utility data leak/utility results/1. Cancer/TRTR_TSTR_results_cancer.xlsx,utility,0.058763338237504015,,0.0,100.0
1. Cancer,TVAE,,0.0,Precision,0.9096981560397401,Decision Tree,,Utility,TRTR,0.9096981560397401,0.03732307542896939,classification,Generators/Experiment with utility data leak/utility results/1. Cancer/TRTR_TSTR_results_cancer.xlsx,utility,0.9096981560397401,,0.0,100.0
1. Cancer,TVAE,,0.0,Precision,0.809844675532181,Decision Tree,,Utility,TSTR,0.809844675532181,0.05563070655071129,classification,Generators/Experiment with utility data leak/utility results/1. Cancer/TRTR_TSTR_results_cancer.xlsx,utility,0.809844675532181,,0.0,100.0
1. Cancer,TVAE,,0.0,Precision_Gap,0.809844675532181,Decision Tree,,Utility,Gap,0.09985348050755916,0.05563070655071129,classification,Generators/Experiment with utility data leak/utility results/1. Cancer/TRTR_TSTR_results_cancer.xlsx,utility,0.09985348050755916,,0.0,100.0
1. Cancer,TVAE,,0.0,Recall,0.9166666666666666,Decision Tree,,Utility,TRTR,0.9166666666666666,0.04158154570612613,classification,Generators/Experiment with utility data leak/utility results/1. Cancer/TRTR_TSTR_results_cancer.xlsx,utility,0.9166666666666666,,0.0,100.0
1. Cancer,TVAE,,0.0,Recall,0.9047619047619048,Decision Tree,,Utility,TSTR,0.9047619047619048,0.0464133064038522,classification,Generators/Experiment with utility data leak/utility results/1. Cancer/TRTR_TSTR_results_cancer.xlsx,utility,0.9047619047619048,,0.0,100.0
1. Cancer,TVAE,,0.0,Recall_Gap,0.9047619047619048,Decision Tree,,Utility,Gap,0.011904761904761862,0.0464133064038522,classification,Generators/Experiment with utility data leak/utility results/1. Cancer/TRTR_TSTR_results_cancer.xlsx,utility,0.011904761904761862,,0.0,100.0
1. Cancer,TVAE,,,Accuracy_Drop,,Decision Tree,,,Gap,0.05000000000000004,,classification,Generators/Experiment with utility data leak/utility results/1. Cancer/TRTR_TSTR_results_cancer.xlsx,utility,0.05000000000000004,,0.0,100.0
1. Cancer,TVAE,,,F1_Drop,,Decision Tree,,,Gap,0.05876333823750401,,classification,Generators/Experiment with utility data leak/utility results/1. Cancer/TRTR_TSTR_results_cancer.xlsx,utility,0.05876333823750401,,0.0,100.0
1. Cancer,TVAE,,,Precision_Drop,,Decision Tree,,,Gap,0.09985348050755916,,classification,Generators/Experiment with utility data leak/utility results/1. Cancer/TRTR_TSTR_results_cancer.xlsx,utility,0.09985348050755916,,0.0,100.0
1. Cancer,TVAE,,,Recall_Drop,,Decision Tree,,,Gap,0.01190476190476186,,classification,Generators/Experiment with utility data leak/utility results/1. Cancer/TRTR_TSTR_results_cancer.xlsx,utility,0.01190476190476186,,0.0,100.0
1. Cancer,TVAE,,0.0,Accuracy,0.9324561403508772,Naive Bayes,,Utility,TRTR,0.9324561403508772,0.02322491630679601,classification,Generators/Experiment with utility data leak/utility results/1. Cancer/TRTR_TSTR_results_cancer.xlsx,utility,0.9324561403508772,,0.0,100.0
1. Cancer,TVAE,,0.0,Accuracy,0.9201754385964911,Naive Bayes,,Utility,TSTR,0.9201754385964911,0.01774013018961113,classification,Generators/Experiment with utility data leak/utility results/1. Cancer/TRTR_TSTR_results_cancer.xlsx,utility,0.9201754385964911,,0.0,100.0
1. Cancer,TVAE,,0.0,Accuracy_Gap,0.9201754385964911,Naive Bayes,,Utility,Gap,0.012280701754386114,0.01774013018961113,classification,Generators/Experiment with utility data leak/utility results/1. Cancer/TRTR_TSTR_results_cancer.xlsx,utility,0.012280701754386114,,0.0,100.0
1. Cancer,TVAE,,0.0,F1,0.9055642341410918,Naive Bayes,,Utility,TRTR,0.9055642341410918,0.0327534076549362,classification,Generators/Experiment with utility data leak/utility results/1. Cancer/TRTR_TSTR_results_cancer.xlsx,utility,0.9055642341410918,,0.0,100.0
1. Cancer,TVAE,,0.0,F1,0.8987114495799169,Naive Bayes,,Utility,TSTR,0.8987114495799169,0.02169100300470643,classification,Generators/Experiment with utility data leak/utility results/1. Cancer/TRTR_TSTR_results_cancer.xlsx,utility,0.8987114495799169,,0.0,100.0
1. Cancer,TVAE,,0.0,F1_Gap,0.8987114495799169,Naive Bayes,,Utility,Gap,0.006852784561174885,0.02169100300470643,classification,Generators/Experiment with utility data leak/utility results/1. Cancer/TRTR_TSTR_results_cancer.xlsx,utility,0.006852784561174885,,0.0,100.0
1. Cancer,TVAE,,0.0,Precision,0.931024002484766,Naive Bayes,,Utility,TRTR,0.931024002484766,0.03636585629143303,classification,Generators/Experiment with utility data leak/utility results/1. Cancer/TRTR_TSTR_results_cancer.xlsx,utility,0.931024002484766,,0.0,100.0
1. Cancer,TVAE,,0.0,Precision,0.8460551560241003,Naive Bayes,,Utility,TSTR,0.8460551560241003,0.03169416111012167,classification,Generators/Experiment with utility data leak/utility results/1. Cancer/TRTR_TSTR_results_cancer.xlsx,utility,0.8460551560241003,,0.0,100.0
1. Cancer,TVAE,,0.0,Precision_Gap,0.8460551560241003,Naive Bayes,,Utility,Gap,0.08496884646066571,0.03169416111012167,classification,Generators/Experiment with utility data leak/utility results/1. Cancer/TRTR_TSTR_results_cancer.xlsx,utility,0.08496884646066571,,0.0,100.0
1. Cancer,TVAE,,0.0,Recall,0.8833333333333332,Naive Bayes,,Utility,TRTR,0.8833333333333332,0.05156287578025646,classification,Generators/Experiment with utility data leak/utility results/1. Cancer/TRTR_TSTR_results_cancer.xlsx,utility,0.8833333333333332,,0.0,100.0
1. Cancer,TVAE,,0.0,Recall,0.9595238095238094,Naive Bayes,,Utility,TSTR,0.9595238095238094,0.02827224306437599,classification,Generators/Experiment with utility data leak/utility results/1. Cancer/TRTR_TSTR_results_cancer.xlsx,utility,0.9595238095238094,,0.0,100.0
1. Cancer,TVAE,,0.0,Recall_Gap,0.9595238095238094,Naive Bayes,,Utility,Gap,-0.07619047619047625,0.02827224306437599,classification,Generators/Experiment with utility data leak/utility results/1. Cancer/TRTR_TSTR_results_cancer.xlsx,utility,-0.07619047619047625,,0.0,100.0
1. Cancer,TVAE,,,Accuracy_Drop,,Naive Bayes,,,Gap,0.01228070175438611,,classification,Generators/Experiment with utility data leak/utility results/1. Cancer/TRTR_TSTR_results_cancer.xlsx,utility,0.01228070175438611,,0.0,100.0
1. Cancer,TVAE,,,F1_Drop,,Naive Bayes,,,Gap,0.006852784561174885,,classification,Generators/Experiment with utility data leak/utility results/1. Cancer/TRTR_TSTR_results_cancer.xlsx,utility,0.006852784561174885,,0.0,100.0
1. Cancer,TVAE,,,Precision_Drop,,Naive Bayes,,,Gap,0.08496884646066571,,classification,Generators/Experiment with utility data leak/utility results/1. Cancer/TRTR_TSTR_results_cancer.xlsx,utility,0.08496884646066571,,0.0,100.0
1. Cancer,TVAE,,,Recall_Drop,,Naive Bayes,,,Gap,-0.07619047619047625,,classification,Generators/Experiment with utility data leak/utility results/1. Cancer/TRTR_TSTR_results_cancer.xlsx,utility,-0.07619047619047625,,0.0,100.0
1. Cancer,GaussianCopula,,0.0,Accuracy,0.9789473684210526,Logistic Regression,,Utility,TRTR,0.9789473684210526,0.009768007654087744,classification,Generators/Experiment with utility data leak/utility results/1. Cancer/TRTR_TSTR_results_cancer.xlsx,utility,0.9789473684210526,,0.0,100.0
1. Cancer,GaussianCopula,,0.0,Accuracy,0.9078947368421053,Logistic Regression,,Utility,TSTR,0.9078947368421053,0.03019634118957632,classification,Generators/Experiment with utility data leak/utility results/1. Cancer/TRTR_TSTR_results_cancer.xlsx,utility,0.9078947368421053,,0.0,100.0
1. Cancer,GaussianCopula,,0.0,Accuracy_Gap,0.9078947368421053,Logistic Regression,,Utility,Gap,0.07105263157894726,0.03019634118957632,classification,Generators/Experiment with utility data leak/utility results/1. Cancer/TRTR_TSTR_results_cancer.xlsx,utility,0.07105263157894726,,0.0,100.0
1. Cancer,GaussianCopula,,0.0,F1,0.9707868770215718,Logistic Regression,,Utility,TRTR,0.9707868770215718,0.0137941861874265,classification,Generators/Experiment with utility data leak/utility results/1. Cancer/TRTR_TSTR_results_cancer.xlsx,utility,0.9707868770215718,,0.0,100.0
1. Cancer,GaussianCopula,,0.0,F1,0.8547065564887054,Logistic Regression,,Utility,TSTR,0.8547065564887054,0.05206822769484213,classification,Generators/Experiment with utility data leak/utility results/1. Cancer/TRTR_TSTR_results_cancer.xlsx,utility,0.8547065564887054,,0.0,100.0
1. Cancer,GaussianCopula,,0.0,F1_Gap,0.8547065564887054,Logistic Regression,,Utility,Gap,0.11608032053286643,0.05206822769484213,classification,Generators/Experiment with utility data leak/utility results/1. Cancer/TRTR_TSTR_results_cancer.xlsx,utility,0.11608032053286643,,0.0,100.0
1. Cancer,GaussianCopula,,0.0,Precision,0.9901768962744573,Logistic Regression,,Utility,TRTR,0.9901768962744573,0.01203823054760635,classification,Generators/Experiment with utility data leak/utility results/1. Cancer/TRTR_TSTR_results_cancer.xlsx,utility,0.9901768962744573,,0.0,100.0
1. Cancer,GaussianCopula,,0.0,Precision,1.0,Logistic Regression,,Utility,TSTR,1.0,0.0,classification,Generators/Experiment with utility data leak/utility results/1. Cancer/TRTR_TSTR_results_cancer.xlsx,utility,1.0,,0.0,100.0
1. Cancer,GaussianCopula,,0.0,Precision_Gap,1.0,Logistic Regression,,Utility,Gap,-0.009823103725542737,0.0,classification,Generators/Experiment with utility data leak/utility results/1. Cancer/TRTR_TSTR_results_cancer.xlsx,utility,-0.009823103725542737,,0.0,100.0
1. Cancer,GaussianCopula,,0.0,Recall,0.9523809523809523,Logistic Regression,,Utility,TRTR,0.9523809523809523,0.02129588549999798,classification,Generators/Experiment with utility data leak/utility results/1. Cancer/TRTR_TSTR_results_cancer.xlsx,utility,0.9523809523809523,,0.0,100.0
1. Cancer,GaussianCopula,,0.0,Recall,0.75,Logistic Regression,,Utility,TSTR,0.75,0.0819614975145643,classification,Generators/Experiment with utility data leak/utility results/1. Cancer/TRTR_TSTR_results_cancer.xlsx,utility,0.75,,0.0,100.0
1. Cancer,GaussianCopula,,0.0,Recall_Gap,0.75,Logistic Regression,,Utility,Gap,0.20238095238095233,0.0819614975145643,classification,Generators/Experiment with utility data leak/utility results/1. Cancer/TRTR_TSTR_results_cancer.xlsx,utility,0.20238095238095233,,0.0,100.0
1. Cancer,GaussianCopula,,,Accuracy_Drop,,Logistic Regression,,,Gap,0.07105263157894726,,classification,Generators/Experiment with utility data leak/utility results/1. Cancer/TRTR_TSTR_results_cancer.xlsx,utility,0.07105263157894726,,0.0,100.0
1. Cancer,GaussianCopula,,,F1_Drop,,Logistic Regression,,,Gap,0.1160803205328664,,classification,Generators/Experiment with utility data leak/utility results/1. Cancer/TRTR_TSTR_results_cancer.xlsx,utility,0.1160803205328664,,0.0,100.0
1. Cancer,GaussianCopula,,,Precision_Drop,,Logistic Regression,,,Gap,-0.009823103725542737,,classification,Generators/Experiment with utility data leak/utility results/1. Cancer/TRTR_TSTR_results_cancer.xlsx,utility,-0.009823103725542737,,0.0,100.0
1. Cancer,GaussianCopula,,,Recall_Drop,,Logistic Regression,,,Gap,0.2023809523809523,,classification,Generators/Experiment with utility data leak/utility results/1. Cancer/TRTR_TSTR_results_cancer.xlsx,utility,0.2023809523809523,,0.0,100.0
1. Cancer,GaussianCopula,,0.0,Accuracy,0.974561403508772,MLP,,Utility,TRTR,0.974561403508772,0.01327433855300136,classification,Generators/Experiment with utility data leak/utility results/1. Cancer/TRTR_TSTR_results_cancer.xlsx,utility,0.974561403508772,,0.0,100.0
1. Cancer,GaussianCopula,,0.0,Accuracy,0.7701754385964913,MLP,,Utility,TSTR,0.7701754385964913,0.0527484083451681,classification,Generators/Experiment with utility data leak/utility results/1. Cancer/TRTR_TSTR_results_cancer.xlsx,utility,0.7701754385964913,,0.0,100.0
1. Cancer,GaussianCopula,,0.0,Accuracy_Gap,0.7701754385964913,MLP,,Utility,Gap,0.20438596491228067,0.0527484083451681,classification,Generators/Experiment with utility data leak/utility results/1. Cancer/TRTR_TSTR_results_cancer.xlsx,utility,0.20438596491228067,,0.0,100.0
1. Cancer,GaussianCopula,,0.0,F1,0.9646057122906845,MLP,,Utility,TRTR,0.9646057122906845,0.01869298955577862,classification,Generators/Experiment with utility data leak/utility results/1. Cancer/TRTR_TSTR_results_cancer.xlsx,utility,0.9646057122906845,,0.0,100.0
1. Cancer,GaussianCopula,,0.0,F1,0.6812252229940051,MLP,,Utility,TSTR,0.6812252229940051,0.06711325184002578,classification,Generators/Experiment with utility data leak/utility results/1. Cancer/TRTR_TSTR_results_cancer.xlsx,utility,0.6812252229940051,,0.0,100.0
1. Cancer,GaussianCopula,,0.0,F1_Gap,0.6812252229940051,MLP,,Utility,Gap,0.28338048929667936,0.06711325184002578,classification,Generators/Experiment with utility data leak/utility results/1. Cancer/TRTR_TSTR_results_cancer.xlsx,utility,0.28338048929667936,,0.0,100.0
1. Cancer,GaussianCopula,,0.0,Precision,0.985467661474468,MLP,,Utility,TRTR,0.985467661474468,0.0191919907367019,classification,Generators/Experiment with utility data leak/utility results/1. Cancer/TRTR_TSTR_results_cancer.xlsx,utility,0.985467661474468,,0.0,100.0
1. Cancer,GaussianCopula,,0.0,Precision,0.7042084184757755,MLP,,Utility,TSTR,0.7042084184757755,0.08661714079369971,classification,Generators/Experiment with utility data leak/utility results/1. Cancer/TRTR_TSTR_results_cancer.xlsx,utility,0.7042084184757755,,0.0,100.0
1. Cancer,GaussianCopula,,0.0,Precision_Gap,0.7042084184757755,MLP,,Utility,Gap,0.2812592429986924,0.08661714079369971,classification,Generators/Experiment with utility data leak/utility results/1. Cancer/TRTR_TSTR_results_cancer.xlsx,utility,0.2812592429986924,,0.0,100.0
1. Cancer,GaussianCopula,,0.0,Recall,0.9452380952380952,MLP,,Utility,TRTR,0.9452380952380952,0.03021089890583217,classification,Generators/Experiment with utility data leak/utility results/1. Cancer/TRTR_TSTR_results_cancer.xlsx,utility,0.9452380952380952,,0.0,100.0
1. Cancer,GaussianCopula,,0.0,Recall,0.6642857142857144,MLP,,Utility,TSTR,0.6642857142857144,0.0693752489730165,classification,Generators/Experiment with utility data leak/utility results/1. Cancer/TRTR_TSTR_results_cancer.xlsx,utility,0.6642857142857144,,0.0,100.0
1. Cancer,GaussianCopula,,0.0,Recall_Gap,0.6642857142857144,MLP,,Utility,Gap,0.28095238095238084,0.0693752489730165,classification,Generators/Experiment with utility data leak/utility results/1. Cancer/TRTR_TSTR_results_cancer.xlsx,utility,0.28095238095238084,,0.0,100.0
1. Cancer,GaussianCopula,,,Accuracy_Drop,,MLP,,,Gap,0.2043859649122807,,classification,Generators/Experiment with utility data leak/utility results/1. Cancer/TRTR_TSTR_results_cancer.xlsx,utility,0.2043859649122807,,0.0,100.0
1. Cancer,GaussianCopula,,,F1_Drop,,MLP,,,Gap,0.2833804892966794,,classification,Generators/Experiment with utility data leak/utility results/1. Cancer/TRTR_TSTR_results_cancer.xlsx,utility,0.2833804892966794,,0.0,100.0
1. Cancer,GaussianCopula,,,Precision_Drop,,MLP,,,Gap,0.2812592429986924,,classification,Generators/Experiment with utility data leak/utility results/1. Cancer/TRTR_TSTR_results_cancer.xlsx,utility,0.2812592429986924,,0.0,100.0
1. Cancer,GaussianCopula,,,Recall_Drop,,MLP,,,Gap,0.2809523809523808,,classification,Generators/Experiment with utility data leak/utility results/1. Cancer/TRTR_TSTR_results_cancer.xlsx,utility,0.2809523809523808,,0.0,100.0
1. Cancer,GaussianCopula,,0.0,Accuracy,0.9701754385964912,SVM-RBF,,Utility,TRTR,0.9701754385964912,0.01889531511275264,classification,Generators/Experiment with utility data leak/utility results/1. Cancer/TRTR_TSTR_results_cancer.xlsx,utility,0.9701754385964912,,0.0,100.0
1. Cancer,GaussianCopula,,0.0,Accuracy,0.8754385964912281,SVM-RBF,,Utility,TSTR,0.8754385964912281,0.02246710258748367,classification,Generators/Experiment with utility data leak/utility results/1. Cancer/TRTR_TSTR_results_cancer.xlsx,utility,0.8754385964912281,,0.0,100.0
1. Cancer,GaussianCopula,,0.0,Accuracy_Gap,0.8754385964912281,SVM-RBF,,Utility,Gap,0.09473684210526312,0.02246710258748367,classification,Generators/Experiment with utility data leak/utility results/1. Cancer/TRTR_TSTR_results_cancer.xlsx,utility,0.09473684210526312,,0.0,100.0
1. Cancer,GaussianCopula,,0.0,F1,0.9583987428081452,SVM-RBF,,Utility,TRTR,0.9583987428081452,0.02694607072359247,classification,Generators/Experiment with utility data leak/utility results/1. Cancer/TRTR_TSTR_results_cancer.xlsx,utility,0.9583987428081452,,0.0,100.0
1. Cancer,GaussianCopula,,0.0,F1,0.7982245619189977,SVM-RBF,,Utility,TSTR,0.7982245619189977,0.04158020857858659,classification,Generators/Experiment with utility data leak/utility results/1. Cancer/TRTR_TSTR_results_cancer.xlsx,utility,0.7982245619189977,,0.0,100.0
1. Cancer,GaussianCopula,,0.0,F1_Gap,0.7982245619189977,SVM-RBF,,Utility,Gap,0.16017418088914748,0.04158020857858659,classification,Generators/Experiment with utility data leak/utility results/1. Cancer/TRTR_TSTR_results_cancer.xlsx,utility,0.16017418088914748,,0.0,100.0
1. Cancer,GaussianCopula,,0.0,Precision,0.975500670827118,SVM-RBF,,Utility,TRTR,0.975500670827118,0.01929000486040976,classification,Generators/Experiment with utility data leak/utility results/1. Cancer/TRTR_TSTR_results_cancer.xlsx,utility,0.975500670827118,,0.0,100.0
1. Cancer,GaussianCopula,,0.0,Precision,0.9823277842743916,SVM-RBF,,Utility,TSTR,0.9823277842743916,0.01773883868041842,classification,Generators/Experiment with utility data leak/utility results/1. Cancer/TRTR_TSTR_results_cancer.xlsx,utility,0.9823277842743916,,0.0,100.0
1. Cancer,GaussianCopula,,0.0,Precision_Gap,0.9823277842743916,SVM-RBF,,Utility,Gap,-0.006827113447273603,0.01773883868041842,classification,Generators/Experiment with utility data leak/utility results/1. Cancer/TRTR_TSTR_results_cancer.xlsx,utility,-0.006827113447273603,,0.0,100.0
1. Cancer,GaussianCopula,,0.0,Recall,0.9428571428571428,SVM-RBF,,Utility,TRTR,0.9428571428571428,0.04416008807378907,classification,Generators/Experiment with utility data leak/utility results/1. Cancer/TRTR_TSTR_results_cancer.xlsx,utility,0.9428571428571428,,0.0,100.0
1. Cancer,GaussianCopula,,0.0,Recall,0.6738095238095239,SVM-RBF,,Utility,TSTR,0.6738095238095239,0.05537953976006192,classification,Generators/Experiment with utility data leak/utility results/1. Cancer/TRTR_TSTR_results_cancer.xlsx,utility,0.6738095238095239,,0.0,100.0
1. Cancer,GaussianCopula,,0.0,Recall_Gap,0.6738095238095239,SVM-RBF,,Utility,Gap,0.269047619047619,0.05537953976006192,classification,Generators/Experiment with utility data leak/utility results/1. Cancer/TRTR_TSTR_results_cancer.xlsx,utility,0.269047619047619,,0.0,100.0
1. Cancer,GaussianCopula,,,Accuracy_Drop,,SVM-RBF,,,Gap,0.09473684210526312,,classification,Generators/Experiment with utility data leak/utility results/1. Cancer/TRTR_TSTR_results_cancer.xlsx,utility,0.09473684210526312,,0.0,100.0
1. Cancer,GaussianCopula,,,F1_Drop,,SVM-RBF,,,Gap,0.1601741808891475,,classification,Generators/Experiment with utility data leak/utility results/1. Cancer/TRTR_TSTR_results_cancer.xlsx,utility,0.1601741808891475,,0.0,100.0
1. Cancer,GaussianCopula,,,Precision_Drop,,SVM-RBF,,,Gap,-0.006827113447273603,,classification,Generators/Experiment with utility data leak/utility results/1. Cancer/TRTR_TSTR_results_cancer.xlsx,utility,-0.006827113447273603,,0.0,100.0
1. Cancer,GaussianCopula,,,Recall_Drop,,SVM-RBF,,,Gap,0.269047619047619,,classification,Generators/Experiment with utility data leak/utility results/1. Cancer/TRTR_TSTR_results_cancer.xlsx,utility,0.269047619047619,,0.0,100.0
1. Cancer,GaussianCopula,,0.0,Accuracy,0.9701754385964912,Extra Trees,,Utility,TRTR,0.9701754385964912,0.01189882453179872,classification,Generators/Experiment with utility data leak/utility results/1. Cancer/TRTR_TSTR_results_cancer.xlsx,utility,0.9701754385964912,,0.0,100.0
1. Cancer,GaussianCopula,,0.0,Accuracy,0.8903508771929823,Extra Trees,,Utility,TSTR,0.8903508771929823,0.02579901959623288,classification,Generators/Experiment with utility data leak/utility results/1. Cancer/TRTR_TSTR_results_cancer.xlsx,utility,0.8903508771929823,,0.0,100.0
1. Cancer,GaussianCopula,,0.0,Accuracy_Gap,0.8903508771929823,Extra Trees,,Utility,Gap,0.07982456140350891,0.02579901959623288,classification,Generators/Experiment with utility data leak/utility results/1. Cancer/TRTR_TSTR_results_cancer.xlsx,utility,0.07982456140350891,,0.0,100.0
1. Cancer,GaussianCopula,,0.0,F1,0.9589899381997989,Extra Trees,,Utility,TRTR,0.9589899381997989,0.01652286372603384,classification,Generators/Experiment with utility data leak/utility results/1. Cancer/TRTR_TSTR_results_cancer.xlsx,utility,0.9589899381997989,,0.0,100.0
1. Cancer,GaussianCopula,,0.0,F1,0.824353415780001,Extra Trees,,Utility,TSTR,0.824353415780001,0.04758422249394592,classification,Generators/Experiment with utility data leak/utility results/1. Cancer/TRTR_TSTR_results_cancer.xlsx,utility,0.824353415780001,,0.0,100.0
1. Cancer,GaussianCopula,,0.0,F1_Gap,0.824353415780001,Extra Trees,,Utility,Gap,0.13463652241979795,0.04758422249394592,classification,Generators/Experiment with utility data leak/utility results/1. Cancer/TRTR_TSTR_results_cancer.xlsx,utility,0.13463652241979795,,0.0,100.0
1. Cancer,GaussianCopula,,0.0,Precision,0.971542217000243,Extra Trees,,Utility,TRTR,0.971542217000243,0.02506278422086412,classification,Generators/Experiment with utility data leak/utility results/1. Cancer/TRTR_TSTR_results_cancer.xlsx,utility,0.971542217000243,,0.0,100.0
1. Cancer,GaussianCopula,,0.0,Precision,0.9914149443561208,Extra Trees,,Utility,TSTR,0.9914149443561208,0.01858396082187912,classification,Generators/Experiment with utility data leak/utility results/1. Cancer/TRTR_TSTR_results_cancer.xlsx,utility,0.9914149443561208,,0.0,100.0
1. Cancer,GaussianCopula,,0.0,Precision_Gap,0.9914149443561208,Extra Trees,,Utility,Gap,-0.01987272735587775,0.01858396082187912,classification,Generators/Experiment with utility data leak/utility results/1. Cancer/TRTR_TSTR_results_cancer.xlsx,utility,-0.01987272735587775,,0.0,100.0
1. Cancer,GaussianCopula,,0.0,Recall,0.9476190476190476,Extra Trees,,Utility,TRTR,0.9476190476190476,0.02776643759450141,classification,Generators/Experiment with utility data leak/utility results/1. Cancer/TRTR_TSTR_results_cancer.xlsx,utility,0.9476190476190476,,0.0,100.0
1. Cancer,GaussianCopula,,0.0,Recall,0.7095238095238096,Extra Trees,,Utility,TSTR,0.7095238095238096,0.07663560447348132,classification,Generators/Experiment with utility data leak/utility results/1. Cancer/TRTR_TSTR_results_cancer.xlsx,utility,0.7095238095238096,,0.0,100.0
1. Cancer,GaussianCopula,,0.0,Recall_Gap,0.7095238095238096,Extra Trees,,Utility,Gap,0.23809523809523803,0.07663560447348132,classification,Generators/Experiment with utility data leak/utility results/1. Cancer/TRTR_TSTR_results_cancer.xlsx,utility,0.23809523809523803,,0.0,100.0
1. Cancer,GaussianCopula,,,Accuracy_Drop,,Extra Trees,,,Gap,0.07982456140350891,,classification,Generators/Experiment with utility data leak/utility results/1. Cancer/TRTR_TSTR_results_cancer.xlsx,utility,0.07982456140350891,,0.0,100.0
1. Cancer,GaussianCopula,,,F1_Drop,,Extra Trees,,,Gap,0.134636522419798,,classification,Generators/Experiment with utility data leak/utility results/1. Cancer/TRTR_TSTR_results_cancer.xlsx,utility,0.134636522419798,,0.0,100.0
1. Cancer,GaussianCopula,,,Precision_Drop,,Extra Trees,,,Gap,-0.01987272735587775,,classification,Generators/Experiment with utility data leak/utility results/1. Cancer/TRTR_TSTR_results_cancer.xlsx,utility,-0.01987272735587775,,0.0,100.0
1. Cancer,GaussianCopula,,,Recall_Drop,,Extra Trees,,,Gap,0.238095238095238,,classification,Generators/Experiment with utility data leak/utility results/1. Cancer/TRTR_TSTR_results_cancer.xlsx,utility,0.238095238095238,,0.0,100.0
1. Cancer,GaussianCopula,,0.0,Accuracy,0.9666666666666666,AdaBoost,,Utility,TRTR,0.9666666666666666,0.01022974016639526,classification,Generators/Experiment with utility data leak/utility results/1. Cancer/TRTR_TSTR_results_cancer.xlsx,utility,0.9666666666666666,,0.0,100.0
1. Cancer,GaussianCopula,,0.0,Accuracy,0.9096491228070175,AdaBoost,,Utility,TSTR,0.9096491228070175,0.02419844600725213,classification,Generators/Experiment with utility data leak/utility results/1. Cancer/TRTR_TSTR_results_cancer.xlsx,utility,0.9096491228070175,,0.0,100.0
1. Cancer,GaussianCopula,,0.0,Accuracy_Gap,0.9096491228070175,AdaBoost,,Utility,Gap,0.05701754385964908,0.02419844600725213,classification,Generators/Experiment with utility data leak/utility results/1. Cancer/TRTR_TSTR_results_cancer.xlsx,utility,0.05701754385964908,,0.0,100.0
1. Cancer,GaussianCopula,,0.0,F1,0.9537824074424763,AdaBoost,,Utility,TRTR,0.9537824074424763,0.01443243582836966,classification,Generators/Experiment with utility data leak/utility results/1. Cancer/TRTR_TSTR_results_cancer.xlsx,utility,0.9537824074424763,,0.0,100.0
1. Cancer,GaussianCopula,,0.0,F1,0.8650285739692105,AdaBoost,,Utility,TSTR,0.8650285739692105,0.03923773971976056,classification,Generators/Experiment with utility data leak/utility results/1. Cancer/TRTR_TSTR_results_cancer.xlsx,utility,0.8650285739692105,,0.0,100.0
1. Cancer,GaussianCopula,,0.0,F1_Gap,0.8650285739692105,AdaBoost,,Utility,Gap,0.08875383347326582,0.03923773971976056,classification,Generators/Experiment with utility data leak/utility results/1. Cancer/TRTR_TSTR_results_cancer.xlsx,utility,0.08875383347326582,,0.0,100.0
1. Cancer,GaussianCopula,,0.0,Precision,0.9735489892977129,AdaBoost,,Utility,TRTR,0.9735489892977129,0.02210918228480495,classification,Generators/Experiment with utility data leak/utility results/1. Cancer/TRTR_TSTR_results_cancer.xlsx,utility,0.9735489892977129,,0.0,100.0
1. Cancer,GaussianCopula,,0.0,Precision,0.956769999865975,AdaBoost,,Utility,TSTR,0.956769999865975,0.04165631473303781,classification,Generators/Experiment with utility data leak/utility results/1. Cancer/TRTR_TSTR_results_cancer.xlsx,utility,0.956769999865975,,0.0,100.0
1. Cancer,GaussianCopula,,0.0,Precision_Gap,0.956769999865975,AdaBoost,,Utility,Gap,0.016778989431737945,0.04165631473303781,classification,Generators/Experiment with utility data leak/utility results/1. Cancer/TRTR_TSTR_results_cancer.xlsx,utility,0.016778989431737945,,0.0,100.0
1. Cancer,GaussianCopula,,0.0,Recall,0.9357142857142857,AdaBoost,,Utility,TRTR,0.9357142857142857,0.02827224306437598,classification,Generators/Experiment with utility data leak/utility results/1. Cancer/TRTR_TSTR_results_cancer.xlsx,utility,0.9357142857142857,,0.0,100.0
1. Cancer,GaussianCopula,,0.0,Recall,0.7928571428571429,AdaBoost,,Utility,TSTR,0.7928571428571429,0.06481265518483903,classification,Generators/Experiment with utility data leak/utility results/1. Cancer/TRTR_TSTR_results_cancer.xlsx,utility,0.7928571428571429,,0.0,100.0
1. Cancer,GaussianCopula,,0.0,Recall_Gap,0.7928571428571429,AdaBoost,,Utility,Gap,0.1428571428571428,0.06481265518483903,classification,Generators/Experiment with utility data leak/utility results/1. Cancer/TRTR_TSTR_results_cancer.xlsx,utility,0.1428571428571428,,0.0,100.0
1. Cancer,GaussianCopula,,,Accuracy_Drop,,AdaBoost,,,Gap,0.05701754385964908,,classification,Generators/Experiment with utility data leak/utility results/1. Cancer/TRTR_TSTR_results_cancer.xlsx,utility,0.05701754385964908,,0.0,100.0
1. Cancer,GaussianCopula,,,F1_Drop,,AdaBoost,,,Gap,0.08875383347326582,,classification,Generators/Experiment with utility data leak/utility results/1. Cancer/TRTR_TSTR_results_cancer.xlsx,utility,0.08875383347326582,,0.0,100.0
1. Cancer,GaussianCopula,,,Precision_Drop,,AdaBoost,,,Gap,0.01677898943173795,,classification,Generators/Experiment with utility data leak/utility results/1. Cancer/TRTR_TSTR_results_cancer.xlsx,utility,0.01677898943173795,,0.0,100.0
1. Cancer,GaussianCopula,,,Recall_Drop,,AdaBoost,,,Gap,0.1428571428571428,,classification,Generators/Experiment with utility data leak/utility results/1. Cancer/TRTR_TSTR_results_cancer.xlsx,utility,0.1428571428571428,,0.0,100.0
1. Cancer,GaussianCopula,,0.0,Accuracy,0.9631578947368421,Gradient Boosting,,Utility,TRTR,0.9631578947368421,0.0203084857943688,classification,Generators/Experiment with utility data leak/utility results/1. Cancer/TRTR_TSTR_results_cancer.xlsx,utility,0.9631578947368421,,0.0,100.0
1. Cancer,GaussianCopula,,0.0,Accuracy,0.887719298245614,Gradient Boosting,,Utility,TSTR,0.887719298245614,0.02796031131668285,classification,Generators/Experiment with utility data leak/utility results/1. Cancer/TRTR_TSTR_results_cancer.xlsx,utility,0.887719298245614,,0.0,100.0
1. Cancer,GaussianCopula,,0.0,Accuracy_Gap,0.887719298245614,Gradient Boosting,,Utility,Gap,0.07543859649122808,0.02796031131668285,classification,Generators/Experiment with utility data leak/utility results/1. Cancer/TRTR_TSTR_results_cancer.xlsx,utility,0.07543859649122808,,0.0,100.0
1. Cancer,GaussianCopula,,0.0,F1,0.9494212600983015,Gradient Boosting,,Utility,TRTR,0.9494212600983015,0.02779434087071402,classification,Generators/Experiment with utility data leak/utility results/1. Cancer/TRTR_TSTR_results_cancer.xlsx,utility,0.9494212600983015,,0.0,100.0
1. Cancer,GaussianCopula,,0.0,F1,0.8363219113315115,Gradient Boosting,,Utility,TSTR,0.8363219113315115,0.0396620121987046,classification,Generators/Experiment with utility data leak/utility results/1. Cancer/TRTR_TSTR_results_cancer.xlsx,utility,0.8363219113315115,,0.0,100.0
1. Cancer,GaussianCopula,,0.0,F1_Gap,0.8363219113315115,Gradient Boosting,,Utility,Gap,0.11309934876679006,0.0396620121987046,classification,Generators/Experiment with utility data leak/utility results/1. Cancer/TRTR_TSTR_results_cancer.xlsx,utility,0.11309934876679006,,0.0,100.0
1. Cancer,GaussianCopula,,0.0,Precision,0.9620305430373497,Gradient Boosting,,Utility,TRTR,0.9620305430373497,0.0358379580625646,classification,Generators/Experiment with utility data leak/utility results/1. Cancer/TRTR_TSTR_results_cancer.xlsx,utility,0.9620305430373497,,0.0,100.0
1. Cancer,GaussianCopula,,0.0,Precision,0.9097077886163876,Gradient Boosting,,Utility,TSTR,0.9097077886163876,0.06531936407122503,classification,Generators/Experiment with utility data leak/utility results/1. Cancer/TRTR_TSTR_results_cancer.xlsx,utility,0.9097077886163876,,0.0,100.0
1. Cancer,GaussianCopula,,0.0,Precision_Gap,0.9097077886163876,Gradient Boosting,,Utility,Gap,0.052322754420962125,0.06531936407122503,classification,Generators/Experiment with utility data leak/utility results/1. Cancer/TRTR_TSTR_results_cancer.xlsx,utility,0.052322754420962125,,0.0,100.0
1. Cancer,GaussianCopula,,0.0,Recall,0.938095238095238,Gradient Boosting,,Utility,TRTR,0.938095238095238,0.03400680204068023,classification,Generators/Experiment with utility data leak/utility results/1. Cancer/TRTR_TSTR_results_cancer.xlsx,utility,0.938095238095238,,0.0,100.0
1. Cancer,GaussianCopula,,0.0,Recall,0.7785714285714286,Gradient Boosting,,Utility,TSTR,0.7785714285714286,0.05537953976006196,classification,Generators/Experiment with utility data leak/utility results/1. Cancer/TRTR_TSTR_results_cancer.xlsx,utility,0.7785714285714286,,0.0,100.0
1. Cancer,GaussianCopula,,0.0,Recall_Gap,0.7785714285714286,Gradient Boosting,,Utility,Gap,0.1595238095238094,0.05537953976006196,classification,Generators/Experiment with utility data leak/utility results/1. Cancer/TRTR_TSTR_results_cancer.xlsx,utility,0.1595238095238094,,0.0,100.0
1. Cancer,GaussianCopula,,,Accuracy_Drop,,Gradient Boosting,,,Gap,0.07543859649122808,,classification,Generators/Experiment with utility data leak/utility results/1. Cancer/TRTR_TSTR_results_cancer.xlsx,utility,0.07543859649122808,,0.0,100.0
1. Cancer,GaussianCopula,,,F1_Drop,,Gradient Boosting,,,Gap,0.1130993487667901,,classification,Generators/Experiment with utility data leak/utility results/1. Cancer/TRTR_TSTR_results_cancer.xlsx,utility,0.1130993487667901,,0.0,100.0
1. Cancer,GaussianCopula,,,Precision_Drop,,Gradient Boosting,,,Gap,0.05232275442096213,,classification,Generators/Experiment with utility data leak/utility results/1. Cancer/TRTR_TSTR_results_cancer.xlsx,utility,0.05232275442096213,,0.0,100.0
1. Cancer,GaussianCopula,,,Recall_Drop,,Gradient Boosting,,,Gap,0.1595238095238094,,classification,Generators/Experiment with utility data leak/utility results/1. Cancer/TRTR_TSTR_results_cancer.xlsx,utility,0.1595238095238094,,0.0,100.0
1. Cancer,GaussianCopula,,0.0,Accuracy,0.962280701754386,KNN,,Utility,TRTR,0.962280701754386,0.01883413206454726,classification,Generators/Experiment with utility data leak/utility results/1. Cancer/TRTR_TSTR_results_cancer.xlsx,utility,0.962280701754386,,0.0,100.0
1. Cancer,GaussianCopula,,0.0,Accuracy,0.8403508771929824,KNN,,Utility,TSTR,0.8403508771929824,0.02246710258748367,classification,Generators/Experiment with utility data leak/utility results/1. Cancer/TRTR_TSTR_results_cancer.xlsx,utility,0.8403508771929824,,0.0,100.0
1. Cancer,GaussianCopula,,0.0,Accuracy_Gap,0.8403508771929824,KNN,,Utility,Gap,0.12192982456140355,0.02246710258748367,classification,Generators/Experiment with utility data leak/utility results/1. Cancer/TRTR_TSTR_results_cancer.xlsx,utility,0.12192982456140355,,0.0,100.0
1. Cancer,GaussianCopula,,0.0,F1,0.947074373024434,KNN,,Utility,TRTR,0.947074373024434,0.02672761688789936,classification,Generators/Experiment with utility data leak/utility results/1. Cancer/TRTR_TSTR_results_cancer.xlsx,utility,0.947074373024434,,0.0,100.0
1. Cancer,GaussianCopula,,0.0,F1,0.7579978411211423,KNN,,Utility,TSTR,0.7579978411211423,0.03973547245040388,classification,Generators/Experiment with utility data leak/utility results/1. Cancer/TRTR_TSTR_results_cancer.xlsx,utility,0.7579978411211423,,0.0,100.0
1. Cancer,GaussianCopula,,0.0,F1_Gap,0.7579978411211423,KNN,,Utility,Gap,0.18907653190329166,0.03973547245040388,classification,Generators/Experiment with utility data leak/utility results/1. Cancer/TRTR_TSTR_results_cancer.xlsx,utility,0.18907653190329166,,0.0,100.0
1. Cancer,GaussianCopula,,0.0,Precision,0.9751404010156286,KNN,,Utility,TRTR,0.9751404010156286,0.02459125532957641,classification,Generators/Experiment with utility data leak/utility results/1. Cancer/TRTR_TSTR_results_cancer.xlsx,utility,0.9751404010156286,,0.0,100.0
1. Cancer,GaussianCopula,,0.0,Precision,0.8566271652339095,KNN,,Utility,TSTR,0.8566271652339095,0.04131172038634959,classification,Generators/Experiment with utility data leak/utility results/1. Cancer/TRTR_TSTR_results_cancer.xlsx,utility,0.8566271652339095,,0.0,100.0
1. Cancer,GaussianCopula,,0.0,Precision_Gap,0.8566271652339095,KNN,,Utility,Gap,0.11851323578171913,0.04131172038634959,classification,Generators/Experiment with utility data leak/utility results/1. Cancer/TRTR_TSTR_results_cancer.xlsx,utility,0.11851323578171913,,0.0,100.0
1. Cancer,GaussianCopula,,0.0,Recall,0.9214285714285715,KNN,,Utility,TRTR,0.9214285714285715,0.03991203479581002,classification,Generators/Experiment with utility data leak/utility results/1. Cancer/TRTR_TSTR_results_cancer.xlsx,utility,0.9214285714285715,,0.0,100.0
1. Cancer,GaussianCopula,,0.0,Recall,0.6833333333333333,KNN,,Utility,TSTR,0.6833333333333333,0.06303905854701772,classification,Generators/Experiment with utility data leak/utility results/1. Cancer/TRTR_TSTR_results_cancer.xlsx,utility,0.6833333333333333,,0.0,100.0
1. Cancer,GaussianCopula,,0.0,Recall_Gap,0.6833333333333333,KNN,,Utility,Gap,0.23809523809523814,0.06303905854701772,classification,Generators/Experiment with utility data leak/utility results/1. Cancer/TRTR_TSTR_results_cancer.xlsx,utility,0.23809523809523814,,0.0,100.0
1. Cancer,GaussianCopula,,,Accuracy_Drop,,KNN,,,Gap,0.1219298245614036,,classification,Generators/Experiment with utility data leak/utility results/1. Cancer/TRTR_TSTR_results_cancer.xlsx,utility,0.1219298245614036,,0.0,100.0
1. Cancer,GaussianCopula,,,F1_Drop,,KNN,,,Gap,0.1890765319032917,,classification,Generators/Experiment with utility data leak/utility results/1. Cancer/TRTR_TSTR_results_cancer.xlsx,utility,0.1890765319032917,,0.0,100.0
1. Cancer,GaussianCopula,,,Precision_Drop,,KNN,,,Gap,0.1185132357817191,,classification,Generators/Experiment with utility data leak/utility results/1. Cancer/TRTR_TSTR_results_cancer.xlsx,utility,0.1185132357817191,,0.0,100.0
1. Cancer,GaussianCopula,,,Recall_Drop,,KNN,,,Gap,0.2380952380952381,,classification,Generators/Experiment with utility data leak/utility results/1. Cancer/TRTR_TSTR_results_cancer.xlsx,utility,0.2380952380952381,,0.0,100.0
1. Cancer,GaussianCopula,,0.0,Accuracy,0.962280701754386,Random Forest,,Utility,TRTR,0.962280701754386,0.0136176971019825,classification,Generators/Experiment with utility data leak/utility results/1. Cancer/TRTR_TSTR_results_cancer.xlsx,utility,0.962280701754386,,0.0,100.0
1. Cancer,GaussianCopula,,0.0,Accuracy,0.893859649122807,Random Forest,,Utility,TSTR,0.893859649122807,0.03075183884729492,classification,Generators/Experiment with utility data leak/utility results/1. Cancer/TRTR_TSTR_results_cancer.xlsx,utility,0.893859649122807,,0.0,100.0
1. Cancer,GaussianCopula,,0.0,Accuracy_Gap,0.893859649122807,Random Forest,,Utility,Gap,0.06842105263157894,0.03075183884729492,classification,Generators/Experiment with utility data leak/utility results/1. Cancer/TRTR_TSTR_results_cancer.xlsx,utility,0.06842105263157894,,0.0,100.0
1. Cancer,GaussianCopula,,0.0,F1,0.9482304799188631,Random Forest,,Utility,TRTR,0.9482304799188631,0.01843776018375915,classification,Generators/Experiment with utility data leak/utility results/1. Cancer/TRTR_TSTR_results_cancer.xlsx,utility,0.9482304799188631,,0.0,100.0
1. Cancer,GaussianCopula,,0.0,F1,0.831551235981401,Random Forest,,Utility,TSTR,0.831551235981401,0.05533156032593621,classification,Generators/Experiment with utility data leak/utility results/1. Cancer/TRTR_TSTR_results_cancer.xlsx,utility,0.831551235981401,,0.0,100.0
1. Cancer,GaussianCopula,,0.0,F1_Gap,0.831551235981401,Random Forest,,Utility,Gap,0.1166792439374621,0.05533156032593621,classification,Generators/Experiment with utility data leak/utility results/1. Cancer/TRTR_TSTR_results_cancer.xlsx,utility,0.1166792439374621,,0.0,100.0
1. Cancer,GaussianCopula,,0.0,Precision,0.9617923931806518,Random Forest,,Utility,TRTR,0.9617923931806518,0.02967466301692189,classification,Generators/Experiment with utility data leak/utility results/1. Cancer/TRTR_TSTR_results_cancer.xlsx,utility,0.9617923931806518,,0.0,100.0
1. Cancer,GaussianCopula,,0.0,Precision,0.9843932411674347,Random Forest,,Utility,TSTR,0.9843932411674347,0.02512891577573856,classification,Generators/Experiment with utility data leak/utility results/1. Cancer/TRTR_TSTR_results_cancer.xlsx,utility,0.9843932411674347,,0.0,100.0
1. Cancer,GaussianCopula,,0.0,Precision_Gap,0.9843932411674347,Random Forest,,Utility,Gap,-0.022600847986782857,0.02512891577573856,classification,Generators/Experiment with utility data leak/utility results/1. Cancer/TRTR_TSTR_results_cancer.xlsx,utility,-0.022600847986782857,,0.0,100.0
1. Cancer,GaussianCopula,,0.0,Recall,0.9357142857142857,Random Forest,,Utility,TRTR,0.9357142857142857,0.0214285714285714,classification,Generators/Experiment with utility data leak/utility results/1. Cancer/TRTR_TSTR_results_cancer.xlsx,utility,0.9357142857142857,,0.0,100.0
1. Cancer,GaussianCopula,,0.0,Recall,0.7238095238095238,Random Forest,,Utility,TSTR,0.7238095238095238,0.08123201004396181,classification,Generators/Experiment with utility data leak/utility results/1. Cancer/TRTR_TSTR_results_cancer.xlsx,utility,0.7238095238095238,,0.0,100.0
1. Cancer,GaussianCopula,,0.0,Recall_Gap,0.7238095238095238,Random Forest,,Utility,Gap,0.21190476190476193,0.08123201004396181,classification,Generators/Experiment with utility data leak/utility results/1. Cancer/TRTR_TSTR_results_cancer.xlsx,utility,0.21190476190476193,,0.0,100.0
1. Cancer,GaussianCopula,,,Accuracy_Drop,,Random Forest,,,Gap,0.06842105263157894,,classification,Generators/Experiment with utility data leak/utility results/1. Cancer/TRTR_TSTR_results_cancer.xlsx,utility,0.06842105263157894,,0.0,100.0
1. Cancer,GaussianCopula,,,F1_Drop,,Random Forest,,,Gap,0.1166792439374621,,classification,Generators/Experiment with utility data leak/utility results/1. Cancer/TRTR_TSTR_results_cancer.xlsx,utility,0.1166792439374621,,0.0,100.0
1. Cancer,GaussianCopula,,,Precision_Drop,,Random Forest,,,Gap,-0.02260084798678286,,classification,Generators/Experiment with utility data leak/utility results/1. Cancer/TRTR_TSTR_results_cancer.xlsx,utility,-0.02260084798678286,,0.0,100.0
1. Cancer,GaussianCopula,,,Recall_Drop,,Random Forest,,,Gap,0.2119047619047619,,classification,Generators/Experiment with utility data leak/utility results/1. Cancer/TRTR_TSTR_results_cancer.xlsx,utility,0.2119047619047619,,0.0,100.0
1. Cancer,GaussianCopula,,0.0,Accuracy,0.9350877192982457,Decision Tree,,Utility,TRTR,0.9350877192982457,0.02045948033279054,classification,Generators/Experiment with utility data leak/utility results/1. Cancer/TRTR_TSTR_results_cancer.xlsx,utility,0.9350877192982457,,0.0,100.0
1. Cancer,GaussianCopula,,0.0,Accuracy,0.7201754385964912,Decision Tree,,Utility,TSTR,0.7201754385964912,0.05470337483392584,classification,Generators/Experiment with utility data leak/utility results/1. Cancer/TRTR_TSTR_results_cancer.xlsx,utility,0.7201754385964912,,0.0,100.0
1. Cancer,GaussianCopula,,0.0,Accuracy_Gap,0.7201754385964912,Decision Tree,,Utility,Gap,0.2149122807017545,0.05470337483392584,classification,Generators/Experiment with utility data leak/utility results/1. Cancer/TRTR_TSTR_results_cancer.xlsx,utility,0.2149122807017545,,0.0,100.0
1. Cancer,GaussianCopula,,0.0,F1,0.9122461606275634,Decision Tree,,Utility,TRTR,0.9122461606275634,0.02771502846045041,classification,Generators/Experiment with utility data leak/utility results/1. Cancer/TRTR_TSTR_results_cancer.xlsx,utility,0.9122461606275634,,0.0,100.0
1. Cancer,GaussianCopula,,0.0,F1,0.6195324711918453,Decision Tree,,Utility,TSTR,0.6195324711918453,0.06421041999939439,classification,Generators/Experiment with utility data leak/utility results/1. Cancer/TRTR_TSTR_results_cancer.xlsx,utility,0.6195324711918453,,0.0,100.0
1. Cancer,GaussianCopula,,0.0,F1_Gap,0.6195324711918453,Decision Tree,,Utility,Gap,0.29271368943571807,0.06421041999939439,classification,Generators/Experiment with utility data leak/utility results/1. Cancer/TRTR_TSTR_results_cancer.xlsx,utility,0.29271368943571807,,0.0,100.0
1. Cancer,GaussianCopula,,0.0,Precision,0.9096981560397401,Decision Tree,,Utility,TRTR,0.9096981560397401,0.03732307542896939,classification,Generators/Experiment with utility data leak/utility results/1. Cancer/TRTR_TSTR_results_cancer.xlsx,utility,0.9096981560397401,,0.0,100.0
1. Cancer,GaussianCopula,,0.0,Precision,0.6265896330422591,Decision Tree,,Utility,TSTR,0.6265896330422591,0.0814976126745347,classification,Generators/Experiment with utility data leak/utility results/1. Cancer/TRTR_TSTR_results_cancer.xlsx,utility,0.6265896330422591,,0.0,100.0
1. Cancer,GaussianCopula,,0.0,Precision_Gap,0.6265896330422591,Decision Tree,,Utility,Gap,0.283108522997481,0.0814976126745347,classification,Generators/Experiment with utility data leak/utility results/1. Cancer/TRTR_TSTR_results_cancer.xlsx,utility,0.283108522997481,,0.0,100.0
1. Cancer,GaussianCopula,,0.0,Recall,0.9166666666666666,Decision Tree,,Utility,TRTR,0.9166666666666666,0.04158154570612613,classification,Generators/Experiment with utility data leak/utility results/1. Cancer/TRTR_TSTR_results_cancer.xlsx,utility,0.9166666666666666,,0.0,100.0
1. Cancer,GaussianCopula,,0.0,Recall,0.6142857142857143,Decision Tree,,Utility,TSTR,0.6142857142857143,0.05194624816493196,classification,Generators/Experiment with utility data leak/utility results/1. Cancer/TRTR_TSTR_results_cancer.xlsx,utility,0.6142857142857143,,0.0,100.0
1. Cancer,GaussianCopula,,0.0,Recall_Gap,0.6142857142857143,Decision Tree,,Utility,Gap,0.3023809523809523,0.05194624816493196,classification,Generators/Experiment with utility data leak/utility results/1. Cancer/TRTR_TSTR_results_cancer.xlsx,utility,0.3023809523809523,,0.0,100.0
1. Cancer,GaussianCopula,,,Accuracy_Drop,,Decision Tree,,,Gap,0.2149122807017545,,classification,Generators/Experiment with utility data leak/utility results/1. Cancer/TRTR_TSTR_results_cancer.xlsx,utility,0.2149122807017545,,0.0,100.0
1. Cancer,GaussianCopula,,,F1_Drop,,Decision Tree,,,Gap,0.2927136894357181,,classification,Generators/Experiment with utility data leak/utility results/1. Cancer/TRTR_TSTR_results_cancer.xlsx,utility,0.2927136894357181,,0.0,100.0
1. Cancer,GaussianCopula,,,Precision_Drop,,Decision Tree,,,Gap,0.283108522997481,,classification,Generators/Experiment with utility data leak/utility results/1. Cancer/TRTR_TSTR_results_cancer.xlsx,utility,0.283108522997481,,0.0,100.0
1. Cancer,GaussianCopula,,,Recall_Drop,,Decision Tree,,,Gap,0.3023809523809523,,classification,Generators/Experiment with utility data leak/utility results/1. Cancer/TRTR_TSTR_results_cancer.xlsx,utility,0.3023809523809523,,0.0,100.0
1. Cancer,GaussianCopula,,0.0,Accuracy,0.9324561403508772,Naive Bayes,,Utility,TRTR,0.9324561403508772,0.02322491630679601,classification,Generators/Experiment with utility data leak/utility results/1. Cancer/TRTR_TSTR_results_cancer.xlsx,utility,0.9324561403508772,,0.0,100.0
1. Cancer,GaussianCopula,,0.0,Accuracy,0.9087719298245615,Naive Bayes,,Utility,TSTR,0.9087719298245615,0.01312862240973313,classification,Generators/Experiment with utility data leak/utility results/1. Cancer/TRTR_TSTR_results_cancer.xlsx,utility,0.9087719298245615,,0.0,100.0
1. Cancer,GaussianCopula,,0.0,Accuracy_Gap,0.9087719298245615,Naive Bayes,,Utility,Gap,0.023684210526315752,0.01312862240973313,classification,Generators/Experiment with utility data leak/utility results/1. Cancer/TRTR_TSTR_results_cancer.xlsx,utility,0.023684210526315752,,0.0,100.0
1. Cancer,GaussianCopula,,0.0,F1,0.9055642341410918,Naive Bayes,,Utility,TRTR,0.9055642341410918,0.0327534076549362,classification,Generators/Experiment with utility data leak/utility results/1. Cancer/TRTR_TSTR_results_cancer.xlsx,utility,0.9055642341410918,,0.0,100.0
1. Cancer,GaussianCopula,,0.0,F1,0.8642921575902693,Naive Bayes,,Utility,TSTR,0.8642921575902693,0.02284604186188354,classification,Generators/Experiment with utility data leak/utility results/1. Cancer/TRTR_TSTR_results_cancer.xlsx,utility,0.8642921575902693,,0.0,100.0
1. Cancer,GaussianCopula,,0.0,F1_Gap,0.8642921575902693,Naive Bayes,,Utility,Gap,0.041272076550822434,0.02284604186188354,classification,Generators/Experiment with utility data leak/utility results/1. Cancer/TRTR_TSTR_results_cancer.xlsx,utility,0.041272076550822434,,0.0,100.0
1. Cancer,GaussianCopula,,0.0,Precision,0.931024002484766,Naive Bayes,,Utility,TRTR,0.931024002484766,0.03636585629143303,classification,Generators/Experiment with utility data leak/utility results/1. Cancer/TRTR_TSTR_results_cancer.xlsx,utility,0.931024002484766,,0.0,100.0
1. Cancer,GaussianCopula,,0.0,Precision,0.953028566273348,Naive Bayes,,Utility,TSTR,0.953028566273348,0.02539462361948373,classification,Generators/Experiment with utility data leak/utility results/1. Cancer/TRTR_TSTR_results_cancer.xlsx,utility,0.953028566273348,,0.0,100.0
1. Cancer,GaussianCopula,,0.0,Precision_Gap,0.953028566273348,Naive Bayes,,Utility,Gap,-0.022004563788581954,0.02539462361948373,classification,Generators/Experiment with utility data leak/utility results/1. Cancer/TRTR_TSTR_results_cancer.xlsx,utility,-0.022004563788581954,,0.0,100.0
1. Cancer,GaussianCopula,,0.0,Recall,0.8833333333333332,Naive Bayes,,Utility,TRTR,0.8833333333333332,0.05156287578025646,classification,Generators/Experiment with utility data leak/utility results/1. Cancer/TRTR_TSTR_results_cancer.xlsx,utility,0.8833333333333332,,0.0,100.0
1. Cancer,GaussianCopula,,0.0,Recall,0.7928571428571429,Naive Bayes,,Utility,TSTR,0.7928571428571429,0.04647433641891223,classification,Generators/Experiment with utility data leak/utility results/1. Cancer/TRTR_TSTR_results_cancer.xlsx,utility,0.7928571428571429,,0.0,100.0
1. Cancer,GaussianCopula,,0.0,Recall_Gap,0.7928571428571429,Naive Bayes,,Utility,Gap,0.09047619047619027,0.04647433641891223,classification,Generators/Experiment with utility data leak/utility results/1. Cancer/TRTR_TSTR_results_cancer.xlsx,utility,0.09047619047619027,,0.0,100.0
1. Cancer,GaussianCopula,,,Accuracy_Drop,,Naive Bayes,,,Gap,0.02368421052631575,,classification,Generators/Experiment with utility data leak/utility results/1. Cancer/TRTR_TSTR_results_cancer.xlsx,utility,0.02368421052631575,,0.0,100.0
1. Cancer,GaussianCopula,,,F1_Drop,,Naive Bayes,,,Gap,0.04127207655082243,,classification,Generators/Experiment with utility data leak/utility results/1. Cancer/TRTR_TSTR_results_cancer.xlsx,utility,0.04127207655082243,,0.0,100.0
1. Cancer,GaussianCopula,,,Precision_Drop,,Naive Bayes,,,Gap,-0.02200456378858195,,classification,Generators/Experiment with utility data leak/utility results/1. Cancer/TRTR_TSTR_results_cancer.xlsx,utility,-0.02200456378858195,,0.0,100.0
1. Cancer,GaussianCopula,,,Recall_Drop,,Naive Bayes,,,Gap,0.09047619047619027,,classification,Generators/Experiment with utility data leak/utility results/1. Cancer/TRTR_TSTR_results_cancer.xlsx,utility,0.09047619047619027,,0.0,100.0
1. Cancer,WGAN_GP,,0.0,Accuracy,0.9789473684210526,Logistic Regression,,Utility,TRTR,0.9789473684210526,0.009768007654087744,classification,Generators/Experiment with utility data leak/utility results/1. Cancer/TRTR_TSTR_results_cancer.xlsx,utility,0.9789473684210526,,0.0,100.0
1. Cancer,WGAN_GP,,0.0,Accuracy,0.95,Logistic Regression,,Utility,TSTR,0.95,0.01712212394380976,classification,Generators/Experiment with utility data leak/utility results/1. Cancer/TRTR_TSTR_results_cancer.xlsx,utility,0.95,,0.0,100.0
1. Cancer,WGAN_GP,,0.0,Accuracy_Gap,0.95,Logistic Regression,,Utility,Gap,0.02894736842105261,0.01712212394380976,classification,Generators/Experiment with utility data leak/utility results/1. Cancer/TRTR_TSTR_results_cancer.xlsx,utility,0.02894736842105261,,0.0,100.0
1. Cancer,WGAN_GP,,0.0,F1,0.9707868770215718,Logistic Regression,,Utility,TRTR,0.9707868770215718,0.0137941861874265,classification,Generators/Experiment with utility data leak/utility results/1. Cancer/TRTR_TSTR_results_cancer.xlsx,utility,0.9707868770215718,,0.0,100.0
1. Cancer,WGAN_GP,,0.0,F1,0.929480250932156,Logistic Regression,,Utility,TSTR,0.929480250932156,0.02470715234911491,classification,Generators/Experiment with utility data leak/utility results/1. Cancer/TRTR_TSTR_results_cancer.xlsx,utility,0.929480250932156,,0.0,100.0
1. Cancer,WGAN_GP,,0.0,F1_Gap,0.929480250932156,Logistic Regression,,Utility,Gap,0.04130662608941582,0.02470715234911491,classification,Generators/Experiment with utility data leak/utility results/1. Cancer/TRTR_TSTR_results_cancer.xlsx,utility,0.04130662608941582,,0.0,100.0
1. Cancer,WGAN_GP,,0.0,Precision,0.9901768962744573,Logistic Regression,,Utility,TRTR,0.9901768962744573,0.01203823054760635,classification,Generators/Experiment with utility data leak/utility results/1. Cancer/TRTR_TSTR_results_cancer.xlsx,utility,0.9901768962744573,,0.0,100.0
1. Cancer,WGAN_GP,,0.0,Precision,0.9644431826909361,Logistic Regression,,Utility,TSTR,0.9644431826909361,0.02273768898719954,classification,Generators/Experiment with utility data leak/utility results/1. Cancer/TRTR_TSTR_results_cancer.xlsx,utility,0.9644431826909361,,0.0,100.0
1. Cancer,WGAN_GP,,0.0,Precision_Gap,0.9644431826909361,Logistic Regression,,Utility,Gap,0.025733713583521167,0.02273768898719954,classification,Generators/Experiment with utility data leak/utility results/1. Cancer/TRTR_TSTR_results_cancer.xlsx,utility,0.025733713583521167,,0.0,100.0
1. Cancer,WGAN_GP,,0.0,Recall,0.9523809523809523,Logistic Regression,,Utility,TRTR,0.9523809523809523,0.02129588549999798,classification,Generators/Experiment with utility data leak/utility results/1. Cancer/TRTR_TSTR_results_cancer.xlsx,utility,0.9523809523809523,,0.0,100.0
1. Cancer,WGAN_GP,,0.0,Recall,0.8976190476190476,Logistic Regression,,Utility,TSTR,0.8976190476190476,0.03539540177932976,classification,Generators/Experiment with utility data leak/utility results/1. Cancer/TRTR_TSTR_results_cancer.xlsx,utility,0.8976190476190476,,0.0,100.0
1. Cancer,WGAN_GP,,0.0,Recall_Gap,0.8976190476190476,Logistic Regression,,Utility,Gap,0.05476190476190468,0.03539540177932976,classification,Generators/Experiment with utility data leak/utility results/1. Cancer/TRTR_TSTR_results_cancer.xlsx,utility,0.05476190476190468,,0.0,100.0
1. Cancer,WGAN_GP,,,Accuracy_Drop,,Logistic Regression,,,Gap,0.02894736842105261,,classification,Generators/Experiment with utility data leak/utility results/1. Cancer/TRTR_TSTR_results_cancer.xlsx,utility,0.02894736842105261,,0.0,100.0
1. Cancer,WGAN_GP,,,F1_Drop,,Logistic Regression,,,Gap,0.04130662608941582,,classification,Generators/Experiment with utility data leak/utility results/1. Cancer/TRTR_TSTR_results_cancer.xlsx,utility,0.04130662608941582,,0.0,100.0
1. Cancer,WGAN_GP,,,Precision_Drop,,Logistic Regression,,,Gap,0.02573371358352117,,classification,Generators/Experiment with utility data leak/utility results/1. Cancer/TRTR_TSTR_results_cancer.xlsx,utility,0.02573371358352117,,0.0,100.0
1. Cancer,WGAN_GP,,,Recall_Drop,,Logistic Regression,,,Gap,0.05476190476190468,,classification,Generators/Experiment with utility data leak/utility results/1. Cancer/TRTR_TSTR_results_cancer.xlsx,utility,0.05476190476190468,,0.0,100.0
1. Cancer,WGAN_GP,,0.0,Accuracy,0.974561403508772,MLP,,Utility,TRTR,0.974561403508772,0.01327433855300136,classification,Generators/Experiment with utility data leak/utility results/1. Cancer/TRTR_TSTR_results_cancer.xlsx,utility,0.974561403508772,,0.0,100.0
1. Cancer,WGAN_GP,,0.0,Accuracy,0.9429824561403508,MLP,,Utility,TSTR,0.9429824561403508,0.02047827636829603,classification,Generators/Experiment with utility data leak/utility results/1. Cancer/TRTR_TSTR_results_cancer.xlsx,utility,0.9429824561403508,,0.0,100.0
1. Cancer,WGAN_GP,,0.0,Accuracy_Gap,0.9429824561403508,MLP,,Utility,Gap,0.03157894736842115,0.02047827636829603,classification,Generators/Experiment with utility data leak/utility results/1. Cancer/TRTR_TSTR_results_cancer.xlsx,utility,0.03157894736842115,,0.0,100.0
1. Cancer,WGAN_GP,,0.0,F1,0.9646057122906845,MLP,,Utility,TRTR,0.9646057122906845,0.01869298955577862,classification,Generators/Experiment with utility data leak/utility results/1. Cancer/TRTR_TSTR_results_cancer.xlsx,utility,0.9646057122906845,,0.0,100.0
1. Cancer,WGAN_GP,,0.0,F1,0.918353551614589,MLP,,Utility,TSTR,0.918353551614589,0.03025029611421899,classification,Generators/Experiment with utility data leak/utility results/1. Cancer/TRTR_TSTR_results_cancer.xlsx,utility,0.918353551614589,,0.0,100.0
1. Cancer,WGAN_GP,,0.0,F1_Gap,0.918353551614589,MLP,,Utility,Gap,0.0462521606760955,0.03025029611421899,classification,Generators/Experiment with utility data leak/utility results/1. Cancer/TRTR_TSTR_results_cancer.xlsx,utility,0.0462521606760955,,0.0,100.0
1. Cancer,WGAN_GP,,0.0,Precision,0.985467661474468,MLP,,Utility,TRTR,0.985467661474468,0.0191919907367019,classification,Generators/Experiment with utility data leak/utility results/1. Cancer/TRTR_TSTR_results_cancer.xlsx,utility,0.985467661474468,,0.0,100.0
1. Cancer,WGAN_GP,,0.0,Precision,0.9660563571089886,MLP,,Utility,TSTR,0.9660563571089886,0.02372491686989932,classification,Generators/Experiment with utility data leak/utility results/1. Cancer/TRTR_TSTR_results_cancer.xlsx,utility,0.9660563571089886,,0.0,100.0
1. Cancer,WGAN_GP,,0.0,Precision_Gap,0.9660563571089886,MLP,,Utility,Gap,0.01941130436547933,0.02372491686989932,classification,Generators/Experiment with utility data leak/utility results/1. Cancer/TRTR_TSTR_results_cancer.xlsx,utility,0.01941130436547933,,0.0,100.0
1. Cancer,WGAN_GP,,0.0,Recall,0.9452380952380952,MLP,,Utility,TRTR,0.9452380952380952,0.03021089890583217,classification,Generators/Experiment with utility data leak/utility results/1. Cancer/TRTR_TSTR_results_cancer.xlsx,utility,0.9452380952380952,,0.0,100.0
1. Cancer,WGAN_GP,,0.0,Recall,0.8761904761904761,MLP,,Utility,TSTR,0.8761904761904761,0.04616837959444122,classification,Generators/Experiment with utility data leak/utility results/1. Cancer/TRTR_TSTR_results_cancer.xlsx,utility,0.8761904761904761,,0.0,100.0
1. Cancer,WGAN_GP,,0.0,Recall_Gap,0.8761904761904761,MLP,,Utility,Gap,0.06904761904761914,0.04616837959444122,classification,Generators/Experiment with utility data leak/utility results/1. Cancer/TRTR_TSTR_results_cancer.xlsx,utility,0.06904761904761914,,0.0,100.0
1. Cancer,WGAN_GP,,,Accuracy_Drop,,MLP,,,Gap,0.03157894736842115,,classification,Generators/Experiment with utility data leak/utility results/1. Cancer/TRTR_TSTR_results_cancer.xlsx,utility,0.03157894736842115,,0.0,100.0
1. Cancer,WGAN_GP,,,F1_Drop,,MLP,,,Gap,0.0462521606760955,,classification,Generators/Experiment with utility data leak/utility results/1. Cancer/TRTR_TSTR_results_cancer.xlsx,utility,0.0462521606760955,,0.0,100.0
1. Cancer,WGAN_GP,,,Precision_Drop,,MLP,,,Gap,0.01941130436547933,,classification,Generators/Experiment with utility data leak/utility results/1. Cancer/TRTR_TSTR_results_cancer.xlsx,utility,0.01941130436547933,,0.0,100.0
1. Cancer,WGAN_GP,,,Recall_Drop,,MLP,,,Gap,0.06904761904761914,,classification,Generators/Experiment with utility data leak/utility results/1. Cancer/TRTR_TSTR_results_cancer.xlsx,utility,0.06904761904761914,,0.0,100.0
1. Cancer,WGAN_GP,,0.0,Accuracy,0.9701754385964912,SVM-RBF,,Utility,TRTR,0.9701754385964912,0.01889531511275264,classification,Generators/Experiment with utility data leak/utility results/1. Cancer/TRTR_TSTR_results_cancer.xlsx,utility,0.9701754385964912,,0.0,100.0
1. Cancer,WGAN_GP,,0.0,Accuracy,0.9473684210526315,SVM-RBF,,Utility,TSTR,0.9473684210526315,0.02418254167033372,classification,Generators/Experiment with utility data leak/utility results/1. Cancer/TRTR_TSTR_results_cancer.xlsx,utility,0.9473684210526315,,0.0,100.0
1. Cancer,WGAN_GP,,0.0,Accuracy_Gap,0.9473684210526315,SVM-RBF,,Utility,Gap,0.02280701754385972,0.02418254167033372,classification,Generators/Experiment with utility data leak/utility results/1. Cancer/TRTR_TSTR_results_cancer.xlsx,utility,0.02280701754385972,,0.0,100.0
1. Cancer,WGAN_GP,,0.0,F1,0.9583987428081452,SVM-RBF,,Utility,TRTR,0.9583987428081452,0.02694607072359247,classification,Generators/Experiment with utility data leak/utility results/1. Cancer/TRTR_TSTR_results_cancer.xlsx,utility,0.9583987428081452,,0.0,100.0
1. Cancer,WGAN_GP,,0.0,F1,0.92254504378202,SVM-RBF,,Utility,TSTR,0.92254504378202,0.03793224534272995,classification,Generators/Experiment with utility data leak/utility results/1. Cancer/TRTR_TSTR_results_cancer.xlsx,utility,0.92254504378202,,0.0,100.0
1. Cancer,WGAN_GP,,0.0,F1_Gap,0.92254504378202,SVM-RBF,,Utility,Gap,0.03585369902612523,0.03793224534272995,classification,Generators/Experiment with utility data leak/utility results/1. Cancer/TRTR_TSTR_results_cancer.xlsx,utility,0.03585369902612523,,0.0,100.0
1. Cancer,WGAN_GP,,0.0,Precision,0.975500670827118,SVM-RBF,,Utility,TRTR,0.975500670827118,0.01929000486040976,classification,Generators/Experiment with utility data leak/utility results/1. Cancer/TRTR_TSTR_results_cancer.xlsx,utility,0.975500670827118,,0.0,100.0
1. Cancer,WGAN_GP,,0.0,Precision,0.9915788327526134,SVM-RBF,,Utility,TSTR,0.9915788327526134,0.01295612770139332,classification,Generators/Experiment with utility data leak/utility results/1. Cancer/TRTR_TSTR_results_cancer.xlsx,utility,0.9915788327526134,,0.0,100.0
1. Cancer,WGAN_GP,,0.0,Precision_Gap,0.9915788327526134,SVM-RBF,,Utility,Gap,-0.016078161925495382,0.01295612770139332,classification,Generators/Experiment with utility data leak/utility results/1. Cancer/TRTR_TSTR_results_cancer.xlsx,utility,-0.016078161925495382,,0.0,100.0
1. Cancer,WGAN_GP,,0.0,Recall,0.9428571428571428,SVM-RBF,,Utility,TRTR,0.9428571428571428,0.04416008807378907,classification,Generators/Experiment with utility data leak/utility results/1. Cancer/TRTR_TSTR_results_cancer.xlsx,utility,0.9428571428571428,,0.0,100.0
1. Cancer,WGAN_GP,,0.0,Recall,0.8642857142857142,SVM-RBF,,Utility,TSTR,0.8642857142857142,0.06121409586753541,classification,Generators/Experiment with utility data leak/utility results/1. Cancer/TRTR_TSTR_results_cancer.xlsx,utility,0.8642857142857142,,0.0,100.0
1. Cancer,WGAN_GP,,0.0,Recall_Gap,0.8642857142857142,SVM-RBF,,Utility,Gap,0.07857142857142863,0.06121409586753541,classification,Generators/Experiment with utility data leak/utility results/1. Cancer/TRTR_TSTR_results_cancer.xlsx,utility,0.07857142857142863,,0.0,100.0
1. Cancer,WGAN_GP,,,Accuracy_Drop,,SVM-RBF,,,Gap,0.02280701754385972,,classification,Generators/Experiment with utility data leak/utility results/1. Cancer/TRTR_TSTR_results_cancer.xlsx,utility,0.02280701754385972,,0.0,100.0
1. Cancer,WGAN_GP,,,F1_Drop,,SVM-RBF,,,Gap,0.03585369902612523,,classification,Generators/Experiment with utility data leak/utility results/1. Cancer/TRTR_TSTR_results_cancer.xlsx,utility,0.03585369902612523,,0.0,100.0
1. Cancer,WGAN_GP,,,Precision_Drop,,SVM-RBF,,,Gap,-0.01607816192549538,,classification,Generators/Experiment with utility data leak/utility results/1. Cancer/TRTR_TSTR_results_cancer.xlsx,utility,-0.01607816192549538,,0.0,100.0
1. Cancer,WGAN_GP,,,Recall_Drop,,SVM-RBF,,,Gap,0.07857142857142863,,classification,Generators/Experiment with utility data leak/utility results/1. Cancer/TRTR_TSTR_results_cancer.xlsx,utility,0.07857142857142863,,0.0,100.0
1. Cancer,WGAN_GP,,0.0,Accuracy,0.9701754385964912,Extra Trees,,Utility,TRTR,0.9701754385964912,0.01189882453179872,classification,Generators/Experiment with utility data leak/utility results/1. Cancer/TRTR_TSTR_results_cancer.xlsx,utility,0.9701754385964912,,0.0,100.0
1. Cancer,WGAN_GP,,0.0,Accuracy,0.9482456140350877,Extra Trees,,Utility,TSTR,0.9482456140350877,0.01774013018961111,classification,Generators/Experiment with utility data leak/utility results/1. Cancer/TRTR_TSTR_results_cancer.xlsx,utility,0.9482456140350877,,0.0,100.0
1. Cancer,WGAN_GP,,0.0,Accuracy_Gap,0.9482456140350877,Extra Trees,,Utility,Gap,0.021929824561403577,0.01774013018961111,classification,Generators/Experiment with utility data leak/utility results/1. Cancer/TRTR_TSTR_results_cancer.xlsx,utility,0.021929824561403577,,0.0,100.0
1. Cancer,WGAN_GP,,0.0,F1,0.9589899381997989,Extra Trees,,Utility,TRTR,0.9589899381997989,0.01652286372603384,classification,Generators/Experiment with utility data leak/utility results/1. Cancer/TRTR_TSTR_results_cancer.xlsx,utility,0.9589899381997989,,0.0,100.0
1. Cancer,WGAN_GP,,0.0,F1,0.9242823488401232,Extra Trees,,Utility,TSTR,0.9242823488401232,0.02703407482825102,classification,Generators/Experiment with utility data leak/utility results/1. Cancer/TRTR_TSTR_results_cancer.xlsx,utility,0.9242823488401232,,0.0,100.0
1. Cancer,WGAN_GP,,0.0,F1_Gap,0.9242823488401232,Extra Trees,,Utility,Gap,0.03470758935967577,0.02703407482825102,classification,Generators/Experiment with utility data leak/utility results/1. Cancer/TRTR_TSTR_results_cancer.xlsx,utility,0.03470758935967577,,0.0,100.0
1. Cancer,WGAN_GP,,0.0,Precision,0.971542217000243,Extra Trees,,Utility,TRTR,0.971542217000243,0.02506278422086412,classification,Generators/Experiment with utility data leak/utility results/1. Cancer/TRTR_TSTR_results_cancer.xlsx,utility,0.971542217000243,,0.0,100.0
1. Cancer,WGAN_GP,,0.0,Precision,0.9944401544401543,Extra Trees,,Utility,TSTR,0.9944401544401543,0.01112505233263443,classification,Generators/Experiment with utility data leak/utility results/1. Cancer/TRTR_TSTR_results_cancer.xlsx,utility,0.9944401544401543,,0.0,100.0
1. Cancer,WGAN_GP,,0.0,Precision_Gap,0.9944401544401543,Extra Trees,,Utility,Gap,-0.02289793743991131,0.01112505233263443,classification,Generators/Experiment with utility data leak/utility results/1. Cancer/TRTR_TSTR_results_cancer.xlsx,utility,-0.02289793743991131,,0.0,100.0
1. Cancer,WGAN_GP,,0.0,Recall,0.9476190476190476,Extra Trees,,Utility,TRTR,0.9476190476190476,0.02776643759450141,classification,Generators/Experiment with utility data leak/utility results/1. Cancer/TRTR_TSTR_results_cancer.xlsx,utility,0.9476190476190476,,0.0,100.0
1. Cancer,WGAN_GP,,0.0,Recall,0.8642857142857142,Extra Trees,,Utility,TSTR,0.8642857142857142,0.043967107887189,classification,Generators/Experiment with utility data leak/utility results/1. Cancer/TRTR_TSTR_results_cancer.xlsx,utility,0.8642857142857142,,0.0,100.0
1. Cancer,WGAN_GP,,0.0,Recall_Gap,0.8642857142857142,Extra Trees,,Utility,Gap,0.08333333333333337,0.043967107887189,classification,Generators/Experiment with utility data leak/utility results/1. Cancer/TRTR_TSTR_results_cancer.xlsx,utility,0.08333333333333337,,0.0,100.0
1. Cancer,WGAN_GP,,,Accuracy_Drop,,Extra Trees,,,Gap,0.02192982456140358,,classification,Generators/Experiment with utility data leak/utility results/1. Cancer/TRTR_TSTR_results_cancer.xlsx,utility,0.02192982456140358,,0.0,100.0
1. Cancer,WGAN_GP,,,F1_Drop,,Extra Trees,,,Gap,0.03470758935967577,,classification,Generators/Experiment with utility data leak/utility results/1. Cancer/TRTR_TSTR_results_cancer.xlsx,utility,0.03470758935967577,,0.0,100.0
1. Cancer,WGAN_GP,,,Precision_Drop,,Extra Trees,,,Gap,-0.02289793743991131,,classification,Generators/Experiment with utility data leak/utility results/1. Cancer/TRTR_TSTR_results_cancer.xlsx,utility,-0.02289793743991131,,0.0,100.0
1. Cancer,WGAN_GP,,,Recall_Drop,,Extra Trees,,,Gap,0.08333333333333337,,classification,Generators/Experiment with utility data leak/utility results/1. Cancer/TRTR_TSTR_results_cancer.xlsx,utility,0.08333333333333337,,0.0,100.0
1. Cancer,WGAN_GP,,0.0,Accuracy,0.9666666666666666,AdaBoost,,Utility,TRTR,0.9666666666666666,0.01022974016639526,classification,Generators/Experiment with utility data leak/utility results/1. Cancer/TRTR_TSTR_results_cancer.xlsx,utility,0.9666666666666666,,0.0,100.0
1. Cancer,WGAN_GP,,0.0,Accuracy,0.9429824561403508,AdaBoost,,Utility,TSTR,0.9429824561403508,0.01808379660358624,classification,Generators/Experiment with utility data leak/utility results/1. Cancer/TRTR_TSTR_results_cancer.xlsx,utility,0.9429824561403508,,0.0,100.0
1. Cancer,WGAN_GP,,0.0,Accuracy_Gap,0.9429824561403508,AdaBoost,,Utility,Gap,0.023684210526315752,0.01808379660358624,classification,Generators/Experiment with utility data leak/utility results/1. Cancer/TRTR_TSTR_results_cancer.xlsx,utility,0.023684210526315752,,0.0,100.0
1. Cancer,WGAN_GP,,0.0,F1,0.9537824074424763,AdaBoost,,Utility,TRTR,0.9537824074424763,0.01443243582836966,classification,Generators/Experiment with utility data leak/utility results/1. Cancer/TRTR_TSTR_results_cancer.xlsx,utility,0.9537824074424763,,0.0,100.0
1. Cancer,WGAN_GP,,0.0,F1,0.9172319446016575,AdaBoost,,Utility,TSTR,0.9172319446016575,0.02751725764650158,classification,Generators/Experiment with utility data leak/utility results/1. Cancer/TRTR_TSTR_results_cancer.xlsx,utility,0.9172319446016575,,0.0,100.0
1. Cancer,WGAN_GP,,0.0,F1_Gap,0.9172319446016575,AdaBoost,,Utility,Gap,0.036550462840818865,0.02751725764650158,classification,Generators/Experiment with utility data leak/utility results/1. Cancer/TRTR_TSTR_results_cancer.xlsx,utility,0.036550462840818865,,0.0,100.0
1. Cancer,WGAN_GP,,0.0,Precision,0.9735489892977129,AdaBoost,,Utility,TRTR,0.9735489892977129,0.02210918228480495,classification,Generators/Experiment with utility data leak/utility results/1. Cancer/TRTR_TSTR_results_cancer.xlsx,utility,0.9735489892977129,,0.0,100.0
1. Cancer,WGAN_GP,,0.0,Precision,0.9793628779155095,AdaBoost,,Utility,TSTR,0.9793628779155095,0.02523572413394183,classification,Generators/Experiment with utility data leak/utility results/1. Cancer/TRTR_TSTR_results_cancer.xlsx,utility,0.9793628779155095,,0.0,100.0
1. Cancer,WGAN_GP,,0.0,Precision_Gap,0.9793628779155095,AdaBoost,,Utility,Gap,-0.0058138886177965254,0.02523572413394183,classification,Generators/Experiment with utility data leak/utility results/1. Cancer/TRTR_TSTR_results_cancer.xlsx,utility,-0.0058138886177965254,,0.0,100.0
1. Cancer,WGAN_GP,,0.0,Recall,0.9357142857142857,AdaBoost,,Utility,TRTR,0.9357142857142857,0.02827224306437598,classification,Generators/Experiment with utility data leak/utility results/1. Cancer/TRTR_TSTR_results_cancer.xlsx,utility,0.9357142857142857,,0.0,100.0
1. Cancer,WGAN_GP,,0.0,Recall,0.8642857142857142,AdaBoost,,Utility,TSTR,0.8642857142857142,0.04885305840162663,classification,Generators/Experiment with utility data leak/utility results/1. Cancer/TRTR_TSTR_results_cancer.xlsx,utility,0.8642857142857142,,0.0,100.0
1. Cancer,WGAN_GP,,0.0,Recall_Gap,0.8642857142857142,AdaBoost,,Utility,Gap,0.07142857142857151,0.04885305840162663,classification,Generators/Experiment with utility data leak/utility results/1. Cancer/TRTR_TSTR_results_cancer.xlsx,utility,0.07142857142857151,,0.0,100.0
1. Cancer,WGAN_GP,,,Accuracy_Drop,,AdaBoost,,,Gap,0.02368421052631575,,classification,Generators/Experiment with utility data leak/utility results/1. Cancer/TRTR_TSTR_results_cancer.xlsx,utility,0.02368421052631575,,0.0,100.0
1. Cancer,WGAN_GP,,,F1_Drop,,AdaBoost,,,Gap,0.03655046284081886,,classification,Generators/Experiment with utility data leak/utility results/1. Cancer/TRTR_TSTR_results_cancer.xlsx,utility,0.03655046284081886,,0.0,100.0
1. Cancer,WGAN_GP,,,Precision_Drop,,AdaBoost,,,Gap,-0.005813888617796525,,classification,Generators/Experiment with utility data leak/utility results/1. Cancer/TRTR_TSTR_results_cancer.xlsx,utility,-0.005813888617796525,,0.0,100.0
1. Cancer,WGAN_GP,,,Recall_Drop,,AdaBoost,,,Gap,0.07142857142857151,,classification,Generators/Experiment with utility data leak/utility results/1. Cancer/TRTR_TSTR_results_cancer.xlsx,utility,0.07142857142857151,,0.0,100.0
1. Cancer,WGAN_GP,,0.0,Accuracy,0.9631578947368421,Gradient Boosting,,Utility,TRTR,0.9631578947368421,0.0203084857943688,classification,Generators/Experiment with utility data leak/utility results/1. Cancer/TRTR_TSTR_results_cancer.xlsx,utility,0.9631578947368421,,0.0,100.0
1. Cancer,WGAN_GP,,0.0,Accuracy,0.9421052631578947,Gradient Boosting,,Utility,TSTR,0.9421052631578947,0.01848360307518023,classification,Generators/Experiment with utility data leak/utility results/1. Cancer/TRTR_TSTR_results_cancer.xlsx,utility,0.9421052631578947,,0.0,100.0
1. Cancer,WGAN_GP,,0.0,Accuracy_Gap,0.9421052631578947,Gradient Boosting,,Utility,Gap,0.021052631578947434,0.01848360307518023,classification,Generators/Experiment with utility data leak/utility results/1. Cancer/TRTR_TSTR_results_cancer.xlsx,utility,0.021052631578947434,,0.0,100.0
1. Cancer,WGAN_GP,,0.0,F1,0.9494212600983015,Gradient Boosting,,Utility,TRTR,0.9494212600983015,0.02779434087071402,classification,Generators/Experiment with utility data leak/utility results/1. Cancer/TRTR_TSTR_results_cancer.xlsx,utility,0.9494212600983015,,0.0,100.0
1. Cancer,WGAN_GP,,0.0,F1,0.9161306020654305,Gradient Boosting,,Utility,TSTR,0.9161306020654305,0.02802202664577805,classification,Generators/Experiment with utility data leak/utility results/1. Cancer/TRTR_TSTR_results_cancer.xlsx,utility,0.9161306020654305,,0.0,100.0
1. Cancer,WGAN_GP,,0.0,F1_Gap,0.9161306020654305,Gradient Boosting,,Utility,Gap,0.03329065803287101,0.02802202664577805,classification,Generators/Experiment with utility data leak/utility results/1. Cancer/TRTR_TSTR_results_cancer.xlsx,utility,0.03329065803287101,,0.0,100.0
1. Cancer,WGAN_GP,,0.0,Precision,0.9620305430373497,Gradient Boosting,,Utility,TRTR,0.9620305430373497,0.0358379580625646,classification,Generators/Experiment with utility data leak/utility results/1. Cancer/TRTR_TSTR_results_cancer.xlsx,utility,0.9620305430373497,,0.0,100.0
1. Cancer,WGAN_GP,,0.0,Precision,0.9764416081111694,Gradient Boosting,,Utility,TSTR,0.9764416081111694,0.02364858104787009,classification,Generators/Experiment with utility data leak/utility results/1. Cancer/TRTR_TSTR_results_cancer.xlsx,utility,0.9764416081111694,,0.0,100.0
1. Cancer,WGAN_GP,,0.0,Precision_Gap,0.9764416081111694,Gradient Boosting,,Utility,Gap,-0.014411065073819729,0.02364858104787009,classification,Generators/Experiment with utility data leak/utility results/1. Cancer/TRTR_TSTR_results_cancer.xlsx,utility,-0.014411065073819729,,0.0,100.0
1. Cancer,WGAN_GP,,0.0,Recall,0.938095238095238,Gradient Boosting,,Utility,TRTR,0.938095238095238,0.03400680204068023,classification,Generators/Experiment with utility data leak/utility results/1. Cancer/TRTR_TSTR_results_cancer.xlsx,utility,0.938095238095238,,0.0,100.0
1. Cancer,WGAN_GP,,0.0,Recall,0.8642857142857142,Gradient Boosting,,Utility,TSTR,0.8642857142857142,0.04647433641891222,classification,Generators/Experiment with utility data leak/utility results/1. Cancer/TRTR_TSTR_results_cancer.xlsx,utility,0.8642857142857142,,0.0,100.0
1. Cancer,WGAN_GP,,0.0,Recall_Gap,0.8642857142857142,Gradient Boosting,,Utility,Gap,0.07380952380952377,0.04647433641891222,classification,Generators/Experiment with utility data leak/utility results/1. Cancer/TRTR_TSTR_results_cancer.xlsx,utility,0.07380952380952377,,0.0,100.0
1. Cancer,WGAN_GP,,,Accuracy_Drop,,Gradient Boosting,,,Gap,0.02105263157894743,,classification,Generators/Experiment with utility data leak/utility results/1. Cancer/TRTR_TSTR_results_cancer.xlsx,utility,0.02105263157894743,,0.0,100.0
1. Cancer,WGAN_GP,,,F1_Drop,,Gradient Boosting,,,Gap,0.03329065803287101,,classification,Generators/Experiment with utility data leak/utility results/1. Cancer/TRTR_TSTR_results_cancer.xlsx,utility,0.03329065803287101,,0.0,100.0
1. Cancer,WGAN_GP,,,Precision_Drop,,Gradient Boosting,,,Gap,-0.01441106507381973,,classification,Generators/Experiment with utility data leak/utility results/1. Cancer/TRTR_TSTR_results_cancer.xlsx,utility,-0.01441106507381973,,0.0,100.0
1. Cancer,WGAN_GP,,,Recall_Drop,,Gradient Boosting,,,Gap,0.07380952380952377,,classification,Generators/Experiment with utility data leak/utility results/1. Cancer/TRTR_TSTR_results_cancer.xlsx,utility,0.07380952380952377,,0.0,100.0
1. Cancer,WGAN_GP,,0.0,Accuracy,0.962280701754386,KNN,,Utility,TRTR,0.962280701754386,0.01883413206454726,classification,Generators/Experiment with utility data leak/utility results/1. Cancer/TRTR_TSTR_results_cancer.xlsx,utility,0.962280701754386,,0.0,100.0
1. Cancer,WGAN_GP,,0.0,Accuracy,0.9394736842105262,KNN,,Utility,TSTR,0.9394736842105262,0.01685032694061277,classification,Generators/Experiment with utility data leak/utility results/1. Cancer/TRTR_TSTR_results_cancer.xlsx,utility,0.9394736842105262,,0.0,100.0
1. Cancer,WGAN_GP,,0.0,Accuracy_Gap,0.9394736842105262,KNN,,Utility,Gap,0.02280701754385972,0.01685032694061277,classification,Generators/Experiment with utility data leak/utility results/1. Cancer/TRTR_TSTR_results_cancer.xlsx,utility,0.02280701754385972,,0.0,100.0
1. Cancer,WGAN_GP,,0.0,F1,0.947074373024434,KNN,,Utility,TRTR,0.947074373024434,0.02672761688789936,classification,Generators/Experiment with utility data leak/utility results/1. Cancer/TRTR_TSTR_results_cancer.xlsx,utility,0.947074373024434,,0.0,100.0
1. Cancer,WGAN_GP,,0.0,F1,0.911630570476661,KNN,,Utility,TSTR,0.911630570476661,0.0255932597295227,classification,Generators/Experiment with utility data leak/utility results/1. Cancer/TRTR_TSTR_results_cancer.xlsx,utility,0.911630570476661,,0.0,100.0
1. Cancer,WGAN_GP,,0.0,F1_Gap,0.911630570476661,KNN,,Utility,Gap,0.03544380254777302,0.0255932597295227,classification,Generators/Experiment with utility data leak/utility results/1. Cancer/TRTR_TSTR_results_cancer.xlsx,utility,0.03544380254777302,,0.0,100.0
1. Cancer,WGAN_GP,,0.0,Precision,0.9751404010156286,KNN,,Utility,TRTR,0.9751404010156286,0.02459125532957641,classification,Generators/Experiment with utility data leak/utility results/1. Cancer/TRTR_TSTR_results_cancer.xlsx,utility,0.9751404010156286,,0.0,100.0
1. Cancer,WGAN_GP,,0.0,Precision,0.9815181347217141,KNN,,Utility,TSTR,0.9815181347217141,0.02329254802784783,classification,Generators/Experiment with utility data leak/utility results/1. Cancer/TRTR_TSTR_results_cancer.xlsx,utility,0.9815181347217141,,0.0,100.0
1. Cancer,WGAN_GP,,0.0,Precision_Gap,0.9815181347217141,KNN,,Utility,Gap,-0.00637773370608552,0.02329254802784783,classification,Generators/Experiment with utility data leak/utility results/1. Cancer/TRTR_TSTR_results_cancer.xlsx,utility,-0.00637773370608552,,0.0,100.0
1. Cancer,WGAN_GP,,0.0,Recall,0.9214285714285715,KNN,,Utility,TRTR,0.9214285714285715,0.03991203479581002,classification,Generators/Experiment with utility data leak/utility results/1. Cancer/TRTR_TSTR_results_cancer.xlsx,utility,0.9214285714285715,,0.0,100.0
1. Cancer,WGAN_GP,,0.0,Recall,0.8523809523809524,KNN,,Utility,TSTR,0.8523809523809524,0.04364357804719846,classification,Generators/Experiment with utility data leak/utility results/1. Cancer/TRTR_TSTR_results_cancer.xlsx,utility,0.8523809523809524,,0.0,100.0
1. Cancer,WGAN_GP,,0.0,Recall_Gap,0.8523809523809524,KNN,,Utility,Gap,0.06904761904761914,0.04364357804719846,classification,Generators/Experiment with utility data leak/utility results/1. Cancer/TRTR_TSTR_results_cancer.xlsx,utility,0.06904761904761914,,0.0,100.0
1. Cancer,WGAN_GP,,,Accuracy_Drop,,KNN,,,Gap,0.02280701754385972,,classification,Generators/Experiment with utility data leak/utility results/1. Cancer/TRTR_TSTR_results_cancer.xlsx,utility,0.02280701754385972,,0.0,100.0
1. Cancer,WGAN_GP,,,F1_Drop,,KNN,,,Gap,0.03544380254777302,,classification,Generators/Experiment with utility data leak/utility results/1. Cancer/TRTR_TSTR_results_cancer.xlsx,utility,0.03544380254777302,,0.0,100.0
1. Cancer,WGAN_GP,,,Precision_Drop,,KNN,,,Gap,-0.00637773370608552,,classification,Generators/Experiment with utility data leak/utility results/1. Cancer/TRTR_TSTR_results_cancer.xlsx,utility,-0.00637773370608552,,0.0,100.0
1. Cancer,WGAN_GP,,,Recall_Drop,,KNN,,,Gap,0.06904761904761914,,classification,Generators/Experiment with utility data leak/utility results/1. Cancer/TRTR_TSTR_results_cancer.xlsx,utility,0.06904761904761914,,0.0,100.0
1. Cancer,WGAN_GP,,0.0,Accuracy,0.962280701754386,Random Forest,,Utility,TRTR,0.962280701754386,0.0136176971019825,classification,Generators/Experiment with utility data leak/utility results/1. Cancer/TRTR_TSTR_results_cancer.xlsx,utility,0.962280701754386,,0.0,100.0
1. Cancer,WGAN_GP,,0.0,Accuracy,0.9456140350877191,Random Forest,,Utility,TSTR,0.9456140350877191,0.02068390547816071,classification,Generators/Experiment with utility data leak/utility results/1. Cancer/TRTR_TSTR_results_cancer.xlsx,utility,0.9456140350877191,,0.0,100.0
1. Cancer,WGAN_GP,,0.0,Accuracy_Gap,0.9456140350877191,Random Forest,,Utility,Gap,0.01666666666666683,0.02068390547816071,classification,Generators/Experiment with utility data leak/utility results/1. Cancer/TRTR_TSTR_results_cancer.xlsx,utility,0.01666666666666683,,0.0,100.0
1. Cancer,WGAN_GP,,0.0,F1,0.9482304799188631,Random Forest,,Utility,TRTR,0.9482304799188631,0.01843776018375915,classification,Generators/Experiment with utility data leak/utility results/1. Cancer/TRTR_TSTR_results_cancer.xlsx,utility,0.9482304799188631,,0.0,100.0
1. Cancer,WGAN_GP,,0.0,F1,0.9200127464018204,Random Forest,,Utility,TSTR,0.9200127464018204,0.03208062516188989,classification,Generators/Experiment with utility data leak/utility results/1. Cancer/TRTR_TSTR_results_cancer.xlsx,utility,0.9200127464018204,,0.0,100.0
1. Cancer,WGAN_GP,,0.0,F1_Gap,0.9200127464018204,Random Forest,,Utility,Gap,0.02821773351704271,0.03208062516188989,classification,Generators/Experiment with utility data leak/utility results/1. Cancer/TRTR_TSTR_results_cancer.xlsx,utility,0.02821773351704271,,0.0,100.0
1. Cancer,WGAN_GP,,0.0,Precision,0.9617923931806518,Random Forest,,Utility,TRTR,0.9617923931806518,0.02967466301692189,classification,Generators/Experiment with utility data leak/utility results/1. Cancer/TRTR_TSTR_results_cancer.xlsx,utility,0.9617923931806518,,0.0,100.0
1. Cancer,WGAN_GP,,0.0,Precision,0.9941176470588236,Random Forest,,Utility,TSTR,0.9941176470588236,0.01176470588235294,classification,Generators/Experiment with utility data leak/utility results/1. Cancer/TRTR_TSTR_results_cancer.xlsx,utility,0.9941176470588236,,0.0,100.0
1. Cancer,WGAN_GP,,0.0,Precision_Gap,0.9941176470588236,Random Forest,,Utility,Gap,-0.032325253878171756,0.01176470588235294,classification,Generators/Experiment with utility data leak/utility results/1. Cancer/TRTR_TSTR_results_cancer.xlsx,utility,-0.032325253878171756,,0.0,100.0
1. Cancer,WGAN_GP,,0.0,Recall,0.9357142857142857,Random Forest,,Utility,TRTR,0.9357142857142857,0.0214285714285714,classification,Generators/Experiment with utility data leak/utility results/1. Cancer/TRTR_TSTR_results_cancer.xlsx,utility,0.9357142857142857,,0.0,100.0
1. Cancer,WGAN_GP,,0.0,Recall,0.8571428571428571,Random Forest,,Utility,TSTR,0.8571428571428571,0.04879500364742666,classification,Generators/Experiment with utility data leak/utility results/1. Cancer/TRTR_TSTR_results_cancer.xlsx,utility,0.8571428571428571,,0.0,100.0
1. Cancer,WGAN_GP,,0.0,Recall_Gap,0.8571428571428571,Random Forest,,Utility,Gap,0.07857142857142863,0.04879500364742666,classification,Generators/Experiment with utility data leak/utility results/1. Cancer/TRTR_TSTR_results_cancer.xlsx,utility,0.07857142857142863,,0.0,100.0
1. Cancer,WGAN_GP,,,Accuracy_Drop,,Random Forest,,,Gap,0.01666666666666683,,classification,Generators/Experiment with utility data leak/utility results/1. Cancer/TRTR_TSTR_results_cancer.xlsx,utility,0.01666666666666683,,0.0,100.0
1. Cancer,WGAN_GP,,,F1_Drop,,Random Forest,,,Gap,0.02821773351704271,,classification,Generators/Experiment with utility data leak/utility results/1. Cancer/TRTR_TSTR_results_cancer.xlsx,utility,0.02821773351704271,,0.0,100.0
1. Cancer,WGAN_GP,,,Precision_Drop,,Random Forest,,,Gap,-0.03232525387817176,,classification,Generators/Experiment with utility data leak/utility results/1. Cancer/TRTR_TSTR_results_cancer.xlsx,utility,-0.03232525387817176,,0.0,100.0
1. Cancer,WGAN_GP,,,Recall_Drop,,Random Forest,,,Gap,0.07857142857142863,,classification,Generators/Experiment with utility data leak/utility results/1. Cancer/TRTR_TSTR_results_cancer.xlsx,utility,0.07857142857142863,,0.0,100.0
1. Cancer,WGAN_GP,,0.0,Accuracy,0.9350877192982457,Decision Tree,,Utility,TRTR,0.9350877192982457,0.02045948033279054,classification,Generators/Experiment with utility data leak/utility results/1. Cancer/TRTR_TSTR_results_cancer.xlsx,utility,0.9350877192982457,,0.0,100.0
1. Cancer,WGAN_GP,,0.0,Accuracy,0.9043859649122806,Decision Tree,,Utility,TSTR,0.9043859649122806,0.03100104745100403,classification,Generators/Experiment with utility data leak/utility results/1. Cancer/TRTR_TSTR_results_cancer.xlsx,utility,0.9043859649122806,,0.0,100.0
1. Cancer,WGAN_GP,,0.0,Accuracy_Gap,0.9043859649122806,Decision Tree,,Utility,Gap,0.03070175438596512,0.03100104745100403,classification,Generators/Experiment with utility data leak/utility results/1. Cancer/TRTR_TSTR_results_cancer.xlsx,utility,0.03070175438596512,,0.0,100.0
1. Cancer,WGAN_GP,,0.0,F1,0.9122461606275634,Decision Tree,,Utility,TRTR,0.9122461606275634,0.02771502846045041,classification,Generators/Experiment with utility data leak/utility results/1. Cancer/TRTR_TSTR_results_cancer.xlsx,utility,0.9122461606275634,,0.0,100.0
1. Cancer,WGAN_GP,,0.0,F1,0.8615680956763008,Decision Tree,,Utility,TSTR,0.8615680956763008,0.04724958787547354,classification,Generators/Experiment with utility data leak/utility results/1. Cancer/TRTR_TSTR_results_cancer.xlsx,utility,0.8615680956763008,,0.0,100.0
1. Cancer,WGAN_GP,,0.0,F1_Gap,0.8615680956763008,Decision Tree,,Utility,Gap,0.05067806495126259,0.04724958787547354,classification,Generators/Experiment with utility data leak/utility results/1. Cancer/TRTR_TSTR_results_cancer.xlsx,utility,0.05067806495126259,,0.0,100.0
1. Cancer,WGAN_GP,,0.0,Precision,0.9096981560397401,Decision Tree,,Utility,TRTR,0.9096981560397401,0.03732307542896939,classification,Generators/Experiment with utility data leak/utility results/1. Cancer/TRTR_TSTR_results_cancer.xlsx,utility,0.9096981560397401,,0.0,100.0
1. Cancer,WGAN_GP,,0.0,Precision,0.9169743599380954,Decision Tree,,Utility,TSTR,0.9169743599380954,0.03884758635856884,classification,Generators/Experiment with utility data leak/utility results/1. Cancer/TRTR_TSTR_results_cancer.xlsx,utility,0.9169743599380954,,0.0,100.0
1. Cancer,WGAN_GP,,0.0,Precision_Gap,0.9169743599380954,Decision Tree,,Utility,Gap,-0.00727620389835526,0.03884758635856884,classification,Generators/Experiment with utility data leak/utility results/1. Cancer/TRTR_TSTR_results_cancer.xlsx,utility,-0.00727620389835526,,0.0,100.0
1. Cancer,WGAN_GP,,0.0,Recall,0.9166666666666666,Decision Tree,,Utility,TRTR,0.9166666666666666,0.04158154570612613,classification,Generators/Experiment with utility data leak/utility results/1. Cancer/TRTR_TSTR_results_cancer.xlsx,utility,0.9166666666666666,,0.0,100.0
1. Cancer,WGAN_GP,,0.0,Recall,0.8142857142857143,Decision Tree,,Utility,TSTR,0.8142857142857143,0.06459361888690732,classification,Generators/Experiment with utility data leak/utility results/1. Cancer/TRTR_TSTR_results_cancer.xlsx,utility,0.8142857142857143,,0.0,100.0
1. Cancer,WGAN_GP,,0.0,Recall_Gap,0.8142857142857143,Decision Tree,,Utility,Gap,0.10238095238095235,0.06459361888690732,classification,Generators/Experiment with utility data leak/utility results/1. Cancer/TRTR_TSTR_results_cancer.xlsx,utility,0.10238095238095235,,0.0,100.0
1. Cancer,WGAN_GP,,,Accuracy_Drop,,Decision Tree,,,Gap,0.03070175438596512,,classification,Generators/Experiment with utility data leak/utility results/1. Cancer/TRTR_TSTR_results_cancer.xlsx,utility,0.03070175438596512,,0.0,100.0
1. Cancer,WGAN_GP,,,F1_Drop,,Decision Tree,,,Gap,0.05067806495126259,,classification,Generators/Experiment with utility data leak/utility results/1. Cancer/TRTR_TSTR_results_cancer.xlsx,utility,0.05067806495126259,,0.0,100.0
1. Cancer,WGAN_GP,,,Precision_Drop,,Decision Tree,,,Gap,-0.00727620389835526,,classification,Generators/Experiment with utility data leak/utility results/1. Cancer/TRTR_TSTR_results_cancer.xlsx,utility,-0.00727620389835526,,0.0,100.0
1. Cancer,WGAN_GP,,,Recall_Drop,,Decision Tree,,,Gap,0.1023809523809524,,classification,Generators/Experiment with utility data leak/utility results/1. Cancer/TRTR_TSTR_results_cancer.xlsx,utility,0.1023809523809524,,0.0,100.0
1. Cancer,WGAN_GP,,0.0,Accuracy,0.9324561403508772,Naive Bayes,,Utility,TRTR,0.9324561403508772,0.02322491630679601,classification,Generators/Experiment with utility data leak/utility results/1. Cancer/TRTR_TSTR_results_cancer.xlsx,utility,0.9324561403508772,,0.0,100.0
1. Cancer,WGAN_GP,,0.0,Accuracy,0.9307017543859649,Naive Bayes,,Utility,TSTR,0.9307017543859649,0.01939767051534734,classification,Generators/Experiment with utility data leak/utility results/1. Cancer/TRTR_TSTR_results_cancer.xlsx,utility,0.9307017543859649,,0.0,100.0
1. Cancer,WGAN_GP,,0.0,Accuracy_Gap,0.9307017543859649,Naive Bayes,,Utility,Gap,0.0017543859649122862,0.01939767051534734,classification,Generators/Experiment with utility data leak/utility results/1. Cancer/TRTR_TSTR_results_cancer.xlsx,utility,0.0017543859649122862,,0.0,100.0
1. Cancer,WGAN_GP,,0.0,F1,0.9055642341410918,Naive Bayes,,Utility,TRTR,0.9055642341410918,0.0327534076549362,classification,Generators/Experiment with utility data leak/utility results/1. Cancer/TRTR_TSTR_results_cancer.xlsx,utility,0.9055642341410918,,0.0,100.0
1. Cancer,WGAN_GP,,0.0,F1,0.9017318991006558,Naive Bayes,,Utility,TSTR,0.9017318991006558,0.02939656495252678,classification,Generators/Experiment with utility data leak/utility results/1. Cancer/TRTR_TSTR_results_cancer.xlsx,utility,0.9017318991006558,,0.0,100.0
1. Cancer,WGAN_GP,,0.0,F1_Gap,0.9017318991006558,Naive Bayes,,Utility,Gap,0.003832335040436008,0.02939656495252678,classification,Generators/Experiment with utility data leak/utility results/1. Cancer/TRTR_TSTR_results_cancer.xlsx,utility,0.003832335040436008,,0.0,100.0
1. Cancer,WGAN_GP,,0.0,Precision,0.931024002484766,Naive Bayes,,Utility,TRTR,0.931024002484766,0.03636585629143303,classification,Generators/Experiment with utility data leak/utility results/1. Cancer/TRTR_TSTR_results_cancer.xlsx,utility,0.931024002484766,,0.0,100.0
1. Cancer,WGAN_GP,,0.0,Precision,0.9401205581411529,Naive Bayes,,Utility,TSTR,0.9401205581411529,0.03466566396915662,classification,Generators/Experiment with utility data leak/utility results/1. Cancer/TRTR_TSTR_results_cancer.xlsx,utility,0.9401205581411529,,0.0,100.0
1. Cancer,WGAN_GP,,0.0,Precision_Gap,0.9401205581411529,Naive Bayes,,Utility,Gap,-0.009096555656386895,0.03466566396915662,classification,Generators/Experiment with utility data leak/utility results/1. Cancer/TRTR_TSTR_results_cancer.xlsx,utility,-0.009096555656386895,,0.0,100.0
1. Cancer,WGAN_GP,,0.0,Recall,0.8833333333333332,Naive Bayes,,Utility,TRTR,0.8833333333333332,0.05156287578025646,classification,Generators/Experiment with utility data leak/utility results/1. Cancer/TRTR_TSTR_results_cancer.xlsx,utility,0.8833333333333332,,0.0,100.0
1. Cancer,WGAN_GP,,0.0,Recall,0.869047619047619,Naive Bayes,,Utility,TSTR,0.869047619047619,0.05558389299966071,classification,Generators/Experiment with utility data leak/utility results/1. Cancer/TRTR_TSTR_results_cancer.xlsx,utility,0.869047619047619,,0.0,100.0
1. Cancer,WGAN_GP,,0.0,Recall_Gap,0.869047619047619,Naive Bayes,,Utility,Gap,0.014285714285714235,0.05558389299966071,classification,Generators/Experiment with utility data leak/utility results/1. Cancer/TRTR_TSTR_results_cancer.xlsx,utility,0.014285714285714235,,0.0,100.0
1. Cancer,WGAN_GP,,,Accuracy_Drop,,Naive Bayes,,,Gap,0.001754385964912286,,classification,Generators/Experiment with utility data leak/utility results/1. Cancer/TRTR_TSTR_results_cancer.xlsx,utility,0.001754385964912286,,0.0,100.0
1. Cancer,WGAN_GP,,,F1_Drop,,Naive Bayes,,,Gap,0.003832335040436008,,classification,Generators/Experiment with utility data leak/utility results/1. Cancer/TRTR_TSTR_results_cancer.xlsx,utility,0.003832335040436008,,0.0,100.0
1. Cancer,WGAN_GP,,,Precision_Drop,,Naive Bayes,,,Gap,-0.009096555656386895,,classification,Generators/Experiment with utility data leak/utility results/1. Cancer/TRTR_TSTR_results_cancer.xlsx,utility,-0.009096555656386895,,0.0,100.0
1. Cancer,WGAN_GP,,,Recall_Drop,,Naive Bayes,,,Gap,0.01428571428571423,,classification,Generators/Experiment with utility data leak/utility results/1. Cancer/TRTR_TSTR_results_cancer.xlsx,utility,0.01428571428571423,,0.0,100.0
1. Cancer,CTABGAN,,0.0,Accuracy,0.9789473684210526,Logistic Regression,,Utility,TRTR,0.9789473684210526,0.009768007654087744,classification,Generators/Experiment with utility data leak/utility results/1. Cancer/TRTR_TSTR_results_cancer.xlsx,utility,0.9789473684210526,,0.0,100.0
1. Cancer,CTABGAN,,0.0,Accuracy,0.9122807017543859,Logistic Regression,,Utility,TSTR,0.9122807017543859,0.01881369349958528,classification,Generators/Experiment with utility data leak/utility results/1. Cancer/TRTR_TSTR_results_cancer.xlsx,utility,0.9122807017543859,,0.0,100.0
1. Cancer,CTABGAN,,0.0,Accuracy_Gap,0.9122807017543859,Logistic Regression,,Utility,Gap,0.06666666666666665,0.01881369349958528,classification,Generators/Experiment with utility data leak/utility results/1. Cancer/TRTR_TSTR_results_cancer.xlsx,utility,0.06666666666666665,,0.0,100.0
1. Cancer,CTABGAN,,0.0,F1,0.9707868770215718,Logistic Regression,,Utility,TRTR,0.9707868770215718,0.0137941861874265,classification,Generators/Experiment with utility data leak/utility results/1. Cancer/TRTR_TSTR_results_cancer.xlsx,utility,0.9707868770215718,,0.0,100.0
1. Cancer,CTABGAN,,0.0,F1,0.8737410603599367,Logistic Regression,,Utility,TSTR,0.8737410603599367,0.0285457022292561,classification,Generators/Experiment with utility data leak/utility results/1. Cancer/TRTR_TSTR_results_cancer.xlsx,utility,0.8737410603599367,,0.0,100.0
1. Cancer,CTABGAN,,0.0,F1_Gap,0.8737410603599367,Logistic Regression,,Utility,Gap,0.09704581666163514,0.0285457022292561,classification,Generators/Experiment with utility data leak/utility results/1. Cancer/TRTR_TSTR_results_cancer.xlsx,utility,0.09704581666163514,,0.0,100.0
1. Cancer,CTABGAN,,0.0,Precision,0.9901768962744573,Logistic Regression,,Utility,TRTR,0.9901768962744573,0.01203823054760635,classification,Generators/Experiment with utility data leak/utility results/1. Cancer/TRTR_TSTR_results_cancer.xlsx,utility,0.9901768962744573,,0.0,100.0
1. Cancer,CTABGAN,,0.0,Precision,0.9284494994169916,Logistic Regression,,Utility,TSTR,0.9284494994169916,0.04161343129989816,classification,Generators/Experiment with utility data leak/utility results/1. Cancer/TRTR_TSTR_results_cancer.xlsx,utility,0.9284494994169916,,0.0,100.0
1. Cancer,CTABGAN,,0.0,Precision_Gap,0.9284494994169916,Logistic Regression,,Utility,Gap,0.061727396857465644,0.04161343129989816,classification,Generators/Experiment with utility data leak/utility results/1. Cancer/TRTR_TSTR_results_cancer.xlsx,utility,0.061727396857465644,,0.0,100.0
1. Cancer,CTABGAN,,0.0,Recall,0.9523809523809523,Logistic Regression,,Utility,TRTR,0.9523809523809523,0.02129588549999798,classification,Generators/Experiment with utility data leak/utility results/1. Cancer/TRTR_TSTR_results_cancer.xlsx,utility,0.9523809523809523,,0.0,100.0
1. Cancer,CTABGAN,,0.0,Recall,0.8285714285714285,Logistic Regression,,Utility,TSTR,0.8285714285714285,0.05614202915500762,classification,Generators/Experiment with utility data leak/utility results/1. Cancer/TRTR_TSTR_results_cancer.xlsx,utility,0.8285714285714285,,0.0,100.0
1. Cancer,CTABGAN,,0.0,Recall_Gap,0.8285714285714285,Logistic Regression,,Utility,Gap,0.12380952380952381,0.05614202915500762,classification,Generators/Experiment with utility data leak/utility results/1. Cancer/TRTR_TSTR_results_cancer.xlsx,utility,0.12380952380952381,,0.0,100.0
1. Cancer,CTABGAN,,,Accuracy_Drop,,Logistic Regression,,,Gap,0.06666666666666665,,classification,Generators/Experiment with utility data leak/utility results/1. Cancer/TRTR_TSTR_results_cancer.xlsx,utility,0.06666666666666665,,0.0,100.0
1. Cancer,CTABGAN,,,F1_Drop,,Logistic Regression,,,Gap,0.09704581666163514,,classification,Generators/Experiment with utility data leak/utility results/1. Cancer/TRTR_TSTR_results_cancer.xlsx,utility,0.09704581666163514,,0.0,100.0
1. Cancer,CTABGAN,,,Precision_Drop,,Logistic Regression,,,Gap,0.06172739685746564,,classification,Generators/Experiment with utility data leak/utility results/1. Cancer/TRTR_TSTR_results_cancer.xlsx,utility,0.06172739685746564,,0.0,100.0
1. Cancer,CTABGAN,,,Recall_Drop,,Logistic Regression,,,Gap,0.1238095238095238,,classification,Generators/Experiment with utility data leak/utility results/1. Cancer/TRTR_TSTR_results_cancer.xlsx,utility,0.1238095238095238,,0.0,100.0
1. Cancer,CTABGAN,,0.0,Accuracy,0.974561403508772,MLP,,Utility,TRTR,0.974561403508772,0.01327433855300136,classification,Generators/Experiment with utility data leak/utility results/1. Cancer/TRTR_TSTR_results_cancer.xlsx,utility,0.974561403508772,,0.0,100.0
1. Cancer,CTABGAN,,0.0,Accuracy,0.8640350877192982,MLP,,Utility,TSTR,0.8640350877192982,0.02488817712124755,classification,Generators/Experiment with utility data leak/utility results/1. Cancer/TRTR_TSTR_results_cancer.xlsx,utility,0.8640350877192982,,0.0,100.0
1. Cancer,CTABGAN,,0.0,Accuracy_Gap,0.8640350877192982,MLP,,Utility,Gap,0.1105263157894738,0.02488817712124755,classification,Generators/Experiment with utility data leak/utility results/1. Cancer/TRTR_TSTR_results_cancer.xlsx,utility,0.1105263157894738,,0.0,100.0
1. Cancer,CTABGAN,,0.0,F1,0.9646057122906845,MLP,,Utility,TRTR,0.9646057122906845,0.01869298955577862,classification,Generators/Experiment with utility data leak/utility results/1. Cancer/TRTR_TSTR_results_cancer.xlsx,utility,0.9646057122906845,,0.0,100.0
1. Cancer,CTABGAN,,0.0,F1,0.804117565368548,MLP,,Utility,TSTR,0.804117565368548,0.02963523974201991,classification,Generators/Experiment with utility data leak/utility results/1. Cancer/TRTR_TSTR_results_cancer.xlsx,utility,0.804117565368548,,0.0,100.0
1. Cancer,CTABGAN,,0.0,F1_Gap,0.804117565368548,MLP,,Utility,Gap,0.16048814692213653,0.02963523974201991,classification,Generators/Experiment with utility data leak/utility results/1. Cancer/TRTR_TSTR_results_cancer.xlsx,utility,0.16048814692213653,,0.0,100.0
1. Cancer,CTABGAN,,0.0,Precision,0.985467661474468,MLP,,Utility,TRTR,0.985467661474468,0.0191919907367019,classification,Generators/Experiment with utility data leak/utility results/1. Cancer/TRTR_TSTR_results_cancer.xlsx,utility,0.985467661474468,,0.0,100.0
1. Cancer,CTABGAN,,0.0,Precision,0.8697537046623731,MLP,,Utility,TSTR,0.8697537046623731,0.07912149066706596,classification,Generators/Experiment with utility data leak/utility results/1. Cancer/TRTR_TSTR_results_cancer.xlsx,utility,0.8697537046623731,,0.0,100.0
1. Cancer,CTABGAN,,0.0,Precision_Gap,0.8697537046623731,MLP,,Utility,Gap,0.11571395681209484,0.07912149066706596,classification,Generators/Experiment with utility data leak/utility results/1. Cancer/TRTR_TSTR_results_cancer.xlsx,utility,0.11571395681209484,,0.0,100.0
1. Cancer,CTABGAN,,0.0,Recall,0.9452380952380952,MLP,,Utility,TRTR,0.9452380952380952,0.03021089890583217,classification,Generators/Experiment with utility data leak/utility results/1. Cancer/TRTR_TSTR_results_cancer.xlsx,utility,0.9452380952380952,,0.0,100.0
1. Cancer,CTABGAN,,0.0,Recall,0.7547619047619047,MLP,,Utility,TSTR,0.7547619047619047,0.05112121560377116,classification,Generators/Experiment with utility data leak/utility results/1. Cancer/TRTR_TSTR_results_cancer.xlsx,utility,0.7547619047619047,,0.0,100.0
1. Cancer,CTABGAN,,0.0,Recall_Gap,0.7547619047619047,MLP,,Utility,Gap,0.19047619047619047,0.05112121560377116,classification,Generators/Experiment with utility data leak/utility results/1. Cancer/TRTR_TSTR_results_cancer.xlsx,utility,0.19047619047619047,,0.0,100.0
1. Cancer,CTABGAN,,,Accuracy_Drop,,MLP,,,Gap,0.1105263157894738,,classification,Generators/Experiment with utility data leak/utility results/1. Cancer/TRTR_TSTR_results_cancer.xlsx,utility,0.1105263157894738,,0.0,100.0
1. Cancer,CTABGAN,,,F1_Drop,,MLP,,,Gap,0.1604881469221365,,classification,Generators/Experiment with utility data leak/utility results/1. Cancer/TRTR_TSTR_results_cancer.xlsx,utility,0.1604881469221365,,0.0,100.0
1. Cancer,CTABGAN,,,Precision_Drop,,MLP,,,Gap,0.1157139568120948,,classification,Generators/Experiment with utility data leak/utility results/1. Cancer/TRTR_TSTR_results_cancer.xlsx,utility,0.1157139568120948,,0.0,100.0
1. Cancer,CTABGAN,,,Recall_Drop,,MLP,,,Gap,0.1904761904761905,,classification,Generators/Experiment with utility data leak/utility results/1. Cancer/TRTR_TSTR_results_cancer.xlsx,utility,0.1904761904761905,,0.0,100.0
1. Cancer,CTABGAN,,0.0,Accuracy,0.9701754385964912,SVM-RBF,,Utility,TRTR,0.9701754385964912,0.01889531511275264,classification,Generators/Experiment with utility data leak/utility results/1. Cancer/TRTR_TSTR_results_cancer.xlsx,utility,0.9701754385964912,,0.0,100.0
1. Cancer,CTABGAN,,0.0,Accuracy,0.8964912280701756,SVM-RBF,,Utility,TSTR,0.8964912280701756,0.02246710258748367,classification,Generators/Experiment with utility data leak/utility results/1. Cancer/TRTR_TSTR_results_cancer.xlsx,utility,0.8964912280701756,,0.0,100.0
1. Cancer,CTABGAN,,0.0,Accuracy_Gap,0.8964912280701756,SVM-RBF,,Utility,Gap,0.07368421052631569,0.02246710258748367,classification,Generators/Experiment with utility data leak/utility results/1. Cancer/TRTR_TSTR_results_cancer.xlsx,utility,0.07368421052631569,,0.0,100.0
1. Cancer,CTABGAN,,0.0,F1,0.9583987428081452,SVM-RBF,,Utility,TRTR,0.9583987428081452,0.02694607072359247,classification,Generators/Experiment with utility data leak/utility results/1. Cancer/TRTR_TSTR_results_cancer.xlsx,utility,0.9583987428081452,,0.0,100.0
1. Cancer,CTABGAN,,0.0,F1,0.8501734642388644,SVM-RBF,,Utility,TSTR,0.8501734642388644,0.03347126121661525,classification,Generators/Experiment with utility data leak/utility results/1. Cancer/TRTR_TSTR_results_cancer.xlsx,utility,0.8501734642388644,,0.0,100.0
1. Cancer,CTABGAN,,0.0,F1_Gap,0.8501734642388644,SVM-RBF,,Utility,Gap,0.10822527856928077,0.03347126121661525,classification,Generators/Experiment with utility data leak/utility results/1. Cancer/TRTR_TSTR_results_cancer.xlsx,utility,0.10822527856928077,,0.0,100.0
1. Cancer,CTABGAN,,0.0,Precision,0.975500670827118,SVM-RBF,,Utility,TRTR,0.975500670827118,0.01929000486040976,classification,Generators/Experiment with utility data leak/utility results/1. Cancer/TRTR_TSTR_results_cancer.xlsx,utility,0.975500670827118,,0.0,100.0
1. Cancer,CTABGAN,,0.0,Precision,0.9094824920739555,SVM-RBF,,Utility,TSTR,0.9094824920739555,0.03690452500346305,classification,Generators/Experiment with utility data leak/utility results/1. Cancer/TRTR_TSTR_results_cancer.xlsx,utility,0.9094824920739555,,0.0,100.0
1. Cancer,CTABGAN,,0.0,Precision_Gap,0.9094824920739555,SVM-RBF,,Utility,Gap,0.06601817875316252,0.03690452500346305,classification,Generators/Experiment with utility data leak/utility results/1. Cancer/TRTR_TSTR_results_cancer.xlsx,utility,0.06601817875316252,,0.0,100.0
1. Cancer,CTABGAN,,0.0,Recall,0.9428571428571428,SVM-RBF,,Utility,TRTR,0.9428571428571428,0.04416008807378907,classification,Generators/Experiment with utility data leak/utility results/1. Cancer/TRTR_TSTR_results_cancer.xlsx,utility,0.9428571428571428,,0.0,100.0
1. Cancer,CTABGAN,,0.0,Recall,0.8,SVM-RBF,,Utility,TSTR,0.8,0.04902681019517619,classification,Generators/Experiment with utility data leak/utility results/1. Cancer/TRTR_TSTR_results_cancer.xlsx,utility,0.8,,0.0,100.0
1. Cancer,CTABGAN,,0.0,Recall_Gap,0.8,SVM-RBF,,Utility,Gap,0.1428571428571428,0.04902681019517619,classification,Generators/Experiment with utility data leak/utility results/1. Cancer/TRTR_TSTR_results_cancer.xlsx,utility,0.1428571428571428,,0.0,100.0
1. Cancer,CTABGAN,,,Accuracy_Drop,,SVM-RBF,,,Gap,0.07368421052631569,,classification,Generators/Experiment with utility data leak/utility results/1. Cancer/TRTR_TSTR_results_cancer.xlsx,utility,0.07368421052631569,,0.0,100.0
1. Cancer,CTABGAN,,,F1_Drop,,SVM-RBF,,,Gap,0.1082252785692808,,classification,Generators/Experiment with utility data leak/utility results/1. Cancer/TRTR_TSTR_results_cancer.xlsx,utility,0.1082252785692808,,0.0,100.0
1. Cancer,CTABGAN,,,Precision_Drop,,SVM-RBF,,,Gap,0.06601817875316252,,classification,Generators/Experiment with utility data leak/utility results/1. Cancer/TRTR_TSTR_results_cancer.xlsx,utility,0.06601817875316252,,0.0,100.0
1. Cancer,CTABGAN,,,Recall_Drop,,SVM-RBF,,,Gap,0.1428571428571428,,classification,Generators/Experiment with utility data leak/utility results/1. Cancer/TRTR_TSTR_results_cancer.xlsx,utility,0.1428571428571428,,0.0,100.0
1. Cancer,CTABGAN,,0.0,Accuracy,0.9701754385964912,Extra Trees,,Utility,TRTR,0.9701754385964912,0.01189882453179872,classification,Generators/Experiment with utility data leak/utility results/1. Cancer/TRTR_TSTR_results_cancer.xlsx,utility,0.9701754385964912,,0.0,100.0
1. Cancer,CTABGAN,,0.0,Accuracy,0.9061403508771928,Extra Trees,,Utility,TSTR,0.9061403508771928,0.01180142460269623,classification,Generators/Experiment with utility data leak/utility results/1. Cancer/TRTR_TSTR_results_cancer.xlsx,utility,0.9061403508771928,,0.0,100.0
1. Cancer,CTABGAN,,0.0,Accuracy_Gap,0.9061403508771928,Extra Trees,,Utility,Gap,0.06403508771929844,0.01180142460269623,classification,Generators/Experiment with utility data leak/utility results/1. Cancer/TRTR_TSTR_results_cancer.xlsx,utility,0.06403508771929844,,0.0,100.0
1. Cancer,CTABGAN,,0.0,F1,0.9589899381997989,Extra Trees,,Utility,TRTR,0.9589899381997989,0.01652286372603384,classification,Generators/Experiment with utility data leak/utility results/1. Cancer/TRTR_TSTR_results_cancer.xlsx,utility,0.9589899381997989,,0.0,100.0
1. Cancer,CTABGAN,,0.0,F1,0.8670785594154807,Extra Trees,,Utility,TSTR,0.8670785594154807,0.01825087246674648,classification,Generators/Experiment with utility data leak/utility results/1. Cancer/TRTR_TSTR_results_cancer.xlsx,utility,0.8670785594154807,,0.0,100.0
1. Cancer,CTABGAN,,0.0,F1_Gap,0.8670785594154807,Extra Trees,,Utility,Gap,0.09191137878431821,0.01825087246674648,classification,Generators/Experiment with utility data leak/utility results/1. Cancer/TRTR_TSTR_results_cancer.xlsx,utility,0.09191137878431821,,0.0,100.0
1. Cancer,CTABGAN,,0.0,Precision,0.971542217000243,Extra Trees,,Utility,TRTR,0.971542217000243,0.02506278422086412,classification,Generators/Experiment with utility data leak/utility results/1. Cancer/TRTR_TSTR_results_cancer.xlsx,utility,0.971542217000243,,0.0,100.0
1. Cancer,CTABGAN,,0.0,Precision,0.9070975390638433,Extra Trees,,Utility,TSTR,0.9070975390638433,0.03654131664813196,classification,Generators/Experiment with utility data leak/utility results/1. Cancer/TRTR_TSTR_results_cancer.xlsx,utility,0.9070975390638433,,0.0,100.0
1. Cancer,CTABGAN,,0.0,Precision_Gap,0.9070975390638433,Extra Trees,,Utility,Gap,0.06444467793639974,0.03654131664813196,classification,Generators/Experiment with utility data leak/utility results/1. Cancer/TRTR_TSTR_results_cancer.xlsx,utility,0.06444467793639974,,0.0,100.0
1. Cancer,CTABGAN,,0.0,Recall,0.9476190476190476,Extra Trees,,Utility,TRTR,0.9476190476190476,0.02776643759450141,classification,Generators/Experiment with utility data leak/utility results/1. Cancer/TRTR_TSTR_results_cancer.xlsx,utility,0.9476190476190476,,0.0,100.0
1. Cancer,CTABGAN,,0.0,Recall,0.8333333333333334,Extra Trees,,Utility,TSTR,0.8333333333333334,0.04517539514526257,classification,Generators/Experiment with utility data leak/utility results/1. Cancer/TRTR_TSTR_results_cancer.xlsx,utility,0.8333333333333334,,0.0,100.0
1. Cancer,CTABGAN,,0.0,Recall_Gap,0.8333333333333334,Extra Trees,,Utility,Gap,0.11428571428571421,0.04517539514526257,classification,Generators/Experiment with utility data leak/utility results/1. Cancer/TRTR_TSTR_results_cancer.xlsx,utility,0.11428571428571421,,0.0,100.0
1. Cancer,CTABGAN,,,Accuracy_Drop,,Extra Trees,,,Gap,0.06403508771929844,,classification,Generators/Experiment with utility data leak/utility results/1. Cancer/TRTR_TSTR_results_cancer.xlsx,utility,0.06403508771929844,,0.0,100.0
1. Cancer,CTABGAN,,,F1_Drop,,Extra Trees,,,Gap,0.09191137878431821,,classification,Generators/Experiment with utility data leak/utility results/1. Cancer/TRTR_TSTR_results_cancer.xlsx,utility,0.09191137878431821,,0.0,100.0
1. Cancer,CTABGAN,,,Precision_Drop,,Extra Trees,,,Gap,0.06444467793639974,,classification,Generators/Experiment with utility data leak/utility results/1. Cancer/TRTR_TSTR_results_cancer.xlsx,utility,0.06444467793639974,,0.0,100.0
1. Cancer,CTABGAN,,,Recall_Drop,,Extra Trees,,,Gap,0.1142857142857142,,classification,Generators/Experiment with utility data leak/utility results/1. Cancer/TRTR_TSTR_results_cancer.xlsx,utility,0.1142857142857142,,0.0,100.0
1. Cancer,CTABGAN,,0.0,Accuracy,0.9666666666666666,AdaBoost,,Utility,TRTR,0.9666666666666666,0.01022974016639526,classification,Generators/Experiment with utility data leak/utility results/1. Cancer/TRTR_TSTR_results_cancer.xlsx,utility,0.9666666666666666,,0.0,100.0
1. Cancer,CTABGAN,,0.0,Accuracy,0.9017543859649122,AdaBoost,,Utility,TSTR,0.9017543859649122,0.01953601530817553,classification,Generators/Experiment with utility data leak/utility results/1. Cancer/TRTR_TSTR_results_cancer.xlsx,utility,0.9017543859649122,,0.0,100.0
1. Cancer,CTABGAN,,0.0,Accuracy_Gap,0.9017543859649122,AdaBoost,,Utility,Gap,0.06491228070175437,0.01953601530817553,classification,Generators/Experiment with utility data leak/utility results/1. Cancer/TRTR_TSTR_results_cancer.xlsx,utility,0.06491228070175437,,0.0,100.0
1. Cancer,CTABGAN,,0.0,F1,0.9537824074424763,AdaBoost,,Utility,TRTR,0.9537824074424763,0.01443243582836966,classification,Generators/Experiment with utility data leak/utility results/1. Cancer/TRTR_TSTR_results_cancer.xlsx,utility,0.9537824074424763,,0.0,100.0
1. Cancer,CTABGAN,,0.0,F1,0.855874530926555,AdaBoost,,Utility,TSTR,0.855874530926555,0.03178999432699447,classification,Generators/Experiment with utility data leak/utility results/1. Cancer/TRTR_TSTR_results_cancer.xlsx,utility,0.855874530926555,,0.0,100.0
1. Cancer,CTABGAN,,0.0,F1_Gap,0.855874530926555,AdaBoost,,Utility,Gap,0.09790787651592137,0.03178999432699447,classification,Generators/Experiment with utility data leak/utility results/1. Cancer/TRTR_TSTR_results_cancer.xlsx,utility,0.09790787651592137,,0.0,100.0
1. Cancer,CTABGAN,,0.0,Precision,0.9735489892977129,AdaBoost,,Utility,TRTR,0.9735489892977129,0.02210918228480495,classification,Generators/Experiment with utility data leak/utility results/1. Cancer/TRTR_TSTR_results_cancer.xlsx,utility,0.9735489892977129,,0.0,100.0
1. Cancer,CTABGAN,,0.0,Precision,0.9260588300235681,AdaBoost,,Utility,TSTR,0.9260588300235681,0.02213408798097265,classification,Generators/Experiment with utility data leak/utility results/1. Cancer/TRTR_TSTR_results_cancer.xlsx,utility,0.9260588300235681,,0.0,100.0
1. Cancer,CTABGAN,,0.0,Precision_Gap,0.9260588300235681,AdaBoost,,Utility,Gap,0.047490159274144794,0.02213408798097265,classification,Generators/Experiment with utility data leak/utility results/1. Cancer/TRTR_TSTR_results_cancer.xlsx,utility,0.047490159274144794,,0.0,100.0
1. Cancer,CTABGAN,,0.0,Recall,0.9357142857142857,AdaBoost,,Utility,TRTR,0.9357142857142857,0.02827224306437598,classification,Generators/Experiment with utility data leak/utility results/1. Cancer/TRTR_TSTR_results_cancer.xlsx,utility,0.9357142857142857,,0.0,100.0
1. Cancer,CTABGAN,,0.0,Recall,0.7976190476190477,AdaBoost,,Utility,TSTR,0.7976190476190477,0.05558389299966074,classification,Generators/Experiment with utility data leak/utility results/1. Cancer/TRTR_TSTR_results_cancer.xlsx,utility,0.7976190476190477,,0.0,100.0
1. Cancer,CTABGAN,,0.0,Recall_Gap,0.7976190476190477,AdaBoost,,Utility,Gap,0.13809523809523805,0.05558389299966074,classification,Generators/Experiment with utility data leak/utility results/1. Cancer/TRTR_TSTR_results_cancer.xlsx,utility,0.13809523809523805,,0.0,100.0
1. Cancer,CTABGAN,,,Accuracy_Drop,,AdaBoost,,,Gap,0.06491228070175437,,classification,Generators/Experiment with utility data leak/utility results/1. Cancer/TRTR_TSTR_results_cancer.xlsx,utility,0.06491228070175437,,0.0,100.0
1. Cancer,CTABGAN,,,F1_Drop,,AdaBoost,,,Gap,0.09790787651592137,,classification,Generators/Experiment with utility data leak/utility results/1. Cancer/TRTR_TSTR_results_cancer.xlsx,utility,0.09790787651592137,,0.0,100.0
1. Cancer,CTABGAN,,,Precision_Drop,,AdaBoost,,,Gap,0.04749015927414479,,classification,Generators/Experiment with utility data leak/utility results/1. Cancer/TRTR_TSTR_results_cancer.xlsx,utility,0.04749015927414479,,0.0,100.0
1. Cancer,CTABGAN,,,Recall_Drop,,AdaBoost,,,Gap,0.138095238095238,,classification,Generators/Experiment with utility data leak/utility results/1. Cancer/TRTR_TSTR_results_cancer.xlsx,utility,0.138095238095238,,0.0,100.0
1. Cancer,CTABGAN,,0.0,Accuracy,0.9631578947368421,Gradient Boosting,,Utility,TRTR,0.9631578947368421,0.0203084857943688,classification,Generators/Experiment with utility data leak/utility results/1. Cancer/TRTR_TSTR_results_cancer.xlsx,utility,0.9631578947368421,,0.0,100.0
1. Cancer,CTABGAN,,0.0,Accuracy,0.8991228070175439,Gradient Boosting,,Utility,TSTR,0.8991228070175439,0.02609556979060266,classification,Generators/Experiment with utility data leak/utility results/1. Cancer/TRTR_TSTR_results_cancer.xlsx,utility,0.8991228070175439,,0.0,100.0
1. Cancer,CTABGAN,,0.0,Accuracy_Gap,0.8991228070175439,Gradient Boosting,,Utility,Gap,0.06403508771929822,0.02609556979060266,classification,Generators/Experiment with utility data leak/utility results/1. Cancer/TRTR_TSTR_results_cancer.xlsx,utility,0.06403508771929822,,0.0,100.0
1. Cancer,CTABGAN,,0.0,F1,0.9494212600983015,Gradient Boosting,,Utility,TRTR,0.9494212600983015,0.02779434087071402,classification,Generators/Experiment with utility data leak/utility results/1. Cancer/TRTR_TSTR_results_cancer.xlsx,utility,0.9494212600983015,,0.0,100.0
1. Cancer,CTABGAN,,0.0,F1,0.8522313061703468,Gradient Boosting,,Utility,TSTR,0.8522313061703468,0.03857736646535725,classification,Generators/Experiment with utility data leak/utility results/1. Cancer/TRTR_TSTR_results_cancer.xlsx,utility,0.8522313061703468,,0.0,100.0
1. Cancer,CTABGAN,,0.0,F1_Gap,0.8522313061703468,Gradient Boosting,,Utility,Gap,0.09718995392795471,0.03857736646535725,classification,Generators/Experiment with utility data leak/utility results/1. Cancer/TRTR_TSTR_results_cancer.xlsx,utility,0.09718995392795471,,0.0,100.0
1. Cancer,CTABGAN,,0.0,Precision,0.9620305430373497,Gradient Boosting,,Utility,TRTR,0.9620305430373497,0.0358379580625646,classification,Generators/Experiment with utility data leak/utility results/1. Cancer/TRTR_TSTR_results_cancer.xlsx,utility,0.9620305430373497,,0.0,100.0
1. Cancer,CTABGAN,,0.0,Precision,0.9271201677683877,Gradient Boosting,,Utility,TSTR,0.9271201677683877,0.05313421170876241,classification,Generators/Experiment with utility data leak/utility results/1. Cancer/TRTR_TSTR_results_cancer.xlsx,utility,0.9271201677683877,,0.0,100.0
1. Cancer,CTABGAN,,0.0,Precision_Gap,0.9271201677683877,Gradient Boosting,,Utility,Gap,0.03491037526896201,0.05313421170876241,classification,Generators/Experiment with utility data leak/utility results/1. Cancer/TRTR_TSTR_results_cancer.xlsx,utility,0.03491037526896201,,0.0,100.0
1. Cancer,CTABGAN,,0.0,Recall,0.938095238095238,Gradient Boosting,,Utility,TRTR,0.938095238095238,0.03400680204068023,classification,Generators/Experiment with utility data leak/utility results/1. Cancer/TRTR_TSTR_results_cancer.xlsx,utility,0.938095238095238,,0.0,100.0
1. Cancer,CTABGAN,,0.0,Recall,0.7904761904761904,Gradient Boosting,,Utility,TSTR,0.7904761904761904,0.04738035414793427,classification,Generators/Experiment with utility data leak/utility results/1. Cancer/TRTR_TSTR_results_cancer.xlsx,utility,0.7904761904761904,,0.0,100.0
1. Cancer,CTABGAN,,0.0,Recall_Gap,0.7904761904761904,Gradient Boosting,,Utility,Gap,0.14761904761904754,0.04738035414793427,classification,Generators/Experiment with utility data leak/utility results/1. Cancer/TRTR_TSTR_results_cancer.xlsx,utility,0.14761904761904754,,0.0,100.0
1. Cancer,CTABGAN,,,Accuracy_Drop,,Gradient Boosting,,,Gap,0.06403508771929822,,classification,Generators/Experiment with utility data leak/utility results/1. Cancer/TRTR_TSTR_results_cancer.xlsx,utility,0.06403508771929822,,0.0,100.0
1. Cancer,CTABGAN,,,F1_Drop,,Gradient Boosting,,,Gap,0.09718995392795471,,classification,Generators/Experiment with utility data leak/utility results/1. Cancer/TRTR_TSTR_results_cancer.xlsx,utility,0.09718995392795471,,0.0,100.0
1. Cancer,CTABGAN,,,Precision_Drop,,Gradient Boosting,,,Gap,0.03491037526896201,,classification,Generators/Experiment with utility data leak/utility results/1. Cancer/TRTR_TSTR_results_cancer.xlsx,utility,0.03491037526896201,,0.0,100.0
1. Cancer,CTABGAN,,,Recall_Drop,,Gradient Boosting,,,Gap,0.1476190476190475,,classification,Generators/Experiment with utility data leak/utility results/1. Cancer/TRTR_TSTR_results_cancer.xlsx,utility,0.1476190476190475,,0.0,100.0
1. Cancer,CTABGAN,,0.0,Accuracy,0.962280701754386,KNN,,Utility,TRTR,0.962280701754386,0.01883413206454726,classification,Generators/Experiment with utility data leak/utility results/1. Cancer/TRTR_TSTR_results_cancer.xlsx,utility,0.962280701754386,,0.0,100.0
1. Cancer,CTABGAN,,0.0,Accuracy,0.8938596491228072,KNN,,Utility,TSTR,0.8938596491228072,0.01939767051534734,classification,Generators/Experiment with utility data leak/utility results/1. Cancer/TRTR_TSTR_results_cancer.xlsx,utility,0.8938596491228072,,0.0,100.0
1. Cancer,CTABGAN,,0.0,Accuracy_Gap,0.8938596491228072,KNN,,Utility,Gap,0.06842105263157872,0.01939767051534734,classification,Generators/Experiment with utility data leak/utility results/1. Cancer/TRTR_TSTR_results_cancer.xlsx,utility,0.06842105263157872,,0.0,100.0
1. Cancer,CTABGAN,,0.0,F1,0.947074373024434,KNN,,Utility,TRTR,0.947074373024434,0.02672761688789936,classification,Generators/Experiment with utility data leak/utility results/1. Cancer/TRTR_TSTR_results_cancer.xlsx,utility,0.947074373024434,,0.0,100.0
1. Cancer,CTABGAN,,0.0,F1,0.8454105927840614,KNN,,Utility,TSTR,0.8454105927840614,0.0277253445241511,classification,Generators/Experiment with utility data leak/utility results/1. Cancer/TRTR_TSTR_results_cancer.xlsx,utility,0.8454105927840614,,0.0,100.0
1. Cancer,CTABGAN,,0.0,F1_Gap,0.8454105927840614,KNN,,Utility,Gap,0.10166378024037259,0.0277253445241511,classification,Generators/Experiment with utility data leak/utility results/1. Cancer/TRTR_TSTR_results_cancer.xlsx,utility,0.10166378024037259,,0.0,100.0
1. Cancer,CTABGAN,,0.0,Precision,0.9751404010156286,KNN,,Utility,TRTR,0.9751404010156286,0.02459125532957641,classification,Generators/Experiment with utility data leak/utility results/1. Cancer/TRTR_TSTR_results_cancer.xlsx,utility,0.9751404010156286,,0.0,100.0
1. Cancer,CTABGAN,,0.0,Precision,0.9156654475332268,KNN,,Utility,TSTR,0.9156654475332268,0.0527838012277689,classification,Generators/Experiment with utility data leak/utility results/1. Cancer/TRTR_TSTR_results_cancer.xlsx,utility,0.9156654475332268,,0.0,100.0
1. Cancer,CTABGAN,,0.0,Precision_Gap,0.9156654475332268,KNN,,Utility,Gap,0.05947495348240184,0.0527838012277689,classification,Generators/Experiment with utility data leak/utility results/1. Cancer/TRTR_TSTR_results_cancer.xlsx,utility,0.05947495348240184,,0.0,100.0
1. Cancer,CTABGAN,,0.0,Recall,0.9214285714285715,KNN,,Utility,TRTR,0.9214285714285715,0.03991203479581002,classification,Generators/Experiment with utility data leak/utility results/1. Cancer/TRTR_TSTR_results_cancer.xlsx,utility,0.9214285714285715,,0.0,100.0
1. Cancer,CTABGAN,,0.0,Recall,0.7880952380952381,KNN,,Utility,TSTR,0.7880952380952381,0.04185332340773083,classification,Generators/Experiment with utility data leak/utility results/1. Cancer/TRTR_TSTR_results_cancer.xlsx,utility,0.7880952380952381,,0.0,100.0
1. Cancer,CTABGAN,,0.0,Recall_Gap,0.7880952380952381,KNN,,Utility,Gap,0.13333333333333341,0.04185332340773083,classification,Generators/Experiment with utility data leak/utility results/1. Cancer/TRTR_TSTR_results_cancer.xlsx,utility,0.13333333333333341,,0.0,100.0
1. Cancer,CTABGAN,,,Accuracy_Drop,,KNN,,,Gap,0.06842105263157872,,classification,Generators/Experiment with utility data leak/utility results/1. Cancer/TRTR_TSTR_results_cancer.xlsx,utility,0.06842105263157872,,0.0,100.0
1. Cancer,CTABGAN,,,F1_Drop,,KNN,,,Gap,0.1016637802403726,,classification,Generators/Experiment with utility data leak/utility results/1. Cancer/TRTR_TSTR_results_cancer.xlsx,utility,0.1016637802403726,,0.0,100.0
1. Cancer,CTABGAN,,,Precision_Drop,,KNN,,,Gap,0.05947495348240184,,classification,Generators/Experiment with utility data leak/utility results/1. Cancer/TRTR_TSTR_results_cancer.xlsx,utility,0.05947495348240184,,0.0,100.0
1. Cancer,CTABGAN,,,Recall_Drop,,KNN,,,Gap,0.1333333333333334,,classification,Generators/Experiment with utility data leak/utility results/1. Cancer/TRTR_TSTR_results_cancer.xlsx,utility,0.1333333333333334,,0.0,100.0
1. Cancer,CTABGAN,,0.0,Accuracy,0.962280701754386,Random Forest,,Utility,TRTR,0.962280701754386,0.0136176971019825,classification,Generators/Experiment with utility data leak/utility results/1. Cancer/TRTR_TSTR_results_cancer.xlsx,utility,0.962280701754386,,0.0,100.0
1. Cancer,CTABGAN,,0.0,Accuracy,0.9052631578947368,Random Forest,,Utility,TSTR,0.9052631578947368,0.02280701754385965,classification,Generators/Experiment with utility data leak/utility results/1. Cancer/TRTR_TSTR_results_cancer.xlsx,utility,0.9052631578947368,,0.0,100.0
1. Cancer,CTABGAN,,0.0,Accuracy_Gap,0.9052631578947368,Random Forest,,Utility,Gap,0.05701754385964919,0.02280701754385965,classification,Generators/Experiment with utility data leak/utility results/1. Cancer/TRTR_TSTR_results_cancer.xlsx,utility,0.05701754385964919,,0.0,100.0
1. Cancer,CTABGAN,,0.0,F1,0.9482304799188631,Random Forest,,Utility,TRTR,0.9482304799188631,0.01843776018375915,classification,Generators/Experiment with utility data leak/utility results/1. Cancer/TRTR_TSTR_results_cancer.xlsx,utility,0.9482304799188631,,0.0,100.0
1. Cancer,CTABGAN,,0.0,F1,0.8640459619422799,Random Forest,,Utility,TSTR,0.8640459619422799,0.03145715180130354,classification,Generators/Experiment with utility data leak/utility results/1. Cancer/TRTR_TSTR_results_cancer.xlsx,utility,0.8640459619422799,,0.0,100.0
1. Cancer,CTABGAN,,0.0,F1_Gap,0.8640459619422799,Random Forest,,Utility,Gap,0.08418451797658322,0.03145715180130354,classification,Generators/Experiment with utility data leak/utility results/1. Cancer/TRTR_TSTR_results_cancer.xlsx,utility,0.08418451797658322,,0.0,100.0
1. Cancer,CTABGAN,,0.0,Precision,0.9617923931806518,Random Forest,,Utility,TRTR,0.9617923931806518,0.02967466301692189,classification,Generators/Experiment with utility data leak/utility results/1. Cancer/TRTR_TSTR_results_cancer.xlsx,utility,0.9617923931806518,,0.0,100.0
1. Cancer,CTABGAN,,0.0,Precision,0.9206922625825065,Random Forest,,Utility,TSTR,0.9206922625825065,0.05312039008380935,classification,Generators/Experiment with utility data leak/utility results/1. Cancer/TRTR_TSTR_results_cancer.xlsx,utility,0.9206922625825065,,0.0,100.0
1. Cancer,CTABGAN,,0.0,Precision_Gap,0.9206922625825065,Random Forest,,Utility,Gap,0.041100130598145324,0.05312039008380935,classification,Generators/Experiment with utility data leak/utility results/1. Cancer/TRTR_TSTR_results_cancer.xlsx,utility,0.041100130598145324,,0.0,100.0
1. Cancer,CTABGAN,,0.0,Recall,0.9357142857142857,Random Forest,,Utility,TRTR,0.9357142857142857,0.0214285714285714,classification,Generators/Experiment with utility data leak/utility results/1. Cancer/TRTR_TSTR_results_cancer.xlsx,utility,0.9357142857142857,,0.0,100.0
1. Cancer,CTABGAN,,0.0,Recall,0.8166666666666667,Random Forest,,Utility,TSTR,0.8166666666666667,0.04265826873135455,classification,Generators/Experiment with utility data leak/utility results/1. Cancer/TRTR_TSTR_results_cancer.xlsx,utility,0.8166666666666667,,0.0,100.0
1. Cancer,CTABGAN,,0.0,Recall_Gap,0.8166666666666667,Random Forest,,Utility,Gap,0.11904761904761907,0.04265826873135455,classification,Generators/Experiment with utility data leak/utility results/1. Cancer/TRTR_TSTR_results_cancer.xlsx,utility,0.11904761904761907,,0.0,100.0
1. Cancer,CTABGAN,,,Accuracy_Drop,,Random Forest,,,Gap,0.05701754385964919,,classification,Generators/Experiment with utility data leak/utility results/1. Cancer/TRTR_TSTR_results_cancer.xlsx,utility,0.05701754385964919,,0.0,100.0
1. Cancer,CTABGAN,,,F1_Drop,,Random Forest,,,Gap,0.08418451797658322,,classification,Generators/Experiment with utility data leak/utility results/1. Cancer/TRTR_TSTR_results_cancer.xlsx,utility,0.08418451797658322,,0.0,100.0
1. Cancer,CTABGAN,,,Precision_Drop,,Random Forest,,,Gap,0.04110013059814532,,classification,Generators/Experiment with utility data leak/utility results/1. Cancer/TRTR_TSTR_results_cancer.xlsx,utility,0.04110013059814532,,0.0,100.0
1. Cancer,CTABGAN,,,Recall_Drop,,Random Forest,,,Gap,0.1190476190476191,,classification,Generators/Experiment with utility data leak/utility results/1. Cancer/TRTR_TSTR_results_cancer.xlsx,utility,0.1190476190476191,,0.0,100.0
1. Cancer,CTABGAN,,0.0,Accuracy,0.9350877192982457,Decision Tree,,Utility,TRTR,0.9350877192982457,0.02045948033279054,classification,Generators/Experiment with utility data leak/utility results/1. Cancer/TRTR_TSTR_results_cancer.xlsx,utility,0.9350877192982457,,0.0,100.0
1. Cancer,CTABGAN,,0.0,Accuracy,0.7578947368421052,Decision Tree,,Utility,TSTR,0.7578947368421052,0.04336563892739744,classification,Generators/Experiment with utility data leak/utility results/1. Cancer/TRTR_TSTR_results_cancer.xlsx,utility,0.7578947368421052,,0.0,100.0
1. Cancer,CTABGAN,,0.0,Accuracy_Gap,0.7578947368421052,Decision Tree,,Utility,Gap,0.17719298245614057,0.04336563892739744,classification,Generators/Experiment with utility data leak/utility results/1. Cancer/TRTR_TSTR_results_cancer.xlsx,utility,0.17719298245614057,,0.0,100.0
1. Cancer,CTABGAN,,0.0,F1,0.9122461606275634,Decision Tree,,Utility,TRTR,0.9122461606275634,0.02771502846045041,classification,Generators/Experiment with utility data leak/utility results/1. Cancer/TRTR_TSTR_results_cancer.xlsx,utility,0.9122461606275634,,0.0,100.0
1. Cancer,CTABGAN,,0.0,F1,0.6693514026531157,Decision Tree,,Utility,TSTR,0.6693514026531157,0.05402161785621416,classification,Generators/Experiment with utility data leak/utility results/1. Cancer/TRTR_TSTR_results_cancer.xlsx,utility,0.6693514026531157,,0.0,100.0
1. Cancer,CTABGAN,,0.0,F1_Gap,0.6693514026531157,Decision Tree,,Utility,Gap,0.2428947579744477,0.05402161785621416,classification,Generators/Experiment with utility data leak/utility results/1. Cancer/TRTR_TSTR_results_cancer.xlsx,utility,0.2428947579744477,,0.0,100.0
1. Cancer,CTABGAN,,0.0,Precision,0.9096981560397401,Decision Tree,,Utility,TRTR,0.9096981560397401,0.03732307542896939,classification,Generators/Experiment with utility data leak/utility results/1. Cancer/TRTR_TSTR_results_cancer.xlsx,utility,0.9096981560397401,,0.0,100.0
1. Cancer,CTABGAN,,0.0,Precision,0.6794508269659855,Decision Tree,,Utility,TSTR,0.6794508269659855,0.07365746202200889,classification,Generators/Experiment with utility data leak/utility results/1. Cancer/TRTR_TSTR_results_cancer.xlsx,utility,0.6794508269659855,,0.0,100.0
1. Cancer,CTABGAN,,0.0,Precision_Gap,0.6794508269659855,Decision Tree,,Utility,Gap,0.23024732907375467,0.07365746202200889,classification,Generators/Experiment with utility data leak/utility results/1. Cancer/TRTR_TSTR_results_cancer.xlsx,utility,0.23024732907375467,,0.0,100.0
1. Cancer,CTABGAN,,0.0,Recall,0.9166666666666666,Decision Tree,,Utility,TRTR,0.9166666666666666,0.04158154570612613,classification,Generators/Experiment with utility data leak/utility results/1. Cancer/TRTR_TSTR_results_cancer.xlsx,utility,0.9166666666666666,,0.0,100.0
1. Cancer,CTABGAN,,0.0,Recall,0.6642857142857144,Decision Tree,,Utility,TSTR,0.6642857142857144,0.0642857142857143,classification,Generators/Experiment with utility data leak/utility results/1. Cancer/TRTR_TSTR_results_cancer.xlsx,utility,0.6642857142857144,,0.0,100.0
1. Cancer,CTABGAN,,0.0,Recall_Gap,0.6642857142857144,Decision Tree,,Utility,Gap,0.25238095238095226,0.0642857142857143,classification,Generators/Experiment with utility data leak/utility results/1. Cancer/TRTR_TSTR_results_cancer.xlsx,utility,0.25238095238095226,,0.0,100.0
1. Cancer,CTABGAN,,,Accuracy_Drop,,Decision Tree,,,Gap,0.1771929824561406,,classification,Generators/Experiment with utility data leak/utility results/1. Cancer/TRTR_TSTR_results_cancer.xlsx,utility,0.1771929824561406,,0.0,100.0
1. Cancer,CTABGAN,,,F1_Drop,,Decision Tree,,,Gap,0.2428947579744477,,classification,Generators/Experiment with utility data leak/utility results/1. Cancer/TRTR_TSTR_results_cancer.xlsx,utility,0.2428947579744477,,0.0,100.0
1. Cancer,CTABGAN,,,Precision_Drop,,Decision Tree,,,Gap,0.2302473290737547,,classification,Generators/Experiment with utility data leak/utility results/1. Cancer/TRTR_TSTR_results_cancer.xlsx,utility,0.2302473290737547,,0.0,100.0
1. Cancer,CTABGAN,,,Recall_Drop,,Decision Tree,,,Gap,0.2523809523809523,,classification,Generators/Experiment with utility data leak/utility results/1. Cancer/TRTR_TSTR_results_cancer.xlsx,utility,0.2523809523809523,,0.0,100.0
1. Cancer,CTABGAN,,0.0,Accuracy,0.9324561403508772,Naive Bayes,,Utility,TRTR,0.9324561403508772,0.02322491630679601,classification,Generators/Experiment with utility data leak/utility results/1. Cancer/TRTR_TSTR_results_cancer.xlsx,utility,0.9324561403508772,,0.0,100.0
1. Cancer,CTABGAN,,0.0,Accuracy,0.8903508771929826,Naive Bayes,,Utility,TSTR,0.8903508771929826,0.01931817153118003,classification,Generators/Experiment with utility data leak/utility results/1. Cancer/TRTR_TSTR_results_cancer.xlsx,utility,0.8903508771929826,,0.0,100.0
1. Cancer,CTABGAN,,0.0,Accuracy_Gap,0.8903508771929826,Naive Bayes,,Utility,Gap,0.042105263157894646,0.01931817153118003,classification,Generators/Experiment with utility data leak/utility results/1. Cancer/TRTR_TSTR_results_cancer.xlsx,utility,0.042105263157894646,,0.0,100.0
1. Cancer,CTABGAN,,0.0,F1,0.9055642341410918,Naive Bayes,,Utility,TRTR,0.9055642341410918,0.0327534076549362,classification,Generators/Experiment with utility data leak/utility results/1. Cancer/TRTR_TSTR_results_cancer.xlsx,utility,0.9055642341410918,,0.0,100.0
1. Cancer,CTABGAN,,0.0,F1,0.8385081659348002,Naive Bayes,,Utility,TSTR,0.8385081659348002,0.03058070449053411,classification,Generators/Experiment with utility data leak/utility results/1. Cancer/TRTR_TSTR_results_cancer.xlsx,utility,0.8385081659348002,,0.0,100.0
1. Cancer,CTABGAN,,0.0,F1_Gap,0.8385081659348002,Naive Bayes,,Utility,Gap,0.06705606820629162,0.03058070449053411,classification,Generators/Experiment with utility data leak/utility results/1. Cancer/TRTR_TSTR_results_cancer.xlsx,utility,0.06705606820629162,,0.0,100.0
1. Cancer,CTABGAN,,0.0,Precision,0.931024002484766,Naive Bayes,,Utility,TRTR,0.931024002484766,0.03636585629143303,classification,Generators/Experiment with utility data leak/utility results/1. Cancer/TRTR_TSTR_results_cancer.xlsx,utility,0.931024002484766,,0.0,100.0
1. Cancer,CTABGAN,,0.0,Precision,0.9144546083013576,Naive Bayes,,Utility,TSTR,0.9144546083013576,0.03389474826699133,classification,Generators/Experiment with utility data leak/utility results/1. Cancer/TRTR_TSTR_results_cancer.xlsx,utility,0.9144546083013576,,0.0,100.0
1. Cancer,CTABGAN,,0.0,Precision_Gap,0.9144546083013576,Naive Bayes,,Utility,Gap,0.016569394183408415,0.03389474826699133,classification,Generators/Experiment with utility data leak/utility results/1. Cancer/TRTR_TSTR_results_cancer.xlsx,utility,0.016569394183408415,,0.0,100.0
1. Cancer,CTABGAN,,0.0,Recall,0.8833333333333332,Naive Bayes,,Utility,TRTR,0.8833333333333332,0.05156287578025646,classification,Generators/Experiment with utility data leak/utility results/1. Cancer/TRTR_TSTR_results_cancer.xlsx,utility,0.8833333333333332,,0.0,100.0
1. Cancer,CTABGAN,,0.0,Recall,0.7761904761904763,Naive Bayes,,Utility,TSTR,0.7761904761904763,0.04902681019517618,classification,Generators/Experiment with utility data leak/utility results/1. Cancer/TRTR_TSTR_results_cancer.xlsx,utility,0.7761904761904763,,0.0,100.0
1. Cancer,CTABGAN,,0.0,Recall_Gap,0.7761904761904763,Naive Bayes,,Utility,Gap,0.10714285714285687,0.04902681019517618,classification,Generators/Experiment with utility data leak/utility results/1. Cancer/TRTR_TSTR_results_cancer.xlsx,utility,0.10714285714285687,,0.0,100.0
1. Cancer,CTABGAN,,,Accuracy_Drop,,Naive Bayes,,,Gap,0.04210526315789465,,classification,Generators/Experiment with utility data leak/utility results/1. Cancer/TRTR_TSTR_results_cancer.xlsx,utility,0.04210526315789465,,0.0,100.0
1. Cancer,CTABGAN,,,F1_Drop,,Naive Bayes,,,Gap,0.06705606820629162,,classification,Generators/Experiment with utility data leak/utility results/1. Cancer/TRTR_TSTR_results_cancer.xlsx,utility,0.06705606820629162,,0.0,100.0
1. Cancer,CTABGAN,,,Precision_Drop,,Naive Bayes,,,Gap,0.01656939418340841,,classification,Generators/Experiment with utility data leak/utility results/1. Cancer/TRTR_TSTR_results_cancer.xlsx,utility,0.01656939418340841,,0.0,100.0
1. Cancer,CTABGAN,,,Recall_Drop,,Naive Bayes,,,Gap,0.1071428571428569,,classification,Generators/Experiment with utility data leak/utility results/1. Cancer/TRTR_TSTR_results_cancer.xlsx,utility,0.1071428571428569,,0.0,100.0
1. Cancer,TabDDPM,,0.0,Accuracy,0.9789473684210526,Logistic Regression,,Utility,TRTR,0.9789473684210526,0.009768007654087744,classification,Generators/Experiment with utility data leak/utility results/1. Cancer/TRTR_TSTR_results_cancer.xlsx,utility,0.9789473684210526,,0.0,100.0
1. Cancer,TabDDPM,,0.0,Accuracy,0.5956140350877193,Logistic Regression,,Utility,TSTR,0.5956140350877193,0.04763569818380865,classification,Generators/Experiment with utility data leak/utility results/1. Cancer/TRTR_TSTR_results_cancer.xlsx,utility,0.5956140350877193,,0.0,100.0
1. Cancer,TabDDPM,,0.0,Accuracy_Gap,0.5956140350877193,Logistic Regression,,Utility,Gap,0.3833333333333333,0.04763569818380865,classification,Generators/Experiment with utility data leak/utility results/1. Cancer/TRTR_TSTR_results_cancer.xlsx,utility,0.3833333333333333,,0.0,100.0
1. Cancer,TabDDPM,,0.0,F1,0.9707868770215718,Logistic Regression,,Utility,TRTR,0.9707868770215718,0.0137941861874265,classification,Generators/Experiment with utility data leak/utility results/1. Cancer/TRTR_TSTR_results_cancer.xlsx,utility,0.9707868770215718,,0.0,100.0
1. Cancer,TabDDPM,,0.0,F1,0.07235487276950692,Logistic Regression,,Utility,TSTR,0.07235487276950692,0.09160836434303316,classification,Generators/Experiment with utility data leak/utility results/1. Cancer/TRTR_TSTR_results_cancer.xlsx,utility,0.07235487276950692,,0.0,100.0
1. Cancer,TabDDPM,,0.0,F1_Gap,0.07235487276950692,Logistic Regression,,Utility,Gap,0.8984320042520649,0.09160836434303316,classification,Generators/Experiment with utility data leak/utility results/1. Cancer/TRTR_TSTR_results_cancer.xlsx,utility,0.8984320042520649,,0.0,100.0
1. Cancer,TabDDPM,,0.0,Precision,0.9901768962744573,Logistic Regression,,Utility,TRTR,0.9901768962744573,0.01203823054760635,classification,Generators/Experiment with utility data leak/utility results/1. Cancer/TRTR_TSTR_results_cancer.xlsx,utility,0.9901768962744573,,0.0,100.0
1. Cancer,TabDDPM,,0.0,Precision,0.2006043956043956,Logistic Regression,,Utility,TSTR,0.2006043956043956,0.2141647391838054,classification,Generators/Experiment with utility data leak/utility results/1. Cancer/TRTR_TSTR_results_cancer.xlsx,utility,0.2006043956043956,,0.0,100.0
1. Cancer,TabDDPM,,0.0,Precision_Gap,0.2006043956043956,Logistic Regression,,Utility,Gap,0.7895725006700617,0.2141647391838054,classification,Generators/Experiment with utility data leak/utility results/1. Cancer/TRTR_TSTR_results_cancer.xlsx,utility,0.7895725006700617,,0.0,100.0
1. Cancer,TabDDPM,,0.0,Recall,0.9523809523809523,Logistic Regression,,Utility,TRTR,0.9523809523809523,0.02129588549999798,classification,Generators/Experiment with utility data leak/utility results/1. Cancer/TRTR_TSTR_results_cancer.xlsx,utility,0.9523809523809523,,0.0,100.0
1. Cancer,TabDDPM,,0.0,Recall,0.05476190476190475,Logistic Regression,,Utility,TSTR,0.05476190476190475,0.08454895668840334,classification,Generators/Experiment with utility data leak/utility results/1. Cancer/TRTR_TSTR_results_cancer.xlsx,utility,0.05476190476190475,,0.0,100.0
1. Cancer,TabDDPM,,0.0,Recall_Gap,0.05476190476190475,Logistic Regression,,Utility,Gap,0.8976190476190475,0.08454895668840334,classification,Generators/Experiment with utility data leak/utility results/1. Cancer/TRTR_TSTR_results_cancer.xlsx,utility,0.8976190476190475,,0.0,100.0
1. Cancer,TabDDPM,,,Accuracy_Drop,,Logistic Regression,,,Gap,0.3833333333333333,,classification,Generators/Experiment with utility data leak/utility results/1. Cancer/TRTR_TSTR_results_cancer.xlsx,utility,0.3833333333333333,,0.0,100.0
1. Cancer,TabDDPM,,,F1_Drop,,Logistic Regression,,,Gap,0.8984320042520649,,classification,Generators/Experiment with utility data leak/utility results/1. Cancer/TRTR_TSTR_results_cancer.xlsx,utility,0.8984320042520649,,0.0,100.0
1. Cancer,TabDDPM,,,Precision_Drop,,Logistic Regression,,,Gap,0.7895725006700617,,classification,Generators/Experiment with utility data leak/utility results/1. Cancer/TRTR_TSTR_results_cancer.xlsx,utility,0.7895725006700617,,0.0,100.0
1. Cancer,TabDDPM,,,Recall_Drop,,Logistic Regression,,,Gap,0.8976190476190475,,classification,Generators/Experiment with utility data leak/utility results/1. Cancer/TRTR_TSTR_results_cancer.xlsx,utility,0.8976190476190475,,0.0,100.0
1. Cancer,TabDDPM,,0.0,Accuracy,0.974561403508772,MLP,,Utility,TRTR,0.974561403508772,0.01327433855300136,classification,Generators/Experiment with utility data leak/utility results/1. Cancer/TRTR_TSTR_results_cancer.xlsx,utility,0.974561403508772,,0.0,100.0
1. Cancer,TabDDPM,,0.0,Accuracy,0.5807017543859649,MLP,,Utility,TSTR,0.5807017543859649,0.07543859649122807,classification,Generators/Experiment with utility data leak/utility results/1. Cancer/TRTR_TSTR_results_cancer.xlsx,utility,0.5807017543859649,,0.0,100.0
1. Cancer,TabDDPM,,0.0,Accuracy_Gap,0.5807017543859649,MLP,,Utility,Gap,0.393859649122807,0.07543859649122807,classification,Generators/Experiment with utility data leak/utility results/1. Cancer/TRTR_TSTR_results_cancer.xlsx,utility,0.393859649122807,,0.0,100.0
1. Cancer,TabDDPM,,0.0,F1,0.9646057122906845,MLP,,Utility,TRTR,0.9646057122906845,0.01869298955577862,classification,Generators/Experiment with utility data leak/utility results/1. Cancer/TRTR_TSTR_results_cancer.xlsx,utility,0.9646057122906845,,0.0,100.0
1. Cancer,TabDDPM,,0.0,F1,0.4870985941359292,MLP,,Utility,TSTR,0.4870985941359292,0.09247521153136762,classification,Generators/Experiment with utility data leak/utility results/1. Cancer/TRTR_TSTR_results_cancer.xlsx,utility,0.4870985941359292,,0.0,100.0
1. Cancer,TabDDPM,,0.0,F1_Gap,0.4870985941359292,MLP,,Utility,Gap,0.4775071181547553,0.09247521153136762,classification,Generators/Experiment with utility data leak/utility results/1. Cancer/TRTR_TSTR_results_cancer.xlsx,utility,0.4775071181547553,,0.0,100.0
1. Cancer,TabDDPM,,0.0,Precision,0.985467661474468,MLP,,Utility,TRTR,0.985467661474468,0.0191919907367019,classification,Generators/Experiment with utility data leak/utility results/1. Cancer/TRTR_TSTR_results_cancer.xlsx,utility,0.985467661474468,,0.0,100.0
1. Cancer,TabDDPM,,0.0,Precision,0.4808717666768089,MLP,,Utility,TSTR,0.4808717666768089,0.1091607732246943,classification,Generators/Experiment with utility data leak/utility results/1. Cancer/TRTR_TSTR_results_cancer.xlsx,utility,0.4808717666768089,,0.0,100.0
1. Cancer,TabDDPM,,0.0,Precision_Gap,0.4808717666768089,MLP,,Utility,Gap,0.504595894797659,0.1091607732246943,classification,Generators/Experiment with utility data leak/utility results/1. Cancer/TRTR_TSTR_results_cancer.xlsx,utility,0.504595894797659,,0.0,100.0
1. Cancer,TabDDPM,,0.0,Recall,0.9452380952380952,MLP,,Utility,TRTR,0.9452380952380952,0.03021089890583217,classification,Generators/Experiment with utility data leak/utility results/1. Cancer/TRTR_TSTR_results_cancer.xlsx,utility,0.9452380952380952,,0.0,100.0
1. Cancer,TabDDPM,,0.0,Recall,0.5809523809523809,MLP,,Utility,TSTR,0.5809523809523809,0.2274276940239915,classification,Generators/Experiment with utility data leak/utility results/1. Cancer/TRTR_TSTR_results_cancer.xlsx,utility,0.5809523809523809,,0.0,100.0
1. Cancer,TabDDPM,,0.0,Recall_Gap,0.5809523809523809,MLP,,Utility,Gap,0.3642857142857143,0.2274276940239915,classification,Generators/Experiment with utility data leak/utility results/1. Cancer/TRTR_TSTR_results_cancer.xlsx,utility,0.3642857142857143,,0.0,100.0
1. Cancer,TabDDPM,,,Accuracy_Drop,,MLP,,,Gap,0.393859649122807,,classification,Generators/Experiment with utility data leak/utility results/1. Cancer/TRTR_TSTR_results_cancer.xlsx,utility,0.393859649122807,,0.0,100.0
1. Cancer,TabDDPM,,,F1_Drop,,MLP,,,Gap,0.4775071181547553,,classification,Generators/Experiment with utility data leak/utility results/1. Cancer/TRTR_TSTR_results_cancer.xlsx,utility,0.4775071181547553,,0.0,100.0
1. Cancer,TabDDPM,,,Precision_Drop,,MLP,,,Gap,0.5045958947976591,,classification,Generators/Experiment with utility data leak/utility results/1. Cancer/TRTR_TSTR_results_cancer.xlsx,utility,0.5045958947976591,,0.0,100.0
1. Cancer,TabDDPM,,,Recall_Drop,,MLP,,,Gap,0.3642857142857143,,classification,Generators/Experiment with utility data leak/utility results/1. Cancer/TRTR_TSTR_results_cancer.xlsx,utility,0.3642857142857143,,0.0,100.0
1. Cancer,TabDDPM,,0.0,Accuracy,0.9701754385964912,Extra Trees,,Utility,TRTR,0.9701754385964912,0.01189882453179872,classification,Generators/Experiment with utility data leak/utility results/1. Cancer/TRTR_TSTR_results_cancer.xlsx,utility,0.9701754385964912,,0.0,100.0
1. Cancer,TabDDPM,,0.0,Accuracy,0.5026315789473684,Extra Trees,,Utility,TSTR,0.5026315789473684,0.07992089810451299,classification,Generators/Experiment with utility data leak/utility results/1. Cancer/TRTR_TSTR_results_cancer.xlsx,utility,0.5026315789473684,,0.0,100.0
1. Cancer,TabDDPM,,0.0,Accuracy_Gap,0.5026315789473684,Extra Trees,,Utility,Gap,0.4675438596491228,0.07992089810451299,classification,Generators/Experiment with utility data leak/utility results/1. Cancer/TRTR_TSTR_results_cancer.xlsx,utility,0.4675438596491228,,0.0,100.0
1. Cancer,TabDDPM,,0.0,F1,0.9589899381997989,Extra Trees,,Utility,TRTR,0.9589899381997989,0.01652286372603384,classification,Generators/Experiment with utility data leak/utility results/1. Cancer/TRTR_TSTR_results_cancer.xlsx,utility,0.9589899381997989,,0.0,100.0
1. Cancer,TabDDPM,,0.0,F1,0.4512099551952097,Extra Trees,,Utility,TSTR,0.4512099551952097,0.2279319776590833,classification,Generators/Experiment with utility data leak/utility results/1. Cancer/TRTR_TSTR_results_cancer.xlsx,utility,0.4512099551952097,,0.0,100.0
1. Cancer,TabDDPM,,0.0,F1_Gap,0.4512099551952097,Extra Trees,,Utility,Gap,0.5077799830045893,0.2279319776590833,classification,Generators/Experiment with utility data leak/utility results/1. Cancer/TRTR_TSTR_results_cancer.xlsx,utility,0.5077799830045893,,0.0,100.0
1. Cancer,TabDDPM,,0.0,Precision,0.971542217000243,Extra Trees,,Utility,TRTR,0.971542217000243,0.02506278422086412,classification,Generators/Experiment with utility data leak/utility results/1. Cancer/TRTR_TSTR_results_cancer.xlsx,utility,0.971542217000243,,0.0,100.0
1. Cancer,TabDDPM,,0.0,Precision,0.3243782235690841,Extra Trees,,Utility,TSTR,0.3243782235690841,0.1642406833448471,classification,Generators/Experiment with utility data leak/utility results/1. Cancer/TRTR_TSTR_results_cancer.xlsx,utility,0.3243782235690841,,0.0,100.0
1. Cancer,TabDDPM,,0.0,Precision_Gap,0.3243782235690841,Extra Trees,,Utility,Gap,0.6471639934311589,0.1642406833448471,classification,Generators/Experiment with utility data leak/utility results/1. Cancer/TRTR_TSTR_results_cancer.xlsx,utility,0.6471639934311589,,0.0,100.0
1. Cancer,TabDDPM,,0.0,Recall,0.9476190476190476,Extra Trees,,Utility,TRTR,0.9476190476190476,0.02776643759450141,classification,Generators/Experiment with utility data leak/utility results/1. Cancer/TRTR_TSTR_results_cancer.xlsx,utility,0.9476190476190476,,0.0,100.0
1. Cancer,TabDDPM,,0.0,Recall,0.7428571428571429,Extra Trees,,Utility,TSTR,0.7428571428571429,0.3756777699679242,classification,Generators/Experiment with utility data leak/utility results/1. Cancer/TRTR_TSTR_results_cancer.xlsx,utility,0.7428571428571429,,0.0,100.0
1. Cancer,TabDDPM,,0.0,Recall_Gap,0.7428571428571429,Extra Trees,,Utility,Gap,0.2047619047619047,0.3756777699679242,classification,Generators/Experiment with utility data leak/utility results/1. Cancer/TRTR_TSTR_results_cancer.xlsx,utility,0.2047619047619047,,0.0,100.0
1. Cancer,TabDDPM,,,Accuracy_Drop,,Extra Trees,,,Gap,0.4675438596491228,,classification,Generators/Experiment with utility data leak/utility results/1. Cancer/TRTR_TSTR_results_cancer.xlsx,utility,0.4675438596491228,,0.0,100.0
1. Cancer,TabDDPM,,,F1_Drop,,Extra Trees,,,Gap,0.5077799830045893,,classification,Generators/Experiment with utility data leak/utility results/1. Cancer/TRTR_TSTR_results_cancer.xlsx,utility,0.5077799830045893,,0.0,100.0
1. Cancer,TabDDPM,,,Precision_Drop,,Extra Trees,,,Gap,0.6471639934311589,,classification,Generators/Experiment with utility data leak/utility results/1. Cancer/TRTR_TSTR_results_cancer.xlsx,utility,0.6471639934311589,,0.0,100.0
1. Cancer,TabDDPM,,,Recall_Drop,,Extra Trees,,,Gap,0.2047619047619047,,classification,Generators/Experiment with utility data leak/utility results/1. Cancer/TRTR_TSTR_results_cancer.xlsx,utility,0.2047619047619047,,0.0,100.0
1. Cancer,TabDDPM,,0.0,Accuracy,0.968421052631579,SVM-RBF,,Utility,TRTR,0.968421052631579,0.01806250901927543,classification,Generators/Experiment with utility data leak/utility results/1. Cancer/TRTR_TSTR_results_cancer.xlsx,utility,0.968421052631579,,0.0,100.0
1. Cancer,TabDDPM,,0.0,Accuracy,0.6201754385964913,SVM-RBF,,Utility,TSTR,0.6201754385964913,0.01180142460269623,classification,Generators/Experiment with utility data leak/utility results/1. Cancer/TRTR_TSTR_results_cancer.xlsx,utility,0.6201754385964913,,0.0,100.0
1. Cancer,TabDDPM,,0.0,Accuracy_Gap,0.6201754385964913,SVM-RBF,,Utility,Gap,0.3482456140350877,0.01180142460269623,classification,Generators/Experiment with utility data leak/utility results/1. Cancer/TRTR_TSTR_results_cancer.xlsx,utility,0.3482456140350877,,0.0,100.0
1. Cancer,TabDDPM,,0.0,F1,0.9562595401456587,SVM-RBF,,Utility,TRTR,0.9562595401456587,0.0249697085948244,classification,Generators/Experiment with utility data leak/utility results/1. Cancer/TRTR_TSTR_results_cancer.xlsx,utility,0.9562595401456587,,0.0,100.0
1. Cancer,TabDDPM,,0.0,F1,0.02321575061525841,SVM-RBF,,Utility,TSTR,0.02321575061525841,0.05665730844517136,classification,Generators/Experiment with utility data leak/utility results/1. Cancer/TRTR_TSTR_results_cancer.xlsx,utility,0.02321575061525841,,0.0,100.0
1. Cancer,TabDDPM,,0.0,F1_Gap,0.02321575061525841,SVM-RBF,,Utility,Gap,0.9330437895304003,0.05665730844517136,classification,Generators/Experiment with utility data leak/utility results/1. Cancer/TRTR_TSTR_results_cancer.xlsx,utility,0.9330437895304003,,0.0,100.0
1. Cancer,TabDDPM,,0.0,Precision,0.9756903217837779,SVM-RBF,,Utility,TRTR,0.9756903217837779,0.02809606508844681,classification,Generators/Experiment with utility data leak/utility results/1. Cancer/TRTR_TSTR_results_cancer.xlsx,utility,0.9756903217837779,,0.0,100.0
1. Cancer,TabDDPM,,0.0,Precision,0.07045454545454546,SVM-RBF,,Utility,TSTR,0.07045454545454546,0.1481462589793842,classification,Generators/Experiment with utility data leak/utility results/1. Cancer/TRTR_TSTR_results_cancer.xlsx,utility,0.07045454545454546,,0.0,100.0
1. Cancer,TabDDPM,,0.0,Precision_Gap,0.07045454545454546,SVM-RBF,,Utility,Gap,0.9052357763292325,0.1481462589793842,classification,Generators/Experiment with utility data leak/utility results/1. Cancer/TRTR_TSTR_results_cancer.xlsx,utility,0.9052357763292325,,0.0,100.0
1. Cancer,TabDDPM,,0.0,Recall,0.9380952380952381,SVM-RBF,,Utility,TRTR,0.9380952380952381,0.03049106779729926,classification,Generators/Experiment with utility data leak/utility results/1. Cancer/TRTR_TSTR_results_cancer.xlsx,utility,0.9380952380952381,,0.0,100.0
1. Cancer,TabDDPM,,0.0,Recall,0.01428571428571429,SVM-RBF,,Utility,TSTR,0.01428571428571429,0.03563483225498992,classification,Generators/Experiment with utility data leak/utility results/1. Cancer/TRTR_TSTR_results_cancer.xlsx,utility,0.01428571428571429,,0.0,100.0
1. Cancer,TabDDPM,,0.0,Recall_Gap,0.01428571428571429,SVM-RBF,,Utility,Gap,0.9238095238095239,0.03563483225498992,classification,Generators/Experiment with utility data leak/utility results/1. Cancer/TRTR_TSTR_results_cancer.xlsx,utility,0.9238095238095239,,0.0,100.0
1. Cancer,TabDDPM,,,Accuracy_Drop,,SVM-RBF,,,Gap,0.3482456140350877,,classification,Generators/Experiment with utility data leak/utility results/1. Cancer/TRTR_TSTR_results_cancer.xlsx,utility,0.3482456140350877,,0.0,100.0
1. Cancer,TabDDPM,,,F1_Drop,,SVM-RBF,,,Gap,0.9330437895304003,,classification,Generators/Experiment with utility data leak/utility results/1. Cancer/TRTR_TSTR_results_cancer.xlsx,utility,0.9330437895304003,,0.0,100.0
1. Cancer,TabDDPM,,,Precision_Drop,,SVM-RBF,,,Gap,0.9052357763292325,,classification,Generators/Experiment with utility data leak/utility results/1. Cancer/TRTR_TSTR_results_cancer.xlsx,utility,0.9052357763292325,,0.0,100.0
1. Cancer,TabDDPM,,,Recall_Drop,,SVM-RBF,,,Gap,0.9238095238095239,,classification,Generators/Experiment with utility data leak/utility results/1. Cancer/TRTR_TSTR_results_cancer.xlsx,utility,0.9238095238095239,,0.0,100.0
1. Cancer,TabDDPM,,0.0,Accuracy,0.9666666666666666,AdaBoost,,Utility,TRTR,0.9666666666666666,0.01022974016639526,classification,Generators/Experiment with utility data leak/utility results/1. Cancer/TRTR_TSTR_results_cancer.xlsx,utility,0.9666666666666666,,0.0,100.0
1. Cancer,TabDDPM,,0.0,Accuracy,0.4754385964912281,AdaBoost,,Utility,TSTR,0.4754385964912281,0.1522277375756847,classification,Generators/Experiment with utility data leak/utility results/1. Cancer/TRTR_TSTR_results_cancer.xlsx,utility,0.4754385964912281,,0.0,100.0
1. Cancer,TabDDPM,,0.0,Accuracy_Gap,0.4754385964912281,AdaBoost,,Utility,Gap,0.49122807017543846,0.1522277375756847,classification,Generators/Experiment with utility data leak/utility results/1. Cancer/TRTR_TSTR_results_cancer.xlsx,utility,0.49122807017543846,,0.0,100.0
1. Cancer,TabDDPM,,0.0,F1,0.9537824074424763,AdaBoost,,Utility,TRTR,0.9537824074424763,0.01443243582836966,classification,Generators/Experiment with utility data leak/utility results/1. Cancer/TRTR_TSTR_results_cancer.xlsx,utility,0.9537824074424763,,0.0,100.0
1. Cancer,TabDDPM,,0.0,F1,0.2714923961305906,AdaBoost,,Utility,TSTR,0.2714923961305906,0.2361020906238965,classification,Generators/Experiment with utility data leak/utility results/1. Cancer/TRTR_TSTR_results_cancer.xlsx,utility,0.2714923961305906,,0.0,100.0
1. Cancer,TabDDPM,,0.0,F1_Gap,0.2714923961305906,AdaBoost,,Utility,Gap,0.6822900113118857,0.2361020906238965,classification,Generators/Experiment with utility data leak/utility results/1. Cancer/TRTR_TSTR_results_cancer.xlsx,utility,0.6822900113118857,,0.0,100.0
1. Cancer,TabDDPM,,0.0,Precision,0.9735489892977129,AdaBoost,,Utility,TRTR,0.9735489892977129,0.02210918228480495,classification,Generators/Experiment with utility data leak/utility results/1. Cancer/TRTR_TSTR_results_cancer.xlsx,utility,0.9735489892977129,,0.0,100.0
1. Cancer,TabDDPM,,0.0,Precision,0.2335035329956178,AdaBoost,,Utility,TSTR,0.2335035329956178,0.148882868564449,classification,Generators/Experiment with utility data leak/utility results/1. Cancer/TRTR_TSTR_results_cancer.xlsx,utility,0.2335035329956178,,0.0,100.0
1. Cancer,TabDDPM,,0.0,Precision_Gap,0.2335035329956178,AdaBoost,,Utility,Gap,0.7400454563020952,0.148882868564449,classification,Generators/Experiment with utility data leak/utility results/1. Cancer/TRTR_TSTR_results_cancer.xlsx,utility,0.7400454563020952,,0.0,100.0
1. Cancer,TabDDPM,,0.0,Recall,0.9357142857142857,AdaBoost,,Utility,TRTR,0.9357142857142857,0.02827224306437598,classification,Generators/Experiment with utility data leak/utility results/1. Cancer/TRTR_TSTR_results_cancer.xlsx,utility,0.9357142857142857,,0.0,100.0
1. Cancer,TabDDPM,,0.0,Recall,0.4309523809523809,AdaBoost,,Utility,TSTR,0.4309523809523809,0.4202161737166494,classification,Generators/Experiment with utility data leak/utility results/1. Cancer/TRTR_TSTR_results_cancer.xlsx,utility,0.4309523809523809,,0.0,100.0
1. Cancer,TabDDPM,,0.0,Recall_Gap,0.4309523809523809,AdaBoost,,Utility,Gap,0.5047619047619047,0.4202161737166494,classification,Generators/Experiment with utility data leak/utility results/1. Cancer/TRTR_TSTR_results_cancer.xlsx,utility,0.5047619047619047,,0.0,100.0
1. Cancer,TabDDPM,,,Accuracy_Drop,,AdaBoost,,,Gap,0.4912280701754385,,classification,Generators/Experiment with utility data leak/utility results/1. Cancer/TRTR_TSTR_results_cancer.xlsx,utility,0.4912280701754385,,0.0,100.0
1. Cancer,TabDDPM,,,F1_Drop,,AdaBoost,,,Gap,0.6822900113118857,,classification,Generators/Experiment with utility data leak/utility results/1. Cancer/TRTR_TSTR_results_cancer.xlsx,utility,0.6822900113118857,,0.0,100.0
1. Cancer,TabDDPM,,,Precision_Drop,,AdaBoost,,,Gap,0.7400454563020951,,classification,Generators/Experiment with utility data leak/utility results/1. Cancer/TRTR_TSTR_results_cancer.xlsx,utility,0.7400454563020951,,0.0,100.0
1. Cancer,TabDDPM,,,Recall_Drop,,AdaBoost,,,Gap,0.5047619047619047,,classification,Generators/Experiment with utility data leak/utility results/1. Cancer/TRTR_TSTR_results_cancer.xlsx,utility,0.5047619047619047,,0.0,100.0
1. Cancer,TabDDPM,,0.0,Accuracy,0.9631578947368421,Gradient Boosting,,Utility,TRTR,0.9631578947368421,0.0203084857943688,classification,Generators/Experiment with utility data leak/utility results/1. Cancer/TRTR_TSTR_results_cancer.xlsx,utility,0.9631578947368421,,0.0,100.0
1. Cancer,TabDDPM,,0.0,Accuracy,0.4885964912280702,Gradient Boosting,,Utility,TSTR,0.4885964912280702,0.08201168006057966,classification,Generators/Experiment with utility data leak/utility results/1. Cancer/TRTR_TSTR_results_cancer.xlsx,utility,0.4885964912280702,,0.0,100.0
1. Cancer,TabDDPM,,0.0,Accuracy_Gap,0.4885964912280702,Gradient Boosting,,Utility,Gap,0.4745614035087719,0.08201168006057966,classification,Generators/Experiment with utility data leak/utility results/1. Cancer/TRTR_TSTR_results_cancer.xlsx,utility,0.4745614035087719,,0.0,100.0
1. Cancer,TabDDPM,,0.0,F1,0.9494212600983015,Gradient Boosting,,Utility,TRTR,0.9494212600983015,0.02779434087071402,classification,Generators/Experiment with utility data leak/utility results/1. Cancer/TRTR_TSTR_results_cancer.xlsx,utility,0.9494212600983015,,0.0,100.0
1. Cancer,TabDDPM,,0.0,F1,0.229348494957227,Gradient Boosting,,Utility,TSTR,0.229348494957227,0.1701219701802133,classification,Generators/Experiment with utility data leak/utility results/1. Cancer/TRTR_TSTR_results_cancer.xlsx,utility,0.229348494957227,,0.0,100.0
1. Cancer,TabDDPM,,0.0,F1_Gap,0.229348494957227,Gradient Boosting,,Utility,Gap,0.7200727651410745,0.1701219701802133,classification,Generators/Experiment with utility data leak/utility results/1. Cancer/TRTR_TSTR_results_cancer.xlsx,utility,0.7200727651410745,,0.0,100.0
1. Cancer,TabDDPM,,0.0,Precision,0.9620305430373497,Gradient Boosting,,Utility,TRTR,0.9620305430373497,0.0358379580625646,classification,Generators/Experiment with utility data leak/utility results/1. Cancer/TRTR_TSTR_results_cancer.xlsx,utility,0.9620305430373497,,0.0,100.0
1. Cancer,TabDDPM,,0.0,Precision,0.2282723080529925,Gradient Boosting,,Utility,TSTR,0.2282723080529925,0.1348921083276809,classification,Generators/Experiment with utility data leak/utility results/1. Cancer/TRTR_TSTR_results_cancer.xlsx,utility,0.2282723080529925,,0.0,100.0
1. Cancer,TabDDPM,,0.0,Precision_Gap,0.2282723080529925,Gradient Boosting,,Utility,Gap,0.7337582349843572,0.1348921083276809,classification,Generators/Experiment with utility data leak/utility results/1. Cancer/TRTR_TSTR_results_cancer.xlsx,utility,0.7337582349843572,,0.0,100.0
1. Cancer,TabDDPM,,0.0,Recall,0.938095238095238,Gradient Boosting,,Utility,TRTR,0.938095238095238,0.03400680204068023,classification,Generators/Experiment with utility data leak/utility results/1. Cancer/TRTR_TSTR_results_cancer.xlsx,utility,0.938095238095238,,0.0,100.0
1. Cancer,TabDDPM,,0.0,Recall,0.2595238095238095,Gradient Boosting,,Utility,TSTR,0.2595238095238095,0.2415112096758512,classification,Generators/Experiment with utility data leak/utility results/1. Cancer/TRTR_TSTR_results_cancer.xlsx,utility,0.2595238095238095,,0.0,100.0
1. Cancer,TabDDPM,,0.0,Recall_Gap,0.2595238095238095,Gradient Boosting,,Utility,Gap,0.6785714285714285,0.2415112096758512,classification,Generators/Experiment with utility data leak/utility results/1. Cancer/TRTR_TSTR_results_cancer.xlsx,utility,0.6785714285714285,,0.0,100.0
1. Cancer,TabDDPM,,,Accuracy_Drop,,Gradient Boosting,,,Gap,0.4745614035087719,,classification,Generators/Experiment with utility data leak/utility results/1. Cancer/TRTR_TSTR_results_cancer.xlsx,utility,0.4745614035087719,,0.0,100.0
1. Cancer,TabDDPM,,,F1_Drop,,Gradient Boosting,,,Gap,0.7200727651410745,,classification,Generators/Experiment with utility data leak/utility results/1. Cancer/TRTR_TSTR_results_cancer.xlsx,utility,0.7200727651410745,,0.0,100.0
1. Cancer,TabDDPM,,,Precision_Drop,,Gradient Boosting,,,Gap,0.7337582349843572,,classification,Generators/Experiment with utility data leak/utility results/1. Cancer/TRTR_TSTR_results_cancer.xlsx,utility,0.7337582349843572,,0.0,100.0
1. Cancer,TabDDPM,,,Recall_Drop,,Gradient Boosting,,,Gap,0.6785714285714284,,classification,Generators/Experiment with utility data leak/utility results/1. Cancer/TRTR_TSTR_results_cancer.xlsx,utility,0.6785714285714284,,0.0,100.0
1. Cancer,TabDDPM,,0.0,Accuracy,0.962280701754386,Random Forest,,Utility,TRTR,0.962280701754386,0.0136176971019825,classification,Generators/Experiment with utility data leak/utility results/1. Cancer/TRTR_TSTR_results_cancer.xlsx,utility,0.962280701754386,,0.0,100.0
1. Cancer,TabDDPM,,0.0,Accuracy,0.5517543859649123,Random Forest,,Utility,TSTR,0.5517543859649123,0.08580812770322103,classification,Generators/Experiment with utility data leak/utility results/1. Cancer/TRTR_TSTR_results_cancer.xlsx,utility,0.5517543859649123,,0.0,100.0
1. Cancer,TabDDPM,,0.0,Accuracy_Gap,0.5517543859649123,Random Forest,,Utility,Gap,0.41052631578947363,0.08580812770322103,classification,Generators/Experiment with utility data leak/utility results/1. Cancer/TRTR_TSTR_results_cancer.xlsx,utility,0.41052631578947363,,0.0,100.0
1. Cancer,TabDDPM,,0.0,F1,0.9482304799188631,Random Forest,,Utility,TRTR,0.9482304799188631,0.01843776018375915,classification,Generators/Experiment with utility data leak/utility results/1. Cancer/TRTR_TSTR_results_cancer.xlsx,utility,0.9482304799188631,,0.0,100.0
1. Cancer,TabDDPM,,0.0,F1,0.2617149909079972,Random Forest,,Utility,TSTR,0.2617149909079972,0.213350525822644,classification,Generators/Experiment with utility data leak/utility results/1. Cancer/TRTR_TSTR_results_cancer.xlsx,utility,0.2617149909079972,,0.0,100.0
1. Cancer,TabDDPM,,0.0,F1_Gap,0.2617149909079972,Random Forest,,Utility,Gap,0.6865154890108659,0.213350525822644,classification,Generators/Experiment with utility data leak/utility results/1. Cancer/TRTR_TSTR_results_cancer.xlsx,utility,0.6865154890108659,,0.0,100.0
1. Cancer,TabDDPM,,0.0,Precision,0.9617923931806518,Random Forest,,Utility,TRTR,0.9617923931806518,0.02967466301692189,classification,Generators/Experiment with utility data leak/utility results/1. Cancer/TRTR_TSTR_results_cancer.xlsx,utility,0.9617923931806518,,0.0,100.0
1. Cancer,TabDDPM,,0.0,Precision,0.2912863285918314,Random Forest,,Utility,TSTR,0.2912863285918314,0.1605199568717095,classification,Generators/Experiment with utility data leak/utility results/1. Cancer/TRTR_TSTR_results_cancer.xlsx,utility,0.2912863285918314,,0.0,100.0
1. Cancer,TabDDPM,,0.0,Precision_Gap,0.2912863285918314,Random Forest,,Utility,Gap,0.6705060645888203,0.1605199568717095,classification,Generators/Experiment with utility data leak/utility results/1. Cancer/TRTR_TSTR_results_cancer.xlsx,utility,0.6705060645888203,,0.0,100.0
1. Cancer,TabDDPM,,0.0,Recall,0.9357142857142857,Random Forest,,Utility,TRTR,0.9357142857142857,0.0214285714285714,classification,Generators/Experiment with utility data leak/utility results/1. Cancer/TRTR_TSTR_results_cancer.xlsx,utility,0.9357142857142857,,0.0,100.0
1. Cancer,TabDDPM,,0.0,Recall,0.3119047619047619,Random Forest,,Utility,TSTR,0.3119047619047619,0.3424683642307216,classification,Generators/Experiment with utility data leak/utility results/1. Cancer/TRTR_TSTR_results_cancer.xlsx,utility,0.3119047619047619,,0.0,100.0
1. Cancer,TabDDPM,,0.0,Recall_Gap,0.3119047619047619,Random Forest,,Utility,Gap,0.6238095238095238,0.3424683642307216,classification,Generators/Experiment with utility data leak/utility results/1. Cancer/TRTR_TSTR_results_cancer.xlsx,utility,0.6238095238095238,,0.0,100.0
1. Cancer,TabDDPM,,,Accuracy_Drop,,Random Forest,,,Gap,0.4105263157894736,,classification,Generators/Experiment with utility data leak/utility results/1. Cancer/TRTR_TSTR_results_cancer.xlsx,utility,0.4105263157894736,,0.0,100.0
1. Cancer,TabDDPM,,,F1_Drop,,Random Forest,,,Gap,0.686515489010866,,classification,Generators/Experiment with utility data leak/utility results/1. Cancer/TRTR_TSTR_results_cancer.xlsx,utility,0.686515489010866,,0.0,100.0
1. Cancer,TabDDPM,,,Precision_Drop,,Random Forest,,,Gap,0.6705060645888203,,classification,Generators/Experiment with utility data leak/utility results/1. Cancer/TRTR_TSTR_results_cancer.xlsx,utility,0.6705060645888203,,0.0,100.0
1. Cancer,TabDDPM,,,Recall_Drop,,Random Forest,,,Gap,0.6238095238095238,,classification,Generators/Experiment with utility data leak/utility results/1. Cancer/TRTR_TSTR_results_cancer.xlsx,utility,0.6238095238095238,,0.0,100.0
1. Cancer,TabDDPM,,0.0,Accuracy,0.962280701754386,KNN,,Utility,TRTR,0.962280701754386,0.01883413206454726,classification,Generators/Experiment with utility data leak/utility results/1. Cancer/TRTR_TSTR_results_cancer.xlsx,utility,0.962280701754386,,0.0,100.0
1. Cancer,TabDDPM,,0.0,Accuracy,0.2289473684210526,KNN,,Utility,TSTR,0.2289473684210526,0.04763569818380865,classification,Generators/Experiment with utility data leak/utility results/1. Cancer/TRTR_TSTR_results_cancer.xlsx,utility,0.2289473684210526,,0.0,100.0
1. Cancer,TabDDPM,,0.0,Accuracy_Gap,0.2289473684210526,KNN,,Utility,Gap,0.7333333333333334,0.04763569818380865,classification,Generators/Experiment with utility data leak/utility results/1. Cancer/TRTR_TSTR_results_cancer.xlsx,utility,0.7333333333333334,,0.0,100.0
1. Cancer,TabDDPM,,0.0,F1,0.947074373024434,KNN,,Utility,TRTR,0.947074373024434,0.02672761688789936,classification,Generators/Experiment with utility data leak/utility results/1. Cancer/TRTR_TSTR_results_cancer.xlsx,utility,0.947074373024434,,0.0,100.0
1. Cancer,TabDDPM,,0.0,F1,0.2501005506038158,KNN,,Utility,TSTR,0.2501005506038158,0.08805882852925674,classification,Generators/Experiment with utility data leak/utility results/1. Cancer/TRTR_TSTR_results_cancer.xlsx,utility,0.2501005506038158,,0.0,100.0
1. Cancer,TabDDPM,,0.0,F1_Gap,0.2501005506038158,KNN,,Utility,Gap,0.6969738224206181,0.08805882852925674,classification,Generators/Experiment with utility data leak/utility results/1. Cancer/TRTR_TSTR_results_cancer.xlsx,utility,0.6969738224206181,,0.0,100.0
1. Cancer,TabDDPM,,0.0,Precision,0.9751404010156286,KNN,,Utility,TRTR,0.9751404010156286,0.02459125532957641,classification,Generators/Experiment with utility data leak/utility results/1. Cancer/TRTR_TSTR_results_cancer.xlsx,utility,0.9751404010156286,,0.0,100.0
1. Cancer,TabDDPM,,0.0,Precision,0.1922113003836073,KNN,,Utility,TSTR,0.1922113003836073,0.05803416152747305,classification,Generators/Experiment with utility data leak/utility results/1. Cancer/TRTR_TSTR_results_cancer.xlsx,utility,0.1922113003836073,,0.0,100.0
1. Cancer,TabDDPM,,0.0,Precision_Gap,0.1922113003836073,KNN,,Utility,Gap,0.7829291006320214,0.05803416152747305,classification,Generators/Experiment with utility data leak/utility results/1. Cancer/TRTR_TSTR_results_cancer.xlsx,utility,0.7829291006320214,,0.0,100.0
1. Cancer,TabDDPM,,0.0,Recall,0.9214285714285715,KNN,,Utility,TRTR,0.9214285714285715,0.03991203479581002,classification,Generators/Experiment with utility data leak/utility results/1. Cancer/TRTR_TSTR_results_cancer.xlsx,utility,0.9214285714285715,,0.0,100.0
1. Cancer,TabDDPM,,0.0,Recall,0.3642857142857143,KNN,,Utility,TSTR,0.3642857142857143,0.1666836726017822,classification,Generators/Experiment with utility data leak/utility results/1. Cancer/TRTR_TSTR_results_cancer.xlsx,utility,0.3642857142857143,,0.0,100.0
1. Cancer,TabDDPM,,0.0,Recall_Gap,0.3642857142857143,KNN,,Utility,Gap,0.5571428571428572,0.1666836726017822,classification,Generators/Experiment with utility data leak/utility results/1. Cancer/TRTR_TSTR_results_cancer.xlsx,utility,0.5571428571428572,,0.0,100.0
1. Cancer,TabDDPM,,,Accuracy_Drop,,KNN,,,Gap,0.7333333333333334,,classification,Generators/Experiment with utility data leak/utility results/1. Cancer/TRTR_TSTR_results_cancer.xlsx,utility,0.7333333333333334,,0.0,100.0
1. Cancer,TabDDPM,,,F1_Drop,,KNN,,,Gap,0.6969738224206182,,classification,Generators/Experiment with utility data leak/utility results/1. Cancer/TRTR_TSTR_results_cancer.xlsx,utility,0.6969738224206182,,0.0,100.0
1. Cancer,TabDDPM,,,Precision_Drop,,KNN,,,Gap,0.7829291006320214,,classification,Generators/Experiment with utility data leak/utility results/1. Cancer/TRTR_TSTR_results_cancer.xlsx,utility,0.7829291006320214,,0.0,100.0
1. Cancer,TabDDPM,,,Recall_Drop,,KNN,,,Gap,0.5571428571428572,,classification,Generators/Experiment with utility data leak/utility results/1. Cancer/TRTR_TSTR_results_cancer.xlsx,utility,0.5571428571428572,,0.0,100.0
1. Cancer,TabDDPM,,0.0,Accuracy,0.9350877192982457,Decision Tree,,Utility,TRTR,0.9350877192982457,0.02045948033279054,classification,Generators/Experiment with utility data leak/utility results/1. Cancer/TRTR_TSTR_results_cancer.xlsx,utility,0.9350877192982457,,0.0,100.0
1. Cancer,TabDDPM,,0.0,Accuracy,0.5745614035087719,Decision Tree,,Utility,TSTR,0.5745614035087719,0.1279168753250364,classification,Generators/Experiment with utility data leak/utility results/1. Cancer/TRTR_TSTR_results_cancer.xlsx,utility,0.5745614035087719,,0.0,100.0
1. Cancer,TabDDPM,,0.0,Accuracy_Gap,0.5745614035087719,Decision Tree,,Utility,Gap,0.3605263157894738,0.1279168753250364,classification,Generators/Experiment with utility data leak/utility results/1. Cancer/TRTR_TSTR_results_cancer.xlsx,utility,0.3605263157894738,,0.0,100.0
1. Cancer,TabDDPM,,0.0,F1,0.9122461606275634,Decision Tree,,Utility,TRTR,0.9122461606275634,0.02771502846045041,classification,Generators/Experiment with utility data leak/utility results/1. Cancer/TRTR_TSTR_results_cancer.xlsx,utility,0.9122461606275634,,0.0,100.0
1. Cancer,TabDDPM,,0.0,F1,0.2156400952420097,Decision Tree,,Utility,TSTR,0.2156400952420097,0.2092680081986747,classification,Generators/Experiment with utility data leak/utility results/1. Cancer/TRTR_TSTR_results_cancer.xlsx,utility,0.2156400952420097,,0.0,100.0
1. Cancer,TabDDPM,,0.0,F1_Gap,0.2156400952420097,Decision Tree,,Utility,Gap,0.6966060653855537,0.2092680081986747,classification,Generators/Experiment with utility data leak/utility results/1. Cancer/TRTR_TSTR_results_cancer.xlsx,utility,0.6966060653855537,,0.0,100.0
1. Cancer,TabDDPM,,0.0,Precision,0.9096981560397401,Decision Tree,,Utility,TRTR,0.9096981560397401,0.03732307542896939,classification,Generators/Experiment with utility data leak/utility results/1. Cancer/TRTR_TSTR_results_cancer.xlsx,utility,0.9096981560397401,,0.0,100.0
1. Cancer,TabDDPM,,0.0,Precision,0.4396350737987798,Decision Tree,,Utility,TSTR,0.4396350737987798,0.2910058971043988,classification,Generators/Experiment with utility data leak/utility results/1. Cancer/TRTR_TSTR_results_cancer.xlsx,utility,0.4396350737987798,,0.0,100.0
1. Cancer,TabDDPM,,0.0,Precision_Gap,0.4396350737987798,Decision Tree,,Utility,Gap,0.47006308224096033,0.2910058971043988,classification,Generators/Experiment with utility data leak/utility results/1. Cancer/TRTR_TSTR_results_cancer.xlsx,utility,0.47006308224096033,,0.0,100.0
1. Cancer,TabDDPM,,0.0,Recall,0.9166666666666666,Decision Tree,,Utility,TRTR,0.9166666666666666,0.04158154570612613,classification,Generators/Experiment with utility data leak/utility results/1. Cancer/TRTR_TSTR_results_cancer.xlsx,utility,0.9166666666666666,,0.0,100.0
1. Cancer,TabDDPM,,0.0,Recall,0.2761904761904762,Decision Tree,,Utility,TSTR,0.2761904761904762,0.3517368630975121,classification,Generators/Experiment with utility data leak/utility results/1. Cancer/TRTR_TSTR_results_cancer.xlsx,utility,0.2761904761904762,,0.0,100.0
1. Cancer,TabDDPM,,0.0,Recall_Gap,0.2761904761904762,Decision Tree,,Utility,Gap,0.6404761904761904,0.3517368630975121,classification,Generators/Experiment with utility data leak/utility results/1. Cancer/TRTR_TSTR_results_cancer.xlsx,utility,0.6404761904761904,,0.0,100.0
1. Cancer,TabDDPM,,,Accuracy_Drop,,Decision Tree,,,Gap,0.3605263157894738,,classification,Generators/Experiment with utility data leak/utility results/1. Cancer/TRTR_TSTR_results_cancer.xlsx,utility,0.3605263157894738,,0.0,100.0
1. Cancer,TabDDPM,,,F1_Drop,,Decision Tree,,,Gap,0.6966060653855537,,classification,Generators/Experiment with utility data leak/utility results/1. Cancer/TRTR_TSTR_results_cancer.xlsx,utility,0.6966060653855537,,0.0,100.0
1. Cancer,TabDDPM,,,Precision_Drop,,Decision Tree,,,Gap,0.4700630822409603,,classification,Generators/Experiment with utility data leak/utility results/1. Cancer/TRTR_TSTR_results_cancer.xlsx,utility,0.4700630822409603,,0.0,100.0
1. Cancer,TabDDPM,,,Recall_Drop,,Decision Tree,,,Gap,0.6404761904761904,,classification,Generators/Experiment with utility data leak/utility results/1. Cancer/TRTR_TSTR_results_cancer.xlsx,utility,0.6404761904761904,,0.0,100.0
1. Cancer,TabDDPM,,0.0,Accuracy,0.9324561403508772,Naive Bayes,,Utility,TRTR,0.9324561403508772,0.02322491630679601,classification,Generators/Experiment with utility data leak/utility results/1. Cancer/TRTR_TSTR_results_cancer.xlsx,utility,0.9324561403508772,,0.0,100.0
1. Cancer,TabDDPM,,0.0,Accuracy,0.4771929824561403,Naive Bayes,,Utility,TSTR,0.4771929824561403,0.1403070106886471,classification,Generators/Experiment with utility data leak/utility results/1. Cancer/TRTR_TSTR_results_cancer.xlsx,utility,0.4771929824561403,,0.0,100.0
1. Cancer,TabDDPM,,0.0,Accuracy_Gap,0.4771929824561403,Naive Bayes,,Utility,Gap,0.4552631578947369,0.1403070106886471,classification,Generators/Experiment with utility data leak/utility results/1. Cancer/TRTR_TSTR_results_cancer.xlsx,utility,0.4552631578947369,,0.0,100.0
1. Cancer,TabDDPM,,0.0,F1,0.9055642341410918,Naive Bayes,,Utility,TRTR,0.9055642341410918,0.0327534076549362,classification,Generators/Experiment with utility data leak/utility results/1. Cancer/TRTR_TSTR_results_cancer.xlsx,utility,0.9055642341410918,,0.0,100.0
1. Cancer,TabDDPM,,0.0,F1,0.5679480126030505,Naive Bayes,,Utility,TSTR,0.5679480126030505,0.05662520698035989,classification,Generators/Experiment with utility data leak/utility results/1. Cancer/TRTR_TSTR_results_cancer.xlsx,utility,0.5679480126030505,,0.0,100.0
1. Cancer,TabDDPM,,0.0,F1_Gap,0.5679480126030505,Naive Bayes,,Utility,Gap,0.3376162215380413,0.05662520698035989,classification,Generators/Experiment with utility data leak/utility results/1. Cancer/TRTR_TSTR_results_cancer.xlsx,utility,0.3376162215380413,,0.0,100.0
1. Cancer,TabDDPM,,0.0,Precision,0.931024002484766,Naive Bayes,,Utility,TRTR,0.931024002484766,0.03636585629143303,classification,Generators/Experiment with utility data leak/utility results/1. Cancer/TRTR_TSTR_results_cancer.xlsx,utility,0.931024002484766,,0.0,100.0
1. Cancer,TabDDPM,,0.0,Precision,0.4660965354317902,Naive Bayes,,Utility,TSTR,0.4660965354317902,0.1892559003672637,classification,Generators/Experiment with utility data leak/utility results/1. Cancer/TRTR_TSTR_results_cancer.xlsx,utility,0.4660965354317902,,0.0,100.0
1. Cancer,TabDDPM,,0.0,Precision_Gap,0.4660965354317902,Naive Bayes,,Utility,Gap,0.46492746705297583,0.1892559003672637,classification,Generators/Experiment with utility data leak/utility results/1. Cancer/TRTR_TSTR_results_cancer.xlsx,utility,0.46492746705297583,,0.0,100.0
1. Cancer,TabDDPM,,0.0,Recall,0.8833333333333332,Naive Bayes,,Utility,TRTR,0.8833333333333332,0.05156287578025646,classification,Generators/Experiment with utility data leak/utility results/1. Cancer/TRTR_TSTR_results_cancer.xlsx,utility,0.8833333333333332,,0.0,100.0
1. Cancer,TabDDPM,,0.0,Recall,0.9238095238095237,Naive Bayes,,Utility,TSTR,0.9238095238095237,0.1895214165917372,classification,Generators/Experiment with utility data leak/utility results/1. Cancer/TRTR_TSTR_results_cancer.xlsx,utility,0.9238095238095237,,0.0,100.0
1. Cancer,TabDDPM,,0.0,Recall_Gap,0.9238095238095237,Naive Bayes,,Utility,Gap,-0.040476190476190554,0.1895214165917372,classification,Generators/Experiment with utility data leak/utility results/1. Cancer/TRTR_TSTR_results_cancer.xlsx,utility,-0.040476190476190554,,0.0,100.0
1. Cancer,TabDDPM,,,Accuracy_Drop,,Naive Bayes,,,Gap,0.4552631578947369,,classification,Generators/Experiment with utility data leak/utility results/1. Cancer/TRTR_TSTR_results_cancer.xlsx,utility,0.4552631578947369,,0.0,100.0
1. Cancer,TabDDPM,,,F1_Drop,,Naive Bayes,,,Gap,0.3376162215380413,,classification,Generators/Experiment with utility data leak/utility results/1. Cancer/TRTR_TSTR_results_cancer.xlsx,utility,0.3376162215380413,,0.0,100.0
1. Cancer,TabDDPM,,,Precision_Drop,,Naive Bayes,,,Gap,0.4649274670529758,,classification,Generators/Experiment with utility data leak/utility results/1. Cancer/TRTR_TSTR_results_cancer.xlsx,utility,0.4649274670529758,,0.0,100.0
1. Cancer,TabDDPM,,,Recall_Drop,,Naive Bayes,,,Gap,-0.04047619047619055,,classification,Generators/Experiment with utility data leak/utility results/1. Cancer/TRTR_TSTR_results_cancer.xlsx,utility,-0.04047619047619055,,0.0,100.0
1. Cancer,ForestDiffusion,,0.0,Accuracy,0.9789473684210526,Logistic Regression,,Utility,TRTR,0.9789473684210526,0.009768007654087744,classification,Generators/Experiment with utility data leak/utility results/1. Cancer/TRTR_TSTR_results_cancer.xlsx,utility,0.9789473684210526,,0.0,100.0
1. Cancer,ForestDiffusion,,0.0,Accuracy,0.9824561403508772,Logistic Regression,,Utility,TSTR,0.9824561403508772,0.01109571108831009,classification,Generators/Experiment with utility data leak/utility results/1. Cancer/TRTR_TSTR_results_cancer.xlsx,utility,0.9824561403508772,,0.0,100.0
1. Cancer,ForestDiffusion,,0.0,Accuracy_Gap,0.9824561403508772,Logistic Regression,,Utility,Gap,-0.0035087719298246833,0.01109571108831009,classification,Generators/Experiment with utility data leak/utility results/1. Cancer/TRTR_TSTR_results_cancer.xlsx,utility,-0.0035087719298246833,,0.0,100.0
1. Cancer,ForestDiffusion,,0.0,F1,0.9707868770215718,Logistic Regression,,Utility,TRTR,0.9707868770215718,0.0137941861874265,classification,Generators/Experiment with utility data leak/utility results/1. Cancer/TRTR_TSTR_results_cancer.xlsx,utility,0.9707868770215718,,0.0,100.0
1. Cancer,ForestDiffusion,,0.0,F1,0.9753647652942392,Logistic Regression,,Utility,TSTR,0.9753647652942392,0.01588371197929723,classification,Generators/Experiment with utility data leak/utility results/1. Cancer/TRTR_TSTR_results_cancer.xlsx,utility,0.9753647652942392,,0.0,100.0
1. Cancer,ForestDiffusion,,0.0,F1_Gap,0.9753647652942392,Logistic Regression,,Utility,Gap,-0.004577888272667363,0.01588371197929723,classification,Generators/Experiment with utility data leak/utility results/1. Cancer/TRTR_TSTR_results_cancer.xlsx,utility,-0.004577888272667363,,0.0,100.0
1. Cancer,ForestDiffusion,,0.0,Precision,0.9901768962744573,Logistic Regression,,Utility,TRTR,0.9901768962744573,0.01203823054760635,classification,Generators/Experiment with utility data leak/utility results/1. Cancer/TRTR_TSTR_results_cancer.xlsx,utility,0.9901768962744573,,0.0,100.0
1. Cancer,ForestDiffusion,,0.0,Precision,1.0,Logistic Regression,,Utility,TSTR,1.0,0.0,classification,Generators/Experiment with utility data leak/utility results/1. Cancer/TRTR_TSTR_results_cancer.xlsx,utility,1.0,,0.0,100.0
1. Cancer,ForestDiffusion,,0.0,Precision_Gap,1.0,Logistic Regression,,Utility,Gap,-0.009823103725542737,0.0,classification,Generators/Experiment with utility data leak/utility results/1. Cancer/TRTR_TSTR_results_cancer.xlsx,utility,-0.009823103725542737,,0.0,100.0
1. Cancer,ForestDiffusion,,0.0,Recall,0.9523809523809523,Logistic Regression,,Utility,TRTR,0.9523809523809523,0.02129588549999798,classification,Generators/Experiment with utility data leak/utility results/1. Cancer/TRTR_TSTR_results_cancer.xlsx,utility,0.9523809523809523,,0.0,100.0
1. Cancer,ForestDiffusion,,0.0,Recall,0.9523809523809523,Logistic Regression,,Utility,TSTR,0.9523809523809523,0.03011693009684169,classification,Generators/Experiment with utility data leak/utility results/1. Cancer/TRTR_TSTR_results_cancer.xlsx,utility,0.9523809523809523,,0.0,100.0
1. Cancer,ForestDiffusion,,0.0,Recall_Gap,0.9523809523809523,Logistic Regression,,Utility,Gap,0.0,0.03011693009684169,classification,Generators/Experiment with utility data leak/utility results/1. Cancer/TRTR_TSTR_results_cancer.xlsx,utility,0.0,,0.0,100.0
1. Cancer,ForestDiffusion,,,Accuracy_Drop,,Logistic Regression,,,Gap,-0.003508771929824683,,classification,Generators/Experiment with utility data leak/utility results/1. Cancer/TRTR_TSTR_results_cancer.xlsx,utility,-0.003508771929824683,,0.0,100.0
1. Cancer,ForestDiffusion,,,F1_Drop,,Logistic Regression,,,Gap,-0.004577888272667363,,classification,Generators/Experiment with utility data leak/utility results/1. Cancer/TRTR_TSTR_results_cancer.xlsx,utility,-0.004577888272667363,,0.0,100.0
1. Cancer,ForestDiffusion,,,Precision_Drop,,Logistic Regression,,,Gap,-0.009823103725542737,,classification,Generators/Experiment with utility data leak/utility results/1. Cancer/TRTR_TSTR_results_cancer.xlsx,utility,-0.009823103725542737,,0.0,100.0
1. Cancer,ForestDiffusion,,,Recall_Drop,,Logistic Regression,,,Gap,0.0,,classification,Generators/Experiment with utility data leak/utility results/1. Cancer/TRTR_TSTR_results_cancer.xlsx,utility,0.0,,0.0,100.0
1. Cancer,ForestDiffusion,,0.0,Accuracy,0.974561403508772,MLP,,Utility,TRTR,0.974561403508772,0.01327433855300136,classification,Generators/Experiment with utility data leak/utility results/1. Cancer/TRTR_TSTR_results_cancer.xlsx,utility,0.974561403508772,,0.0,100.0
1. Cancer,ForestDiffusion,,0.0,Accuracy,0.9710526315789473,MLP,,Utility,TSTR,0.9710526315789473,0.009649122807017537,classification,Generators/Experiment with utility data leak/utility results/1. Cancer/TRTR_TSTR_results_cancer.xlsx,utility,0.9710526315789473,,0.0,100.0
1. Cancer,ForestDiffusion,,0.0,Accuracy_Gap,0.9710526315789473,MLP,,Utility,Gap,0.0035087719298246833,0.009649122807017537,classification,Generators/Experiment with utility data leak/utility results/1. Cancer/TRTR_TSTR_results_cancer.xlsx,utility,0.0035087719298246833,,0.0,100.0
1. Cancer,ForestDiffusion,,0.0,F1,0.9646057122906845,MLP,,Utility,TRTR,0.9646057122906845,0.01869298955577862,classification,Generators/Experiment with utility data leak/utility results/1. Cancer/TRTR_TSTR_results_cancer.xlsx,utility,0.9646057122906845,,0.0,100.0
1. Cancer,ForestDiffusion,,0.0,F1,0.9597907671465317,MLP,,Utility,TSTR,0.9597907671465317,0.01365969229454085,classification,Generators/Experiment with utility data leak/utility results/1. Cancer/TRTR_TSTR_results_cancer.xlsx,utility,0.9597907671465317,,0.0,100.0
1. Cancer,ForestDiffusion,,0.0,F1_Gap,0.9597907671465317,MLP,,Utility,Gap,0.004814945144152816,0.01365969229454085,classification,Generators/Experiment with utility data leak/utility results/1. Cancer/TRTR_TSTR_results_cancer.xlsx,utility,0.004814945144152816,,0.0,100.0
1. Cancer,ForestDiffusion,,0.0,Precision,0.985467661474468,MLP,,Utility,TRTR,0.985467661474468,0.0191919907367019,classification,Generators/Experiment with utility data leak/utility results/1. Cancer/TRTR_TSTR_results_cancer.xlsx,utility,0.985467661474468,,0.0,100.0
1. Cancer,ForestDiffusion,,0.0,Precision,0.9804149915125524,MLP,,Utility,TSTR,0.9804149915125524,0.01447747124608494,classification,Generators/Experiment with utility data leak/utility results/1. Cancer/TRTR_TSTR_results_cancer.xlsx,utility,0.9804149915125524,,0.0,100.0
1. Cancer,ForestDiffusion,,0.0,Precision_Gap,0.9804149915125524,MLP,,Utility,Gap,0.005052669961915557,0.01447747124608494,classification,Generators/Experiment with utility data leak/utility results/1. Cancer/TRTR_TSTR_results_cancer.xlsx,utility,0.005052669961915557,,0.0,100.0
1. Cancer,ForestDiffusion,,0.0,Recall,0.9452380952380952,MLP,,Utility,TRTR,0.9452380952380952,0.03021089890583217,classification,Generators/Experiment with utility data leak/utility results/1. Cancer/TRTR_TSTR_results_cancer.xlsx,utility,0.9452380952380952,,0.0,100.0
1. Cancer,ForestDiffusion,,0.0,Recall,0.9404761904761905,MLP,,Utility,TSTR,0.9404761904761905,0.02439750182371331,classification,Generators/Experiment with utility data leak/utility results/1. Cancer/TRTR_TSTR_results_cancer.xlsx,utility,0.9404761904761905,,0.0,100.0
1. Cancer,ForestDiffusion,,0.0,Recall_Gap,0.9404761904761905,MLP,,Utility,Gap,0.004761904761904745,0.02439750182371331,classification,Generators/Experiment with utility data leak/utility results/1. Cancer/TRTR_TSTR_results_cancer.xlsx,utility,0.004761904761904745,,0.0,100.0
1. Cancer,ForestDiffusion,,,Accuracy_Drop,,MLP,,,Gap,0.003508771929824683,,classification,Generators/Experiment with utility data leak/utility results/1. Cancer/TRTR_TSTR_results_cancer.xlsx,utility,0.003508771929824683,,0.0,100.0
1. Cancer,ForestDiffusion,,,F1_Drop,,MLP,,,Gap,0.004814945144152816,,classification,Generators/Experiment with utility data leak/utility results/1. Cancer/TRTR_TSTR_results_cancer.xlsx,utility,0.004814945144152816,,0.0,100.0
1. Cancer,ForestDiffusion,,,Precision_Drop,,MLP,,,Gap,0.005052669961915557,,classification,Generators/Experiment with utility data leak/utility results/1. Cancer/TRTR_TSTR_results_cancer.xlsx,utility,0.005052669961915557,,0.0,100.0
1. Cancer,ForestDiffusion,,,Recall_Drop,,MLP,,,Gap,0.004761904761904745,,classification,Generators/Experiment with utility data leak/utility results/1. Cancer/TRTR_TSTR_results_cancer.xlsx,utility,0.004761904761904745,,0.0,100.0
1. Cancer,ForestDiffusion,,0.0,Accuracy,0.9701754385964912,Extra Trees,,Utility,TRTR,0.9701754385964912,0.01189882453179872,classification,Generators/Experiment with utility data leak/utility results/1. Cancer/TRTR_TSTR_results_cancer.xlsx,utility,0.9701754385964912,,0.0,100.0
1. Cancer,ForestDiffusion,,0.0,Accuracy,0.968421052631579,Extra Trees,,Utility,TSTR,0.968421052631579,0.02007986516185893,classification,Generators/Experiment with utility data leak/utility results/1. Cancer/TRTR_TSTR_results_cancer.xlsx,utility,0.968421052631579,,0.0,100.0
1. Cancer,ForestDiffusion,,0.0,Accuracy_Gap,0.968421052631579,Extra Trees,,Utility,Gap,0.0017543859649122862,0.02007986516185893,classification,Generators/Experiment with utility data leak/utility results/1. Cancer/TRTR_TSTR_results_cancer.xlsx,utility,0.0017543859649122862,,0.0,100.0
1. Cancer,ForestDiffusion,,0.0,F1,0.9589899381997989,Extra Trees,,Utility,TRTR,0.9589899381997989,0.01652286372603384,classification,Generators/Experiment with utility data leak/utility results/1. Cancer/TRTR_TSTR_results_cancer.xlsx,utility,0.9589899381997989,,0.0,100.0
1. Cancer,ForestDiffusion,,0.0,F1,0.9548841008708386,Extra Trees,,Utility,TSTR,0.9548841008708386,0.02934845124707383,classification,Generators/Experiment with utility data leak/utility results/1. Cancer/TRTR_TSTR_results_cancer.xlsx,utility,0.9548841008708386,,0.0,100.0
1. Cancer,ForestDiffusion,,0.0,F1_Gap,0.9548841008708386,Extra Trees,,Utility,Gap,0.0041058373289603045,0.02934845124707383,classification,Generators/Experiment with utility data leak/utility results/1. Cancer/TRTR_TSTR_results_cancer.xlsx,utility,0.0041058373289603045,,0.0,100.0
1. Cancer,ForestDiffusion,,0.0,Precision,0.971542217000243,Extra Trees,,Utility,TRTR,0.971542217000243,0.02506278422086412,classification,Generators/Experiment with utility data leak/utility results/1. Cancer/TRTR_TSTR_results_cancer.xlsx,utility,0.971542217000243,,0.0,100.0
1. Cancer,ForestDiffusion,,0.0,Precision,0.9922331947331948,Extra Trees,,Utility,TSTR,0.9922331947331948,0.01187303560728529,classification,Generators/Experiment with utility data leak/utility results/1. Cancer/TRTR_TSTR_results_cancer.xlsx,utility,0.9922331947331948,,0.0,100.0
1. Cancer,ForestDiffusion,,0.0,Precision_Gap,0.9922331947331948,Extra Trees,,Utility,Gap,-0.02069097773295181,0.01187303560728529,classification,Generators/Experiment with utility data leak/utility results/1. Cancer/TRTR_TSTR_results_cancer.xlsx,utility,-0.02069097773295181,,0.0,100.0
1. Cancer,ForestDiffusion,,0.0,Recall,0.9476190476190476,Extra Trees,,Utility,TRTR,0.9476190476190476,0.02776643759450141,classification,Generators/Experiment with utility data leak/utility results/1. Cancer/TRTR_TSTR_results_cancer.xlsx,utility,0.9476190476190476,,0.0,100.0
1. Cancer,ForestDiffusion,,0.0,Recall,0.9214285714285714,Extra Trees,,Utility,TSTR,0.9214285714285714,0.04999999999999999,classification,Generators/Experiment with utility data leak/utility results/1. Cancer/TRTR_TSTR_results_cancer.xlsx,utility,0.9214285714285714,,0.0,100.0
1. Cancer,ForestDiffusion,,0.0,Recall_Gap,0.9214285714285714,Extra Trees,,Utility,Gap,0.02619047619047621,0.04999999999999999,classification,Generators/Experiment with utility data leak/utility results/1. Cancer/TRTR_TSTR_results_cancer.xlsx,utility,0.02619047619047621,,0.0,100.0
1. Cancer,ForestDiffusion,,,Accuracy_Drop,,Extra Trees,,,Gap,0.001754385964912286,,classification,Generators/Experiment with utility data leak/utility results/1. Cancer/TRTR_TSTR_results_cancer.xlsx,utility,0.001754385964912286,,0.0,100.0
1. Cancer,ForestDiffusion,,,F1_Drop,,Extra Trees,,,Gap,0.004105837328960305,,classification,Generators/Experiment with utility data leak/utility results/1. Cancer/TRTR_TSTR_results_cancer.xlsx,utility,0.004105837328960305,,0.0,100.0
1. Cancer,ForestDiffusion,,,Precision_Drop,,Extra Trees,,,Gap,-0.02069097773295181,,classification,Generators/Experiment with utility data leak/utility results/1. Cancer/TRTR_TSTR_results_cancer.xlsx,utility,-0.02069097773295181,,0.0,100.0
1. Cancer,ForestDiffusion,,,Recall_Drop,,Extra Trees,,,Gap,0.02619047619047621,,classification,Generators/Experiment with utility data leak/utility results/1. Cancer/TRTR_TSTR_results_cancer.xlsx,utility,0.02619047619047621,,0.0,100.0
1. Cancer,ForestDiffusion,,0.0,Accuracy,0.968421052631579,SVM-RBF,,Utility,TRTR,0.968421052631579,0.01806250901927543,classification,Generators/Experiment with utility data leak/utility results/1. Cancer/TRTR_TSTR_results_cancer.xlsx,utility,0.968421052631579,,0.0,100.0
1. Cancer,ForestDiffusion,,0.0,Accuracy,0.976315789473684,SVM-RBF,,Utility,TSTR,0.976315789473684,0.01417148633456448,classification,Generators/Experiment with utility data leak/utility results/1. Cancer/TRTR_TSTR_results_cancer.xlsx,utility,0.976315789473684,,0.0,100.0
1. Cancer,ForestDiffusion,,0.0,Accuracy_Gap,0.976315789473684,SVM-RBF,,Utility,Gap,-0.007894736842105066,0.01417148633456448,classification,Generators/Experiment with utility data leak/utility results/1. Cancer/TRTR_TSTR_results_cancer.xlsx,utility,-0.007894736842105066,,0.0,100.0
1. Cancer,ForestDiffusion,,0.0,F1,0.9562595401456587,SVM-RBF,,Utility,TRTR,0.9562595401456587,0.0249697085948244,classification,Generators/Experiment with utility data leak/utility results/1. Cancer/TRTR_TSTR_results_cancer.xlsx,utility,0.9562595401456587,,0.0,100.0
1. Cancer,ForestDiffusion,,0.0,F1,0.9668967874877652,SVM-RBF,,Utility,TSTR,0.9668967874877652,0.02019724432921812,classification,Generators/Experiment with utility data leak/utility results/1. Cancer/TRTR_TSTR_results_cancer.xlsx,utility,0.9668967874877652,,0.0,100.0
1. Cancer,ForestDiffusion,,0.0,F1_Gap,0.9668967874877652,SVM-RBF,,Utility,Gap,-0.01063724734210647,0.02019724432921812,classification,Generators/Experiment with utility data leak/utility results/1. Cancer/TRTR_TSTR_results_cancer.xlsx,utility,-0.01063724734210647,,0.0,100.0
1. Cancer,ForestDiffusion,,0.0,Precision,0.9756903217837779,SVM-RBF,,Utility,TRTR,0.9756903217837779,0.02809606508844681,classification,Generators/Experiment with utility data leak/utility results/1. Cancer/TRTR_TSTR_results_cancer.xlsx,utility,0.9756903217837779,,0.0,100.0
1. Cancer,ForestDiffusion,,0.0,Precision,0.9876768962744572,SVM-RBF,,Utility,TSTR,0.9876768962744572,0.012330996557035,classification,Generators/Experiment with utility data leak/utility results/1. Cancer/TRTR_TSTR_results_cancer.xlsx,utility,0.9876768962744572,,0.0,100.0
1. Cancer,ForestDiffusion,,0.0,Precision_Gap,0.9876768962744572,SVM-RBF,,Utility,Gap,-0.011986574490679303,0.012330996557035,classification,Generators/Experiment with utility data leak/utility results/1. Cancer/TRTR_TSTR_results_cancer.xlsx,utility,-0.011986574490679303,,0.0,100.0
1. Cancer,ForestDiffusion,,0.0,Recall,0.9380952380952381,SVM-RBF,,Utility,TRTR,0.9380952380952381,0.03049106779729926,classification,Generators/Experiment with utility data leak/utility results/1. Cancer/TRTR_TSTR_results_cancer.xlsx,utility,0.9380952380952381,,0.0,100.0
1. Cancer,ForestDiffusion,,0.0,Recall,0.9476190476190476,SVM-RBF,,Utility,TSTR,0.9476190476190476,0.03499271061118825,classification,Generators/Experiment with utility data leak/utility results/1. Cancer/TRTR_TSTR_results_cancer.xlsx,utility,0.9476190476190476,,0.0,100.0
1. Cancer,ForestDiffusion,,0.0,Recall_Gap,0.9476190476190476,SVM-RBF,,Utility,Gap,-0.00952380952380949,0.03499271061118825,classification,Generators/Experiment with utility data leak/utility results/1. Cancer/TRTR_TSTR_results_cancer.xlsx,utility,-0.00952380952380949,,0.0,100.0
1. Cancer,ForestDiffusion,,,Accuracy_Drop,,SVM-RBF,,,Gap,-0.007894736842105066,,classification,Generators/Experiment with utility data leak/utility results/1. Cancer/TRTR_TSTR_results_cancer.xlsx,utility,-0.007894736842105066,,0.0,100.0
1. Cancer,ForestDiffusion,,,F1_Drop,,SVM-RBF,,,Gap,-0.01063724734210647,,classification,Generators/Experiment with utility data leak/utility results/1. Cancer/TRTR_TSTR_results_cancer.xlsx,utility,-0.01063724734210647,,0.0,100.0
1. Cancer,ForestDiffusion,,,Precision_Drop,,SVM-RBF,,,Gap,-0.0119865744906793,,classification,Generators/Experiment with utility data leak/utility results/1. Cancer/TRTR_TSTR_results_cancer.xlsx,utility,-0.0119865744906793,,0.0,100.0
1. Cancer,ForestDiffusion,,,Recall_Drop,,SVM-RBF,,,Gap,-0.00952380952380949,,classification,Generators/Experiment with utility data leak/utility results/1. Cancer/TRTR_TSTR_results_cancer.xlsx,utility,-0.00952380952380949,,0.0,100.0
1. Cancer,ForestDiffusion,,0.0,Accuracy,0.9666666666666666,AdaBoost,,Utility,TRTR,0.9666666666666666,0.01022974016639526,classification,Generators/Experiment with utility data leak/utility results/1. Cancer/TRTR_TSTR_results_cancer.xlsx,utility,0.9666666666666666,,0.0,100.0
1. Cancer,ForestDiffusion,,0.0,Accuracy,0.9771929824561403,AdaBoost,,Utility,TSTR,0.9771929824561403,0.01370219241387132,classification,Generators/Experiment with utility data leak/utility results/1. Cancer/TRTR_TSTR_results_cancer.xlsx,utility,0.9771929824561403,,0.0,100.0
1. Cancer,ForestDiffusion,,0.0,Accuracy_Gap,0.9771929824561403,AdaBoost,,Utility,Gap,-0.010526315789473717,0.01370219241387132,classification,Generators/Experiment with utility data leak/utility results/1. Cancer/TRTR_TSTR_results_cancer.xlsx,utility,-0.010526315789473717,,0.0,100.0
1. Cancer,ForestDiffusion,,0.0,F1,0.9537824074424763,AdaBoost,,Utility,TRTR,0.9537824074424763,0.01443243582836966,classification,Generators/Experiment with utility data leak/utility results/1. Cancer/TRTR_TSTR_results_cancer.xlsx,utility,0.9537824074424763,,0.0,100.0
1. Cancer,ForestDiffusion,,0.0,F1,0.9683790770860614,AdaBoost,,Utility,TSTR,0.9683790770860614,0.01893114988312735,classification,Generators/Experiment with utility data leak/utility results/1. Cancer/TRTR_TSTR_results_cancer.xlsx,utility,0.9683790770860614,,0.0,100.0
1. Cancer,ForestDiffusion,,0.0,F1_Gap,0.9683790770860614,AdaBoost,,Utility,Gap,-0.01459666964358508,0.01893114988312735,classification,Generators/Experiment with utility data leak/utility results/1. Cancer/TRTR_TSTR_results_cancer.xlsx,utility,-0.01459666964358508,,0.0,100.0
1. Cancer,ForestDiffusion,,0.0,Precision,0.9735489892977129,AdaBoost,,Utility,TRTR,0.9735489892977129,0.02210918228480495,classification,Generators/Experiment with utility data leak/utility results/1. Cancer/TRTR_TSTR_results_cancer.xlsx,utility,0.9735489892977129,,0.0,100.0
1. Cancer,ForestDiffusion,,0.0,Precision,0.9863465053255183,AdaBoost,,Utility,TSTR,0.9863465053255183,0.02678203181220571,classification,Generators/Experiment with utility data leak/utility results/1. Cancer/TRTR_TSTR_results_cancer.xlsx,utility,0.9863465053255183,,0.0,100.0
1. Cancer,ForestDiffusion,,0.0,Precision_Gap,0.9863465053255183,AdaBoost,,Utility,Gap,-0.012797516027805322,0.02678203181220571,classification,Generators/Experiment with utility data leak/utility results/1. Cancer/TRTR_TSTR_results_cancer.xlsx,utility,-0.012797516027805322,,0.0,100.0
1. Cancer,ForestDiffusion,,0.0,Recall,0.9357142857142857,AdaBoost,,Utility,TRTR,0.9357142857142857,0.02827224306437598,classification,Generators/Experiment with utility data leak/utility results/1. Cancer/TRTR_TSTR_results_cancer.xlsx,utility,0.9357142857142857,,0.0,100.0
1. Cancer,ForestDiffusion,,0.0,Recall,0.9523809523809523,AdaBoost,,Utility,TSTR,0.9523809523809523,0.03531523089093172,classification,Generators/Experiment with utility data leak/utility results/1. Cancer/TRTR_TSTR_results_cancer.xlsx,utility,0.9523809523809523,,0.0,100.0
1. Cancer,ForestDiffusion,,0.0,Recall_Gap,0.9523809523809523,AdaBoost,,Utility,Gap,-0.016666666666666607,0.03531523089093172,classification,Generators/Experiment with utility data leak/utility results/1. Cancer/TRTR_TSTR_results_cancer.xlsx,utility,-0.016666666666666607,,0.0,100.0
1. Cancer,ForestDiffusion,,,Accuracy_Drop,,AdaBoost,,,Gap,-0.01052631578947372,,classification,Generators/Experiment with utility data leak/utility results/1. Cancer/TRTR_TSTR_results_cancer.xlsx,utility,-0.01052631578947372,,0.0,100.0
1. Cancer,ForestDiffusion,,,F1_Drop,,AdaBoost,,,Gap,-0.01459666964358508,,classification,Generators/Experiment with utility data leak/utility results/1. Cancer/TRTR_TSTR_results_cancer.xlsx,utility,-0.01459666964358508,,0.0,100.0
1. Cancer,ForestDiffusion,,,Precision_Drop,,AdaBoost,,,Gap,-0.01279751602780532,,classification,Generators/Experiment with utility data leak/utility results/1. Cancer/TRTR_TSTR_results_cancer.xlsx,utility,-0.01279751602780532,,0.0,100.0
1. Cancer,ForestDiffusion,,,Recall_Drop,,AdaBoost,,,Gap,-0.01666666666666661,,classification,Generators/Experiment with utility data leak/utility results/1. Cancer/TRTR_TSTR_results_cancer.xlsx,utility,-0.01666666666666661,,0.0,100.0
1. Cancer,ForestDiffusion,,0.0,Accuracy,0.9631578947368421,Gradient Boosting,,Utility,TRTR,0.9631578947368421,0.0203084857943688,classification,Generators/Experiment with utility data leak/utility results/1. Cancer/TRTR_TSTR_results_cancer.xlsx,utility,0.9631578947368421,,0.0,100.0
1. Cancer,ForestDiffusion,,0.0,Accuracy,0.9728070175438598,Gradient Boosting,,Utility,TSTR,0.9728070175438598,0.01491228070175439,classification,Generators/Experiment with utility data leak/utility results/1. Cancer/TRTR_TSTR_results_cancer.xlsx,utility,0.9728070175438598,,0.0,100.0
1. Cancer,ForestDiffusion,,0.0,Accuracy_Gap,0.9728070175438598,Gradient Boosting,,Utility,Gap,-0.009649122807017685,0.01491228070175439,classification,Generators/Experiment with utility data leak/utility results/1. Cancer/TRTR_TSTR_results_cancer.xlsx,utility,-0.009649122807017685,,0.0,100.0
1. Cancer,ForestDiffusion,,0.0,F1,0.9494212600983015,Gradient Boosting,,Utility,TRTR,0.9494212600983015,0.02779434087071402,classification,Generators/Experiment with utility data leak/utility results/1. Cancer/TRTR_TSTR_results_cancer.xlsx,utility,0.9494212600983015,,0.0,100.0
1. Cancer,ForestDiffusion,,0.0,F1,0.9619575125900426,Gradient Boosting,,Utility,TSTR,0.9619575125900426,0.02116204340633657,classification,Generators/Experiment with utility data leak/utility results/1. Cancer/TRTR_TSTR_results_cancer.xlsx,utility,0.9619575125900426,,0.0,100.0
1. Cancer,ForestDiffusion,,0.0,F1_Gap,0.9619575125900426,Gradient Boosting,,Utility,Gap,-0.012536252491741062,0.02116204340633657,classification,Generators/Experiment with utility data leak/utility results/1. Cancer/TRTR_TSTR_results_cancer.xlsx,utility,-0.012536252491741062,,0.0,100.0
1. Cancer,ForestDiffusion,,0.0,Precision,0.9620305430373497,Gradient Boosting,,Utility,TRTR,0.9620305430373497,0.0358379580625646,classification,Generators/Experiment with utility data leak/utility results/1. Cancer/TRTR_TSTR_results_cancer.xlsx,utility,0.9620305430373497,,0.0,100.0
1. Cancer,ForestDiffusion,,0.0,Precision,0.9852313711107037,Gradient Boosting,,Utility,TSTR,0.9852313711107037,0.01627142953979377,classification,Generators/Experiment with utility data leak/utility results/1. Cancer/TRTR_TSTR_results_cancer.xlsx,utility,0.9852313711107037,,0.0,100.0
1. Cancer,ForestDiffusion,,0.0,Precision_Gap,0.9852313711107037,Gradient Boosting,,Utility,Gap,-0.023200828073353996,0.01627142953979377,classification,Generators/Experiment with utility data leak/utility results/1. Cancer/TRTR_TSTR_results_cancer.xlsx,utility,-0.023200828073353996,,0.0,100.0
1. Cancer,ForestDiffusion,,0.0,Recall,0.938095238095238,Gradient Boosting,,Utility,TRTR,0.938095238095238,0.03400680204068023,classification,Generators/Experiment with utility data leak/utility results/1. Cancer/TRTR_TSTR_results_cancer.xlsx,utility,0.938095238095238,,0.0,100.0
1. Cancer,ForestDiffusion,,0.0,Recall,0.9404761904761905,Gradient Boosting,,Utility,TSTR,0.9404761904761905,0.03571428571428571,classification,Generators/Experiment with utility data leak/utility results/1. Cancer/TRTR_TSTR_results_cancer.xlsx,utility,0.9404761904761905,,0.0,100.0
1. Cancer,ForestDiffusion,,0.0,Recall_Gap,0.9404761904761905,Gradient Boosting,,Utility,Gap,-0.0023809523809524835,0.03571428571428571,classification,Generators/Experiment with utility data leak/utility results/1. Cancer/TRTR_TSTR_results_cancer.xlsx,utility,-0.0023809523809524835,,0.0,100.0
1. Cancer,ForestDiffusion,,,Accuracy_Drop,,Gradient Boosting,,,Gap,-0.009649122807017685,,classification,Generators/Experiment with utility data leak/utility results/1. Cancer/TRTR_TSTR_results_cancer.xlsx,utility,-0.009649122807017685,,0.0,100.0
1. Cancer,ForestDiffusion,,,F1_Drop,,Gradient Boosting,,,Gap,-0.01253625249174106,,classification,Generators/Experiment with utility data leak/utility results/1. Cancer/TRTR_TSTR_results_cancer.xlsx,utility,-0.01253625249174106,,0.0,100.0
1. Cancer,ForestDiffusion,,,Precision_Drop,,Gradient Boosting,,,Gap,-0.023200828073354,,classification,Generators/Experiment with utility data leak/utility results/1. Cancer/TRTR_TSTR_results_cancer.xlsx,utility,-0.023200828073354,,0.0,100.0
1. Cancer,ForestDiffusion,,,Recall_Drop,,Gradient Boosting,,,Gap,-0.002380952380952484,,classification,Generators/Experiment with utility data leak/utility results/1. Cancer/TRTR_TSTR_results_cancer.xlsx,utility,-0.002380952380952484,,0.0,100.0
1. Cancer,ForestDiffusion,,0.0,Accuracy,0.962280701754386,Random Forest,,Utility,TRTR,0.962280701754386,0.0136176971019825,classification,Generators/Experiment with utility data leak/utility results/1. Cancer/TRTR_TSTR_results_cancer.xlsx,utility,0.962280701754386,,0.0,100.0
1. Cancer,ForestDiffusion,,0.0,Accuracy,0.9692982456140351,Random Forest,,Utility,TSTR,0.9692982456140351,0.0212164677586804,classification,Generators/Experiment with utility data leak/utility results/1. Cancer/TRTR_TSTR_results_cancer.xlsx,utility,0.9692982456140351,,0.0,100.0
1. Cancer,ForestDiffusion,,0.0,Accuracy_Gap,0.9692982456140351,Random Forest,,Utility,Gap,-0.007017543859649145,0.0212164677586804,classification,Generators/Experiment with utility data leak/utility results/1. Cancer/TRTR_TSTR_results_cancer.xlsx,utility,-0.007017543859649145,,0.0,100.0
1. Cancer,ForestDiffusion,,0.0,F1,0.9482304799188631,Random Forest,,Utility,TRTR,0.9482304799188631,0.01843776018375915,classification,Generators/Experiment with utility data leak/utility results/1. Cancer/TRTR_TSTR_results_cancer.xlsx,utility,0.9482304799188631,,0.0,100.0
1. Cancer,ForestDiffusion,,0.0,F1,0.9562420946465988,Random Forest,,Utility,TSTR,0.9562420946465988,0.03078678036577362,classification,Generators/Experiment with utility data leak/utility results/1. Cancer/TRTR_TSTR_results_cancer.xlsx,utility,0.9562420946465988,,0.0,100.0
1. Cancer,ForestDiffusion,,0.0,F1_Gap,0.9562420946465988,Random Forest,,Utility,Gap,-0.008011614727735705,0.03078678036577362,classification,Generators/Experiment with utility data leak/utility results/1. Cancer/TRTR_TSTR_results_cancer.xlsx,utility,-0.008011614727735705,,0.0,100.0
1. Cancer,ForestDiffusion,,0.0,Precision,0.9617923931806518,Random Forest,,Utility,TRTR,0.9617923931806518,0.02967466301692189,classification,Generators/Experiment with utility data leak/utility results/1. Cancer/TRTR_TSTR_results_cancer.xlsx,utility,0.9617923931806518,,0.0,100.0
1. Cancer,ForestDiffusion,,0.0,Precision,0.9898962148962148,Random Forest,,Utility,TSTR,0.9898962148962148,0.01635779965675632,classification,Generators/Experiment with utility data leak/utility results/1. Cancer/TRTR_TSTR_results_cancer.xlsx,utility,0.9898962148962148,,0.0,100.0
1. Cancer,ForestDiffusion,,0.0,Precision_Gap,0.9898962148962148,Random Forest,,Utility,Gap,-0.028103821715563027,0.01635779965675632,classification,Generators/Experiment with utility data leak/utility results/1. Cancer/TRTR_TSTR_results_cancer.xlsx,utility,-0.028103821715563027,,0.0,100.0
1. Cancer,ForestDiffusion,,0.0,Recall,0.9357142857142857,Random Forest,,Utility,TRTR,0.9357142857142857,0.0214285714285714,classification,Generators/Experiment with utility data leak/utility results/1. Cancer/TRTR_TSTR_results_cancer.xlsx,utility,0.9357142857142857,,0.0,100.0
1. Cancer,ForestDiffusion,,0.0,Recall,0.9261904761904761,Random Forest,,Utility,TSTR,0.9261904761904761,0.05265081997022852,classification,Generators/Experiment with utility data leak/utility results/1. Cancer/TRTR_TSTR_results_cancer.xlsx,utility,0.9261904761904761,,0.0,100.0
1. Cancer,ForestDiffusion,,0.0,Recall_Gap,0.9261904761904761,Random Forest,,Utility,Gap,0.009523809523809601,0.05265081997022852,classification,Generators/Experiment with utility data leak/utility results/1. Cancer/TRTR_TSTR_results_cancer.xlsx,utility,0.009523809523809601,,0.0,100.0
1. Cancer,ForestDiffusion,,,Accuracy_Drop,,Random Forest,,,Gap,-0.007017543859649145,,classification,Generators/Experiment with utility data leak/utility results/1. Cancer/TRTR_TSTR_results_cancer.xlsx,utility,-0.007017543859649145,,0.0,100.0
1. Cancer,ForestDiffusion,,,F1_Drop,,Random Forest,,,Gap,-0.008011614727735705,,classification,Generators/Experiment with utility data leak/utility results/1. Cancer/TRTR_TSTR_results_cancer.xlsx,utility,-0.008011614727735705,,0.0,100.0
1. Cancer,ForestDiffusion,,,Precision_Drop,,Random Forest,,,Gap,-0.02810382171556303,,classification,Generators/Experiment with utility data leak/utility results/1. Cancer/TRTR_TSTR_results_cancer.xlsx,utility,-0.02810382171556303,,0.0,100.0
1. Cancer,ForestDiffusion,,,Recall_Drop,,Random Forest,,,Gap,0.009523809523809601,,classification,Generators/Experiment with utility data leak/utility results/1. Cancer/TRTR_TSTR_results_cancer.xlsx,utility,0.009523809523809601,,0.0,100.0
1. Cancer,ForestDiffusion,,0.0,Accuracy,0.962280701754386,KNN,,Utility,TRTR,0.962280701754386,0.01883413206454726,classification,Generators/Experiment with utility data leak/utility results/1. Cancer/TRTR_TSTR_results_cancer.xlsx,utility,0.962280701754386,,0.0,100.0
1. Cancer,ForestDiffusion,,0.0,Accuracy,0.9526315789473683,KNN,,Utility,TSTR,0.9526315789473683,0.01848360307518024,classification,Generators/Experiment with utility data leak/utility results/1. Cancer/TRTR_TSTR_results_cancer.xlsx,utility,0.9526315789473683,,0.0,100.0
1. Cancer,ForestDiffusion,,0.0,Accuracy_Gap,0.9526315789473683,KNN,,Utility,Gap,0.009649122807017685,0.01848360307518024,classification,Generators/Experiment with utility data leak/utility results/1. Cancer/TRTR_TSTR_results_cancer.xlsx,utility,0.009649122807017685,,0.0,100.0
1. Cancer,ForestDiffusion,,0.0,F1,0.947074373024434,KNN,,Utility,TRTR,0.947074373024434,0.02672761688789936,classification,Generators/Experiment with utility data leak/utility results/1. Cancer/TRTR_TSTR_results_cancer.xlsx,utility,0.947074373024434,,0.0,100.0
1. Cancer,ForestDiffusion,,0.0,F1,0.9332309434412295,KNN,,Utility,TSTR,0.9332309434412295,0.02747334297566519,classification,Generators/Experiment with utility data leak/utility results/1. Cancer/TRTR_TSTR_results_cancer.xlsx,utility,0.9332309434412295,,0.0,100.0
1. Cancer,ForestDiffusion,,0.0,F1_Gap,0.9332309434412295,KNN,,Utility,Gap,0.013843429583204503,0.02747334297566519,classification,Generators/Experiment with utility data leak/utility results/1. Cancer/TRTR_TSTR_results_cancer.xlsx,utility,0.013843429583204503,,0.0,100.0
1. Cancer,ForestDiffusion,,0.0,Precision,0.9751404010156286,KNN,,Utility,TRTR,0.9751404010156286,0.02459125532957641,classification,Generators/Experiment with utility data leak/utility results/1. Cancer/TRTR_TSTR_results_cancer.xlsx,utility,0.9751404010156286,,0.0,100.0
1. Cancer,ForestDiffusion,,0.0,Precision,0.9629047211524746,KNN,,Utility,TSTR,0.9629047211524746,0.02270577718504238,classification,Generators/Experiment with utility data leak/utility results/1. Cancer/TRTR_TSTR_results_cancer.xlsx,utility,0.9629047211524746,,0.0,100.0
1. Cancer,ForestDiffusion,,0.0,Precision_Gap,0.9629047211524746,KNN,,Utility,Gap,0.012235679863153992,0.02270577718504238,classification,Generators/Experiment with utility data leak/utility results/1. Cancer/TRTR_TSTR_results_cancer.xlsx,utility,0.012235679863153992,,0.0,100.0
1. Cancer,ForestDiffusion,,0.0,Recall,0.9214285714285715,KNN,,Utility,TRTR,0.9214285714285715,0.03991203479581002,classification,Generators/Experiment with utility data leak/utility results/1. Cancer/TRTR_TSTR_results_cancer.xlsx,utility,0.9214285714285715,,0.0,100.0
1. Cancer,ForestDiffusion,,0.0,Recall,0.9071428571428571,KNN,,Utility,TSTR,0.9071428571428571,0.0504514764295645,classification,Generators/Experiment with utility data leak/utility results/1. Cancer/TRTR_TSTR_results_cancer.xlsx,utility,0.9071428571428571,,0.0,100.0
1. Cancer,ForestDiffusion,,0.0,Recall_Gap,0.9071428571428571,KNN,,Utility,Gap,0.014285714285714346,0.0504514764295645,classification,Generators/Experiment with utility data leak/utility results/1. Cancer/TRTR_TSTR_results_cancer.xlsx,utility,0.014285714285714346,,0.0,100.0
1. Cancer,ForestDiffusion,,,Accuracy_Drop,,KNN,,,Gap,0.009649122807017685,,classification,Generators/Experiment with utility data leak/utility results/1. Cancer/TRTR_TSTR_results_cancer.xlsx,utility,0.009649122807017685,,0.0,100.0
1. Cancer,ForestDiffusion,,,F1_Drop,,KNN,,,Gap,0.0138434295832045,,classification,Generators/Experiment with utility data leak/utility results/1. Cancer/TRTR_TSTR_results_cancer.xlsx,utility,0.0138434295832045,,0.0,100.0
1. Cancer,ForestDiffusion,,,Precision_Drop,,KNN,,,Gap,0.01223567986315399,,classification,Generators/Experiment with utility data leak/utility results/1. Cancer/TRTR_TSTR_results_cancer.xlsx,utility,0.01223567986315399,,0.0,100.0
1. Cancer,ForestDiffusion,,,Recall_Drop,,KNN,,,Gap,0.01428571428571435,,classification,Generators/Experiment with utility data leak/utility results/1. Cancer/TRTR_TSTR_results_cancer.xlsx,utility,0.01428571428571435,,0.0,100.0
1. Cancer,ForestDiffusion,,0.0,Accuracy,0.9350877192982457,Decision Tree,,Utility,TRTR,0.9350877192982457,0.02045948033279054,classification,Generators/Experiment with utility data leak/utility results/1. Cancer/TRTR_TSTR_results_cancer.xlsx,utility,0.9350877192982457,,0.0,100.0
1. Cancer,ForestDiffusion,,0.0,Accuracy,0.9184210526315789,Decision Tree,,Utility,TSTR,0.9184210526315789,0.02355389751245184,classification,Generators/Experiment with utility data leak/utility results/1. Cancer/TRTR_TSTR_results_cancer.xlsx,utility,0.9184210526315789,,0.0,100.0
1. Cancer,ForestDiffusion,,0.0,Accuracy_Gap,0.9184210526315789,Decision Tree,,Utility,Gap,0.01666666666666683,0.02355389751245184,classification,Generators/Experiment with utility data leak/utility results/1. Cancer/TRTR_TSTR_results_cancer.xlsx,utility,0.01666666666666683,,0.0,100.0
1. Cancer,ForestDiffusion,,0.0,F1,0.9122461606275634,Decision Tree,,Utility,TRTR,0.9122461606275634,0.02771502846045041,classification,Generators/Experiment with utility data leak/utility results/1. Cancer/TRTR_TSTR_results_cancer.xlsx,utility,0.9122461606275634,,0.0,100.0
1. Cancer,ForestDiffusion,,0.0,F1,0.8874586514506332,Decision Tree,,Utility,TSTR,0.8874586514506332,0.03462216351334562,classification,Generators/Experiment with utility data leak/utility results/1. Cancer/TRTR_TSTR_results_cancer.xlsx,utility,0.8874586514506332,,0.0,100.0
1. Cancer,ForestDiffusion,,0.0,F1_Gap,0.8874586514506332,Decision Tree,,Utility,Gap,0.024787509176930178,0.03462216351334562,classification,Generators/Experiment with utility data leak/utility results/1. Cancer/TRTR_TSTR_results_cancer.xlsx,utility,0.024787509176930178,,0.0,100.0
1. Cancer,ForestDiffusion,,0.0,Precision,0.9096981560397401,Decision Tree,,Utility,TRTR,0.9096981560397401,0.03732307542896939,classification,Generators/Experiment with utility data leak/utility results/1. Cancer/TRTR_TSTR_results_cancer.xlsx,utility,0.9096981560397401,,0.0,100.0
1. Cancer,ForestDiffusion,,0.0,Precision,0.8978543785778763,Decision Tree,,Utility,TSTR,0.8978543785778763,0.02583052328885385,classification,Generators/Experiment with utility data leak/utility results/1. Cancer/TRTR_TSTR_results_cancer.xlsx,utility,0.8978543785778763,,0.0,100.0
1. Cancer,ForestDiffusion,,0.0,Precision_Gap,0.8978543785778763,Decision Tree,,Utility,Gap,0.011843777461863825,0.02583052328885385,classification,Generators/Experiment with utility data leak/utility results/1. Cancer/TRTR_TSTR_results_cancer.xlsx,utility,0.011843777461863825,,0.0,100.0
1. Cancer,ForestDiffusion,,0.0,Recall,0.9166666666666666,Decision Tree,,Utility,TRTR,0.9166666666666666,0.04158154570612613,classification,Generators/Experiment with utility data leak/utility results/1. Cancer/TRTR_TSTR_results_cancer.xlsx,utility,0.9166666666666666,,0.0,100.0
1. Cancer,ForestDiffusion,,0.0,Recall,0.8785714285714284,Decision Tree,,Utility,TSTR,0.8785714285714284,0.05265081997022854,classification,Generators/Experiment with utility data leak/utility results/1. Cancer/TRTR_TSTR_results_cancer.xlsx,utility,0.8785714285714284,,0.0,100.0
1. Cancer,ForestDiffusion,,0.0,Recall_Gap,0.8785714285714284,Decision Tree,,Utility,Gap,0.03809523809523818,0.05265081997022854,classification,Generators/Experiment with utility data leak/utility results/1. Cancer/TRTR_TSTR_results_cancer.xlsx,utility,0.03809523809523818,,0.0,100.0
1. Cancer,ForestDiffusion,,,Accuracy_Drop,,Decision Tree,,,Gap,0.01666666666666683,,classification,Generators/Experiment with utility data leak/utility results/1. Cancer/TRTR_TSTR_results_cancer.xlsx,utility,0.01666666666666683,,0.0,100.0
1. Cancer,ForestDiffusion,,,F1_Drop,,Decision Tree,,,Gap,0.02478750917693018,,classification,Generators/Experiment with utility data leak/utility results/1. Cancer/TRTR_TSTR_results_cancer.xlsx,utility,0.02478750917693018,,0.0,100.0
1. Cancer,ForestDiffusion,,,Precision_Drop,,Decision Tree,,,Gap,0.01184377746186382,,classification,Generators/Experiment with utility data leak/utility results/1. Cancer/TRTR_TSTR_results_cancer.xlsx,utility,0.01184377746186382,,0.0,100.0
1. Cancer,ForestDiffusion,,,Recall_Drop,,Decision Tree,,,Gap,0.03809523809523818,,classification,Generators/Experiment with utility data leak/utility results/1. Cancer/TRTR_TSTR_results_cancer.xlsx,utility,0.03809523809523818,,0.0,100.0
1. Cancer,ForestDiffusion,,0.0,Accuracy,0.9324561403508772,Naive Bayes,,Utility,TRTR,0.9324561403508772,0.02322491630679601,classification,Generators/Experiment with utility data leak/utility results/1. Cancer/TRTR_TSTR_results_cancer.xlsx,utility,0.9324561403508772,,0.0,100.0
1. Cancer,ForestDiffusion,,0.0,Accuracy,0.9280701754385966,Naive Bayes,,Utility,TSTR,0.9280701754385966,0.02105263157894736,classification,Generators/Experiment with utility data leak/utility results/1. Cancer/TRTR_TSTR_results_cancer.xlsx,utility,0.9280701754385966,,0.0,100.0
1. Cancer,ForestDiffusion,,0.0,Accuracy_Gap,0.9280701754385966,Naive Bayes,,Utility,Gap,0.004385964912280604,0.02105263157894736,classification,Generators/Experiment with utility data leak/utility results/1. Cancer/TRTR_TSTR_results_cancer.xlsx,utility,0.004385964912280604,,0.0,100.0
1. Cancer,ForestDiffusion,,0.0,F1,0.9055642341410918,Naive Bayes,,Utility,TRTR,0.9055642341410918,0.0327534076549362,classification,Generators/Experiment with utility data leak/utility results/1. Cancer/TRTR_TSTR_results_cancer.xlsx,utility,0.9055642341410918,,0.0,100.0
1. Cancer,ForestDiffusion,,0.0,F1,0.8998892151047351,Naive Bayes,,Utility,TSTR,0.8998892151047351,0.03076924209025666,classification,Generators/Experiment with utility data leak/utility results/1. Cancer/TRTR_TSTR_results_cancer.xlsx,utility,0.8998892151047351,,0.0,100.0
1. Cancer,ForestDiffusion,,0.0,F1_Gap,0.8998892151047351,Naive Bayes,,Utility,Gap,0.005675019036356699,0.03076924209025666,classification,Generators/Experiment with utility data leak/utility results/1. Cancer/TRTR_TSTR_results_cancer.xlsx,utility,0.005675019036356699,,0.0,100.0
1. Cancer,ForestDiffusion,,0.0,Precision,0.931024002484766,Naive Bayes,,Utility,TRTR,0.931024002484766,0.03636585629143303,classification,Generators/Experiment with utility data leak/utility results/1. Cancer/TRTR_TSTR_results_cancer.xlsx,utility,0.931024002484766,,0.0,100.0
1. Cancer,ForestDiffusion,,0.0,Precision,0.9197667999268523,Naive Bayes,,Utility,TSTR,0.9197667999268523,0.03384720557007491,classification,Generators/Experiment with utility data leak/utility results/1. Cancer/TRTR_TSTR_results_cancer.xlsx,utility,0.9197667999268523,,0.0,100.0
1. Cancer,ForestDiffusion,,0.0,Precision_Gap,0.9197667999268523,Naive Bayes,,Utility,Gap,0.011257202557913737,0.03384720557007491,classification,Generators/Experiment with utility data leak/utility results/1. Cancer/TRTR_TSTR_results_cancer.xlsx,utility,0.011257202557913737,,0.0,100.0
1. Cancer,ForestDiffusion,,0.0,Recall,0.8833333333333332,Naive Bayes,,Utility,TRTR,0.8833333333333332,0.05156287578025646,classification,Generators/Experiment with utility data leak/utility results/1. Cancer/TRTR_TSTR_results_cancer.xlsx,utility,0.8833333333333332,,0.0,100.0
1. Cancer,ForestDiffusion,,0.0,Recall,0.8833333333333334,Naive Bayes,,Utility,TSTR,0.8833333333333334,0.05578749768504752,classification,Generators/Experiment with utility data leak/utility results/1. Cancer/TRTR_TSTR_results_cancer.xlsx,utility,0.8833333333333334,,0.0,100.0
1. Cancer,ForestDiffusion,,0.0,Recall_Gap,0.8833333333333334,Naive Bayes,,Utility,Gap,-2.220446049250313e-16,0.05578749768504752,classification,Generators/Experiment with utility data leak/utility results/1. Cancer/TRTR_TSTR_results_cancer.xlsx,utility,-2.220446049250313e-16,,0.0,100.0
1. Cancer,ForestDiffusion,,,Accuracy_Drop,,Naive Bayes,,,Gap,0.004385964912280604,,classification,Generators/Experiment with utility data leak/utility results/1. Cancer/TRTR_TSTR_results_cancer.xlsx,utility,0.004385964912280604,,0.0,100.0
1. Cancer,ForestDiffusion,,,F1_Drop,,Naive Bayes,,,Gap,0.005675019036356699,,classification,Generators/Experiment with utility data leak/utility results/1. Cancer/TRTR_TSTR_results_cancer.xlsx,utility,0.005675019036356699,,0.0,100.0
1. Cancer,ForestDiffusion,,,Precision_Drop,,Naive Bayes,,,Gap,0.01125720255791374,,classification,Generators/Experiment with utility data leak/utility results/1. Cancer/TRTR_TSTR_results_cancer.xlsx,utility,0.01125720255791374,,0.0,100.0
1. Cancer,ForestDiffusion,,,Recall_Drop,,Naive Bayes,,,Gap,-2.220446049250313e-16,,classification,Generators/Experiment with utility data leak/utility results/1. Cancer/TRTR_TSTR_results_cancer.xlsx,utility,-2.220446049250313e-16,,0.0,100.0
1. Cancer,CTGAN,,0.0,Accuracy,0.9789473684210526,Logistic Regression,,Utility,TRTR,0.9789473684210526,0.009768007654087744,classification,Generators/Experiment with utility data leak/utility results/1. Cancer/TRTR_TSTR_results_cancer.xlsx,utility,0.9789473684210526,,0.0,100.0
1. Cancer,CTGAN,,0.0,Accuracy,0.7912280701754387,Logistic Regression,,Utility,TSTR,0.7912280701754387,0.0128920512778062,classification,Generators/Experiment with utility data leak/utility results/1. Cancer/TRTR_TSTR_results_cancer.xlsx,utility,0.7912280701754387,,0.0,100.0
1. Cancer,CTGAN,,0.0,Accuracy_Gap,0.7912280701754387,Logistic Regression,,Utility,Gap,0.18771929824561384,0.0128920512778062,classification,Generators/Experiment with utility data leak/utility results/1. Cancer/TRTR_TSTR_results_cancer.xlsx,utility,0.18771929824561384,,0.0,100.0
1. Cancer,CTGAN,,0.0,F1,0.9707868770215718,Logistic Regression,,Utility,TRTR,0.9707868770215718,0.0137941861874265,classification,Generators/Experiment with utility data leak/utility results/1. Cancer/TRTR_TSTR_results_cancer.xlsx,utility,0.9707868770215718,,0.0,100.0
1. Cancer,CTGAN,,0.0,F1,0.7657846423459664,Logistic Regression,,Utility,TSTR,0.7657846423459664,0.01159782677494995,classification,Generators/Experiment with utility data leak/utility results/1. Cancer/TRTR_TSTR_results_cancer.xlsx,utility,0.7657846423459664,,0.0,100.0
1. Cancer,CTGAN,,0.0,F1_Gap,0.7657846423459664,Logistic Regression,,Utility,Gap,0.2050022346756054,0.01159782677494995,classification,Generators/Experiment with utility data leak/utility results/1. Cancer/TRTR_TSTR_results_cancer.xlsx,utility,0.2050022346756054,,0.0,100.0
1. Cancer,CTGAN,,0.0,Precision,0.9901768962744573,Logistic Regression,,Utility,TRTR,0.9901768962744573,0.01203823054760635,classification,Generators/Experiment with utility data leak/utility results/1. Cancer/TRTR_TSTR_results_cancer.xlsx,utility,0.9901768962744573,,0.0,100.0
1. Cancer,CTGAN,,0.0,Precision,0.6535649630917597,Logistic Regression,,Utility,TSTR,0.6535649630917597,0.01919003519494301,classification,Generators/Experiment with utility data leak/utility results/1. Cancer/TRTR_TSTR_results_cancer.xlsx,utility,0.6535649630917597,,0.0,100.0
1. Cancer,CTGAN,,0.0,Precision_Gap,0.6535649630917597,Logistic Regression,,Utility,Gap,0.33661193318269755,0.01919003519494301,classification,Generators/Experiment with utility data leak/utility results/1. Cancer/TRTR_TSTR_results_cancer.xlsx,utility,0.33661193318269755,,0.0,100.0
1. Cancer,CTGAN,,0.0,Recall,0.9523809523809523,Logistic Regression,,Utility,TRTR,0.9523809523809523,0.02129588549999798,classification,Generators/Experiment with utility data leak/utility results/1. Cancer/TRTR_TSTR_results_cancer.xlsx,utility,0.9523809523809523,,0.0,100.0
1. Cancer,CTGAN,,0.0,Recall,0.9261904761904762,Logistic Regression,,Utility,TSTR,0.9261904761904762,0.03095238095238095,classification,Generators/Experiment with utility data leak/utility results/1. Cancer/TRTR_TSTR_results_cancer.xlsx,utility,0.9261904761904762,,0.0,100.0
1. Cancer,CTGAN,,0.0,Recall_Gap,0.9261904761904762,Logistic Regression,,Utility,Gap,0.026190476190476097,0.03095238095238095,classification,Generators/Experiment with utility data leak/utility results/1. Cancer/TRTR_TSTR_results_cancer.xlsx,utility,0.026190476190476097,,0.0,100.0
1. Cancer,CTGAN,,,Accuracy_Drop,,Logistic Regression,,,Gap,0.1877192982456138,,classification,Generators/Experiment with utility data leak/utility results/1. Cancer/TRTR_TSTR_results_cancer.xlsx,utility,0.1877192982456138,,0.0,100.0
1. Cancer,CTGAN,,,F1_Drop,,Logistic Regression,,,Gap,0.2050022346756054,,classification,Generators/Experiment with utility data leak/utility results/1. Cancer/TRTR_TSTR_results_cancer.xlsx,utility,0.2050022346756054,,0.0,100.0
1. Cancer,CTGAN,,,Precision_Drop,,Logistic Regression,,,Gap,0.3366119331826976,,classification,Generators/Experiment with utility data leak/utility results/1. Cancer/TRTR_TSTR_results_cancer.xlsx,utility,0.3366119331826976,,0.0,100.0
1. Cancer,CTGAN,,,Recall_Drop,,Logistic Regression,,,Gap,0.0261904761904761,,classification,Generators/Experiment with utility data leak/utility results/1. Cancer/TRTR_TSTR_results_cancer.xlsx,utility,0.0261904761904761,,0.0,100.0
1. Cancer,CTGAN,,0.0,Accuracy,0.974561403508772,MLP,,Utility,TRTR,0.974561403508772,0.01327433855300136,classification,Generators/Experiment with utility data leak/utility results/1. Cancer/TRTR_TSTR_results_cancer.xlsx,utility,0.974561403508772,,0.0,100.0
1. Cancer,CTGAN,,0.0,Accuracy,0.7201754385964911,MLP,,Utility,TSTR,0.7201754385964911,0.06685683863961835,classification,Generators/Experiment with utility data leak/utility results/1. Cancer/TRTR_TSTR_results_cancer.xlsx,utility,0.7201754385964911,,0.0,100.0
1. Cancer,CTGAN,,0.0,Accuracy_Gap,0.7201754385964911,MLP,,Utility,Gap,0.2543859649122808,0.06685683863961835,classification,Generators/Experiment with utility data leak/utility results/1. Cancer/TRTR_TSTR_results_cancer.xlsx,utility,0.2543859649122808,,0.0,100.0
1. Cancer,CTGAN,,0.0,F1,0.9646057122906845,MLP,,Utility,TRTR,0.9646057122906845,0.01869298955577862,classification,Generators/Experiment with utility data leak/utility results/1. Cancer/TRTR_TSTR_results_cancer.xlsx,utility,0.9646057122906845,,0.0,100.0
1. Cancer,CTGAN,,0.0,F1,0.7178685882670924,MLP,,Utility,TSTR,0.7178685882670924,0.04862817078019972,classification,Generators/Experiment with utility data leak/utility results/1. Cancer/TRTR_TSTR_results_cancer.xlsx,utility,0.7178685882670924,,0.0,100.0
1. Cancer,CTGAN,,0.0,F1_Gap,0.7178685882670924,MLP,,Utility,Gap,0.24673712402359205,0.04862817078019972,classification,Generators/Experiment with utility data leak/utility results/1. Cancer/TRTR_TSTR_results_cancer.xlsx,utility,0.24673712402359205,,0.0,100.0
1. Cancer,CTGAN,,0.0,Precision,0.985467661474468,MLP,,Utility,TRTR,0.985467661474468,0.0191919907367019,classification,Generators/Experiment with utility data leak/utility results/1. Cancer/TRTR_TSTR_results_cancer.xlsx,utility,0.985467661474468,,0.0,100.0
1. Cancer,CTGAN,,0.0,Precision,0.5813814731916255,MLP,,Utility,TSTR,0.5813814731916255,0.06881605869648902,classification,Generators/Experiment with utility data leak/utility results/1. Cancer/TRTR_TSTR_results_cancer.xlsx,utility,0.5813814731916255,,0.0,100.0
1. Cancer,CTGAN,,0.0,Precision_Gap,0.5813814731916255,MLP,,Utility,Gap,0.4040861882828425,0.06881605869648902,classification,Generators/Experiment with utility data leak/utility results/1. Cancer/TRTR_TSTR_results_cancer.xlsx,utility,0.4040861882828425,,0.0,100.0
1. Cancer,CTGAN,,0.0,Recall,0.9452380952380952,MLP,,Utility,TRTR,0.9452380952380952,0.03021089890583217,classification,Generators/Experiment with utility data leak/utility results/1. Cancer/TRTR_TSTR_results_cancer.xlsx,utility,0.9452380952380952,,0.0,100.0
1. Cancer,CTGAN,,0.0,Recall,0.95,MLP,,Utility,TSTR,0.95,0.0457366016959489,classification,Generators/Experiment with utility data leak/utility results/1. Cancer/TRTR_TSTR_results_cancer.xlsx,utility,0.95,,0.0,100.0
1. Cancer,CTGAN,,0.0,Recall_Gap,0.95,MLP,,Utility,Gap,-0.004761904761904745,0.0457366016959489,classification,Generators/Experiment with utility data leak/utility results/1. Cancer/TRTR_TSTR_results_cancer.xlsx,utility,-0.004761904761904745,,0.0,100.0
1. Cancer,CTGAN,,,Accuracy_Drop,,MLP,,,Gap,0.2543859649122808,,classification,Generators/Experiment with utility data leak/utility results/1. Cancer/TRTR_TSTR_results_cancer.xlsx,utility,0.2543859649122808,,0.0,100.0
1. Cancer,CTGAN,,,F1_Drop,,MLP,,,Gap,0.246737124023592,,classification,Generators/Experiment with utility data leak/utility results/1. Cancer/TRTR_TSTR_results_cancer.xlsx,utility,0.246737124023592,,0.0,100.0
1. Cancer,CTGAN,,,Precision_Drop,,MLP,,,Gap,0.4040861882828425,,classification,Generators/Experiment with utility data leak/utility results/1. Cancer/TRTR_TSTR_results_cancer.xlsx,utility,0.4040861882828425,,0.0,100.0
1. Cancer,CTGAN,,,Recall_Drop,,MLP,,,Gap,-0.004761904761904745,,classification,Generators/Experiment with utility data leak/utility results/1. Cancer/TRTR_TSTR_results_cancer.xlsx,utility,-0.004761904761904745,,0.0,100.0
1. Cancer,CTGAN,,0.0,Accuracy,0.9701754385964912,SVM-RBF,,Utility,TRTR,0.9701754385964912,0.01889531511275264,classification,Generators/Experiment with utility data leak/utility results/1. Cancer/TRTR_TSTR_results_cancer.xlsx,utility,0.9701754385964912,,0.0,100.0
1. Cancer,CTGAN,,0.0,Accuracy,0.7342105263157894,SVM-RBF,,Utility,TSTR,0.7342105263157894,0.02387834664704595,classification,Generators/Experiment with utility data leak/utility results/1. Cancer/TRTR_TSTR_results_cancer.xlsx,utility,0.7342105263157894,,0.0,100.0
1. Cancer,CTGAN,,0.0,Accuracy_Gap,0.7342105263157894,SVM-RBF,,Utility,Gap,0.23596491228070182,0.02387834664704595,classification,Generators/Experiment with utility data leak/utility results/1. Cancer/TRTR_TSTR_results_cancer.xlsx,utility,0.23596491228070182,,0.0,100.0
1. Cancer,CTGAN,,0.0,F1,0.9583987428081452,SVM-RBF,,Utility,TRTR,0.9583987428081452,0.02694607072359247,classification,Generators/Experiment with utility data leak/utility results/1. Cancer/TRTR_TSTR_results_cancer.xlsx,utility,0.9583987428081452,,0.0,100.0
1. Cancer,CTGAN,,0.0,F1,0.7058459078385154,SVM-RBF,,Utility,TSTR,0.7058459078385154,0.020234272079634,classification,Generators/Experiment with utility data leak/utility results/1. Cancer/TRTR_TSTR_results_cancer.xlsx,utility,0.7058459078385154,,0.0,100.0
1. Cancer,CTGAN,,0.0,F1_Gap,0.7058459078385154,SVM-RBF,,Utility,Gap,0.25255283496962977,0.020234272079634,classification,Generators/Experiment with utility data leak/utility results/1. Cancer/TRTR_TSTR_results_cancer.xlsx,utility,0.25255283496962977,,0.0,100.0
1. Cancer,CTGAN,,0.0,Precision,0.975500670827118,SVM-RBF,,Utility,TRTR,0.975500670827118,0.01929000486040976,classification,Generators/Experiment with utility data leak/utility results/1. Cancer/TRTR_TSTR_results_cancer.xlsx,utility,0.975500670827118,,0.0,100.0
1. Cancer,CTGAN,,0.0,Precision,0.5973837425749331,SVM-RBF,,Utility,TSTR,0.5973837425749331,0.02711103869198211,classification,Generators/Experiment with utility data leak/utility results/1. Cancer/TRTR_TSTR_results_cancer.xlsx,utility,0.5973837425749331,,0.0,100.0
1. Cancer,CTGAN,,0.0,Precision_Gap,0.5973837425749331,SVM-RBF,,Utility,Gap,0.3781169282521849,0.02711103869198211,classification,Generators/Experiment with utility data leak/utility results/1. Cancer/TRTR_TSTR_results_cancer.xlsx,utility,0.3781169282521849,,0.0,100.0
1. Cancer,CTGAN,,0.0,Recall,0.9428571428571428,SVM-RBF,,Utility,TRTR,0.9428571428571428,0.04416008807378907,classification,Generators/Experiment with utility data leak/utility results/1. Cancer/TRTR_TSTR_results_cancer.xlsx,utility,0.9428571428571428,,0.0,100.0
1. Cancer,CTGAN,,0.0,Recall,0.8642857142857144,SVM-RBF,,Utility,TSTR,0.8642857142857144,0.03021089890583218,classification,Generators/Experiment with utility data leak/utility results/1. Cancer/TRTR_TSTR_results_cancer.xlsx,utility,0.8642857142857144,,0.0,100.0
1. Cancer,CTGAN,,0.0,Recall_Gap,0.8642857142857144,SVM-RBF,,Utility,Gap,0.0785714285714284,0.03021089890583218,classification,Generators/Experiment with utility data leak/utility results/1. Cancer/TRTR_TSTR_results_cancer.xlsx,utility,0.0785714285714284,,0.0,100.0
1. Cancer,CTGAN,,,Accuracy_Drop,,SVM-RBF,,,Gap,0.2359649122807018,,classification,Generators/Experiment with utility data leak/utility results/1. Cancer/TRTR_TSTR_results_cancer.xlsx,utility,0.2359649122807018,,0.0,100.0
1. Cancer,CTGAN,,,F1_Drop,,SVM-RBF,,,Gap,0.2525528349696298,,classification,Generators/Experiment with utility data leak/utility results/1. Cancer/TRTR_TSTR_results_cancer.xlsx,utility,0.2525528349696298,,0.0,100.0
1. Cancer,CTGAN,,,Precision_Drop,,SVM-RBF,,,Gap,0.3781169282521849,,classification,Generators/Experiment with utility data leak/utility results/1. Cancer/TRTR_TSTR_results_cancer.xlsx,utility,0.3781169282521849,,0.0,100.0
1. Cancer,CTGAN,,,Recall_Drop,,SVM-RBF,,,Gap,0.0785714285714284,,classification,Generators/Experiment with utility data leak/utility results/1. Cancer/TRTR_TSTR_results_cancer.xlsx,utility,0.0785714285714284,,0.0,100.0
1. Cancer,CTGAN,,0.0,Accuracy,0.9701754385964912,Extra Trees,,Utility,TRTR,0.9701754385964912,0.01189882453179872,classification,Generators/Experiment with utility data leak/utility results/1. Cancer/TRTR_TSTR_results_cancer.xlsx,utility,0.9701754385964912,,0.0,100.0
1. Cancer,CTGAN,,0.0,Accuracy,0.7035087719298245,Extra Trees,,Utility,TSTR,0.7035087719298245,0.02712214883112335,classification,Generators/Experiment with utility data leak/utility results/1. Cancer/TRTR_TSTR_results_cancer.xlsx,utility,0.7035087719298245,,0.0,100.0
1. Cancer,CTGAN,,0.0,Accuracy_Gap,0.7035087719298245,Extra Trees,,Utility,Gap,0.2666666666666667,0.02712214883112335,classification,Generators/Experiment with utility data leak/utility results/1. Cancer/TRTR_TSTR_results_cancer.xlsx,utility,0.2666666666666667,,0.0,100.0
1. Cancer,CTGAN,,0.0,F1,0.9589899381997989,Extra Trees,,Utility,TRTR,0.9589899381997989,0.01652286372603384,classification,Generators/Experiment with utility data leak/utility results/1. Cancer/TRTR_TSTR_results_cancer.xlsx,utility,0.9589899381997989,,0.0,100.0
1. Cancer,CTGAN,,0.0,F1,0.6863330842765026,Extra Trees,,Utility,TSTR,0.6863330842765026,0.02683187254311334,classification,Generators/Experiment with utility data leak/utility results/1. Cancer/TRTR_TSTR_results_cancer.xlsx,utility,0.6863330842765026,,0.0,100.0
1. Cancer,CTGAN,,0.0,F1_Gap,0.6863330842765026,Extra Trees,,Utility,Gap,0.2726568539232963,0.02683187254311334,classification,Generators/Experiment with utility data leak/utility results/1. Cancer/TRTR_TSTR_results_cancer.xlsx,utility,0.2726568539232963,,0.0,100.0
1. Cancer,CTGAN,,0.0,Precision,0.971542217000243,Extra Trees,,Utility,TRTR,0.971542217000243,0.02506278422086412,classification,Generators/Experiment with utility data leak/utility results/1. Cancer/TRTR_TSTR_results_cancer.xlsx,utility,0.971542217000243,,0.0,100.0
1. Cancer,CTGAN,,0.0,Precision,0.5632094750718591,Extra Trees,,Utility,TSTR,0.5632094750718591,0.02550146867181092,classification,Generators/Experiment with utility data leak/utility results/1. Cancer/TRTR_TSTR_results_cancer.xlsx,utility,0.5632094750718591,,0.0,100.0
1. Cancer,CTGAN,,0.0,Precision_Gap,0.5632094750718591,Extra Trees,,Utility,Gap,0.40833274192838387,0.02550146867181092,classification,Generators/Experiment with utility data leak/utility results/1. Cancer/TRTR_TSTR_results_cancer.xlsx,utility,0.40833274192838387,,0.0,100.0
1. Cancer,CTGAN,,0.0,Recall,0.9476190476190476,Extra Trees,,Utility,TRTR,0.9476190476190476,0.02776643759450141,classification,Generators/Experiment with utility data leak/utility results/1. Cancer/TRTR_TSTR_results_cancer.xlsx,utility,0.9476190476190476,,0.0,100.0
1. Cancer,CTGAN,,0.0,Recall,0.880952380952381,Extra Trees,,Utility,TSTR,0.880952380952381,0.05323971374999498,classification,Generators/Experiment with utility data leak/utility results/1. Cancer/TRTR_TSTR_results_cancer.xlsx,utility,0.880952380952381,,0.0,100.0
1. Cancer,CTGAN,,0.0,Recall_Gap,0.880952380952381,Extra Trees,,Utility,Gap,0.06666666666666654,0.05323971374999498,classification,Generators/Experiment with utility data leak/utility results/1. Cancer/TRTR_TSTR_results_cancer.xlsx,utility,0.06666666666666654,,0.0,100.0
1. Cancer,CTGAN,,,Accuracy_Drop,,Extra Trees,,,Gap,0.2666666666666667,,classification,Generators/Experiment with utility data leak/utility results/1. Cancer/TRTR_TSTR_results_cancer.xlsx,utility,0.2666666666666667,,0.0,100.0
1. Cancer,CTGAN,,,F1_Drop,,Extra Trees,,,Gap,0.2726568539232963,,classification,Generators/Experiment with utility data leak/utility results/1. Cancer/TRTR_TSTR_results_cancer.xlsx,utility,0.2726568539232963,,0.0,100.0
1. Cancer,CTGAN,,,Precision_Drop,,Extra Trees,,,Gap,0.4083327419283839,,classification,Generators/Experiment with utility data leak/utility results/1. Cancer/TRTR_TSTR_results_cancer.xlsx,utility,0.4083327419283839,,0.0,100.0
1. Cancer,CTGAN,,,Recall_Drop,,Extra Trees,,,Gap,0.06666666666666654,,classification,Generators/Experiment with utility data leak/utility results/1. Cancer/TRTR_TSTR_results_cancer.xlsx,utility,0.06666666666666654,,0.0,100.0
1. Cancer,CTGAN,,0.0,Accuracy,0.9666666666666666,AdaBoost,,Utility,TRTR,0.9666666666666666,0.01022974016639526,classification,Generators/Experiment with utility data leak/utility results/1. Cancer/TRTR_TSTR_results_cancer.xlsx,utility,0.9666666666666666,,0.0,100.0
1. Cancer,CTGAN,,0.0,Accuracy,0.7254385964912281,AdaBoost,,Utility,TSTR,0.7254385964912281,0.02513429610858667,classification,Generators/Experiment with utility data leak/utility results/1. Cancer/TRTR_TSTR_results_cancer.xlsx,utility,0.7254385964912281,,0.0,100.0
1. Cancer,CTGAN,,0.0,Accuracy_Gap,0.7254385964912281,AdaBoost,,Utility,Gap,0.24122807017543846,0.02513429610858667,classification,Generators/Experiment with utility data leak/utility results/1. Cancer/TRTR_TSTR_results_cancer.xlsx,utility,0.24122807017543846,,0.0,100.0
1. Cancer,CTGAN,,0.0,F1,0.9537824074424763,AdaBoost,,Utility,TRTR,0.9537824074424763,0.01443243582836966,classification,Generators/Experiment with utility data leak/utility results/1. Cancer/TRTR_TSTR_results_cancer.xlsx,utility,0.9537824074424763,,0.0,100.0
1. Cancer,CTGAN,,0.0,F1,0.7066383070371282,AdaBoost,,Utility,TSTR,0.7066383070371282,0.02622587045779307,classification,Generators/Experiment with utility data leak/utility results/1. Cancer/TRTR_TSTR_results_cancer.xlsx,utility,0.7066383070371282,,0.0,100.0
1. Cancer,CTGAN,,0.0,F1_Gap,0.7066383070371282,AdaBoost,,Utility,Gap,0.24714410040534818,0.02622587045779307,classification,Generators/Experiment with utility data leak/utility results/1. Cancer/TRTR_TSTR_results_cancer.xlsx,utility,0.24714410040534818,,0.0,100.0
1. Cancer,CTGAN,,0.0,Precision,0.9735489892977129,AdaBoost,,Utility,TRTR,0.9735489892977129,0.02210918228480495,classification,Generators/Experiment with utility data leak/utility results/1. Cancer/TRTR_TSTR_results_cancer.xlsx,utility,0.9735489892977129,,0.0,100.0
1. Cancer,CTGAN,,0.0,Precision,0.5843282264066113,AdaBoost,,Utility,TSTR,0.5843282264066113,0.02594956660915364,classification,Generators/Experiment with utility data leak/utility results/1. Cancer/TRTR_TSTR_results_cancer.xlsx,utility,0.5843282264066113,,0.0,100.0
1. Cancer,CTGAN,,0.0,Precision_Gap,0.5843282264066113,AdaBoost,,Utility,Gap,0.38922076289110163,0.02594956660915364,classification,Generators/Experiment with utility data leak/utility results/1. Cancer/TRTR_TSTR_results_cancer.xlsx,utility,0.38922076289110163,,0.0,100.0
1. Cancer,CTGAN,,0.0,Recall,0.9357142857142857,AdaBoost,,Utility,TRTR,0.9357142857142857,0.02827224306437598,classification,Generators/Experiment with utility data leak/utility results/1. Cancer/TRTR_TSTR_results_cancer.xlsx,utility,0.9357142857142857,,0.0,100.0
1. Cancer,CTGAN,,0.0,Recall,0.9,AdaBoost,,Utility,TSTR,0.9,0.07438333024673004,classification,Generators/Experiment with utility data leak/utility results/1. Cancer/TRTR_TSTR_results_cancer.xlsx,utility,0.9,,0.0,100.0
1. Cancer,CTGAN,,0.0,Recall_Gap,0.9,AdaBoost,,Utility,Gap,0.0357142857142857,0.07438333024673004,classification,Generators/Experiment with utility data leak/utility results/1. Cancer/TRTR_TSTR_results_cancer.xlsx,utility,0.0357142857142857,,0.0,100.0
1. Cancer,CTGAN,,,Accuracy_Drop,,AdaBoost,,,Gap,0.2412280701754385,,classification,Generators/Experiment with utility data leak/utility results/1. Cancer/TRTR_TSTR_results_cancer.xlsx,utility,0.2412280701754385,,0.0,100.0
1. Cancer,CTGAN,,,F1_Drop,,AdaBoost,,,Gap,0.2471441004053482,,classification,Generators/Experiment with utility data leak/utility results/1. Cancer/TRTR_TSTR_results_cancer.xlsx,utility,0.2471441004053482,,0.0,100.0
1. Cancer,CTGAN,,,Precision_Drop,,AdaBoost,,,Gap,0.3892207628911016,,classification,Generators/Experiment with utility data leak/utility results/1. Cancer/TRTR_TSTR_results_cancer.xlsx,utility,0.3892207628911016,,0.0,100.0
1. Cancer,CTGAN,,,Recall_Drop,,AdaBoost,,,Gap,0.0357142857142857,,classification,Generators/Experiment with utility data leak/utility results/1. Cancer/TRTR_TSTR_results_cancer.xlsx,utility,0.0357142857142857,,0.0,100.0
1. Cancer,CTGAN,,0.0,Accuracy,0.9631578947368421,Gradient Boosting,,Utility,TRTR,0.9631578947368421,0.0203084857943688,classification,Generators/Experiment with utility data leak/utility results/1. Cancer/TRTR_TSTR_results_cancer.xlsx,utility,0.9631578947368421,,0.0,100.0
1. Cancer,CTGAN,,0.0,Accuracy,0.6956140350877192,Gradient Boosting,,Utility,TSTR,0.6956140350877192,0.05100558512318116,classification,Generators/Experiment with utility data leak/utility results/1. Cancer/TRTR_TSTR_results_cancer.xlsx,utility,0.6956140350877192,,0.0,100.0
1. Cancer,CTGAN,,0.0,Accuracy_Gap,0.6956140350877192,Gradient Boosting,,Utility,Gap,0.26754385964912286,0.05100558512318116,classification,Generators/Experiment with utility data leak/utility results/1. Cancer/TRTR_TSTR_results_cancer.xlsx,utility,0.26754385964912286,,0.0,100.0
1. Cancer,CTGAN,,0.0,F1,0.9494212600983015,Gradient Boosting,,Utility,TRTR,0.9494212600983015,0.02779434087071402,classification,Generators/Experiment with utility data leak/utility results/1. Cancer/TRTR_TSTR_results_cancer.xlsx,utility,0.9494212600983015,,0.0,100.0
1. Cancer,CTGAN,,0.0,F1,0.6803525981791595,Gradient Boosting,,Utility,TSTR,0.6803525981791595,0.03538217252110418,classification,Generators/Experiment with utility data leak/utility results/1. Cancer/TRTR_TSTR_results_cancer.xlsx,utility,0.6803525981791595,,0.0,100.0
1. Cancer,CTGAN,,0.0,F1_Gap,0.6803525981791595,Gradient Boosting,,Utility,Gap,0.269068661919142,0.03538217252110418,classification,Generators/Experiment with utility data leak/utility results/1. Cancer/TRTR_TSTR_results_cancer.xlsx,utility,0.269068661919142,,0.0,100.0
1. Cancer,CTGAN,,0.0,Precision,0.9620305430373497,Gradient Boosting,,Utility,TRTR,0.9620305430373497,0.0358379580625646,classification,Generators/Experiment with utility data leak/utility results/1. Cancer/TRTR_TSTR_results_cancer.xlsx,utility,0.9620305430373497,,0.0,100.0
1. Cancer,CTGAN,,0.0,Precision,0.5599249455528891,Gradient Boosting,,Utility,TSTR,0.5599249455528891,0.04552000035223773,classification,Generators/Experiment with utility data leak/utility results/1. Cancer/TRTR_TSTR_results_cancer.xlsx,utility,0.5599249455528891,,0.0,100.0
1. Cancer,CTGAN,,0.0,Precision_Gap,0.5599249455528891,Gradient Boosting,,Utility,Gap,0.4021055974844606,0.04552000035223773,classification,Generators/Experiment with utility data leak/utility results/1. Cancer/TRTR_TSTR_results_cancer.xlsx,utility,0.4021055974844606,,0.0,100.0
1. Cancer,CTGAN,,0.0,Recall,0.938095238095238,Gradient Boosting,,Utility,TRTR,0.938095238095238,0.03400680204068023,classification,Generators/Experiment with utility data leak/utility results/1. Cancer/TRTR_TSTR_results_cancer.xlsx,utility,0.938095238095238,,0.0,100.0
1. Cancer,CTGAN,,0.0,Recall,0.8738095238095237,Gradient Boosting,,Utility,TSTR,0.8738095238095237,0.05639390134441432,classification,Generators/Experiment with utility data leak/utility results/1. Cancer/TRTR_TSTR_results_cancer.xlsx,utility,0.8738095238095237,,0.0,100.0
1. Cancer,CTGAN,,0.0,Recall_Gap,0.8738095238095237,Gradient Boosting,,Utility,Gap,0.06428571428571428,0.05639390134441432,classification,Generators/Experiment with utility data leak/utility results/1. Cancer/TRTR_TSTR_results_cancer.xlsx,utility,0.06428571428571428,,0.0,100.0
1. Cancer,CTGAN,,,Accuracy_Drop,,Gradient Boosting,,,Gap,0.2675438596491229,,classification,Generators/Experiment with utility data leak/utility results/1. Cancer/TRTR_TSTR_results_cancer.xlsx,utility,0.2675438596491229,,0.0,100.0
1. Cancer,CTGAN,,,F1_Drop,,Gradient Boosting,,,Gap,0.269068661919142,,classification,Generators/Experiment with utility data leak/utility results/1. Cancer/TRTR_TSTR_results_cancer.xlsx,utility,0.269068661919142,,0.0,100.0
1. Cancer,CTGAN,,,Precision_Drop,,Gradient Boosting,,,Gap,0.4021055974844606,,classification,Generators/Experiment with utility data leak/utility results/1. Cancer/TRTR_TSTR_results_cancer.xlsx,utility,0.4021055974844606,,0.0,100.0
1. Cancer,CTGAN,,,Recall_Drop,,Gradient Boosting,,,Gap,0.06428571428571428,,classification,Generators/Experiment with utility data leak/utility results/1. Cancer/TRTR_TSTR_results_cancer.xlsx,utility,0.06428571428571428,,0.0,100.0
1. Cancer,CTGAN,,0.0,Accuracy,0.962280701754386,KNN,,Utility,TRTR,0.962280701754386,0.01883413206454726,classification,Generators/Experiment with utility data leak/utility results/1. Cancer/TRTR_TSTR_results_cancer.xlsx,utility,0.962280701754386,,0.0,100.0
1. Cancer,CTGAN,,0.0,Accuracy,0.6140350877192982,KNN,,Utility,TSTR,0.6140350877192982,0.05407380704358751,classification,Generators/Experiment with utility data leak/utility results/1. Cancer/TRTR_TSTR_results_cancer.xlsx,utility,0.6140350877192982,,0.0,100.0
1. Cancer,CTGAN,,0.0,Accuracy_Gap,0.6140350877192982,KNN,,Utility,Gap,0.3482456140350878,0.05407380704358751,classification,Generators/Experiment with utility data leak/utility results/1. Cancer/TRTR_TSTR_results_cancer.xlsx,utility,0.3482456140350878,,0.0,100.0
1. Cancer,CTGAN,,0.0,F1,0.947074373024434,KNN,,Utility,TRTR,0.947074373024434,0.02672761688789936,classification,Generators/Experiment with utility data leak/utility results/1. Cancer/TRTR_TSTR_results_cancer.xlsx,utility,0.947074373024434,,0.0,100.0
1. Cancer,CTGAN,,0.0,F1,0.6243262154795239,KNN,,Utility,TSTR,0.6243262154795239,0.03597395730127182,classification,Generators/Experiment with utility data leak/utility results/1. Cancer/TRTR_TSTR_results_cancer.xlsx,utility,0.6243262154795239,,0.0,100.0
1. Cancer,CTGAN,,0.0,F1_Gap,0.6243262154795239,KNN,,Utility,Gap,0.32274815754491004,0.03597395730127182,classification,Generators/Experiment with utility data leak/utility results/1. Cancer/TRTR_TSTR_results_cancer.xlsx,utility,0.32274815754491004,,0.0,100.0
1. Cancer,CTGAN,,0.0,Precision,0.9751404010156286,KNN,,Utility,TRTR,0.9751404010156286,0.02459125532957641,classification,Generators/Experiment with utility data leak/utility results/1. Cancer/TRTR_TSTR_results_cancer.xlsx,utility,0.9751404010156286,,0.0,100.0
1. Cancer,CTGAN,,0.0,Precision,0.490045443189898,KNN,,Utility,TSTR,0.490045443189898,0.04018018602689914,classification,Generators/Experiment with utility data leak/utility results/1. Cancer/TRTR_TSTR_results_cancer.xlsx,utility,0.490045443189898,,0.0,100.0
1. Cancer,CTGAN,,0.0,Precision_Gap,0.490045443189898,KNN,,Utility,Gap,0.4850949578257306,0.04018018602689914,classification,Generators/Experiment with utility data leak/utility results/1. Cancer/TRTR_TSTR_results_cancer.xlsx,utility,0.4850949578257306,,0.0,100.0
1. Cancer,CTGAN,,0.0,Recall,0.9214285714285715,KNN,,Utility,TRTR,0.9214285714285715,0.03991203479581002,classification,Generators/Experiment with utility data leak/utility results/1. Cancer/TRTR_TSTR_results_cancer.xlsx,utility,0.9214285714285715,,0.0,100.0
1. Cancer,CTGAN,,0.0,Recall,0.8666666666666666,KNN,,Utility,TSTR,0.8666666666666666,0.06042179781166439,classification,Generators/Experiment with utility data leak/utility results/1. Cancer/TRTR_TSTR_results_cancer.xlsx,utility,0.8666666666666666,,0.0,100.0
1. Cancer,CTGAN,,0.0,Recall_Gap,0.8666666666666666,KNN,,Utility,Gap,0.0547619047619049,0.06042179781166439,classification,Generators/Experiment with utility data leak/utility results/1. Cancer/TRTR_TSTR_results_cancer.xlsx,utility,0.0547619047619049,,0.0,100.0
1. Cancer,CTGAN,,,Accuracy_Drop,,KNN,,,Gap,0.3482456140350878,,classification,Generators/Experiment with utility data leak/utility results/1. Cancer/TRTR_TSTR_results_cancer.xlsx,utility,0.3482456140350878,,0.0,100.0
1. Cancer,CTGAN,,,F1_Drop,,KNN,,,Gap,0.32274815754491,,classification,Generators/Experiment with utility data leak/utility results/1. Cancer/TRTR_TSTR_results_cancer.xlsx,utility,0.32274815754491,,0.0,100.0
1. Cancer,CTGAN,,,Precision_Drop,,KNN,,,Gap,0.4850949578257306,,classification,Generators/Experiment with utility data leak/utility results/1. Cancer/TRTR_TSTR_results_cancer.xlsx,utility,0.4850949578257306,,0.0,100.0
1. Cancer,CTGAN,,,Recall_Drop,,KNN,,,Gap,0.0547619047619049,,classification,Generators/Experiment with utility data leak/utility results/1. Cancer/TRTR_TSTR_results_cancer.xlsx,utility,0.0547619047619049,,0.0,100.0
1. Cancer,CTGAN,,0.0,Accuracy,0.962280701754386,Random Forest,,Utility,TRTR,0.962280701754386,0.0136176971019825,classification,Generators/Experiment with utility data leak/utility results/1. Cancer/TRTR_TSTR_results_cancer.xlsx,utility,0.962280701754386,,0.0,100.0
1. Cancer,CTGAN,,0.0,Accuracy,0.7157894736842105,Random Forest,,Utility,TSTR,0.7157894736842105,0.02723539420396496,classification,Generators/Experiment with utility data leak/utility results/1. Cancer/TRTR_TSTR_results_cancer.xlsx,utility,0.7157894736842105,,0.0,100.0
1. Cancer,CTGAN,,0.0,Accuracy_Gap,0.7157894736842105,Random Forest,,Utility,Gap,0.24649122807017543,0.02723539420396496,classification,Generators/Experiment with utility data leak/utility results/1. Cancer/TRTR_TSTR_results_cancer.xlsx,utility,0.24649122807017543,,0.0,100.0
1. Cancer,CTGAN,,0.0,F1,0.9482304799188631,Random Forest,,Utility,TRTR,0.9482304799188631,0.01843776018375915,classification,Generators/Experiment with utility data leak/utility results/1. Cancer/TRTR_TSTR_results_cancer.xlsx,utility,0.9482304799188631,,0.0,100.0
1. Cancer,CTGAN,,0.0,F1,0.6893646786324237,Random Forest,,Utility,TSTR,0.6893646786324237,0.03071131504379913,classification,Generators/Experiment with utility data leak/utility results/1. Cancer/TRTR_TSTR_results_cancer.xlsx,utility,0.6893646786324237,,0.0,100.0
1. Cancer,CTGAN,,0.0,F1_Gap,0.6893646786324237,Random Forest,,Utility,Gap,0.25886580128643943,0.03071131504379913,classification,Generators/Experiment with utility data leak/utility results/1. Cancer/TRTR_TSTR_results_cancer.xlsx,utility,0.25886580128643943,,0.0,100.0
1. Cancer,CTGAN,,0.0,Precision,0.9617923931806518,Random Forest,,Utility,TRTR,0.9617923931806518,0.02967466301692189,classification,Generators/Experiment with utility data leak/utility results/1. Cancer/TRTR_TSTR_results_cancer.xlsx,utility,0.9617923931806518,,0.0,100.0
1. Cancer,CTGAN,,0.0,Precision,0.5773425885958766,Random Forest,,Utility,TSTR,0.5773425885958766,0.02596342085199856,classification,Generators/Experiment with utility data leak/utility results/1. Cancer/TRTR_TSTR_results_cancer.xlsx,utility,0.5773425885958766,,0.0,100.0
1. Cancer,CTGAN,,0.0,Precision_Gap,0.5773425885958766,Random Forest,,Utility,Gap,0.3844498045847752,0.02596342085199856,classification,Generators/Experiment with utility data leak/utility results/1. Cancer/TRTR_TSTR_results_cancer.xlsx,utility,0.3844498045847752,,0.0,100.0
1. Cancer,CTGAN,,0.0,Recall,0.9357142857142857,Random Forest,,Utility,TRTR,0.9357142857142857,0.0214285714285714,classification,Generators/Experiment with utility data leak/utility results/1. Cancer/TRTR_TSTR_results_cancer.xlsx,utility,0.9357142857142857,,0.0,100.0
1. Cancer,CTGAN,,0.0,Recall,0.8571428571428571,Random Forest,,Utility,TSTR,0.8571428571428571,0.05532833351724881,classification,Generators/Experiment with utility data leak/utility results/1. Cancer/TRTR_TSTR_results_cancer.xlsx,utility,0.8571428571428571,,0.0,100.0
1. Cancer,CTGAN,,0.0,Recall_Gap,0.8571428571428571,Random Forest,,Utility,Gap,0.07857142857142863,0.05532833351724881,classification,Generators/Experiment with utility data leak/utility results/1. Cancer/TRTR_TSTR_results_cancer.xlsx,utility,0.07857142857142863,,0.0,100.0
1. Cancer,CTGAN,,,Accuracy_Drop,,Random Forest,,,Gap,0.2464912280701754,,classification,Generators/Experiment with utility data leak/utility results/1. Cancer/TRTR_TSTR_results_cancer.xlsx,utility,0.2464912280701754,,0.0,100.0
1. Cancer,CTGAN,,,F1_Drop,,Random Forest,,,Gap,0.2588658012864394,,classification,Generators/Experiment with utility data leak/utility results/1. Cancer/TRTR_TSTR_results_cancer.xlsx,utility,0.2588658012864394,,0.0,100.0
1. Cancer,CTGAN,,,Precision_Drop,,Random Forest,,,Gap,0.3844498045847752,,classification,Generators/Experiment with utility data leak/utility results/1. Cancer/TRTR_TSTR_results_cancer.xlsx,utility,0.3844498045847752,,0.0,100.0
1. Cancer,CTGAN,,,Recall_Drop,,Random Forest,,,Gap,0.07857142857142863,,classification,Generators/Experiment with utility data leak/utility results/1. Cancer/TRTR_TSTR_results_cancer.xlsx,utility,0.07857142857142863,,0.0,100.0
1. Cancer,CTGAN,,0.0,Accuracy,0.9350877192982457,Decision Tree,,Utility,TRTR,0.9350877192982457,0.02045948033279054,classification,Generators/Experiment with utility data leak/utility results/1. Cancer/TRTR_TSTR_results_cancer.xlsx,utility,0.9350877192982457,,0.0,100.0
1. Cancer,CTGAN,,0.0,Accuracy,0.6421052631578947,Decision Tree,,Utility,TSTR,0.6421052631578947,0.04671412966910297,classification,Generators/Experiment with utility data leak/utility results/1. Cancer/TRTR_TSTR_results_cancer.xlsx,utility,0.6421052631578947,,0.0,100.0
1. Cancer,CTGAN,,0.0,Accuracy_Gap,0.6421052631578947,Decision Tree,,Utility,Gap,0.292982456140351,0.04671412966910297,classification,Generators/Experiment with utility data leak/utility results/1. Cancer/TRTR_TSTR_results_cancer.xlsx,utility,0.292982456140351,,0.0,100.0
1. Cancer,CTGAN,,0.0,F1,0.9122461606275634,Decision Tree,,Utility,TRTR,0.9122461606275634,0.02771502846045041,classification,Generators/Experiment with utility data leak/utility results/1. Cancer/TRTR_TSTR_results_cancer.xlsx,utility,0.9122461606275634,,0.0,100.0
1. Cancer,CTGAN,,0.0,F1,0.5725381460270876,Decision Tree,,Utility,TSTR,0.5725381460270876,0.07484603595573021,classification,Generators/Experiment with utility data leak/utility results/1. Cancer/TRTR_TSTR_results_cancer.xlsx,utility,0.5725381460270876,,0.0,100.0
1. Cancer,CTGAN,,0.0,F1_Gap,0.5725381460270876,Decision Tree,,Utility,Gap,0.3397080146004757,0.07484603595573021,classification,Generators/Experiment with utility data leak/utility results/1. Cancer/TRTR_TSTR_results_cancer.xlsx,utility,0.3397080146004757,,0.0,100.0
1. Cancer,CTGAN,,0.0,Precision,0.9096981560397401,Decision Tree,,Utility,TRTR,0.9096981560397401,0.03732307542896939,classification,Generators/Experiment with utility data leak/utility results/1. Cancer/TRTR_TSTR_results_cancer.xlsx,utility,0.9096981560397401,,0.0,100.0
1. Cancer,CTGAN,,0.0,Precision,0.5140981364718435,Decision Tree,,Utility,TSTR,0.5140981364718435,0.05412269457356239,classification,Generators/Experiment with utility data leak/utility results/1. Cancer/TRTR_TSTR_results_cancer.xlsx,utility,0.5140981364718435,,0.0,100.0
1. Cancer,CTGAN,,0.0,Precision_Gap,0.5140981364718435,Decision Tree,,Utility,Gap,0.3956000195678966,0.05412269457356239,classification,Generators/Experiment with utility data leak/utility results/1. Cancer/TRTR_TSTR_results_cancer.xlsx,utility,0.3956000195678966,,0.0,100.0
1. Cancer,CTGAN,,0.0,Recall,0.9166666666666666,Decision Tree,,Utility,TRTR,0.9166666666666666,0.04158154570612613,classification,Generators/Experiment with utility data leak/utility results/1. Cancer/TRTR_TSTR_results_cancer.xlsx,utility,0.9166666666666666,,0.0,100.0
1. Cancer,CTGAN,,0.0,Recall,0.6666666666666667,Decision Tree,,Utility,TSTR,0.6666666666666667,0.1456084271563872,classification,Generators/Experiment with utility data leak/utility results/1. Cancer/TRTR_TSTR_results_cancer.xlsx,utility,0.6666666666666667,,0.0,100.0
1. Cancer,CTGAN,,0.0,Recall_Gap,0.6666666666666667,Decision Tree,,Utility,Gap,0.2499999999999999,0.1456084271563872,classification,Generators/Experiment with utility data leak/utility results/1. Cancer/TRTR_TSTR_results_cancer.xlsx,utility,0.2499999999999999,,0.0,100.0
1. Cancer,CTGAN,,,Accuracy_Drop,,Decision Tree,,,Gap,0.292982456140351,,classification,Generators/Experiment with utility data leak/utility results/1. Cancer/TRTR_TSTR_results_cancer.xlsx,utility,0.292982456140351,,0.0,100.0
1. Cancer,CTGAN,,,F1_Drop,,Decision Tree,,,Gap,0.3397080146004757,,classification,Generators/Experiment with utility data leak/utility results/1. Cancer/TRTR_TSTR_results_cancer.xlsx,utility,0.3397080146004757,,0.0,100.0
1. Cancer,CTGAN,,,Precision_Drop,,Decision Tree,,,Gap,0.3956000195678966,,classification,Generators/Experiment with utility data leak/utility results/1. Cancer/TRTR_TSTR_results_cancer.xlsx,utility,0.3956000195678966,,0.0,100.0
1. Cancer,CTGAN,,,Recall_Drop,,Decision Tree,,,Gap,0.2499999999999999,,classification,Generators/Experiment with utility data leak/utility results/1. Cancer/TRTR_TSTR_results_cancer.xlsx,utility,0.2499999999999999,,0.0,100.0
1. Cancer,CTGAN,,0.0,Accuracy,0.9324561403508772,Naive Bayes,,Utility,TRTR,0.9324561403508772,0.02322491630679601,classification,Generators/Experiment with utility data leak/utility results/1. Cancer/TRTR_TSTR_results_cancer.xlsx,utility,0.9324561403508772,,0.0,100.0
1. Cancer,CTGAN,,0.0,Accuracy,0.8517543859649122,Naive Bayes,,Utility,TSTR,0.8517543859649122,0.02947420634458147,classification,Generators/Experiment with utility data leak/utility results/1. Cancer/TRTR_TSTR_results_cancer.xlsx,utility,0.8517543859649122,,0.0,100.0
1. Cancer,CTGAN,,0.0,Accuracy_Gap,0.8517543859649122,Naive Bayes,,Utility,Gap,0.08070175438596505,0.02947420634458147,classification,Generators/Experiment with utility data leak/utility results/1. Cancer/TRTR_TSTR_results_cancer.xlsx,utility,0.08070175438596505,,0.0,100.0
1. Cancer,CTGAN,,0.0,F1,0.9055642341410918,Naive Bayes,,Utility,TRTR,0.9055642341410918,0.0327534076549362,classification,Generators/Experiment with utility data leak/utility results/1. Cancer/TRTR_TSTR_results_cancer.xlsx,utility,0.9055642341410918,,0.0,100.0
1. Cancer,CTGAN,,0.0,F1,0.8124915287949535,Naive Bayes,,Utility,TSTR,0.8124915287949535,0.03406757728491355,classification,Generators/Experiment with utility data leak/utility results/1. Cancer/TRTR_TSTR_results_cancer.xlsx,utility,0.8124915287949535,,0.0,100.0
1. Cancer,CTGAN,,0.0,F1_Gap,0.8124915287949535,Naive Bayes,,Utility,Gap,0.09307270534613832,0.03406757728491355,classification,Generators/Experiment with utility data leak/utility results/1. Cancer/TRTR_TSTR_results_cancer.xlsx,utility,0.09307270534613832,,0.0,100.0
1. Cancer,CTGAN,,0.0,Precision,0.931024002484766,Naive Bayes,,Utility,TRTR,0.931024002484766,0.03636585629143303,classification,Generators/Experiment with utility data leak/utility results/1. Cancer/TRTR_TSTR_results_cancer.xlsx,utility,0.931024002484766,,0.0,100.0
1. Cancer,CTGAN,,0.0,Precision,0.7650298077911399,Naive Bayes,,Utility,TSTR,0.7650298077911399,0.04849160121861332,classification,Generators/Experiment with utility data leak/utility results/1. Cancer/TRTR_TSTR_results_cancer.xlsx,utility,0.7650298077911399,,0.0,100.0
1. Cancer,CTGAN,,0.0,Precision_Gap,0.7650298077911399,Naive Bayes,,Utility,Gap,0.16599419469362608,0.04849160121861332,classification,Generators/Experiment with utility data leak/utility results/1. Cancer/TRTR_TSTR_results_cancer.xlsx,utility,0.16599419469362608,,0.0,100.0
1. Cancer,CTGAN,,0.0,Recall,0.8833333333333332,Naive Bayes,,Utility,TRTR,0.8833333333333332,0.05156287578025646,classification,Generators/Experiment with utility data leak/utility results/1. Cancer/TRTR_TSTR_results_cancer.xlsx,utility,0.8833333333333332,,0.0,100.0
1. Cancer,CTGAN,,0.0,Recall,0.8690476190476192,Naive Bayes,,Utility,TSTR,0.8690476190476192,0.04158154570612614,classification,Generators/Experiment with utility data leak/utility results/1. Cancer/TRTR_TSTR_results_cancer.xlsx,utility,0.8690476190476192,,0.0,100.0
1. Cancer,CTGAN,,0.0,Recall_Gap,0.8690476190476192,Naive Bayes,,Utility,Gap,0.014285714285714013,0.04158154570612614,classification,Generators/Experiment with utility data leak/utility results/1. Cancer/TRTR_TSTR_results_cancer.xlsx,utility,0.014285714285714013,,0.0,100.0
1. Cancer,CTGAN,,,Accuracy_Drop,,Naive Bayes,,,Gap,0.08070175438596505,,classification,Generators/Experiment with utility data leak/utility results/1. Cancer/TRTR_TSTR_results_cancer.xlsx,utility,0.08070175438596505,,0.0,100.0
1. Cancer,CTGAN,,,F1_Drop,,Naive Bayes,,,Gap,0.09307270534613832,,classification,Generators/Experiment with utility data leak/utility results/1. Cancer/TRTR_TSTR_results_cancer.xlsx,utility,0.09307270534613832,,0.0,100.0
1. Cancer,CTGAN,,,Precision_Drop,,Naive Bayes,,,Gap,0.1659941946936261,,classification,Generators/Experiment with utility data leak/utility results/1. Cancer/TRTR_TSTR_results_cancer.xlsx,utility,0.1659941946936261,,0.0,100.0
1. Cancer,CTGAN,,,Recall_Drop,,Naive Bayes,,,Gap,0.01428571428571401,,classification,Generators/Experiment with utility data leak/utility results/1. Cancer/TRTR_TSTR_results_cancer.xlsx,utility,0.01428571428571401,,0.0,100.0
1. Cancer,CopulaGAN,,0.0,Accuracy,0.9789473684210526,Logistic Regression,,Utility,TRTR,0.9789473684210526,0.009768007654087744,classification,Generators/Experiment with utility data leak/utility results/1. Cancer/TRTR_TSTR_results_cancer.xlsx,utility,0.9789473684210526,,0.0,100.0
1. Cancer,CopulaGAN,,0.0,Accuracy,0.2631578947368421,Logistic Regression,,Utility,TSTR,0.2631578947368421,0.03088915238887546,classification,Generators/Experiment with utility data leak/utility results/1. Cancer/TRTR_TSTR_results_cancer.xlsx,utility,0.2631578947368421,,0.0,100.0
1. Cancer,CopulaGAN,,0.0,Accuracy_Gap,0.2631578947368421,Logistic Regression,,Utility,Gap,0.7157894736842105,0.03088915238887546,classification,Generators/Experiment with utility data leak/utility results/1. Cancer/TRTR_TSTR_results_cancer.xlsx,utility,0.7157894736842105,,0.0,100.0
1. Cancer,CopulaGAN,,0.0,F1,0.9707868770215718,Logistic Regression,,Utility,TRTR,0.9707868770215718,0.0137941861874265,classification,Generators/Experiment with utility data leak/utility results/1. Cancer/TRTR_TSTR_results_cancer.xlsx,utility,0.9707868770215718,,0.0,100.0
1. Cancer,CopulaGAN,,0.0,F1,0.3985670877139814,Logistic Regression,,Utility,TSTR,0.3985670877139814,0.04376900515437522,classification,Generators/Experiment with utility data leak/utility results/1. Cancer/TRTR_TSTR_results_cancer.xlsx,utility,0.3985670877139814,,0.0,100.0
1. Cancer,CopulaGAN,,0.0,F1_Gap,0.3985670877139814,Logistic Regression,,Utility,Gap,0.5722197893075904,0.04376900515437522,classification,Generators/Experiment with utility data leak/utility results/1. Cancer/TRTR_TSTR_results_cancer.xlsx,utility,0.5722197893075904,,0.0,100.0
1. Cancer,CopulaGAN,,0.0,Precision,0.9901768962744573,Logistic Regression,,Utility,TRTR,0.9901768962744573,0.01203823054760635,classification,Generators/Experiment with utility data leak/utility results/1. Cancer/TRTR_TSTR_results_cancer.xlsx,utility,0.9901768962744573,,0.0,100.0
1. Cancer,CopulaGAN,,0.0,Precision,0.284463618381962,Logistic Regression,,Utility,TSTR,0.284463618381962,0.02735704074753571,classification,Generators/Experiment with utility data leak/utility results/1. Cancer/TRTR_TSTR_results_cancer.xlsx,utility,0.284463618381962,,0.0,100.0
1. Cancer,CopulaGAN,,0.0,Precision_Gap,0.284463618381962,Logistic Regression,,Utility,Gap,0.7057132778924953,0.02735704074753571,classification,Generators/Experiment with utility data leak/utility results/1. Cancer/TRTR_TSTR_results_cancer.xlsx,utility,0.7057132778924953,,0.0,100.0
1. Cancer,CopulaGAN,,0.0,Recall,0.9523809523809523,Logistic Regression,,Utility,TRTR,0.9523809523809523,0.02129588549999798,classification,Generators/Experiment with utility data leak/utility results/1. Cancer/TRTR_TSTR_results_cancer.xlsx,utility,0.9523809523809523,,0.0,100.0
1. Cancer,CopulaGAN,,0.0,Recall,0.6666666666666667,Logistic Regression,,Utility,TSTR,0.6666666666666667,0.09464098530643712,classification,Generators/Experiment with utility data leak/utility results/1. Cancer/TRTR_TSTR_results_cancer.xlsx,utility,0.6666666666666667,,0.0,100.0
1. Cancer,CopulaGAN,,0.0,Recall_Gap,0.6666666666666667,Logistic Regression,,Utility,Gap,0.2857142857142856,0.09464098530643712,classification,Generators/Experiment with utility data leak/utility results/1. Cancer/TRTR_TSTR_results_cancer.xlsx,utility,0.2857142857142856,,0.0,100.0
1. Cancer,CopulaGAN,,,Accuracy_Drop,,Logistic Regression,,,Gap,0.7157894736842104,,classification,Generators/Experiment with utility data leak/utility results/1. Cancer/TRTR_TSTR_results_cancer.xlsx,utility,0.7157894736842104,,0.0,100.0
1. Cancer,CopulaGAN,,,F1_Drop,,Logistic Regression,,,Gap,0.5722197893075904,,classification,Generators/Experiment with utility data leak/utility results/1. Cancer/TRTR_TSTR_results_cancer.xlsx,utility,0.5722197893075904,,0.0,100.0
1. Cancer,CopulaGAN,,,Precision_Drop,,Logistic Regression,,,Gap,0.7057132778924953,,classification,Generators/Experiment with utility data leak/utility results/1. Cancer/TRTR_TSTR_results_cancer.xlsx,utility,0.7057132778924953,,0.0,100.0
1. Cancer,CopulaGAN,,,Recall_Drop,,Logistic Regression,,,Gap,0.2857142857142856,,classification,Generators/Experiment with utility data leak/utility results/1. Cancer/TRTR_TSTR_results_cancer.xlsx,utility,0.2857142857142856,,0.0,100.0
1. Cancer,CopulaGAN,,0.0,Accuracy,0.974561403508772,MLP,,Utility,TRTR,0.974561403508772,0.01327433855300136,classification,Generators/Experiment with utility data leak/utility results/1. Cancer/TRTR_TSTR_results_cancer.xlsx,utility,0.974561403508772,,0.0,100.0
1. Cancer,CopulaGAN,,0.0,Accuracy,0.243859649122807,MLP,,Utility,TSTR,0.243859649122807,0.06666666666666668,classification,Generators/Experiment with utility data leak/utility results/1. Cancer/TRTR_TSTR_results_cancer.xlsx,utility,0.243859649122807,,0.0,100.0
1. Cancer,CopulaGAN,,0.0,Accuracy_Gap,0.243859649122807,MLP,,Utility,Gap,0.730701754385965,0.06666666666666668,classification,Generators/Experiment with utility data leak/utility results/1. Cancer/TRTR_TSTR_results_cancer.xlsx,utility,0.730701754385965,,0.0,100.0
1. Cancer,CopulaGAN,,0.0,F1,0.9646057122906845,MLP,,Utility,TRTR,0.9646057122906845,0.01869298955577862,classification,Generators/Experiment with utility data leak/utility results/1. Cancer/TRTR_TSTR_results_cancer.xlsx,utility,0.9646057122906845,,0.0,100.0
1. Cancer,CopulaGAN,,0.0,F1,0.3148359078246065,MLP,,Utility,TSTR,0.3148359078246065,0.08735914276020076,classification,Generators/Experiment with utility data leak/utility results/1. Cancer/TRTR_TSTR_results_cancer.xlsx,utility,0.3148359078246065,,0.0,100.0
1. Cancer,CopulaGAN,,0.0,F1_Gap,0.3148359078246065,MLP,,Utility,Gap,0.649769804466078,0.08735914276020076,classification,Generators/Experiment with utility data leak/utility results/1. Cancer/TRTR_TSTR_results_cancer.xlsx,utility,0.649769804466078,,0.0,100.0
1. Cancer,CopulaGAN,,0.0,Precision,0.985467661474468,MLP,,Utility,TRTR,0.985467661474468,0.0191919907367019,classification,Generators/Experiment with utility data leak/utility results/1. Cancer/TRTR_TSTR_results_cancer.xlsx,utility,0.985467661474468,,0.0,100.0
1. Cancer,CopulaGAN,,0.0,Precision,0.2346004713560841,MLP,,Utility,TSTR,0.2346004713560841,0.05987976719583476,classification,Generators/Experiment with utility data leak/utility results/1. Cancer/TRTR_TSTR_results_cancer.xlsx,utility,0.2346004713560841,,0.0,100.0
1. Cancer,CopulaGAN,,0.0,Precision_Gap,0.2346004713560841,MLP,,Utility,Gap,0.7508671901183839,0.05987976719583476,classification,Generators/Experiment with utility data leak/utility results/1. Cancer/TRTR_TSTR_results_cancer.xlsx,utility,0.7508671901183839,,0.0,100.0
1. Cancer,CopulaGAN,,0.0,Recall,0.9452380952380952,MLP,,Utility,TRTR,0.9452380952380952,0.03021089890583217,classification,Generators/Experiment with utility data leak/utility results/1. Cancer/TRTR_TSTR_results_cancer.xlsx,utility,0.9452380952380952,,0.0,100.0
1. Cancer,CopulaGAN,,0.0,Recall,0.480952380952381,MLP,,Utility,TSTR,0.480952380952381,0.1560568534111804,classification,Generators/Experiment with utility data leak/utility results/1. Cancer/TRTR_TSTR_results_cancer.xlsx,utility,0.480952380952381,,0.0,100.0
1. Cancer,CopulaGAN,,0.0,Recall_Gap,0.480952380952381,MLP,,Utility,Gap,0.4642857142857142,0.1560568534111804,classification,Generators/Experiment with utility data leak/utility results/1. Cancer/TRTR_TSTR_results_cancer.xlsx,utility,0.4642857142857142,,0.0,100.0
1. Cancer,CopulaGAN,,,Accuracy_Drop,,MLP,,,Gap,0.730701754385965,,classification,Generators/Experiment with utility data leak/utility results/1. Cancer/TRTR_TSTR_results_cancer.xlsx,utility,0.730701754385965,,0.0,100.0
1. Cancer,CopulaGAN,,,F1_Drop,,MLP,,,Gap,0.649769804466078,,classification,Generators/Experiment with utility data leak/utility results/1. Cancer/TRTR_TSTR_results_cancer.xlsx,utility,0.649769804466078,,0.0,100.0
1. Cancer,CopulaGAN,,,Precision_Drop,,MLP,,,Gap,0.7508671901183839,,classification,Generators/Experiment with utility data leak/utility results/1. Cancer/TRTR_TSTR_results_cancer.xlsx,utility,0.7508671901183839,,0.0,100.0
1. Cancer,CopulaGAN,,,Recall_Drop,,MLP,,,Gap,0.4642857142857142,,classification,Generators/Experiment with utility data leak/utility results/1. Cancer/TRTR_TSTR_results_cancer.xlsx,utility,0.4642857142857142,,0.0,100.0
1. Cancer,CopulaGAN,,0.0,Accuracy,0.9701754385964912,SVM-RBF,,Utility,TRTR,0.9701754385964912,0.01889531511275264,classification,Generators/Experiment with utility data leak/utility results/1. Cancer/TRTR_TSTR_results_cancer.xlsx,utility,0.9701754385964912,,0.0,100.0
1. Cancer,CopulaGAN,,0.0,Accuracy,0.256140350877193,SVM-RBF,,Utility,TSTR,0.256140350877193,0.04503683387015241,classification,Generators/Experiment with utility data leak/utility results/1. Cancer/TRTR_TSTR_results_cancer.xlsx,utility,0.256140350877193,,0.0,100.0
1. Cancer,CopulaGAN,,0.0,Accuracy_Gap,0.256140350877193,SVM-RBF,,Utility,Gap,0.7140350877192982,0.04503683387015241,classification,Generators/Experiment with utility data leak/utility results/1. Cancer/TRTR_TSTR_results_cancer.xlsx,utility,0.7140350877192982,,0.0,100.0
1. Cancer,CopulaGAN,,0.0,F1,0.9583987428081452,SVM-RBF,,Utility,TRTR,0.9583987428081452,0.02694607072359247,classification,Generators/Experiment with utility data leak/utility results/1. Cancer/TRTR_TSTR_results_cancer.xlsx,utility,0.9583987428081452,,0.0,100.0
1. Cancer,CopulaGAN,,0.0,F1,0.3694444042627564,SVM-RBF,,Utility,TSTR,0.3694444042627564,0.0750845122045937,classification,Generators/Experiment with utility data leak/utility results/1. Cancer/TRTR_TSTR_results_cancer.xlsx,utility,0.3694444042627564,,0.0,100.0
1. Cancer,CopulaGAN,,0.0,F1_Gap,0.3694444042627564,SVM-RBF,,Utility,Gap,0.5889543385453888,0.0750845122045937,classification,Generators/Experiment with utility data leak/utility results/1. Cancer/TRTR_TSTR_results_cancer.xlsx,utility,0.5889543385453888,,0.0,100.0
1. Cancer,CopulaGAN,,0.0,Precision,0.975500670827118,SVM-RBF,,Utility,TRTR,0.975500670827118,0.01929000486040976,classification,Generators/Experiment with utility data leak/utility results/1. Cancer/TRTR_TSTR_results_cancer.xlsx,utility,0.975500670827118,,0.0,100.0
1. Cancer,CopulaGAN,,0.0,Precision,0.2669488463176923,SVM-RBF,,Utility,TSTR,0.2669488463176923,0.04830223231252203,classification,Generators/Experiment with utility data leak/utility results/1. Cancer/TRTR_TSTR_results_cancer.xlsx,utility,0.2669488463176923,,0.0,100.0
1. Cancer,CopulaGAN,,0.0,Precision_Gap,0.2669488463176923,SVM-RBF,,Utility,Gap,0.7085518245094258,0.04830223231252203,classification,Generators/Experiment with utility data leak/utility results/1. Cancer/TRTR_TSTR_results_cancer.xlsx,utility,0.7085518245094258,,0.0,100.0
1. Cancer,CopulaGAN,,0.0,Recall,0.9428571428571428,SVM-RBF,,Utility,TRTR,0.9428571428571428,0.04416008807378907,classification,Generators/Experiment with utility data leak/utility results/1. Cancer/TRTR_TSTR_results_cancer.xlsx,utility,0.9428571428571428,,0.0,100.0
1. Cancer,CopulaGAN,,0.0,Recall,0.6023809523809524,SVM-RBF,,Utility,TSTR,0.6023809523809524,0.150979417737978,classification,Generators/Experiment with utility data leak/utility results/1. Cancer/TRTR_TSTR_results_cancer.xlsx,utility,0.6023809523809524,,0.0,100.0
1. Cancer,CopulaGAN,,0.0,Recall_Gap,0.6023809523809524,SVM-RBF,,Utility,Gap,0.3404761904761905,0.150979417737978,classification,Generators/Experiment with utility data leak/utility results/1. Cancer/TRTR_TSTR_results_cancer.xlsx,utility,0.3404761904761905,,0.0,100.0
1. Cancer,CopulaGAN,,,Accuracy_Drop,,SVM-RBF,,,Gap,0.7140350877192982,,classification,Generators/Experiment with utility data leak/utility results/1. Cancer/TRTR_TSTR_results_cancer.xlsx,utility,0.7140350877192982,,0.0,100.0
1. Cancer,CopulaGAN,,,F1_Drop,,SVM-RBF,,,Gap,0.5889543385453888,,classification,Generators/Experiment with utility data leak/utility results/1. Cancer/TRTR_TSTR_results_cancer.xlsx,utility,0.5889543385453888,,0.0,100.0
1. Cancer,CopulaGAN,,,Precision_Drop,,SVM-RBF,,,Gap,0.7085518245094257,,classification,Generators/Experiment with utility data leak/utility results/1. Cancer/TRTR_TSTR_results_cancer.xlsx,utility,0.7085518245094257,,0.0,100.0
1. Cancer,CopulaGAN,,,Recall_Drop,,SVM-RBF,,,Gap,0.3404761904761905,,classification,Generators/Experiment with utility data leak/utility results/1. Cancer/TRTR_TSTR_results_cancer.xlsx,utility,0.3404761904761905,,0.0,100.0
1. Cancer,CopulaGAN,,0.0,Accuracy,0.9701754385964912,Extra Trees,,Utility,TRTR,0.9701754385964912,0.01189882453179872,classification,Generators/Experiment with utility data leak/utility results/1. Cancer/TRTR_TSTR_results_cancer.xlsx,utility,0.9701754385964912,,0.0,100.0
1. Cancer,CopulaGAN,,0.0,Accuracy,0.3473684210526316,Extra Trees,,Utility,TSTR,0.3473684210526316,0.06254576656131891,classification,Generators/Experiment with utility data leak/utility results/1. Cancer/TRTR_TSTR_results_cancer.xlsx,utility,0.3473684210526316,,0.0,100.0
1. Cancer,CopulaGAN,,0.0,Accuracy_Gap,0.3473684210526316,Extra Trees,,Utility,Gap,0.6228070175438596,0.06254576656131891,classification,Generators/Experiment with utility data leak/utility results/1. Cancer/TRTR_TSTR_results_cancer.xlsx,utility,0.6228070175438596,,0.0,100.0
1. Cancer,CopulaGAN,,0.0,F1,0.9589899381997989,Extra Trees,,Utility,TRTR,0.9589899381997989,0.01652286372603384,classification,Generators/Experiment with utility data leak/utility results/1. Cancer/TRTR_TSTR_results_cancer.xlsx,utility,0.9589899381997989,,0.0,100.0
1. Cancer,CopulaGAN,,0.0,F1,0.3942774400600938,Extra Trees,,Utility,TSTR,0.3942774400600938,0.06988236591030123,classification,Generators/Experiment with utility data leak/utility results/1. Cancer/TRTR_TSTR_results_cancer.xlsx,utility,0.3942774400600938,,0.0,100.0
1. Cancer,CopulaGAN,,0.0,F1_Gap,0.3942774400600938,Extra Trees,,Utility,Gap,0.5647124981397051,0.06988236591030123,classification,Generators/Experiment with utility data leak/utility results/1. Cancer/TRTR_TSTR_results_cancer.xlsx,utility,0.5647124981397051,,0.0,100.0
1. Cancer,CopulaGAN,,0.0,Precision,0.971542217000243,Extra Trees,,Utility,TRTR,0.971542217000243,0.02506278422086412,classification,Generators/Experiment with utility data leak/utility results/1. Cancer/TRTR_TSTR_results_cancer.xlsx,utility,0.971542217000243,,0.0,100.0
1. Cancer,CopulaGAN,,0.0,Precision,0.299012460924504,Extra Trees,,Utility,TSTR,0.299012460924504,0.04786760332872306,classification,Generators/Experiment with utility data leak/utility results/1. Cancer/TRTR_TSTR_results_cancer.xlsx,utility,0.299012460924504,,0.0,100.0
1. Cancer,CopulaGAN,,0.0,Precision_Gap,0.299012460924504,Extra Trees,,Utility,Gap,0.6725297560757391,0.04786760332872306,classification,Generators/Experiment with utility data leak/utility results/1. Cancer/TRTR_TSTR_results_cancer.xlsx,utility,0.6725297560757391,,0.0,100.0
1. Cancer,CopulaGAN,,0.0,Recall,0.9476190476190476,Extra Trees,,Utility,TRTR,0.9476190476190476,0.02776643759450141,classification,Generators/Experiment with utility data leak/utility results/1. Cancer/TRTR_TSTR_results_cancer.xlsx,utility,0.9476190476190476,,0.0,100.0
1. Cancer,CopulaGAN,,0.0,Recall,0.5833333333333333,Extra Trees,,Utility,TSTR,0.5833333333333333,0.130083698853788,classification,Generators/Experiment with utility data leak/utility results/1. Cancer/TRTR_TSTR_results_cancer.xlsx,utility,0.5833333333333333,,0.0,100.0
1. Cancer,CopulaGAN,,0.0,Recall_Gap,0.5833333333333333,Extra Trees,,Utility,Gap,0.3642857142857143,0.130083698853788,classification,Generators/Experiment with utility data leak/utility results/1. Cancer/TRTR_TSTR_results_cancer.xlsx,utility,0.3642857142857143,,0.0,100.0
1. Cancer,CopulaGAN,,,Accuracy_Drop,,Extra Trees,,,Gap,0.6228070175438596,,classification,Generators/Experiment with utility data leak/utility results/1. Cancer/TRTR_TSTR_results_cancer.xlsx,utility,0.6228070175438596,,0.0,100.0
1. Cancer,CopulaGAN,,,F1_Drop,,Extra Trees,,,Gap,0.5647124981397051,,classification,Generators/Experiment with utility data leak/utility results/1. Cancer/TRTR_TSTR_results_cancer.xlsx,utility,0.5647124981397051,,0.0,100.0
1. Cancer,CopulaGAN,,,Precision_Drop,,Extra Trees,,,Gap,0.6725297560757391,,classification,Generators/Experiment with utility data leak/utility results/1. Cancer/TRTR_TSTR_results_cancer.xlsx,utility,0.6725297560757391,,0.0,100.0
1. Cancer,CopulaGAN,,,Recall_Drop,,Extra Trees,,,Gap,0.3642857142857143,,classification,Generators/Experiment with utility data leak/utility results/1. Cancer/TRTR_TSTR_results_cancer.xlsx,utility,0.3642857142857143,,0.0,100.0
1. Cancer,CopulaGAN,,0.0,Accuracy,0.9666666666666666,AdaBoost,,Utility,TRTR,0.9666666666666666,0.01022974016639526,classification,Generators/Experiment with utility data leak/utility results/1. Cancer/TRTR_TSTR_results_cancer.xlsx,utility,0.9666666666666666,,0.0,100.0
1. Cancer,CopulaGAN,,0.0,Accuracy,0.4815789473684211,AdaBoost,,Utility,TSTR,0.4815789473684211,0.1002804623522366,classification,Generators/Experiment with utility data leak/utility results/1. Cancer/TRTR_TSTR_results_cancer.xlsx,utility,0.4815789473684211,,0.0,100.0
1. Cancer,CopulaGAN,,0.0,Accuracy_Gap,0.4815789473684211,AdaBoost,,Utility,Gap,0.48508771929824546,0.1002804623522366,classification,Generators/Experiment with utility data leak/utility results/1. Cancer/TRTR_TSTR_results_cancer.xlsx,utility,0.48508771929824546,,0.0,100.0
1. Cancer,CopulaGAN,,0.0,F1,0.9537824074424763,AdaBoost,,Utility,TRTR,0.9537824074424763,0.01443243582836966,classification,Generators/Experiment with utility data leak/utility results/1. Cancer/TRTR_TSTR_results_cancer.xlsx,utility,0.9537824074424763,,0.0,100.0
1. Cancer,CopulaGAN,,0.0,F1,0.519801058330466,AdaBoost,,Utility,TSTR,0.519801058330466,0.06901698133998511,classification,Generators/Experiment with utility data leak/utility results/1. Cancer/TRTR_TSTR_results_cancer.xlsx,utility,0.519801058330466,,0.0,100.0
1. Cancer,CopulaGAN,,0.0,F1_Gap,0.519801058330466,AdaBoost,,Utility,Gap,0.43398134911201036,0.06901698133998511,classification,Generators/Experiment with utility data leak/utility results/1. Cancer/TRTR_TSTR_results_cancer.xlsx,utility,0.43398134911201036,,0.0,100.0
1. Cancer,CopulaGAN,,0.0,Precision,0.9735489892977129,AdaBoost,,Utility,TRTR,0.9735489892977129,0.02210918228480495,classification,Generators/Experiment with utility data leak/utility results/1. Cancer/TRTR_TSTR_results_cancer.xlsx,utility,0.9735489892977129,,0.0,100.0
1. Cancer,CopulaGAN,,0.0,Precision,0.40156576742601,AdaBoost,,Utility,TSTR,0.40156576742601,0.06687363753559306,classification,Generators/Experiment with utility data leak/utility results/1. Cancer/TRTR_TSTR_results_cancer.xlsx,utility,0.40156576742601,,0.0,100.0
1. Cancer,CopulaGAN,,0.0,Precision_Gap,0.40156576742601,AdaBoost,,Utility,Gap,0.5719832218717029,0.06687363753559306,classification,Generators/Experiment with utility data leak/utility results/1. Cancer/TRTR_TSTR_results_cancer.xlsx,utility,0.5719832218717029,,0.0,100.0
1. Cancer,CopulaGAN,,0.0,Recall,0.9357142857142857,AdaBoost,,Utility,TRTR,0.9357142857142857,0.02827224306437598,classification,Generators/Experiment with utility data leak/utility results/1. Cancer/TRTR_TSTR_results_cancer.xlsx,utility,0.9357142857142857,,0.0,100.0
1. Cancer,CopulaGAN,,0.0,Recall,0.7595238095238095,AdaBoost,,Utility,TSTR,0.7595238095238095,0.1252887820659321,classification,Generators/Experiment with utility data leak/utility results/1. Cancer/TRTR_TSTR_results_cancer.xlsx,utility,0.7595238095238095,,0.0,100.0
1. Cancer,CopulaGAN,,0.0,Recall_Gap,0.7595238095238095,AdaBoost,,Utility,Gap,0.17619047619047623,0.1252887820659321,classification,Generators/Experiment with utility data leak/utility results/1. Cancer/TRTR_TSTR_results_cancer.xlsx,utility,0.17619047619047623,,0.0,100.0
1. Cancer,CopulaGAN,,,Accuracy_Drop,,AdaBoost,,,Gap,0.4850877192982455,,classification,Generators/Experiment with utility data leak/utility results/1. Cancer/TRTR_TSTR_results_cancer.xlsx,utility,0.4850877192982455,,0.0,100.0
1. Cancer,CopulaGAN,,,F1_Drop,,AdaBoost,,,Gap,0.4339813491120104,,classification,Generators/Experiment with utility data leak/utility results/1. Cancer/TRTR_TSTR_results_cancer.xlsx,utility,0.4339813491120104,,0.0,100.0
1. Cancer,CopulaGAN,,,Precision_Drop,,AdaBoost,,,Gap,0.5719832218717029,,classification,Generators/Experiment with utility data leak/utility results/1. Cancer/TRTR_TSTR_results_cancer.xlsx,utility,0.5719832218717029,,0.0,100.0
1. Cancer,CopulaGAN,,,Recall_Drop,,AdaBoost,,,Gap,0.1761904761904762,,classification,Generators/Experiment with utility data leak/utility results/1. Cancer/TRTR_TSTR_results_cancer.xlsx,utility,0.1761904761904762,,0.0,100.0
1. Cancer,CopulaGAN,,0.0,Accuracy,0.9631578947368421,Gradient Boosting,,Utility,TRTR,0.9631578947368421,0.0203084857943688,classification,Generators/Experiment with utility data leak/utility results/1. Cancer/TRTR_TSTR_results_cancer.xlsx,utility,0.9631578947368421,,0.0,100.0
1. Cancer,CopulaGAN,,0.0,Accuracy,0.3894736842105263,Gradient Boosting,,Utility,TSTR,0.3894736842105263,0.0709605207584445,classification,Generators/Experiment with utility data leak/utility results/1. Cancer/TRTR_TSTR_results_cancer.xlsx,utility,0.3894736842105263,,0.0,100.0
1. Cancer,CopulaGAN,,0.0,Accuracy_Gap,0.3894736842105263,Gradient Boosting,,Utility,Gap,0.5736842105263158,0.0709605207584445,classification,Generators/Experiment with utility data leak/utility results/1. Cancer/TRTR_TSTR_results_cancer.xlsx,utility,0.5736842105263158,,0.0,100.0
1. Cancer,CopulaGAN,,0.0,F1,0.9494212600983015,Gradient Boosting,,Utility,TRTR,0.9494212600983015,0.02779434087071402,classification,Generators/Experiment with utility data leak/utility results/1. Cancer/TRTR_TSTR_results_cancer.xlsx,utility,0.9494212600983015,,0.0,100.0
1. Cancer,CopulaGAN,,0.0,F1,0.3896629562003324,Gradient Boosting,,Utility,TSTR,0.3896629562003324,0.08159356725323165,classification,Generators/Experiment with utility data leak/utility results/1. Cancer/TRTR_TSTR_results_cancer.xlsx,utility,0.3896629562003324,,0.0,100.0
1. Cancer,CopulaGAN,,0.0,F1_Gap,0.3896629562003324,Gradient Boosting,,Utility,Gap,0.5597583038979691,0.08159356725323165,classification,Generators/Experiment with utility data leak/utility results/1. Cancer/TRTR_TSTR_results_cancer.xlsx,utility,0.5597583038979691,,0.0,100.0
1. Cancer,CopulaGAN,,0.0,Precision,0.9620305430373497,Gradient Boosting,,Utility,TRTR,0.9620305430373497,0.0358379580625646,classification,Generators/Experiment with utility data leak/utility results/1. Cancer/TRTR_TSTR_results_cancer.xlsx,utility,0.9620305430373497,,0.0,100.0
1. Cancer,CopulaGAN,,0.0,Precision,0.3082748940337974,Gradient Boosting,,Utility,TSTR,0.3082748940337974,0.05739376069790951,classification,Generators/Experiment with utility data leak/utility results/1. Cancer/TRTR_TSTR_results_cancer.xlsx,utility,0.3082748940337974,,0.0,100.0
1. Cancer,CopulaGAN,,0.0,Precision_Gap,0.3082748940337974,Gradient Boosting,,Utility,Gap,0.6537556490035523,0.05739376069790951,classification,Generators/Experiment with utility data leak/utility results/1. Cancer/TRTR_TSTR_results_cancer.xlsx,utility,0.6537556490035523,,0.0,100.0
1. Cancer,CopulaGAN,,0.0,Recall,0.938095238095238,Gradient Boosting,,Utility,TRTR,0.938095238095238,0.03400680204068023,classification,Generators/Experiment with utility data leak/utility results/1. Cancer/TRTR_TSTR_results_cancer.xlsx,utility,0.938095238095238,,0.0,100.0
1. Cancer,CopulaGAN,,0.0,Recall,0.5404761904761904,Gradient Boosting,,Utility,TSTR,0.5404761904761904,0.150979417737978,classification,Generators/Experiment with utility data leak/utility results/1. Cancer/TRTR_TSTR_results_cancer.xlsx,utility,0.5404761904761904,,0.0,100.0
1. Cancer,CopulaGAN,,0.0,Recall_Gap,0.5404761904761904,Gradient Boosting,,Utility,Gap,0.39761904761904754,0.150979417737978,classification,Generators/Experiment with utility data leak/utility results/1. Cancer/TRTR_TSTR_results_cancer.xlsx,utility,0.39761904761904754,,0.0,100.0
1. Cancer,CopulaGAN,,,Accuracy_Drop,,Gradient Boosting,,,Gap,0.5736842105263158,,classification,Generators/Experiment with utility data leak/utility results/1. Cancer/TRTR_TSTR_results_cancer.xlsx,utility,0.5736842105263158,,0.0,100.0
1. Cancer,CopulaGAN,,,F1_Drop,,Gradient Boosting,,,Gap,0.5597583038979692,,classification,Generators/Experiment with utility data leak/utility results/1. Cancer/TRTR_TSTR_results_cancer.xlsx,utility,0.5597583038979692,,0.0,100.0
1. Cancer,CopulaGAN,,,Precision_Drop,,Gradient Boosting,,,Gap,0.6537556490035523,,classification,Generators/Experiment with utility data leak/utility results/1. Cancer/TRTR_TSTR_results_cancer.xlsx,utility,0.6537556490035523,,0.0,100.0
1. Cancer,CopulaGAN,,,Recall_Drop,,Gradient Boosting,,,Gap,0.3976190476190475,,classification,Generators/Experiment with utility data leak/utility results/1. Cancer/TRTR_TSTR_results_cancer.xlsx,utility,0.3976190476190475,,0.0,100.0
1. Cancer,CopulaGAN,,0.0,Accuracy,0.962280701754386,KNN,,Utility,TRTR,0.962280701754386,0.01883413206454726,classification,Generators/Experiment with utility data leak/utility results/1. Cancer/TRTR_TSTR_results_cancer.xlsx,utility,0.962280701754386,,0.0,100.0
1. Cancer,CopulaGAN,,0.0,Accuracy,0.343859649122807,KNN,,Utility,TSTR,0.343859649122807,0.04974542764476429,classification,Generators/Experiment with utility data leak/utility results/1. Cancer/TRTR_TSTR_results_cancer.xlsx,utility,0.343859649122807,,0.0,100.0
1. Cancer,CopulaGAN,,0.0,Accuracy_Gap,0.343859649122807,KNN,,Utility,Gap,0.618421052631579,0.04974542764476429,classification,Generators/Experiment with utility data leak/utility results/1. Cancer/TRTR_TSTR_results_cancer.xlsx,utility,0.618421052631579,,0.0,100.0
1. Cancer,CopulaGAN,,0.0,F1,0.947074373024434,KNN,,Utility,TRTR,0.947074373024434,0.02672761688789936,classification,Generators/Experiment with utility data leak/utility results/1. Cancer/TRTR_TSTR_results_cancer.xlsx,utility,0.947074373024434,,0.0,100.0
1. Cancer,CopulaGAN,,0.0,F1,0.4727259627656144,KNN,,Utility,TSTR,0.4727259627656144,0.04407537185753434,classification,Generators/Experiment with utility data leak/utility results/1. Cancer/TRTR_TSTR_results_cancer.xlsx,utility,0.4727259627656144,,0.0,100.0
1. Cancer,CopulaGAN,,0.0,F1_Gap,0.4727259627656144,KNN,,Utility,Gap,0.4743484102588196,0.04407537185753434,classification,Generators/Experiment with utility data leak/utility results/1. Cancer/TRTR_TSTR_results_cancer.xlsx,utility,0.4743484102588196,,0.0,100.0
1. Cancer,CopulaGAN,,0.0,Precision,0.9751404010156286,KNN,,Utility,TRTR,0.9751404010156286,0.02459125532957641,classification,Generators/Experiment with utility data leak/utility results/1. Cancer/TRTR_TSTR_results_cancer.xlsx,utility,0.9751404010156286,,0.0,100.0
1. Cancer,CopulaGAN,,0.0,Precision,0.3356790936398785,KNN,,Utility,TSTR,0.3356790936398785,0.03023147027119576,classification,Generators/Experiment with utility data leak/utility results/1. Cancer/TRTR_TSTR_results_cancer.xlsx,utility,0.3356790936398785,,0.0,100.0
1. Cancer,CopulaGAN,,0.0,Precision_Gap,0.3356790936398785,KNN,,Utility,Gap,0.63946130737575,0.03023147027119576,classification,Generators/Experiment with utility data leak/utility results/1. Cancer/TRTR_TSTR_results_cancer.xlsx,utility,0.63946130737575,,0.0,100.0
1. Cancer,CopulaGAN,,0.0,Recall,0.9214285714285715,KNN,,Utility,TRTR,0.9214285714285715,0.03991203479581002,classification,Generators/Experiment with utility data leak/utility results/1. Cancer/TRTR_TSTR_results_cancer.xlsx,utility,0.9214285714285715,,0.0,100.0
1. Cancer,CopulaGAN,,0.0,Recall,0.8,KNN,,Utility,TSTR,0.8,0.08597842897746566,classification,Generators/Experiment with utility data leak/utility results/1. Cancer/TRTR_TSTR_results_cancer.xlsx,utility,0.8,,0.0,100.0
1. Cancer,CopulaGAN,,0.0,Recall_Gap,0.8,KNN,,Utility,Gap,0.12142857142857144,0.08597842897746566,classification,Generators/Experiment with utility data leak/utility results/1. Cancer/TRTR_TSTR_results_cancer.xlsx,utility,0.12142857142857144,,0.0,100.0
1. Cancer,CopulaGAN,,,Accuracy_Drop,,KNN,,,Gap,0.618421052631579,,classification,Generators/Experiment with utility data leak/utility results/1. Cancer/TRTR_TSTR_results_cancer.xlsx,utility,0.618421052631579,,0.0,100.0
1. Cancer,CopulaGAN,,,F1_Drop,,KNN,,,Gap,0.4743484102588196,,classification,Generators/Experiment with utility data leak/utility results/1. Cancer/TRTR_TSTR_results_cancer.xlsx,utility,0.4743484102588196,,0.0,100.0
1. Cancer,CopulaGAN,,,Precision_Drop,,KNN,,,Gap,0.63946130737575,,classification,Generators/Experiment with utility data leak/utility results/1. Cancer/TRTR_TSTR_results_cancer.xlsx,utility,0.63946130737575,,0.0,100.0
1. Cancer,CopulaGAN,,,Recall_Drop,,KNN,,,Gap,0.1214285714285714,,classification,Generators/Experiment with utility data leak/utility results/1. Cancer/TRTR_TSTR_results_cancer.xlsx,utility,0.1214285714285714,,0.0,100.0
1. Cancer,CopulaGAN,,0.0,Accuracy,0.962280701754386,Random Forest,,Utility,TRTR,0.962280701754386,0.0136176971019825,classification,Generators/Experiment with utility data leak/utility results/1. Cancer/TRTR_TSTR_results_cancer.xlsx,utility,0.962280701754386,,0.0,100.0
1. Cancer,CopulaGAN,,0.0,Accuracy,0.4342105263157895,Random Forest,,Utility,TSTR,0.4342105263157895,0.06567241047103436,classification,Generators/Experiment with utility data leak/utility results/1. Cancer/TRTR_TSTR_results_cancer.xlsx,utility,0.4342105263157895,,0.0,100.0
1. Cancer,CopulaGAN,,0.0,Accuracy_Gap,0.4342105263157895,Random Forest,,Utility,Gap,0.5280701754385965,0.06567241047103436,classification,Generators/Experiment with utility data leak/utility results/1. Cancer/TRTR_TSTR_results_cancer.xlsx,utility,0.5280701754385965,,0.0,100.0
1. Cancer,CopulaGAN,,0.0,F1,0.9482304799188631,Random Forest,,Utility,TRTR,0.9482304799188631,0.01843776018375915,classification,Generators/Experiment with utility data leak/utility results/1. Cancer/TRTR_TSTR_results_cancer.xlsx,utility,0.9482304799188631,,0.0,100.0
1. Cancer,CopulaGAN,,0.0,F1,0.3816551708328511,Random Forest,,Utility,TSTR,0.3816551708328511,0.05380485147891598,classification,Generators/Experiment with utility data leak/utility results/1. Cancer/TRTR_TSTR_results_cancer.xlsx,utility,0.3816551708328511,,0.0,100.0
1. Cancer,CopulaGAN,,0.0,F1_Gap,0.3816551708328511,Random Forest,,Utility,Gap,0.566575309086012,0.05380485147891598,classification,Generators/Experiment with utility data leak/utility results/1. Cancer/TRTR_TSTR_results_cancer.xlsx,utility,0.566575309086012,,0.0,100.0
1. Cancer,CopulaGAN,,0.0,Precision,0.9617923931806518,Random Forest,,Utility,TRTR,0.9617923931806518,0.02967466301692189,classification,Generators/Experiment with utility data leak/utility results/1. Cancer/TRTR_TSTR_results_cancer.xlsx,utility,0.9617923931806518,,0.0,100.0
1. Cancer,CopulaGAN,,0.0,Precision,0.3220137555784127,Random Forest,,Utility,TSTR,0.3220137555784127,0.045904894901459,classification,Generators/Experiment with utility data leak/utility results/1. Cancer/TRTR_TSTR_results_cancer.xlsx,utility,0.3220137555784127,,0.0,100.0
1. Cancer,CopulaGAN,,0.0,Precision_Gap,0.3220137555784127,Random Forest,,Utility,Gap,0.6397786376022391,0.045904894901459,classification,Generators/Experiment with utility data leak/utility results/1. Cancer/TRTR_TSTR_results_cancer.xlsx,utility,0.6397786376022391,,0.0,100.0
1. Cancer,CopulaGAN,,0.0,Recall,0.9357142857142857,Random Forest,,Utility,TRTR,0.9357142857142857,0.0214285714285714,classification,Generators/Experiment with utility data leak/utility results/1. Cancer/TRTR_TSTR_results_cancer.xlsx,utility,0.9357142857142857,,0.0,100.0
1. Cancer,CopulaGAN,,0.0,Recall,0.4761904761904762,Random Forest,,Utility,TSTR,0.4761904761904762,0.0903507902905251,classification,Generators/Experiment with utility data leak/utility results/1. Cancer/TRTR_TSTR_results_cancer.xlsx,utility,0.4761904761904762,,0.0,100.0
1. Cancer,CopulaGAN,,0.0,Recall_Gap,0.4761904761904762,Random Forest,,Utility,Gap,0.4595238095238095,0.0903507902905251,classification,Generators/Experiment with utility data leak/utility results/1. Cancer/TRTR_TSTR_results_cancer.xlsx,utility,0.4595238095238095,,0.0,100.0
1. Cancer,CopulaGAN,,,Accuracy_Drop,,Random Forest,,,Gap,0.5280701754385965,,classification,Generators/Experiment with utility data leak/utility results/1. Cancer/TRTR_TSTR_results_cancer.xlsx,utility,0.5280701754385965,,0.0,100.0
1. Cancer,CopulaGAN,,,F1_Drop,,Random Forest,,,Gap,0.5665753090860121,,classification,Generators/Experiment with utility data leak/utility results/1. Cancer/TRTR_TSTR_results_cancer.xlsx,utility,0.5665753090860121,,0.0,100.0
1. Cancer,CopulaGAN,,,Precision_Drop,,Random Forest,,,Gap,0.6397786376022392,,classification,Generators/Experiment with utility data leak/utility results/1. Cancer/TRTR_TSTR_results_cancer.xlsx,utility,0.6397786376022392,,0.0,100.0
1. Cancer,CopulaGAN,,,Recall_Drop,,Random Forest,,,Gap,0.4595238095238096,,classification,Generators/Experiment with utility data leak/utility results/1. Cancer/TRTR_TSTR_results_cancer.xlsx,utility,0.4595238095238096,,0.0,100.0
1. Cancer,CopulaGAN,,0.0,Accuracy,0.9350877192982457,Decision Tree,,Utility,TRTR,0.9350877192982457,0.02045948033279054,classification,Generators/Experiment with utility data leak/utility results/1. Cancer/TRTR_TSTR_results_cancer.xlsx,utility,0.9350877192982457,,0.0,100.0
1. Cancer,CopulaGAN,,0.0,Accuracy,0.4885964912280701,Decision Tree,,Utility,TSTR,0.4885964912280701,0.1217403551246111,classification,Generators/Experiment with utility data leak/utility results/1. Cancer/TRTR_TSTR_results_cancer.xlsx,utility,0.4885964912280701,,0.0,100.0
1. Cancer,CopulaGAN,,0.0,Accuracy_Gap,0.4885964912280701,Decision Tree,,Utility,Gap,0.44649122807017566,0.1217403551246111,classification,Generators/Experiment with utility data leak/utility results/1. Cancer/TRTR_TSTR_results_cancer.xlsx,utility,0.44649122807017566,,0.0,100.0
1. Cancer,CopulaGAN,,0.0,F1,0.9122461606275634,Decision Tree,,Utility,TRTR,0.9122461606275634,0.02771502846045041,classification,Generators/Experiment with utility data leak/utility results/1. Cancer/TRTR_TSTR_results_cancer.xlsx,utility,0.9122461606275634,,0.0,100.0
1. Cancer,CopulaGAN,,0.0,F1,0.4336614094883392,Decision Tree,,Utility,TSTR,0.4336614094883392,0.1278834023662402,classification,Generators/Experiment with utility data leak/utility results/1. Cancer/TRTR_TSTR_results_cancer.xlsx,utility,0.4336614094883392,,0.0,100.0
1. Cancer,CopulaGAN,,0.0,F1_Gap,0.4336614094883392,Decision Tree,,Utility,Gap,0.47858475113922416,0.1278834023662402,classification,Generators/Experiment with utility data leak/utility results/1. Cancer/TRTR_TSTR_results_cancer.xlsx,utility,0.47858475113922416,,0.0,100.0
1. Cancer,CopulaGAN,,0.0,Precision,0.9096981560397401,Decision Tree,,Utility,TRTR,0.9096981560397401,0.03732307542896939,classification,Generators/Experiment with utility data leak/utility results/1. Cancer/TRTR_TSTR_results_cancer.xlsx,utility,0.9096981560397401,,0.0,100.0
1. Cancer,CopulaGAN,,0.0,Precision,0.3755289426952128,Decision Tree,,Utility,TSTR,0.3755289426952128,0.113279749606878,classification,Generators/Experiment with utility data leak/utility results/1. Cancer/TRTR_TSTR_results_cancer.xlsx,utility,0.3755289426952128,,0.0,100.0
1. Cancer,CopulaGAN,,0.0,Precision_Gap,0.3755289426952128,Decision Tree,,Utility,Gap,0.5341692133445273,0.113279749606878,classification,Generators/Experiment with utility data leak/utility results/1. Cancer/TRTR_TSTR_results_cancer.xlsx,utility,0.5341692133445273,,0.0,100.0
1. Cancer,CopulaGAN,,0.0,Recall,0.9166666666666666,Decision Tree,,Utility,TRTR,0.9166666666666666,0.04158154570612613,classification,Generators/Experiment with utility data leak/utility results/1. Cancer/TRTR_TSTR_results_cancer.xlsx,utility,0.9166666666666666,,0.0,100.0
1. Cancer,CopulaGAN,,0.0,Recall,0.5428571428571429,Decision Tree,,Utility,TSTR,0.5428571428571429,0.1942483624225823,classification,Generators/Experiment with utility data leak/utility results/1. Cancer/TRTR_TSTR_results_cancer.xlsx,utility,0.5428571428571429,,0.0,100.0
1. Cancer,CopulaGAN,,0.0,Recall_Gap,0.5428571428571429,Decision Tree,,Utility,Gap,0.3738095238095237,0.1942483624225823,classification,Generators/Experiment with utility data leak/utility results/1. Cancer/TRTR_TSTR_results_cancer.xlsx,utility,0.3738095238095237,,0.0,100.0
1. Cancer,CopulaGAN,,,Accuracy_Drop,,Decision Tree,,,Gap,0.4464912280701756,,classification,Generators/Experiment with utility data leak/utility results/1. Cancer/TRTR_TSTR_results_cancer.xlsx,utility,0.4464912280701756,,0.0,100.0
1. Cancer,CopulaGAN,,,F1_Drop,,Decision Tree,,,Gap,0.4785847511392242,,classification,Generators/Experiment with utility data leak/utility results/1. Cancer/TRTR_TSTR_results_cancer.xlsx,utility,0.4785847511392242,,0.0,100.0
1. Cancer,CopulaGAN,,,Precision_Drop,,Decision Tree,,,Gap,0.5341692133445274,,classification,Generators/Experiment with utility data leak/utility results/1. Cancer/TRTR_TSTR_results_cancer.xlsx,utility,0.5341692133445274,,0.0,100.0
1. Cancer,CopulaGAN,,,Recall_Drop,,Decision Tree,,,Gap,0.3738095238095237,,classification,Generators/Experiment with utility data leak/utility results/1. Cancer/TRTR_TSTR_results_cancer.xlsx,utility,0.3738095238095237,,0.0,100.0
1. Cancer,CopulaGAN,,0.0,Accuracy,0.9324561403508772,Naive Bayes,,Utility,TRTR,0.9324561403508772,0.02322491630679601,classification,Generators/Experiment with utility data leak/utility results/1. Cancer/TRTR_TSTR_results_cancer.xlsx,utility,0.9324561403508772,,0.0,100.0
1. Cancer,CopulaGAN,,0.0,Accuracy,0.3447368421052631,Naive Bayes,,Utility,TSTR,0.3447368421052631,0.03923906885323691,classification,Generators/Experiment with utility data leak/utility results/1. Cancer/TRTR_TSTR_results_cancer.xlsx,utility,0.3447368421052631,,0.0,100.0
1. Cancer,CopulaGAN,,0.0,Accuracy_Gap,0.3447368421052631,Naive Bayes,,Utility,Gap,0.5877192982456141,0.03923906885323691,classification,Generators/Experiment with utility data leak/utility results/1. Cancer/TRTR_TSTR_results_cancer.xlsx,utility,0.5877192982456141,,0.0,100.0
1. Cancer,CopulaGAN,,0.0,F1,0.9055642341410918,Naive Bayes,,Utility,TRTR,0.9055642341410918,0.0327534076549362,classification,Generators/Experiment with utility data leak/utility results/1. Cancer/TRTR_TSTR_results_cancer.xlsx,utility,0.9055642341410918,,0.0,100.0
1. Cancer,CopulaGAN,,0.0,F1,0.4662794326323761,Naive Bayes,,Utility,TSTR,0.4662794326323761,0.03639025421877407,classification,Generators/Experiment with utility data leak/utility results/1. Cancer/TRTR_TSTR_results_cancer.xlsx,utility,0.4662794326323761,,0.0,100.0
1. Cancer,CopulaGAN,,0.0,F1_Gap,0.4662794326323761,Naive Bayes,,Utility,Gap,0.4392848015087157,0.03639025421877407,classification,Generators/Experiment with utility data leak/utility results/1. Cancer/TRTR_TSTR_results_cancer.xlsx,utility,0.4392848015087157,,0.0,100.0
1. Cancer,CopulaGAN,,0.0,Precision,0.931024002484766,Naive Bayes,,Utility,TRTR,0.931024002484766,0.03636585629143303,classification,Generators/Experiment with utility data leak/utility results/1. Cancer/TRTR_TSTR_results_cancer.xlsx,utility,0.931024002484766,,0.0,100.0
1. Cancer,CopulaGAN,,0.0,Precision,0.3329675819725071,Naive Bayes,,Utility,TSTR,0.3329675819725071,0.02410520935186833,classification,Generators/Experiment with utility data leak/utility results/1. Cancer/TRTR_TSTR_results_cancer.xlsx,utility,0.3329675819725071,,0.0,100.0
1. Cancer,CopulaGAN,,0.0,Precision_Gap,0.3329675819725071,Naive Bayes,,Utility,Gap,0.5980564205122589,0.02410520935186833,classification,Generators/Experiment with utility data leak/utility results/1. Cancer/TRTR_TSTR_results_cancer.xlsx,utility,0.5980564205122589,,0.0,100.0
1. Cancer,CopulaGAN,,0.0,Recall,0.8833333333333332,Naive Bayes,,Utility,TRTR,0.8833333333333332,0.05156287578025646,classification,Generators/Experiment with utility data leak/utility results/1. Cancer/TRTR_TSTR_results_cancer.xlsx,utility,0.8833333333333332,,0.0,100.0
1. Cancer,CopulaGAN,,0.0,Recall,0.7785714285714286,Naive Bayes,,Utility,TSTR,0.7785714285714286,0.07457361792078966,classification,Generators/Experiment with utility data leak/utility results/1. Cancer/TRTR_TSTR_results_cancer.xlsx,utility,0.7785714285714286,,0.0,100.0
1. Cancer,CopulaGAN,,0.0,Recall_Gap,0.7785714285714286,Naive Bayes,,Utility,Gap,0.10476190476190461,0.07457361792078966,classification,Generators/Experiment with utility data leak/utility results/1. Cancer/TRTR_TSTR_results_cancer.xlsx,utility,0.10476190476190461,,0.0,100.0
1. Cancer,CopulaGAN,,,Accuracy_Drop,,Naive Bayes,,,Gap,0.5877192982456141,,classification,Generators/Experiment with utility data leak/utility results/1. Cancer/TRTR_TSTR_results_cancer.xlsx,utility,0.5877192982456141,,0.0,100.0
1. Cancer,CopulaGAN,,,F1_Drop,,Naive Bayes,,,Gap,0.4392848015087156,,classification,Generators/Experiment with utility data leak/utility results/1. Cancer/TRTR_TSTR_results_cancer.xlsx,utility,0.4392848015087156,,0.0,100.0
1. Cancer,CopulaGAN,,,Precision_Drop,,Naive Bayes,,,Gap,0.5980564205122589,,classification,Generators/Experiment with utility data leak/utility results/1. Cancer/TRTR_TSTR_results_cancer.xlsx,utility,0.5980564205122589,,0.0,100.0
1. Cancer,CopulaGAN,,,Recall_Drop,,Naive Bayes,,,Gap,0.1047619047619046,,classification,Generators/Experiment with utility data leak/utility results/1. Cancer/TRTR_TSTR_results_cancer.xlsx,utility,0.1047619047619046,,0.0,100.0
1. Cancer,TVAE,,0.0,Accuracy,0.9789473684210526,Logistic Regression,,Utility,TRTR,0.9789473684210526,0.009768007654087744,classification,Generators/Experiment with utility data leak/utility results/1. Cancer/TRTR_TSTR_results_cancer.xlsx,utility,0.9789473684210526,,0.0,100.0
1. Cancer,TVAE,,0.0,Accuracy,0.9508771929824562,Logistic Regression,,Utility,TSTR,0.9508771929824562,0.01626950613244861,classification,Generators/Experiment with utility data leak/utility results/1. Cancer/TRTR_TSTR_results_cancer.xlsx,utility,0.9508771929824562,,0.0,100.0
1. Cancer,TVAE,,0.0,Accuracy_Gap,0.9508771929824562,Logistic Regression,,Utility,Gap,0.028070175438596356,0.01626950613244861,classification,Generators/Experiment with utility data leak/utility results/1. Cancer/TRTR_TSTR_results_cancer.xlsx,utility,0.028070175438596356,,0.0,100.0
1. Cancer,TVAE,,0.0,F1,0.9707868770215718,Logistic Regression,,Utility,TRTR,0.9707868770215718,0.0137941861874265,classification,Generators/Experiment with utility data leak/utility results/1. Cancer/TRTR_TSTR_results_cancer.xlsx,utility,0.9707868770215718,,0.0,100.0
1. Cancer,TVAE,,0.0,F1,0.9349537812232789,Logistic Regression,,Utility,TSTR,0.9349537812232789,0.0205244350291098,classification,Generators/Experiment with utility data leak/utility results/1. Cancer/TRTR_TSTR_results_cancer.xlsx,utility,0.9349537812232789,,0.0,100.0
1. Cancer,TVAE,,0.0,F1_Gap,0.9349537812232789,Logistic Regression,,Utility,Gap,0.03583309579829297,0.0205244350291098,classification,Generators/Experiment with utility data leak/utility results/1. Cancer/TRTR_TSTR_results_cancer.xlsx,utility,0.03583309579829297,,0.0,100.0
1. Cancer,TVAE,,0.0,Precision,0.9901768962744573,Logistic Regression,,Utility,TRTR,0.9901768962744573,0.01203823054760635,classification,Generators/Experiment with utility data leak/utility results/1. Cancer/TRTR_TSTR_results_cancer.xlsx,utility,0.9901768962744573,,0.0,100.0
1. Cancer,TVAE,,0.0,Precision,0.9200017570368066,Logistic Regression,,Utility,TSTR,0.9200017570368066,0.04364250546674514,classification,Generators/Experiment with utility data leak/utility results/1. Cancer/TRTR_TSTR_results_cancer.xlsx,utility,0.9200017570368066,,0.0,100.0
1. Cancer,TVAE,,0.0,Precision_Gap,0.9200017570368066,Logistic Regression,,Utility,Gap,0.07017513923765062,0.04364250546674514,classification,Generators/Experiment with utility data leak/utility results/1. Cancer/TRTR_TSTR_results_cancer.xlsx,utility,0.07017513923765062,,0.0,100.0
1. Cancer,TVAE,,0.0,Recall,0.9523809523809523,Logistic Regression,,Utility,TRTR,0.9523809523809523,0.02129588549999798,classification,Generators/Experiment with utility data leak/utility results/1. Cancer/TRTR_TSTR_results_cancer.xlsx,utility,0.9523809523809523,,0.0,100.0
1. Cancer,TVAE,,0.0,Recall,0.9523809523809523,Logistic Regression,,Utility,TSTR,0.9523809523809523,0.02608202654786504,classification,Generators/Experiment with utility data leak/utility results/1. Cancer/TRTR_TSTR_results_cancer.xlsx,utility,0.9523809523809523,,0.0,100.0
1. Cancer,TVAE,,0.0,Recall_Gap,0.9523809523809523,Logistic Regression,,Utility,Gap,0.0,0.02608202654786504,classification,Generators/Experiment with utility data leak/utility results/1. Cancer/TRTR_TSTR_results_cancer.xlsx,utility,0.0,,0.0,100.0
1. Cancer,TVAE,,,Accuracy_Drop,,Logistic Regression,,,Gap,0.02807017543859636,,classification,Generators/Experiment with utility data leak/utility results/1. Cancer/TRTR_TSTR_results_cancer.xlsx,utility,0.02807017543859636,,0.0,100.0
1. Cancer,TVAE,,,F1_Drop,,Logistic Regression,,,Gap,0.03583309579829297,,classification,Generators/Experiment with utility data leak/utility results/1. Cancer/TRTR_TSTR_results_cancer.xlsx,utility,0.03583309579829297,,0.0,100.0
1. Cancer,TVAE,,,Precision_Drop,,Logistic Regression,,,Gap,0.07017513923765062,,classification,Generators/Experiment with utility data leak/utility results/1. Cancer/TRTR_TSTR_results_cancer.xlsx,utility,0.07017513923765062,,0.0,100.0
1. Cancer,TVAE,,,Recall_Drop,,Logistic Regression,,,Gap,0.0,,classification,Generators/Experiment with utility data leak/utility results/1. Cancer/TRTR_TSTR_results_cancer.xlsx,utility,0.0,,0.0,100.0
1. Cancer,TVAE,,0.0,Accuracy,0.974561403508772,MLP,,Utility,TRTR,0.974561403508772,0.01327433855300136,classification,Generators/Experiment with utility data leak/utility results/1. Cancer/TRTR_TSTR_results_cancer.xlsx,utility,0.974561403508772,,0.0,100.0
1. Cancer,TVAE,,0.0,Accuracy,0.9394736842105263,MLP,,Utility,TSTR,0.9394736842105263,0.01491228070175438,classification,Generators/Experiment with utility data leak/utility results/1. Cancer/TRTR_TSTR_results_cancer.xlsx,utility,0.9394736842105263,,0.0,100.0
1. Cancer,TVAE,,0.0,Accuracy_Gap,0.9394736842105263,MLP,,Utility,Gap,0.03508771929824561,0.01491228070175438,classification,Generators/Experiment with utility data leak/utility results/1. Cancer/TRTR_TSTR_results_cancer.xlsx,utility,0.03508771929824561,,0.0,100.0
1. Cancer,TVAE,,0.0,F1,0.9646057122906845,MLP,,Utility,TRTR,0.9646057122906845,0.01869298955577862,classification,Generators/Experiment with utility data leak/utility results/1. Cancer/TRTR_TSTR_results_cancer.xlsx,utility,0.9646057122906845,,0.0,100.0
1. Cancer,TVAE,,0.0,F1,0.9192517598044786,MLP,,Utility,TSTR,0.9192517598044786,0.01919021951793801,classification,Generators/Experiment with utility data leak/utility results/1. Cancer/TRTR_TSTR_results_cancer.xlsx,utility,0.9192517598044786,,0.0,100.0
1. Cancer,TVAE,,0.0,F1_Gap,0.9192517598044786,MLP,,Utility,Gap,0.045353952486205884,0.01919021951793801,classification,Generators/Experiment with utility data leak/utility results/1. Cancer/TRTR_TSTR_results_cancer.xlsx,utility,0.045353952486205884,,0.0,100.0
1. Cancer,TVAE,,0.0,Precision,0.985467661474468,MLP,,Utility,TRTR,0.985467661474468,0.0191919907367019,classification,Generators/Experiment with utility data leak/utility results/1. Cancer/TRTR_TSTR_results_cancer.xlsx,utility,0.985467661474468,,0.0,100.0
1. Cancer,TVAE,,0.0,Precision,0.9064603150404279,MLP,,Utility,TSTR,0.9064603150404279,0.03159454285352053,classification,Generators/Experiment with utility data leak/utility results/1. Cancer/TRTR_TSTR_results_cancer.xlsx,utility,0.9064603150404279,,0.0,100.0
1. Cancer,TVAE,,0.0,Precision_Gap,0.9064603150404279,MLP,,Utility,Gap,0.07900734643404006,0.03159454285352053,classification,Generators/Experiment with utility data leak/utility results/1. Cancer/TRTR_TSTR_results_cancer.xlsx,utility,0.07900734643404006,,0.0,100.0
1. Cancer,TVAE,,0.0,Recall,0.9452380952380952,MLP,,Utility,TRTR,0.9452380952380952,0.03021089890583217,classification,Generators/Experiment with utility data leak/utility results/1. Cancer/TRTR_TSTR_results_cancer.xlsx,utility,0.9452380952380952,,0.0,100.0
1. Cancer,TVAE,,0.0,Recall,0.9333333333333333,MLP,,Utility,TSTR,0.9333333333333333,0.02332847374079215,classification,Generators/Experiment with utility data leak/utility results/1. Cancer/TRTR_TSTR_results_cancer.xlsx,utility,0.9333333333333333,,0.0,100.0
1. Cancer,TVAE,,0.0,Recall_Gap,0.9333333333333333,MLP,,Utility,Gap,0.011904761904761862,0.02332847374079215,classification,Generators/Experiment with utility data leak/utility results/1. Cancer/TRTR_TSTR_results_cancer.xlsx,utility,0.011904761904761862,,0.0,100.0
1. Cancer,TVAE,,,Accuracy_Drop,,MLP,,,Gap,0.03508771929824561,,classification,Generators/Experiment with utility data leak/utility results/1. Cancer/TRTR_TSTR_results_cancer.xlsx,utility,0.03508771929824561,,0.0,100.0
1. Cancer,TVAE,,,F1_Drop,,MLP,,,Gap,0.04535395248620588,,classification,Generators/Experiment with utility data leak/utility results/1. Cancer/TRTR_TSTR_results_cancer.xlsx,utility,0.04535395248620588,,0.0,100.0
1. Cancer,TVAE,,,Precision_Drop,,MLP,,,Gap,0.07900734643404006,,classification,Generators/Experiment with utility data leak/utility results/1. Cancer/TRTR_TSTR_results_cancer.xlsx,utility,0.07900734643404006,,0.0,100.0
1. Cancer,TVAE,,,Recall_Drop,,MLP,,,Gap,0.01190476190476186,,classification,Generators/Experiment with utility data leak/utility results/1. Cancer/TRTR_TSTR_results_cancer.xlsx,utility,0.01190476190476186,,0.0,100.0
1. Cancer,TVAE,,0.0,Accuracy,0.9701754385964912,SVM-RBF,,Utility,TRTR,0.9701754385964912,0.01889531511275264,classification,Generators/Experiment with utility data leak/utility results/1. Cancer/TRTR_TSTR_results_cancer.xlsx,utility,0.9701754385964912,,0.0,100.0
1. Cancer,TVAE,,0.0,Accuracy,0.9043859649122806,SVM-RBF,,Utility,TSTR,0.9043859649122806,0.02400689856737546,classification,Generators/Experiment with utility data leak/utility results/1. Cancer/TRTR_TSTR_results_cancer.xlsx,utility,0.9043859649122806,,0.0,100.0
1. Cancer,TVAE,,0.0,Accuracy_Gap,0.9043859649122806,SVM-RBF,,Utility,Gap,0.06578947368421062,0.02400689856737546,classification,Generators/Experiment with utility data leak/utility results/1. Cancer/TRTR_TSTR_results_cancer.xlsx,utility,0.06578947368421062,,0.0,100.0
1. Cancer,TVAE,,0.0,F1,0.9583987428081452,SVM-RBF,,Utility,TRTR,0.9583987428081452,0.02694607072359247,classification,Generators/Experiment with utility data leak/utility results/1. Cancer/TRTR_TSTR_results_cancer.xlsx,utility,0.9583987428081452,,0.0,100.0
1. Cancer,TVAE,,0.0,F1,0.8777910309014987,SVM-RBF,,Utility,TSTR,0.8777910309014987,0.02856307801556199,classification,Generators/Experiment with utility data leak/utility results/1. Cancer/TRTR_TSTR_results_cancer.xlsx,utility,0.8777910309014987,,0.0,100.0
1. Cancer,TVAE,,0.0,F1_Gap,0.8777910309014987,SVM-RBF,,Utility,Gap,0.0806077119066465,0.02856307801556199,classification,Generators/Experiment with utility data leak/utility results/1. Cancer/TRTR_TSTR_results_cancer.xlsx,utility,0.0806077119066465,,0.0,100.0
1. Cancer,TVAE,,0.0,Precision,0.975500670827118,SVM-RBF,,Utility,TRTR,0.975500670827118,0.01929000486040976,classification,Generators/Experiment with utility data leak/utility results/1. Cancer/TRTR_TSTR_results_cancer.xlsx,utility,0.975500670827118,,0.0,100.0
1. Cancer,TVAE,,0.0,Precision,0.8345596660379948,SVM-RBF,,Utility,TSTR,0.8345596660379948,0.04725014894563535,classification,Generators/Experiment with utility data leak/utility results/1. Cancer/TRTR_TSTR_results_cancer.xlsx,utility,0.8345596660379948,,0.0,100.0
1. Cancer,TVAE,,0.0,Precision_Gap,0.8345596660379948,SVM-RBF,,Utility,Gap,0.1409410047891232,0.04725014894563535,classification,Generators/Experiment with utility data leak/utility results/1. Cancer/TRTR_TSTR_results_cancer.xlsx,utility,0.1409410047891232,,0.0,100.0
1. Cancer,TVAE,,0.0,Recall,0.9428571428571428,SVM-RBF,,Utility,TRTR,0.9428571428571428,0.04416008807378907,classification,Generators/Experiment with utility data leak/utility results/1. Cancer/TRTR_TSTR_results_cancer.xlsx,utility,0.9428571428571428,,0.0,100.0
1. Cancer,TVAE,,0.0,Recall,0.9285714285714286,SVM-RBF,,Utility,TSTR,0.9285714285714286,0.03839170356332643,classification,Generators/Experiment with utility data leak/utility results/1. Cancer/TRTR_TSTR_results_cancer.xlsx,utility,0.9285714285714286,,0.0,100.0
1. Cancer,TVAE,,0.0,Recall_Gap,0.9285714285714286,SVM-RBF,,Utility,Gap,0.014285714285714235,0.03839170356332643,classification,Generators/Experiment with utility data leak/utility results/1. Cancer/TRTR_TSTR_results_cancer.xlsx,utility,0.014285714285714235,,0.0,100.0
1. Cancer,TVAE,,,Accuracy_Drop,,SVM-RBF,,,Gap,0.06578947368421062,,classification,Generators/Experiment with utility data leak/utility results/1. Cancer/TRTR_TSTR_results_cancer.xlsx,utility,0.06578947368421062,,0.0,100.0
1. Cancer,TVAE,,,F1_Drop,,SVM-RBF,,,Gap,0.0806077119066465,,classification,Generators/Experiment with utility data leak/utility results/1. Cancer/TRTR_TSTR_results_cancer.xlsx,utility,0.0806077119066465,,0.0,100.0
1. Cancer,TVAE,,,Precision_Drop,,SVM-RBF,,,Gap,0.1409410047891232,,classification,Generators/Experiment with utility data leak/utility results/1. Cancer/TRTR_TSTR_results_cancer.xlsx,utility,0.1409410047891232,,0.0,100.0
1. Cancer,TVAE,,,Recall_Drop,,SVM-RBF,,,Gap,0.01428571428571423,,classification,Generators/Experiment with utility data leak/utility results/1. Cancer/TRTR_TSTR_results_cancer.xlsx,utility,0.01428571428571423,,0.0,100.0
1. Cancer,TVAE,,0.0,Accuracy,0.9701754385964912,Extra Trees,,Utility,TRTR,0.9701754385964912,0.01189882453179872,classification,Generators/Experiment with utility data leak/utility results/1. Cancer/TRTR_TSTR_results_cancer.xlsx,utility,0.9701754385964912,,0.0,100.0
1. Cancer,TVAE,,0.0,Accuracy,0.9421052631578949,Extra Trees,,Utility,TSTR,0.9421052631578949,0.01189882453179871,classification,Generators/Experiment with utility data leak/utility results/1. Cancer/TRTR_TSTR_results_cancer.xlsx,utility,0.9421052631578949,,0.0,100.0
1. Cancer,TVAE,,0.0,Accuracy_Gap,0.9421052631578949,Extra Trees,,Utility,Gap,0.028070175438596356,0.01189882453179871,classification,Generators/Experiment with utility data leak/utility results/1. Cancer/TRTR_TSTR_results_cancer.xlsx,utility,0.028070175438596356,,0.0,100.0
1. Cancer,TVAE,,0.0,F1,0.9589899381997989,Extra Trees,,Utility,TRTR,0.9589899381997989,0.01652286372603384,classification,Generators/Experiment with utility data leak/utility results/1. Cancer/TRTR_TSTR_results_cancer.xlsx,utility,0.9589899381997989,,0.0,100.0
1. Cancer,TVAE,,0.0,F1,0.9215341464590943,Extra Trees,,Utility,TSTR,0.9215341464590943,0.01651097672799115,classification,Generators/Experiment with utility data leak/utility results/1. Cancer/TRTR_TSTR_results_cancer.xlsx,utility,0.9215341464590943,,0.0,100.0
1. Cancer,TVAE,,0.0,F1_Gap,0.9215341464590943,Extra Trees,,Utility,Gap,0.03745579174070468,0.01651097672799115,classification,Generators/Experiment with utility data leak/utility results/1. Cancer/TRTR_TSTR_results_cancer.xlsx,utility,0.03745579174070468,,0.0,100.0
1. Cancer,TVAE,,0.0,Precision,0.971542217000243,Extra Trees,,Utility,TRTR,0.971542217000243,0.02506278422086412,classification,Generators/Experiment with utility data leak/utility results/1. Cancer/TRTR_TSTR_results_cancer.xlsx,utility,0.971542217000243,,0.0,100.0
1. Cancer,TVAE,,0.0,Precision,0.9209321690653983,Extra Trees,,Utility,TSTR,0.9209321690653983,0.03016871953040859,classification,Generators/Experiment with utility data leak/utility results/1. Cancer/TRTR_TSTR_results_cancer.xlsx,utility,0.9209321690653983,,0.0,100.0
1. Cancer,TVAE,,0.0,Precision_Gap,0.9209321690653983,Extra Trees,,Utility,Gap,0.05061004793484469,0.03016871953040859,classification,Generators/Experiment with utility data leak/utility results/1. Cancer/TRTR_TSTR_results_cancer.xlsx,utility,0.05061004793484469,,0.0,100.0
1. Cancer,TVAE,,0.0,Recall,0.9476190476190476,Extra Trees,,Utility,TRTR,0.9476190476190476,0.02776643759450141,classification,Generators/Experiment with utility data leak/utility results/1. Cancer/TRTR_TSTR_results_cancer.xlsx,utility,0.9476190476190476,,0.0,100.0
1. Cancer,TVAE,,0.0,Recall,0.9238095238095237,Extra Trees,,Utility,TSTR,0.9238095238095237,0.03499271061118826,classification,Generators/Experiment with utility data leak/utility results/1. Cancer/TRTR_TSTR_results_cancer.xlsx,utility,0.9238095238095237,,0.0,100.0
1. Cancer,TVAE,,0.0,Recall_Gap,0.9238095238095237,Extra Trees,,Utility,Gap,0.023809523809523836,0.03499271061118826,classification,Generators/Experiment with utility data leak/utility results/1. Cancer/TRTR_TSTR_results_cancer.xlsx,utility,0.023809523809523836,,0.0,100.0
1. Cancer,TVAE,,,Accuracy_Drop,,Extra Trees,,,Gap,0.02807017543859636,,classification,Generators/Experiment with utility data leak/utility results/1. Cancer/TRTR_TSTR_results_cancer.xlsx,utility,0.02807017543859636,,0.0,100.0
1. Cancer,TVAE,,,F1_Drop,,Extra Trees,,,Gap,0.03745579174070468,,classification,Generators/Experiment with utility data leak/utility results/1. Cancer/TRTR_TSTR_results_cancer.xlsx,utility,0.03745579174070468,,0.0,100.0
1. Cancer,TVAE,,,Precision_Drop,,Extra Trees,,,Gap,0.05061004793484469,,classification,Generators/Experiment with utility data leak/utility results/1. Cancer/TRTR_TSTR_results_cancer.xlsx,utility,0.05061004793484469,,0.0,100.0
1. Cancer,TVAE,,,Recall_Drop,,Extra Trees,,,Gap,0.02380952380952384,,classification,Generators/Experiment with utility data leak/utility results/1. Cancer/TRTR_TSTR_results_cancer.xlsx,utility,0.02380952380952384,,0.0,100.0
1. Cancer,TVAE,,0.0,Accuracy,0.9666666666666666,AdaBoost,,Utility,TRTR,0.9666666666666666,0.01022974016639526,classification,Generators/Experiment with utility data leak/utility results/1. Cancer/TRTR_TSTR_results_cancer.xlsx,utility,0.9666666666666666,,0.0,100.0
1. Cancer,TVAE,,0.0,Accuracy,0.9342105263157894,AdaBoost,,Utility,TSTR,0.9342105263157894,0.02426195909813917,classification,Generators/Experiment with utility data leak/utility results/1. Cancer/TRTR_TSTR_results_cancer.xlsx,utility,0.9342105263157894,,0.0,100.0
1. Cancer,TVAE,,0.0,Accuracy_Gap,0.9342105263157894,AdaBoost,,Utility,Gap,0.03245614035087718,0.02426195909813917,classification,Generators/Experiment with utility data leak/utility results/1. Cancer/TRTR_TSTR_results_cancer.xlsx,utility,0.03245614035087718,,0.0,100.0
1. Cancer,TVAE,,0.0,F1,0.9537824074424763,AdaBoost,,Utility,TRTR,0.9537824074424763,0.01443243582836966,classification,Generators/Experiment with utility data leak/utility results/1. Cancer/TRTR_TSTR_results_cancer.xlsx,utility,0.9537824074424763,,0.0,100.0
1. Cancer,TVAE,,0.0,F1,0.9153513314029592,AdaBoost,,Utility,TSTR,0.9153513314029592,0.02941917497135529,classification,Generators/Experiment with utility data leak/utility results/1. Cancer/TRTR_TSTR_results_cancer.xlsx,utility,0.9153513314029592,,0.0,100.0
1. Cancer,TVAE,,0.0,F1_Gap,0.9153513314029592,AdaBoost,,Utility,Gap,0.03843107603951712,0.02941917497135529,classification,Generators/Experiment with utility data leak/utility results/1. Cancer/TRTR_TSTR_results_cancer.xlsx,utility,0.03843107603951712,,0.0,100.0
1. Cancer,TVAE,,0.0,Precision,0.9735489892977129,AdaBoost,,Utility,TRTR,0.9735489892977129,0.02210918228480495,classification,Generators/Experiment with utility data leak/utility results/1. Cancer/TRTR_TSTR_results_cancer.xlsx,utility,0.9735489892977129,,0.0,100.0
1. Cancer,TVAE,,0.0,Precision,0.8795536196577732,AdaBoost,,Utility,TSTR,0.8795536196577732,0.05318306563608498,classification,Generators/Experiment with utility data leak/utility results/1. Cancer/TRTR_TSTR_results_cancer.xlsx,utility,0.8795536196577732,,0.0,100.0
1. Cancer,TVAE,,0.0,Precision_Gap,0.8795536196577732,AdaBoost,,Utility,Gap,0.09399536963993971,0.05318306563608498,classification,Generators/Experiment with utility data leak/utility results/1. Cancer/TRTR_TSTR_results_cancer.xlsx,utility,0.09399536963993971,,0.0,100.0
1. Cancer,TVAE,,0.0,Recall,0.9357142857142857,AdaBoost,,Utility,TRTR,0.9357142857142857,0.02827224306437598,classification,Generators/Experiment with utility data leak/utility results/1. Cancer/TRTR_TSTR_results_cancer.xlsx,utility,0.9357142857142857,,0.0,100.0
1. Cancer,TVAE,,0.0,Recall,0.9571428571428571,AdaBoost,,Utility,TSTR,0.9571428571428571,0.03333333333333333,classification,Generators/Experiment with utility data leak/utility results/1. Cancer/TRTR_TSTR_results_cancer.xlsx,utility,0.9571428571428571,,0.0,100.0
1. Cancer,TVAE,,0.0,Recall_Gap,0.9571428571428571,AdaBoost,,Utility,Gap,-0.021428571428571352,0.03333333333333333,classification,Generators/Experiment with utility data leak/utility results/1. Cancer/TRTR_TSTR_results_cancer.xlsx,utility,-0.021428571428571352,,0.0,100.0
1. Cancer,TVAE,,,Accuracy_Drop,,AdaBoost,,,Gap,0.03245614035087718,,classification,Generators/Experiment with utility data leak/utility results/1. Cancer/TRTR_TSTR_results_cancer.xlsx,utility,0.03245614035087718,,0.0,100.0
1. Cancer,TVAE,,,F1_Drop,,AdaBoost,,,Gap,0.03843107603951712,,classification,Generators/Experiment with utility data leak/utility results/1. Cancer/TRTR_TSTR_results_cancer.xlsx,utility,0.03843107603951712,,0.0,100.0
1. Cancer,TVAE,,,Precision_Drop,,AdaBoost,,,Gap,0.09399536963993971,,classification,Generators/Experiment with utility data leak/utility results/1. Cancer/TRTR_TSTR_results_cancer.xlsx,utility,0.09399536963993971,,0.0,100.0
1. Cancer,TVAE,,,Recall_Drop,,AdaBoost,,,Gap,-0.02142857142857135,,classification,Generators/Experiment with utility data leak/utility results/1. Cancer/TRTR_TSTR_results_cancer.xlsx,utility,-0.02142857142857135,,0.0,100.0
1. Cancer,TVAE,,0.0,Accuracy,0.9631578947368421,Gradient Boosting,,Utility,TRTR,0.9631578947368421,0.0203084857943688,classification,Generators/Experiment with utility data leak/utility results/1. Cancer/TRTR_TSTR_results_cancer.xlsx,utility,0.9631578947368421,,0.0,100.0
1. Cancer,TVAE,,0.0,Accuracy,0.9280701754385966,Gradient Boosting,,Utility,TSTR,0.9280701754385966,0.02141500985216438,classification,Generators/Experiment with utility data leak/utility results/1. Cancer/TRTR_TSTR_results_cancer.xlsx,utility,0.9280701754385966,,0.0,100.0
1. Cancer,TVAE,,0.0,Accuracy_Gap,0.9280701754385966,Gradient Boosting,,Utility,Gap,0.0350877192982455,0.02141500985216438,classification,Generators/Experiment with utility data leak/utility results/1. Cancer/TRTR_TSTR_results_cancer.xlsx,utility,0.0350877192982455,,0.0,100.0
1. Cancer,TVAE,,0.0,F1,0.9494212600983015,Gradient Boosting,,Utility,TRTR,0.9494212600983015,0.02779434087071402,classification,Generators/Experiment with utility data leak/utility results/1. Cancer/TRTR_TSTR_results_cancer.xlsx,utility,0.9494212600983015,,0.0,100.0
1. Cancer,TVAE,,0.0,F1,0.9072946817713374,Gradient Boosting,,Utility,TSTR,0.9072946817713374,0.02573561371849602,classification,Generators/Experiment with utility data leak/utility results/1. Cancer/TRTR_TSTR_results_cancer.xlsx,utility,0.9072946817713374,,0.0,100.0
1. Cancer,TVAE,,0.0,F1_Gap,0.9072946817713374,Gradient Boosting,,Utility,Gap,0.04212657832696409,0.02573561371849602,classification,Generators/Experiment with utility data leak/utility results/1. Cancer/TRTR_TSTR_results_cancer.xlsx,utility,0.04212657832696409,,0.0,100.0
1. Cancer,TVAE,,0.0,Precision,0.9620305430373497,Gradient Boosting,,Utility,TRTR,0.9620305430373497,0.0358379580625646,classification,Generators/Experiment with utility data leak/utility results/1. Cancer/TRTR_TSTR_results_cancer.xlsx,utility,0.9620305430373497,,0.0,100.0
1. Cancer,TVAE,,0.0,Precision,0.8692762521847348,Gradient Boosting,,Utility,TSTR,0.8692762521847348,0.04161638397144202,classification,Generators/Experiment with utility data leak/utility results/1. Cancer/TRTR_TSTR_results_cancer.xlsx,utility,0.8692762521847348,,0.0,100.0
1. Cancer,TVAE,,0.0,Precision_Gap,0.8692762521847348,Gradient Boosting,,Utility,Gap,0.09275429085261488,0.04161638397144202,classification,Generators/Experiment with utility data leak/utility results/1. Cancer/TRTR_TSTR_results_cancer.xlsx,utility,0.09275429085261488,,0.0,100.0
1. Cancer,TVAE,,0.0,Recall,0.938095238095238,Gradient Boosting,,Utility,TRTR,0.938095238095238,0.03400680204068023,classification,Generators/Experiment with utility data leak/utility results/1. Cancer/TRTR_TSTR_results_cancer.xlsx,utility,0.938095238095238,,0.0,100.0
1. Cancer,TVAE,,0.0,Recall,0.95,Gradient Boosting,,Utility,TSTR,0.95,0.01977767586409063,classification,Generators/Experiment with utility data leak/utility results/1. Cancer/TRTR_TSTR_results_cancer.xlsx,utility,0.95,,0.0,100.0
1. Cancer,TVAE,,0.0,Recall_Gap,0.95,Gradient Boosting,,Utility,Gap,-0.011904761904761973,0.01977767586409063,classification,Generators/Experiment with utility data leak/utility results/1. Cancer/TRTR_TSTR_results_cancer.xlsx,utility,-0.011904761904761973,,0.0,100.0
1. Cancer,TVAE,,,Accuracy_Drop,,Gradient Boosting,,,Gap,0.0350877192982455,,classification,Generators/Experiment with utility data leak/utility results/1. Cancer/TRTR_TSTR_results_cancer.xlsx,utility,0.0350877192982455,,0.0,100.0
1. Cancer,TVAE,,,F1_Drop,,Gradient Boosting,,,Gap,0.04212657832696409,,classification,Generators/Experiment with utility data leak/utility results/1. Cancer/TRTR_TSTR_results_cancer.xlsx,utility,0.04212657832696409,,0.0,100.0
1. Cancer,TVAE,,,Precision_Drop,,Gradient Boosting,,,Gap,0.09275429085261488,,classification,Generators/Experiment with utility data leak/utility results/1. Cancer/TRTR_TSTR_results_cancer.xlsx,utility,0.09275429085261488,,0.0,100.0
1. Cancer,TVAE,,,Recall_Drop,,Gradient Boosting,,,Gap,-0.01190476190476197,,classification,Generators/Experiment with utility data leak/utility results/1. Cancer/TRTR_TSTR_results_cancer.xlsx,utility,-0.01190476190476197,,0.0,100.0
1. Cancer,TVAE,,0.0,Accuracy,0.962280701754386,KNN,,Utility,TRTR,0.962280701754386,0.01883413206454726,classification,Generators/Experiment with utility data leak/utility results/1. Cancer/TRTR_TSTR_results_cancer.xlsx,utility,0.962280701754386,,0.0,100.0
1. Cancer,TVAE,,0.0,Accuracy,0.9192982456140351,KNN,,Utility,TSTR,0.9192982456140351,0.01559332353915015,classification,Generators/Experiment with utility data leak/utility results/1. Cancer/TRTR_TSTR_results_cancer.xlsx,utility,0.9192982456140351,,0.0,100.0
1. Cancer,TVAE,,0.0,Accuracy_Gap,0.9192982456140351,KNN,,Utility,Gap,0.0429824561403509,0.01559332353915015,classification,Generators/Experiment with utility data leak/utility results/1. Cancer/TRTR_TSTR_results_cancer.xlsx,utility,0.0429824561403509,,0.0,100.0
1. Cancer,TVAE,,0.0,F1,0.947074373024434,KNN,,Utility,TRTR,0.947074373024434,0.02672761688789936,classification,Generators/Experiment with utility data leak/utility results/1. Cancer/TRTR_TSTR_results_cancer.xlsx,utility,0.947074373024434,,0.0,100.0
1. Cancer,TVAE,,0.0,F1,0.8845383342815607,KNN,,Utility,TSTR,0.8845383342815607,0.02309637542466639,classification,Generators/Experiment with utility data leak/utility results/1. Cancer/TRTR_TSTR_results_cancer.xlsx,utility,0.8845383342815607,,0.0,100.0
1. Cancer,TVAE,,0.0,F1_Gap,0.8845383342815607,KNN,,Utility,Gap,0.06253603874287328,0.02309637542466639,classification,Generators/Experiment with utility data leak/utility results/1. Cancer/TRTR_TSTR_results_cancer.xlsx,utility,0.06253603874287328,,0.0,100.0
1. Cancer,TVAE,,0.0,Precision,0.9751404010156286,KNN,,Utility,TRTR,0.9751404010156286,0.02459125532957641,classification,Generators/Experiment with utility data leak/utility results/1. Cancer/TRTR_TSTR_results_cancer.xlsx,utility,0.9751404010156286,,0.0,100.0
1. Cancer,TVAE,,0.0,Precision,0.9356775422606691,KNN,,Utility,TSTR,0.9356775422606691,0.03601643338690418,classification,Generators/Experiment with utility data leak/utility results/1. Cancer/TRTR_TSTR_results_cancer.xlsx,utility,0.9356775422606691,,0.0,100.0
1. Cancer,TVAE,,0.0,Precision_Gap,0.9356775422606691,KNN,,Utility,Gap,0.03946285875495947,0.03601643338690418,classification,Generators/Experiment with utility data leak/utility results/1. Cancer/TRTR_TSTR_results_cancer.xlsx,utility,0.03946285875495947,,0.0,100.0
1. Cancer,TVAE,,0.0,Recall,0.9214285714285715,KNN,,Utility,TRTR,0.9214285714285715,0.03991203479581002,classification,Generators/Experiment with utility data leak/utility results/1. Cancer/TRTR_TSTR_results_cancer.xlsx,utility,0.9214285714285715,,0.0,100.0
1. Cancer,TVAE,,0.0,Recall,0.8404761904761904,KNN,,Utility,TSTR,0.8404761904761904,0.0384654629081036,classification,Generators/Experiment with utility data leak/utility results/1. Cancer/TRTR_TSTR_results_cancer.xlsx,utility,0.8404761904761904,,0.0,100.0
1. Cancer,TVAE,,0.0,Recall_Gap,0.8404761904761904,KNN,,Utility,Gap,0.08095238095238111,0.0384654629081036,classification,Generators/Experiment with utility data leak/utility results/1. Cancer/TRTR_TSTR_results_cancer.xlsx,utility,0.08095238095238111,,0.0,100.0
1. Cancer,TVAE,,,Accuracy_Drop,,KNN,,,Gap,0.0429824561403509,,classification,Generators/Experiment with utility data leak/utility results/1. Cancer/TRTR_TSTR_results_cancer.xlsx,utility,0.0429824561403509,,0.0,100.0
1. Cancer,TVAE,,,F1_Drop,,KNN,,,Gap,0.06253603874287328,,classification,Generators/Experiment with utility data leak/utility results/1. Cancer/TRTR_TSTR_results_cancer.xlsx,utility,0.06253603874287328,,0.0,100.0
1. Cancer,TVAE,,,Precision_Drop,,KNN,,,Gap,0.03946285875495947,,classification,Generators/Experiment with utility data leak/utility results/1. Cancer/TRTR_TSTR_results_cancer.xlsx,utility,0.03946285875495947,,0.0,100.0
1. Cancer,TVAE,,,Recall_Drop,,KNN,,,Gap,0.08095238095238111,,classification,Generators/Experiment with utility data leak/utility results/1. Cancer/TRTR_TSTR_results_cancer.xlsx,utility,0.08095238095238111,,0.0,100.0
1. Cancer,TVAE,,0.0,Accuracy,0.962280701754386,Random Forest,,Utility,TRTR,0.962280701754386,0.0136176971019825,classification,Generators/Experiment with utility data leak/utility results/1. Cancer/TRTR_TSTR_results_cancer.xlsx,utility,0.962280701754386,,0.0,100.0
1. Cancer,TVAE,,0.0,Accuracy,0.9403508771929825,Random Forest,,Utility,TSTR,0.9403508771929825,0.02411881944713603,classification,Generators/Experiment with utility data leak/utility results/1. Cancer/TRTR_TSTR_results_cancer.xlsx,utility,0.9403508771929825,,0.0,100.0
1. Cancer,TVAE,,0.0,Accuracy_Gap,0.9403508771929825,Random Forest,,Utility,Gap,0.021929824561403466,0.02411881944713603,classification,Generators/Experiment with utility data leak/utility results/1. Cancer/TRTR_TSTR_results_cancer.xlsx,utility,0.021929824561403466,,0.0,100.0
1. Cancer,TVAE,,0.0,F1,0.9482304799188631,Random Forest,,Utility,TRTR,0.9482304799188631,0.01843776018375915,classification,Generators/Experiment with utility data leak/utility results/1. Cancer/TRTR_TSTR_results_cancer.xlsx,utility,0.9482304799188631,,0.0,100.0
1. Cancer,TVAE,,0.0,F1,0.9227451990685708,Random Forest,,Utility,TSTR,0.9227451990685708,0.03040540973588106,classification,Generators/Experiment with utility data leak/utility results/1. Cancer/TRTR_TSTR_results_cancer.xlsx,utility,0.9227451990685708,,0.0,100.0
1. Cancer,TVAE,,0.0,F1_Gap,0.9227451990685708,Random Forest,,Utility,Gap,0.025485280850292336,0.03040540973588106,classification,Generators/Experiment with utility data leak/utility results/1. Cancer/TRTR_TSTR_results_cancer.xlsx,utility,0.025485280850292336,,0.0,100.0
1. Cancer,TVAE,,0.0,Precision,0.9617923931806518,Random Forest,,Utility,TRTR,0.9617923931806518,0.02967466301692189,classification,Generators/Experiment with utility data leak/utility results/1. Cancer/TRTR_TSTR_results_cancer.xlsx,utility,0.9617923931806518,,0.0,100.0
1. Cancer,TVAE,,0.0,Precision,0.8902658325683648,Random Forest,,Utility,TSTR,0.8902658325683648,0.04986619470062876,classification,Generators/Experiment with utility data leak/utility results/1. Cancer/TRTR_TSTR_results_cancer.xlsx,utility,0.8902658325683648,,0.0,100.0
1. Cancer,TVAE,,0.0,Precision_Gap,0.8902658325683648,Random Forest,,Utility,Gap,0.07152656061228702,0.04986619470062876,classification,Generators/Experiment with utility data leak/utility results/1. Cancer/TRTR_TSTR_results_cancer.xlsx,utility,0.07152656061228702,,0.0,100.0
1. Cancer,TVAE,,0.0,Recall,0.9357142857142857,Random Forest,,Utility,TRTR,0.9357142857142857,0.0214285714285714,classification,Generators/Experiment with utility data leak/utility results/1. Cancer/TRTR_TSTR_results_cancer.xlsx,utility,0.9357142857142857,,0.0,100.0
1. Cancer,TVAE,,0.0,Recall,0.9595238095238094,Random Forest,,Utility,TSTR,0.9595238095238094,0.02827224306437599,classification,Generators/Experiment with utility data leak/utility results/1. Cancer/TRTR_TSTR_results_cancer.xlsx,utility,0.9595238095238094,,0.0,100.0
1. Cancer,TVAE,,0.0,Recall_Gap,0.9595238095238094,Random Forest,,Utility,Gap,-0.023809523809523725,0.02827224306437599,classification,Generators/Experiment with utility data leak/utility results/1. Cancer/TRTR_TSTR_results_cancer.xlsx,utility,-0.023809523809523725,,0.0,100.0
1. Cancer,TVAE,,,Accuracy_Drop,,Random Forest,,,Gap,0.02192982456140347,,classification,Generators/Experiment with utility data leak/utility results/1. Cancer/TRTR_TSTR_results_cancer.xlsx,utility,0.02192982456140347,,0.0,100.0
1. Cancer,TVAE,,,F1_Drop,,Random Forest,,,Gap,0.02548528085029234,,classification,Generators/Experiment with utility data leak/utility results/1. Cancer/TRTR_TSTR_results_cancer.xlsx,utility,0.02548528085029234,,0.0,100.0
1. Cancer,TVAE,,,Precision_Drop,,Random Forest,,,Gap,0.07152656061228702,,classification,Generators/Experiment with utility data leak/utility results/1. Cancer/TRTR_TSTR_results_cancer.xlsx,utility,0.07152656061228702,,0.0,100.0
1. Cancer,TVAE,,,Recall_Drop,,Random Forest,,,Gap,-0.02380952380952372,,classification,Generators/Experiment with utility data leak/utility results/1. Cancer/TRTR_TSTR_results_cancer.xlsx,utility,-0.02380952380952372,,0.0,100.0
1. Cancer,TVAE,,0.0,Accuracy,0.9350877192982457,Decision Tree,,Utility,TRTR,0.9350877192982457,0.02045948033279054,classification,Generators/Experiment with utility data leak/utility results/1. Cancer/TRTR_TSTR_results_cancer.xlsx,utility,0.9350877192982457,,0.0,100.0
1. Cancer,TVAE,,0.0,Accuracy,0.8850877192982457,Decision Tree,,Utility,TSTR,0.8850877192982457,0.03339099352749871,classification,Generators/Experiment with utility data leak/utility results/1. Cancer/TRTR_TSTR_results_cancer.xlsx,utility,0.8850877192982457,,0.0,100.0
1. Cancer,TVAE,,0.0,Accuracy_Gap,0.8850877192982457,Decision Tree,,Utility,Gap,0.050000000000000044,0.03339099352749871,classification,Generators/Experiment with utility data leak/utility results/1. Cancer/TRTR_TSTR_results_cancer.xlsx,utility,0.050000000000000044,,0.0,100.0
1. Cancer,TVAE,,0.0,F1,0.9122461606275634,Decision Tree,,Utility,TRTR,0.9122461606275634,0.02771502846045041,classification,Generators/Experiment with utility data leak/utility results/1. Cancer/TRTR_TSTR_results_cancer.xlsx,utility,0.9122461606275634,,0.0,100.0
1. Cancer,TVAE,,0.0,F1,0.8534828223900593,Decision Tree,,Utility,TSTR,0.8534828223900593,0.0408262245800949,classification,Generators/Experiment with utility data leak/utility results/1. Cancer/TRTR_TSTR_results_cancer.xlsx,utility,0.8534828223900593,,0.0,100.0
1. Cancer,TVAE,,0.0,F1_Gap,0.8534828223900593,Decision Tree,,Utility,Gap,0.058763338237504015,0.0408262245800949,classification,Generators/Experiment with utility data leak/utility results/1. Cancer/TRTR_TSTR_results_cancer.xlsx,utility,0.058763338237504015,,0.0,100.0
1. Cancer,TVAE,,0.0,Precision,0.9096981560397401,Decision Tree,,Utility,TRTR,0.9096981560397401,0.03732307542896939,classification,Generators/Experiment with utility data leak/utility results/1. Cancer/TRTR_TSTR_results_cancer.xlsx,utility,0.9096981560397401,,0.0,100.0
1. Cancer,TVAE,,0.0,Precision,0.809844675532181,Decision Tree,,Utility,TSTR,0.809844675532181,0.05563070655071129,classification,Generators/Experiment with utility data leak/utility results/1. Cancer/TRTR_TSTR_results_cancer.xlsx,utility,0.809844675532181,,0.0,100.0
1. Cancer,TVAE,,0.0,Precision_Gap,0.809844675532181,Decision Tree,,Utility,Gap,0.09985348050755916,0.05563070655071129,classification,Generators/Experiment with utility data leak/utility results/1. Cancer/TRTR_TSTR_results_cancer.xlsx,utility,0.09985348050755916,,0.0,100.0
1. Cancer,TVAE,,0.0,Recall,0.9166666666666666,Decision Tree,,Utility,TRTR,0.9166666666666666,0.04158154570612613,classification,Generators/Experiment with utility data leak/utility results/1. Cancer/TRTR_TSTR_results_cancer.xlsx,utility,0.9166666666666666,,0.0,100.0
1. Cancer,TVAE,,0.0,Recall,0.9047619047619048,Decision Tree,,Utility,TSTR,0.9047619047619048,0.0464133064038522,classification,Generators/Experiment with utility data leak/utility results/1. Cancer/TRTR_TSTR_results_cancer.xlsx,utility,0.9047619047619048,,0.0,100.0
1. Cancer,TVAE,,0.0,Recall_Gap,0.9047619047619048,Decision Tree,,Utility,Gap,0.011904761904761862,0.0464133064038522,classification,Generators/Experiment with utility data leak/utility results/1. Cancer/TRTR_TSTR_results_cancer.xlsx,utility,0.011904761904761862,,0.0,100.0
1. Cancer,TVAE,,,Accuracy_Drop,,Decision Tree,,,Gap,0.05000000000000004,,classification,Generators/Experiment with utility data leak/utility results/1. Cancer/TRTR_TSTR_results_cancer.xlsx,utility,0.05000000000000004,,0.0,100.0
1. Cancer,TVAE,,,F1_Drop,,Decision Tree,,,Gap,0.05876333823750401,,classification,Generators/Experiment with utility data leak/utility results/1. Cancer/TRTR_TSTR_results_cancer.xlsx,utility,0.05876333823750401,,0.0,100.0
1. Cancer,TVAE,,,Precision_Drop,,Decision Tree,,,Gap,0.09985348050755916,,classification,Generators/Experiment with utility data leak/utility results/1. Cancer/TRTR_TSTR_results_cancer.xlsx,utility,0.09985348050755916,,0.0,100.0
1. Cancer,TVAE,,,Recall_Drop,,Decision Tree,,,Gap,0.01190476190476186,,classification,Generators/Experiment with utility data leak/utility results/1. Cancer/TRTR_TSTR_results_cancer.xlsx,utility,0.01190476190476186,,0.0,100.0
1. Cancer,TVAE,,0.0,Accuracy,0.9324561403508772,Naive Bayes,,Utility,TRTR,0.9324561403508772,0.02322491630679601,classification,Generators/Experiment with utility data leak/utility results/1. Cancer/TRTR_TSTR_results_cancer.xlsx,utility,0.9324561403508772,,0.0,100.0
1. Cancer,TVAE,,0.0,Accuracy,0.9201754385964911,Naive Bayes,,Utility,TSTR,0.9201754385964911,0.01774013018961113,classification,Generators/Experiment with utility data leak/utility results/1. Cancer/TRTR_TSTR_results_cancer.xlsx,utility,0.9201754385964911,,0.0,100.0
1. Cancer,TVAE,,0.0,Accuracy_Gap,0.9201754385964911,Naive Bayes,,Utility,Gap,0.012280701754386114,0.01774013018961113,classification,Generators/Experiment with utility data leak/utility results/1. Cancer/TRTR_TSTR_results_cancer.xlsx,utility,0.012280701754386114,,0.0,100.0
1. Cancer,TVAE,,0.0,F1,0.9055642341410918,Naive Bayes,,Utility,TRTR,0.9055642341410918,0.0327534076549362,classification,Generators/Experiment with utility data leak/utility results/1. Cancer/TRTR_TSTR_results_cancer.xlsx,utility,0.9055642341410918,,0.0,100.0
1. Cancer,TVAE,,0.0,F1,0.8987114495799169,Naive Bayes,,Utility,TSTR,0.8987114495799169,0.02169100300470643,classification,Generators/Experiment with utility data leak/utility results/1. Cancer/TRTR_TSTR_results_cancer.xlsx,utility,0.8987114495799169,,0.0,100.0
1. Cancer,TVAE,,0.0,F1_Gap,0.8987114495799169,Naive Bayes,,Utility,Gap,0.006852784561174885,0.02169100300470643,classification,Generators/Experiment with utility data leak/utility results/1. Cancer/TRTR_TSTR_results_cancer.xlsx,utility,0.006852784561174885,,0.0,100.0
1. Cancer,TVAE,,0.0,Precision,0.931024002484766,Naive Bayes,,Utility,TRTR,0.931024002484766,0.03636585629143303,classification,Generators/Experiment with utility data leak/utility results/1. Cancer/TRTR_TSTR_results_cancer.xlsx,utility,0.931024002484766,,0.0,100.0
1. Cancer,TVAE,,0.0,Precision,0.8460551560241003,Naive Bayes,,Utility,TSTR,0.8460551560241003,0.03169416111012167,classification,Generators/Experiment with utility data leak/utility results/1. Cancer/TRTR_TSTR_results_cancer.xlsx,utility,0.8460551560241003,,0.0,100.0
1. Cancer,TVAE,,0.0,Precision_Gap,0.8460551560241003,Naive Bayes,,Utility,Gap,0.08496884646066571,0.03169416111012167,classification,Generators/Experiment with utility data leak/utility results/1. Cancer/TRTR_TSTR_results_cancer.xlsx,utility,0.08496884646066571,,0.0,100.0
1. Cancer,TVAE,,0.0,Recall,0.8833333333333332,Naive Bayes,,Utility,TRTR,0.8833333333333332,0.05156287578025646,classification,Generators/Experiment with utility data leak/utility results/1. Cancer/TRTR_TSTR_results_cancer.xlsx,utility,0.8833333333333332,,0.0,100.0
1. Cancer,TVAE,,0.0,Recall,0.9595238095238094,Naive Bayes,,Utility,TSTR,0.9595238095238094,0.02827224306437599,classification,Generators/Experiment with utility data leak/utility results/1. Cancer/TRTR_TSTR_results_cancer.xlsx,utility,0.9595238095238094,,0.0,100.0
1. Cancer,TVAE,,0.0,Recall_Gap,0.9595238095238094,Naive Bayes,,Utility,Gap,-0.07619047619047625,0.02827224306437599,classification,Generators/Experiment with utility data leak/utility results/1. Cancer/TRTR_TSTR_results_cancer.xlsx,utility,-0.07619047619047625,,0.0,100.0
1. Cancer,TVAE,,,Accuracy_Drop,,Naive Bayes,,,Gap,0.01228070175438611,,classification,Generators/Experiment with utility data leak/utility results/1. Cancer/TRTR_TSTR_results_cancer.xlsx,utility,0.01228070175438611,,0.0,100.0
1. Cancer,TVAE,,,F1_Drop,,Naive Bayes,,,Gap,0.006852784561174885,,classification,Generators/Experiment with utility data leak/utility results/1. Cancer/TRTR_TSTR_results_cancer.xlsx,utility,0.006852784561174885,,0.0,100.0
1. Cancer,TVAE,,,Precision_Drop,,Naive Bayes,,,Gap,0.08496884646066571,,classification,Generators/Experiment with utility data leak/utility results/1. Cancer/TRTR_TSTR_results_cancer.xlsx,utility,0.08496884646066571,,0.0,100.0
1. Cancer,TVAE,,,Recall_Drop,,Naive Bayes,,,Gap,-0.07619047619047625,,classification,Generators/Experiment with utility data leak/utility results/1. Cancer/TRTR_TSTR_results_cancer.xlsx,utility,-0.07619047619047625,,0.0,100.0
1. Cancer,GaussianCopula,,0.0,Accuracy,0.9789473684210526,Logistic Regression,,Utility,TRTR,0.9789473684210526,0.009768007654087744,classification,Generators/Experiment with utility data leak/utility results/1. Cancer/TRTR_TSTR_results_cancer.xlsx,utility,0.9789473684210526,,0.0,100.0
1. Cancer,GaussianCopula,,0.0,Accuracy,0.9078947368421053,Logistic Regression,,Utility,TSTR,0.9078947368421053,0.03019634118957632,classification,Generators/Experiment with utility data leak/utility results/1. Cancer/TRTR_TSTR_results_cancer.xlsx,utility,0.9078947368421053,,0.0,100.0
1. Cancer,GaussianCopula,,0.0,Accuracy_Gap,0.9078947368421053,Logistic Regression,,Utility,Gap,0.07105263157894726,0.03019634118957632,classification,Generators/Experiment with utility data leak/utility results/1. Cancer/TRTR_TSTR_results_cancer.xlsx,utility,0.07105263157894726,,0.0,100.0
1. Cancer,GaussianCopula,,0.0,F1,0.9707868770215718,Logistic Regression,,Utility,TRTR,0.9707868770215718,0.0137941861874265,classification,Generators/Experiment with utility data leak/utility results/1. Cancer/TRTR_TSTR_results_cancer.xlsx,utility,0.9707868770215718,,0.0,100.0
1. Cancer,GaussianCopula,,0.0,F1,0.8547065564887054,Logistic Regression,,Utility,TSTR,0.8547065564887054,0.05206822769484213,classification,Generators/Experiment with utility data leak/utility results/1. Cancer/TRTR_TSTR_results_cancer.xlsx,utility,0.8547065564887054,,0.0,100.0
1. Cancer,GaussianCopula,,0.0,F1_Gap,0.8547065564887054,Logistic Regression,,Utility,Gap,0.11608032053286643,0.05206822769484213,classification,Generators/Experiment with utility data leak/utility results/1. Cancer/TRTR_TSTR_results_cancer.xlsx,utility,0.11608032053286643,,0.0,100.0
1. Cancer,GaussianCopula,,0.0,Precision,0.9901768962744573,Logistic Regression,,Utility,TRTR,0.9901768962744573,0.01203823054760635,classification,Generators/Experiment with utility data leak/utility results/1. Cancer/TRTR_TSTR_results_cancer.xlsx,utility,0.9901768962744573,,0.0,100.0
1. Cancer,GaussianCopula,,0.0,Precision,1.0,Logistic Regression,,Utility,TSTR,1.0,0.0,classification,Generators/Experiment with utility data leak/utility results/1. Cancer/TRTR_TSTR_results_cancer.xlsx,utility,1.0,,0.0,100.0
1. Cancer,GaussianCopula,,0.0,Precision_Gap,1.0,Logistic Regression,,Utility,Gap,-0.009823103725542737,0.0,classification,Generators/Experiment with utility data leak/utility results/1. Cancer/TRTR_TSTR_results_cancer.xlsx,utility,-0.009823103725542737,,0.0,100.0
1. Cancer,GaussianCopula,,0.0,Recall,0.9523809523809523,Logistic Regression,,Utility,TRTR,0.9523809523809523,0.02129588549999798,classification,Generators/Experiment with utility data leak/utility results/1. Cancer/TRTR_TSTR_results_cancer.xlsx,utility,0.9523809523809523,,0.0,100.0
1. Cancer,GaussianCopula,,0.0,Recall,0.75,Logistic Regression,,Utility,TSTR,0.75,0.0819614975145643,classification,Generators/Experiment with utility data leak/utility results/1. Cancer/TRTR_TSTR_results_cancer.xlsx,utility,0.75,,0.0,100.0
1. Cancer,GaussianCopula,,0.0,Recall_Gap,0.75,Logistic Regression,,Utility,Gap,0.20238095238095233,0.0819614975145643,classification,Generators/Experiment with utility data leak/utility results/1. Cancer/TRTR_TSTR_results_cancer.xlsx,utility,0.20238095238095233,,0.0,100.0
1. Cancer,GaussianCopula,,,Accuracy_Drop,,Logistic Regression,,,Gap,0.07105263157894726,,classification,Generators/Experiment with utility data leak/utility results/1. Cancer/TRTR_TSTR_results_cancer.xlsx,utility,0.07105263157894726,,0.0,100.0
1. Cancer,GaussianCopula,,,F1_Drop,,Logistic Regression,,,Gap,0.1160803205328664,,classification,Generators/Experiment with utility data leak/utility results/1. Cancer/TRTR_TSTR_results_cancer.xlsx,utility,0.1160803205328664,,0.0,100.0
1. Cancer,GaussianCopula,,,Precision_Drop,,Logistic Regression,,,Gap,-0.009823103725542737,,classification,Generators/Experiment with utility data leak/utility results/1. Cancer/TRTR_TSTR_results_cancer.xlsx,utility,-0.009823103725542737,,0.0,100.0
1. Cancer,GaussianCopula,,,Recall_Drop,,Logistic Regression,,,Gap,0.2023809523809523,,classification,Generators/Experiment with utility data leak/utility results/1. Cancer/TRTR_TSTR_results_cancer.xlsx,utility,0.2023809523809523,,0.0,100.0
1. Cancer,GaussianCopula,,0.0,Accuracy,0.974561403508772,MLP,,Utility,TRTR,0.974561403508772,0.01327433855300136,classification,Generators/Experiment with utility data leak/utility results/1. Cancer/TRTR_TSTR_results_cancer.xlsx,utility,0.974561403508772,,0.0,100.0
1. Cancer,GaussianCopula,,0.0,Accuracy,0.7701754385964913,MLP,,Utility,TSTR,0.7701754385964913,0.0527484083451681,classification,Generators/Experiment with utility data leak/utility results/1. Cancer/TRTR_TSTR_results_cancer.xlsx,utility,0.7701754385964913,,0.0,100.0
1. Cancer,GaussianCopula,,0.0,Accuracy_Gap,0.7701754385964913,MLP,,Utility,Gap,0.20438596491228067,0.0527484083451681,classification,Generators/Experiment with utility data leak/utility results/1. Cancer/TRTR_TSTR_results_cancer.xlsx,utility,0.20438596491228067,,0.0,100.0
1. Cancer,GaussianCopula,,0.0,F1,0.9646057122906845,MLP,,Utility,TRTR,0.9646057122906845,0.01869298955577862,classification,Generators/Experiment with utility data leak/utility results/1. Cancer/TRTR_TSTR_results_cancer.xlsx,utility,0.9646057122906845,,0.0,100.0
1. Cancer,GaussianCopula,,0.0,F1,0.6812252229940051,MLP,,Utility,TSTR,0.6812252229940051,0.06711325184002578,classification,Generators/Experiment with utility data leak/utility results/1. Cancer/TRTR_TSTR_results_cancer.xlsx,utility,0.6812252229940051,,0.0,100.0
1. Cancer,GaussianCopula,,0.0,F1_Gap,0.6812252229940051,MLP,,Utility,Gap,0.28338048929667936,0.06711325184002578,classification,Generators/Experiment with utility data leak/utility results/1. Cancer/TRTR_TSTR_results_cancer.xlsx,utility,0.28338048929667936,,0.0,100.0
1. Cancer,GaussianCopula,,0.0,Precision,0.985467661474468,MLP,,Utility,TRTR,0.985467661474468,0.0191919907367019,classification,Generators/Experiment with utility data leak/utility results/1. Cancer/TRTR_TSTR_results_cancer.xlsx,utility,0.985467661474468,,0.0,100.0
1. Cancer,GaussianCopula,,0.0,Precision,0.7042084184757755,MLP,,Utility,TSTR,0.7042084184757755,0.08661714079369971,classification,Generators/Experiment with utility data leak/utility results/1. Cancer/TRTR_TSTR_results_cancer.xlsx,utility,0.7042084184757755,,0.0,100.0
1. Cancer,GaussianCopula,,0.0,Precision_Gap,0.7042084184757755,MLP,,Utility,Gap,0.2812592429986924,0.08661714079369971,classification,Generators/Experiment with utility data leak/utility results/1. Cancer/TRTR_TSTR_results_cancer.xlsx,utility,0.2812592429986924,,0.0,100.0
1. Cancer,GaussianCopula,,0.0,Recall,0.9452380952380952,MLP,,Utility,TRTR,0.9452380952380952,0.03021089890583217,classification,Generators/Experiment with utility data leak/utility results/1. Cancer/TRTR_TSTR_results_cancer.xlsx,utility,0.9452380952380952,,0.0,100.0
1. Cancer,GaussianCopula,,0.0,Recall,0.6642857142857144,MLP,,Utility,TSTR,0.6642857142857144,0.0693752489730165,classification,Generators/Experiment with utility data leak/utility results/1. Cancer/TRTR_TSTR_results_cancer.xlsx,utility,0.6642857142857144,,0.0,100.0
1. Cancer,GaussianCopula,,0.0,Recall_Gap,0.6642857142857144,MLP,,Utility,Gap,0.28095238095238084,0.0693752489730165,classification,Generators/Experiment with utility data leak/utility results/1. Cancer/TRTR_TSTR_results_cancer.xlsx,utility,0.28095238095238084,,0.0,100.0
1. Cancer,GaussianCopula,,,Accuracy_Drop,,MLP,,,Gap,0.2043859649122807,,classification,Generators/Experiment with utility data leak/utility results/1. Cancer/TRTR_TSTR_results_cancer.xlsx,utility,0.2043859649122807,,0.0,100.0
1. Cancer,GaussianCopula,,,F1_Drop,,MLP,,,Gap,0.2833804892966794,,classification,Generators/Experiment with utility data leak/utility results/1. Cancer/TRTR_TSTR_results_cancer.xlsx,utility,0.2833804892966794,,0.0,100.0
1. Cancer,GaussianCopula,,,Precision_Drop,,MLP,,,Gap,0.2812592429986924,,classification,Generators/Experiment with utility data leak/utility results/1. Cancer/TRTR_TSTR_results_cancer.xlsx,utility,0.2812592429986924,,0.0,100.0
1. Cancer,GaussianCopula,,,Recall_Drop,,MLP,,,Gap,0.2809523809523808,,classification,Generators/Experiment with utility data leak/utility results/1. Cancer/TRTR_TSTR_results_cancer.xlsx,utility,0.2809523809523808,,0.0,100.0
1. Cancer,GaussianCopula,,0.0,Accuracy,0.9701754385964912,SVM-RBF,,Utility,TRTR,0.9701754385964912,0.01889531511275264,classification,Generators/Experiment with utility data leak/utility results/1. Cancer/TRTR_TSTR_results_cancer.xlsx,utility,0.9701754385964912,,0.0,100.0
1. Cancer,GaussianCopula,,0.0,Accuracy,0.8754385964912281,SVM-RBF,,Utility,TSTR,0.8754385964912281,0.02246710258748367,classification,Generators/Experiment with utility data leak/utility results/1. Cancer/TRTR_TSTR_results_cancer.xlsx,utility,0.8754385964912281,,0.0,100.0
1. Cancer,GaussianCopula,,0.0,Accuracy_Gap,0.8754385964912281,SVM-RBF,,Utility,Gap,0.09473684210526312,0.02246710258748367,classification,Generators/Experiment with utility data leak/utility results/1. Cancer/TRTR_TSTR_results_cancer.xlsx,utility,0.09473684210526312,,0.0,100.0
1. Cancer,GaussianCopula,,0.0,F1,0.9583987428081452,SVM-RBF,,Utility,TRTR,0.9583987428081452,0.02694607072359247,classification,Generators/Experiment with utility data leak/utility results/1. Cancer/TRTR_TSTR_results_cancer.xlsx,utility,0.9583987428081452,,0.0,100.0
1. Cancer,GaussianCopula,,0.0,F1,0.7982245619189977,SVM-RBF,,Utility,TSTR,0.7982245619189977,0.04158020857858659,classification,Generators/Experiment with utility data leak/utility results/1. Cancer/TRTR_TSTR_results_cancer.xlsx,utility,0.7982245619189977,,0.0,100.0
1. Cancer,GaussianCopula,,0.0,F1_Gap,0.7982245619189977,SVM-RBF,,Utility,Gap,0.16017418088914748,0.04158020857858659,classification,Generators/Experiment with utility data leak/utility results/1. Cancer/TRTR_TSTR_results_cancer.xlsx,utility,0.16017418088914748,,0.0,100.0
1. Cancer,GaussianCopula,,0.0,Precision,0.975500670827118,SVM-RBF,,Utility,TRTR,0.975500670827118,0.01929000486040976,classification,Generators/Experiment with utility data leak/utility results/1. Cancer/TRTR_TSTR_results_cancer.xlsx,utility,0.975500670827118,,0.0,100.0
1. Cancer,GaussianCopula,,0.0,Precision,0.9823277842743916,SVM-RBF,,Utility,TSTR,0.9823277842743916,0.01773883868041842,classification,Generators/Experiment with utility data leak/utility results/1. Cancer/TRTR_TSTR_results_cancer.xlsx,utility,0.9823277842743916,,0.0,100.0
1. Cancer,GaussianCopula,,0.0,Precision_Gap,0.9823277842743916,SVM-RBF,,Utility,Gap,-0.006827113447273603,0.01773883868041842,classification,Generators/Experiment with utility data leak/utility results/1. Cancer/TRTR_TSTR_results_cancer.xlsx,utility,-0.006827113447273603,,0.0,100.0
1. Cancer,GaussianCopula,,0.0,Recall,0.9428571428571428,SVM-RBF,,Utility,TRTR,0.9428571428571428,0.04416008807378907,classification,Generators/Experiment with utility data leak/utility results/1. Cancer/TRTR_TSTR_results_cancer.xlsx,utility,0.9428571428571428,,0.0,100.0
1. Cancer,GaussianCopula,,0.0,Recall,0.6738095238095239,SVM-RBF,,Utility,TSTR,0.6738095238095239,0.05537953976006192,classification,Generators/Experiment with utility data leak/utility results/1. Cancer/TRTR_TSTR_results_cancer.xlsx,utility,0.6738095238095239,,0.0,100.0
1. Cancer,GaussianCopula,,0.0,Recall_Gap,0.6738095238095239,SVM-RBF,,Utility,Gap,0.269047619047619,0.05537953976006192,classification,Generators/Experiment with utility data leak/utility results/1. Cancer/TRTR_TSTR_results_cancer.xlsx,utility,0.269047619047619,,0.0,100.0
1. Cancer,GaussianCopula,,,Accuracy_Drop,,SVM-RBF,,,Gap,0.09473684210526312,,classification,Generators/Experiment with utility data leak/utility results/1. Cancer/TRTR_TSTR_results_cancer.xlsx,utility,0.09473684210526312,,0.0,100.0
1. Cancer,GaussianCopula,,,F1_Drop,,SVM-RBF,,,Gap,0.1601741808891475,,classification,Generators/Experiment with utility data leak/utility results/1. Cancer/TRTR_TSTR_results_cancer.xlsx,utility,0.1601741808891475,,0.0,100.0
1. Cancer,GaussianCopula,,,Precision_Drop,,SVM-RBF,,,Gap,-0.006827113447273603,,classification,Generators/Experiment with utility data leak/utility results/1. Cancer/TRTR_TSTR_results_cancer.xlsx,utility,-0.006827113447273603,,0.0,100.0
1. Cancer,GaussianCopula,,,Recall_Drop,,SVM-RBF,,,Gap,0.269047619047619,,classification,Generators/Experiment with utility data leak/utility results/1. Cancer/TRTR_TSTR_results_cancer.xlsx,utility,0.269047619047619,,0.0,100.0
1. Cancer,GaussianCopula,,0.0,Accuracy,0.9701754385964912,Extra Trees,,Utility,TRTR,0.9701754385964912,0.01189882453179872,classification,Generators/Experiment with utility data leak/utility results/1. Cancer/TRTR_TSTR_results_cancer.xlsx,utility,0.9701754385964912,,0.0,100.0
1. Cancer,GaussianCopula,,0.0,Accuracy,0.8903508771929823,Extra Trees,,Utility,TSTR,0.8903508771929823,0.02579901959623288,classification,Generators/Experiment with utility data leak/utility results/1. Cancer/TRTR_TSTR_results_cancer.xlsx,utility,0.8903508771929823,,0.0,100.0
1. Cancer,GaussianCopula,,0.0,Accuracy_Gap,0.8903508771929823,Extra Trees,,Utility,Gap,0.07982456140350891,0.02579901959623288,classification,Generators/Experiment with utility data leak/utility results/1. Cancer/TRTR_TSTR_results_cancer.xlsx,utility,0.07982456140350891,,0.0,100.0
1. Cancer,GaussianCopula,,0.0,F1,0.9589899381997989,Extra Trees,,Utility,TRTR,0.9589899381997989,0.01652286372603384,classification,Generators/Experiment with utility data leak/utility results/1. Cancer/TRTR_TSTR_results_cancer.xlsx,utility,0.9589899381997989,,0.0,100.0
1. Cancer,GaussianCopula,,0.0,F1,0.824353415780001,Extra Trees,,Utility,TSTR,0.824353415780001,0.04758422249394592,classification,Generators/Experiment with utility data leak/utility results/1. Cancer/TRTR_TSTR_results_cancer.xlsx,utility,0.824353415780001,,0.0,100.0
1. Cancer,GaussianCopula,,0.0,F1_Gap,0.824353415780001,Extra Trees,,Utility,Gap,0.13463652241979795,0.04758422249394592,classification,Generators/Experiment with utility data leak/utility results/1. Cancer/TRTR_TSTR_results_cancer.xlsx,utility,0.13463652241979795,,0.0,100.0
1. Cancer,GaussianCopula,,0.0,Precision,0.971542217000243,Extra Trees,,Utility,TRTR,0.971542217000243,0.02506278422086412,classification,Generators/Experiment with utility data leak/utility results/1. Cancer/TRTR_TSTR_results_cancer.xlsx,utility,0.971542217000243,,0.0,100.0
1. Cancer,GaussianCopula,,0.0,Precision,0.9914149443561208,Extra Trees,,Utility,TSTR,0.9914149443561208,0.01858396082187912,classification,Generators/Experiment with utility data leak/utility results/1. Cancer/TRTR_TSTR_results_cancer.xlsx,utility,0.9914149443561208,,0.0,100.0
1. Cancer,GaussianCopula,,0.0,Precision_Gap,0.9914149443561208,Extra Trees,,Utility,Gap,-0.01987272735587775,0.01858396082187912,classification,Generators/Experiment with utility data leak/utility results/1. Cancer/TRTR_TSTR_results_cancer.xlsx,utility,-0.01987272735587775,,0.0,100.0
1. Cancer,GaussianCopula,,0.0,Recall,0.9476190476190476,Extra Trees,,Utility,TRTR,0.9476190476190476,0.02776643759450141,classification,Generators/Experiment with utility data leak/utility results/1. Cancer/TRTR_TSTR_results_cancer.xlsx,utility,0.9476190476190476,,0.0,100.0
1. Cancer,GaussianCopula,,0.0,Recall,0.7095238095238096,Extra Trees,,Utility,TSTR,0.7095238095238096,0.07663560447348132,classification,Generators/Experiment with utility data leak/utility results/1. Cancer/TRTR_TSTR_results_cancer.xlsx,utility,0.7095238095238096,,0.0,100.0
1. Cancer,GaussianCopula,,0.0,Recall_Gap,0.7095238095238096,Extra Trees,,Utility,Gap,0.23809523809523803,0.07663560447348132,classification,Generators/Experiment with utility data leak/utility results/1. Cancer/TRTR_TSTR_results_cancer.xlsx,utility,0.23809523809523803,,0.0,100.0
1. Cancer,GaussianCopula,,,Accuracy_Drop,,Extra Trees,,,Gap,0.07982456140350891,,classification,Generators/Experiment with utility data leak/utility results/1. Cancer/TRTR_TSTR_results_cancer.xlsx,utility,0.07982456140350891,,0.0,100.0
1. Cancer,GaussianCopula,,,F1_Drop,,Extra Trees,,,Gap,0.134636522419798,,classification,Generators/Experiment with utility data leak/utility results/1. Cancer/TRTR_TSTR_results_cancer.xlsx,utility,0.134636522419798,,0.0,100.0
1. Cancer,GaussianCopula,,,Precision_Drop,,Extra Trees,,,Gap,-0.01987272735587775,,classification,Generators/Experiment with utility data leak/utility results/1. Cancer/TRTR_TSTR_results_cancer.xlsx,utility,-0.01987272735587775,,0.0,100.0
1. Cancer,GaussianCopula,,,Recall_Drop,,Extra Trees,,,Gap,0.238095238095238,,classification,Generators/Experiment with utility data leak/utility results/1. Cancer/TRTR_TSTR_results_cancer.xlsx,utility,0.238095238095238,,0.0,100.0
1. Cancer,GaussianCopula,,0.0,Accuracy,0.9666666666666666,AdaBoost,,Utility,TRTR,0.9666666666666666,0.01022974016639526,classification,Generators/Experiment with utility data leak/utility results/1. Cancer/TRTR_TSTR_results_cancer.xlsx,utility,0.9666666666666666,,0.0,100.0
1. Cancer,GaussianCopula,,0.0,Accuracy,0.9096491228070175,AdaBoost,,Utility,TSTR,0.9096491228070175,0.02419844600725213,classification,Generators/Experiment with utility data leak/utility results/1. Cancer/TRTR_TSTR_results_cancer.xlsx,utility,0.9096491228070175,,0.0,100.0
1. Cancer,GaussianCopula,,0.0,Accuracy_Gap,0.9096491228070175,AdaBoost,,Utility,Gap,0.05701754385964908,0.02419844600725213,classification,Generators/Experiment with utility data leak/utility results/1. Cancer/TRTR_TSTR_results_cancer.xlsx,utility,0.05701754385964908,,0.0,100.0
1. Cancer,GaussianCopula,,0.0,F1,0.9537824074424763,AdaBoost,,Utility,TRTR,0.9537824074424763,0.01443243582836966,classification,Generators/Experiment with utility data leak/utility results/1. Cancer/TRTR_TSTR_results_cancer.xlsx,utility,0.9537824074424763,,0.0,100.0
1. Cancer,GaussianCopula,,0.0,F1,0.8650285739692105,AdaBoost,,Utility,TSTR,0.8650285739692105,0.03923773971976056,classification,Generators/Experiment with utility data leak/utility results/1. Cancer/TRTR_TSTR_results_cancer.xlsx,utility,0.8650285739692105,,0.0,100.0
1. Cancer,GaussianCopula,,0.0,F1_Gap,0.8650285739692105,AdaBoost,,Utility,Gap,0.08875383347326582,0.03923773971976056,classification,Generators/Experiment with utility data leak/utility results/1. Cancer/TRTR_TSTR_results_cancer.xlsx,utility,0.08875383347326582,,0.0,100.0
1. Cancer,GaussianCopula,,0.0,Precision,0.9735489892977129,AdaBoost,,Utility,TRTR,0.9735489892977129,0.02210918228480495,classification,Generators/Experiment with utility data leak/utility results/1. Cancer/TRTR_TSTR_results_cancer.xlsx,utility,0.9735489892977129,,0.0,100.0
1. Cancer,GaussianCopula,,0.0,Precision,0.956769999865975,AdaBoost,,Utility,TSTR,0.956769999865975,0.04165631473303781,classification,Generators/Experiment with utility data leak/utility results/1. Cancer/TRTR_TSTR_results_cancer.xlsx,utility,0.956769999865975,,0.0,100.0
1. Cancer,GaussianCopula,,0.0,Precision_Gap,0.956769999865975,AdaBoost,,Utility,Gap,0.016778989431737945,0.04165631473303781,classification,Generators/Experiment with utility data leak/utility results/1. Cancer/TRTR_TSTR_results_cancer.xlsx,utility,0.016778989431737945,,0.0,100.0
1. Cancer,GaussianCopula,,0.0,Recall,0.9357142857142857,AdaBoost,,Utility,TRTR,0.9357142857142857,0.02827224306437598,classification,Generators/Experiment with utility data leak/utility results/1. Cancer/TRTR_TSTR_results_cancer.xlsx,utility,0.9357142857142857,,0.0,100.0
1. Cancer,GaussianCopula,,0.0,Recall,0.7928571428571429,AdaBoost,,Utility,TSTR,0.7928571428571429,0.06481265518483903,classification,Generators/Experiment with utility data leak/utility results/1. Cancer/TRTR_TSTR_results_cancer.xlsx,utility,0.7928571428571429,,0.0,100.0
1. Cancer,GaussianCopula,,0.0,Recall_Gap,0.7928571428571429,AdaBoost,,Utility,Gap,0.1428571428571428,0.06481265518483903,classification,Generators/Experiment with utility data leak/utility results/1. Cancer/TRTR_TSTR_results_cancer.xlsx,utility,0.1428571428571428,,0.0,100.0
1. Cancer,GaussianCopula,,,Accuracy_Drop,,AdaBoost,,,Gap,0.05701754385964908,,classification,Generators/Experiment with utility data leak/utility results/1. Cancer/TRTR_TSTR_results_cancer.xlsx,utility,0.05701754385964908,,0.0,100.0
1. Cancer,GaussianCopula,,,F1_Drop,,AdaBoost,,,Gap,0.08875383347326582,,classification,Generators/Experiment with utility data leak/utility results/1. Cancer/TRTR_TSTR_results_cancer.xlsx,utility,0.08875383347326582,,0.0,100.0
1. Cancer,GaussianCopula,,,Precision_Drop,,AdaBoost,,,Gap,0.01677898943173795,,classification,Generators/Experiment with utility data leak/utility results/1. Cancer/TRTR_TSTR_results_cancer.xlsx,utility,0.01677898943173795,,0.0,100.0
1. Cancer,GaussianCopula,,,Recall_Drop,,AdaBoost,,,Gap,0.1428571428571428,,classification,Generators/Experiment with utility data leak/utility results/1. Cancer/TRTR_TSTR_results_cancer.xlsx,utility,0.1428571428571428,,0.0,100.0
1. Cancer,GaussianCopula,,0.0,Accuracy,0.9631578947368421,Gradient Boosting,,Utility,TRTR,0.9631578947368421,0.0203084857943688,classification,Generators/Experiment with utility data leak/utility results/1. Cancer/TRTR_TSTR_results_cancer.xlsx,utility,0.9631578947368421,,0.0,100.0
1. Cancer,GaussianCopula,,0.0,Accuracy,0.887719298245614,Gradient Boosting,,Utility,TSTR,0.887719298245614,0.02796031131668285,classification,Generators/Experiment with utility data leak/utility results/1. Cancer/TRTR_TSTR_results_cancer.xlsx,utility,0.887719298245614,,0.0,100.0
1. Cancer,GaussianCopula,,0.0,Accuracy_Gap,0.887719298245614,Gradient Boosting,,Utility,Gap,0.07543859649122808,0.02796031131668285,classification,Generators/Experiment with utility data leak/utility results/1. Cancer/TRTR_TSTR_results_cancer.xlsx,utility,0.07543859649122808,,0.0,100.0
1. Cancer,GaussianCopula,,0.0,F1,0.9494212600983015,Gradient Boosting,,Utility,TRTR,0.9494212600983015,0.02779434087071402,classification,Generators/Experiment with utility data leak/utility results/1. Cancer/TRTR_TSTR_results_cancer.xlsx,utility,0.9494212600983015,,0.0,100.0
1. Cancer,GaussianCopula,,0.0,F1,0.8363219113315115,Gradient Boosting,,Utility,TSTR,0.8363219113315115,0.0396620121987046,classification,Generators/Experiment with utility data leak/utility results/1. Cancer/TRTR_TSTR_results_cancer.xlsx,utility,0.8363219113315115,,0.0,100.0
1. Cancer,GaussianCopula,,0.0,F1_Gap,0.8363219113315115,Gradient Boosting,,Utility,Gap,0.11309934876679006,0.0396620121987046,classification,Generators/Experiment with utility data leak/utility results/1. Cancer/TRTR_TSTR_results_cancer.xlsx,utility,0.11309934876679006,,0.0,100.0
1. Cancer,GaussianCopula,,0.0,Precision,0.9620305430373497,Gradient Boosting,,Utility,TRTR,0.9620305430373497,0.0358379580625646,classification,Generators/Experiment with utility data leak/utility results/1. Cancer/TRTR_TSTR_results_cancer.xlsx,utility,0.9620305430373497,,0.0,100.0
1. Cancer,GaussianCopula,,0.0,Precision,0.9097077886163876,Gradient Boosting,,Utility,TSTR,0.9097077886163876,0.06531936407122503,classification,Generators/Experiment with utility data leak/utility results/1. Cancer/TRTR_TSTR_results_cancer.xlsx,utility,0.9097077886163876,,0.0,100.0
1. Cancer,GaussianCopula,,0.0,Precision_Gap,0.9097077886163876,Gradient Boosting,,Utility,Gap,0.052322754420962125,0.06531936407122503,classification,Generators/Experiment with utility data leak/utility results/1. Cancer/TRTR_TSTR_results_cancer.xlsx,utility,0.052322754420962125,,0.0,100.0
1. Cancer,GaussianCopula,,0.0,Recall,0.938095238095238,Gradient Boosting,,Utility,TRTR,0.938095238095238,0.03400680204068023,classification,Generators/Experiment with utility data leak/utility results/1. Cancer/TRTR_TSTR_results_cancer.xlsx,utility,0.938095238095238,,0.0,100.0
1. Cancer,GaussianCopula,,0.0,Recall,0.7785714285714286,Gradient Boosting,,Utility,TSTR,0.7785714285714286,0.05537953976006196,classification,Generators/Experiment with utility data leak/utility results/1. Cancer/TRTR_TSTR_results_cancer.xlsx,utility,0.7785714285714286,,0.0,100.0
1. Cancer,GaussianCopula,,0.0,Recall_Gap,0.7785714285714286,Gradient Boosting,,Utility,Gap,0.1595238095238094,0.05537953976006196,classification,Generators/Experiment with utility data leak/utility results/1. Cancer/TRTR_TSTR_results_cancer.xlsx,utility,0.1595238095238094,,0.0,100.0
1. Cancer,GaussianCopula,,,Accuracy_Drop,,Gradient Boosting,,,Gap,0.07543859649122808,,classification,Generators/Experiment with utility data leak/utility results/1. Cancer/TRTR_TSTR_results_cancer.xlsx,utility,0.07543859649122808,,0.0,100.0
1. Cancer,GaussianCopula,,,F1_Drop,,Gradient Boosting,,,Gap,0.1130993487667901,,classification,Generators/Experiment with utility data leak/utility results/1. Cancer/TRTR_TSTR_results_cancer.xlsx,utility,0.1130993487667901,,0.0,100.0
1. Cancer,GaussianCopula,,,Precision_Drop,,Gradient Boosting,,,Gap,0.05232275442096213,,classification,Generators/Experiment with utility data leak/utility results/1. Cancer/TRTR_TSTR_results_cancer.xlsx,utility,0.05232275442096213,,0.0,100.0
1. Cancer,GaussianCopula,,,Recall_Drop,,Gradient Boosting,,,Gap,0.1595238095238094,,classification,Generators/Experiment with utility data leak/utility results/1. Cancer/TRTR_TSTR_results_cancer.xlsx,utility,0.1595238095238094,,0.0,100.0
1. Cancer,GaussianCopula,,0.0,Accuracy,0.962280701754386,KNN,,Utility,TRTR,0.962280701754386,0.01883413206454726,classification,Generators/Experiment with utility data leak/utility results/1. Cancer/TRTR_TSTR_results_cancer.xlsx,utility,0.962280701754386,,0.0,100.0
1. Cancer,GaussianCopula,,0.0,Accuracy,0.8403508771929824,KNN,,Utility,TSTR,0.8403508771929824,0.02246710258748367,classification,Generators/Experiment with utility data leak/utility results/1. Cancer/TRTR_TSTR_results_cancer.xlsx,utility,0.8403508771929824,,0.0,100.0
1. Cancer,GaussianCopula,,0.0,Accuracy_Gap,0.8403508771929824,KNN,,Utility,Gap,0.12192982456140355,0.02246710258748367,classification,Generators/Experiment with utility data leak/utility results/1. Cancer/TRTR_TSTR_results_cancer.xlsx,utility,0.12192982456140355,,0.0,100.0
1. Cancer,GaussianCopula,,0.0,F1,0.947074373024434,KNN,,Utility,TRTR,0.947074373024434,0.02672761688789936,classification,Generators/Experiment with utility data leak/utility results/1. Cancer/TRTR_TSTR_results_cancer.xlsx,utility,0.947074373024434,,0.0,100.0
1. Cancer,GaussianCopula,,0.0,F1,0.7579978411211423,KNN,,Utility,TSTR,0.7579978411211423,0.03973547245040388,classification,Generators/Experiment with utility data leak/utility results/1. Cancer/TRTR_TSTR_results_cancer.xlsx,utility,0.7579978411211423,,0.0,100.0
1. Cancer,GaussianCopula,,0.0,F1_Gap,0.7579978411211423,KNN,,Utility,Gap,0.18907653190329166,0.03973547245040388,classification,Generators/Experiment with utility data leak/utility results/1. Cancer/TRTR_TSTR_results_cancer.xlsx,utility,0.18907653190329166,,0.0,100.0
1. Cancer,GaussianCopula,,0.0,Precision,0.9751404010156286,KNN,,Utility,TRTR,0.9751404010156286,0.02459125532957641,classification,Generators/Experiment with utility data leak/utility results/1. Cancer/TRTR_TSTR_results_cancer.xlsx,utility,0.9751404010156286,,0.0,100.0
1. Cancer,GaussianCopula,,0.0,Precision,0.8566271652339095,KNN,,Utility,TSTR,0.8566271652339095,0.04131172038634959,classification,Generators/Experiment with utility data leak/utility results/1. Cancer/TRTR_TSTR_results_cancer.xlsx,utility,0.8566271652339095,,0.0,100.0
1. Cancer,GaussianCopula,,0.0,Precision_Gap,0.8566271652339095,KNN,,Utility,Gap,0.11851323578171913,0.04131172038634959,classification,Generators/Experiment with utility data leak/utility results/1. Cancer/TRTR_TSTR_results_cancer.xlsx,utility,0.11851323578171913,,0.0,100.0
1. Cancer,GaussianCopula,,0.0,Recall,0.9214285714285715,KNN,,Utility,TRTR,0.9214285714285715,0.03991203479581002,classification,Generators/Experiment with utility data leak/utility results/1. Cancer/TRTR_TSTR_results_cancer.xlsx,utility,0.9214285714285715,,0.0,100.0
1. Cancer,GaussianCopula,,0.0,Recall,0.6833333333333333,KNN,,Utility,TSTR,0.6833333333333333,0.06303905854701772,classification,Generators/Experiment with utility data leak/utility results/1. Cancer/TRTR_TSTR_results_cancer.xlsx,utility,0.6833333333333333,,0.0,100.0
1. Cancer,GaussianCopula,,0.0,Recall_Gap,0.6833333333333333,KNN,,Utility,Gap,0.23809523809523814,0.06303905854701772,classification,Generators/Experiment with utility data leak/utility results/1. Cancer/TRTR_TSTR_results_cancer.xlsx,utility,0.23809523809523814,,0.0,100.0
1. Cancer,GaussianCopula,,,Accuracy_Drop,,KNN,,,Gap,0.1219298245614036,,classification,Generators/Experiment with utility data leak/utility results/1. Cancer/TRTR_TSTR_results_cancer.xlsx,utility,0.1219298245614036,,0.0,100.0
1. Cancer,GaussianCopula,,,F1_Drop,,KNN,,,Gap,0.1890765319032917,,classification,Generators/Experiment with utility data leak/utility results/1. Cancer/TRTR_TSTR_results_cancer.xlsx,utility,0.1890765319032917,,0.0,100.0
1. Cancer,GaussianCopula,,,Precision_Drop,,KNN,,,Gap,0.1185132357817191,,classification,Generators/Experiment with utility data leak/utility results/1. Cancer/TRTR_TSTR_results_cancer.xlsx,utility,0.1185132357817191,,0.0,100.0
1. Cancer,GaussianCopula,,,Recall_Drop,,KNN,,,Gap,0.2380952380952381,,classification,Generators/Experiment with utility data leak/utility results/1. Cancer/TRTR_TSTR_results_cancer.xlsx,utility,0.2380952380952381,,0.0,100.0
1. Cancer,GaussianCopula,,0.0,Accuracy,0.962280701754386,Random Forest,,Utility,TRTR,0.962280701754386,0.0136176971019825,classification,Generators/Experiment with utility data leak/utility results/1. Cancer/TRTR_TSTR_results_cancer.xlsx,utility,0.962280701754386,,0.0,100.0
1. Cancer,GaussianCopula,,0.0,Accuracy,0.893859649122807,Random Forest,,Utility,TSTR,0.893859649122807,0.03075183884729492,classification,Generators/Experiment with utility data leak/utility results/1. Cancer/TRTR_TSTR_results_cancer.xlsx,utility,0.893859649122807,,0.0,100.0
1. Cancer,GaussianCopula,,0.0,Accuracy_Gap,0.893859649122807,Random Forest,,Utility,Gap,0.06842105263157894,0.03075183884729492,classification,Generators/Experiment with utility data leak/utility results/1. Cancer/TRTR_TSTR_results_cancer.xlsx,utility,0.06842105263157894,,0.0,100.0
1. Cancer,GaussianCopula,,0.0,F1,0.9482304799188631,Random Forest,,Utility,TRTR,0.9482304799188631,0.01843776018375915,classification,Generators/Experiment with utility data leak/utility results/1. Cancer/TRTR_TSTR_results_cancer.xlsx,utility,0.9482304799188631,,0.0,100.0
1. Cancer,GaussianCopula,,0.0,F1,0.831551235981401,Random Forest,,Utility,TSTR,0.831551235981401,0.05533156032593621,classification,Generators/Experiment with utility data leak/utility results/1. Cancer/TRTR_TSTR_results_cancer.xlsx,utility,0.831551235981401,,0.0,100.0
1. Cancer,GaussianCopula,,0.0,F1_Gap,0.831551235981401,Random Forest,,Utility,Gap,0.1166792439374621,0.05533156032593621,classification,Generators/Experiment with utility data leak/utility results/1. Cancer/TRTR_TSTR_results_cancer.xlsx,utility,0.1166792439374621,,0.0,100.0
1. Cancer,GaussianCopula,,0.0,Precision,0.9617923931806518,Random Forest,,Utility,TRTR,0.9617923931806518,0.02967466301692189,classification,Generators/Experiment with utility data leak/utility results/1. Cancer/TRTR_TSTR_results_cancer.xlsx,utility,0.9617923931806518,,0.0,100.0
1. Cancer,GaussianCopula,,0.0,Precision,0.9843932411674347,Random Forest,,Utility,TSTR,0.9843932411674347,0.02512891577573856,classification,Generators/Experiment with utility data leak/utility results/1. Cancer/TRTR_TSTR_results_cancer.xlsx,utility,0.9843932411674347,,0.0,100.0
1. Cancer,GaussianCopula,,0.0,Precision_Gap,0.9843932411674347,Random Forest,,Utility,Gap,-0.022600847986782857,0.02512891577573856,classification,Generators/Experiment with utility data leak/utility results/1. Cancer/TRTR_TSTR_results_cancer.xlsx,utility,-0.022600847986782857,,0.0,100.0
1. Cancer,GaussianCopula,,0.0,Recall,0.9357142857142857,Random Forest,,Utility,TRTR,0.9357142857142857,0.0214285714285714,classification,Generators/Experiment with utility data leak/utility results/1. Cancer/TRTR_TSTR_results_cancer.xlsx,utility,0.9357142857142857,,0.0,100.0
1. Cancer,GaussianCopula,,0.0,Recall,0.7238095238095238,Random Forest,,Utility,TSTR,0.7238095238095238,0.08123201004396181,classification,Generators/Experiment with utility data leak/utility results/1. Cancer/TRTR_TSTR_results_cancer.xlsx,utility,0.7238095238095238,,0.0,100.0
1. Cancer,GaussianCopula,,0.0,Recall_Gap,0.7238095238095238,Random Forest,,Utility,Gap,0.21190476190476193,0.08123201004396181,classification,Generators/Experiment with utility data leak/utility results/1. Cancer/TRTR_TSTR_results_cancer.xlsx,utility,0.21190476190476193,,0.0,100.0
1. Cancer,GaussianCopula,,,Accuracy_Drop,,Random Forest,,,Gap,0.06842105263157894,,classification,Generators/Experiment with utility data leak/utility results/1. Cancer/TRTR_TSTR_results_cancer.xlsx,utility,0.06842105263157894,,0.0,100.0
1. Cancer,GaussianCopula,,,F1_Drop,,Random Forest,,,Gap,0.1166792439374621,,classification,Generators/Experiment with utility data leak/utility results/1. Cancer/TRTR_TSTR_results_cancer.xlsx,utility,0.1166792439374621,,0.0,100.0
1. Cancer,GaussianCopula,,,Precision_Drop,,Random Forest,,,Gap,-0.02260084798678286,,classification,Generators/Experiment with utility data leak/utility results/1. Cancer/TRTR_TSTR_results_cancer.xlsx,utility,-0.02260084798678286,,0.0,100.0
1. Cancer,GaussianCopula,,,Recall_Drop,,Random Forest,,,Gap,0.2119047619047619,,classification,Generators/Experiment with utility data leak/utility results/1. Cancer/TRTR_TSTR_results_cancer.xlsx,utility,0.2119047619047619,,0.0,100.0
1. Cancer,GaussianCopula,,0.0,Accuracy,0.9350877192982457,Decision Tree,,Utility,TRTR,0.9350877192982457,0.02045948033279054,classification,Generators/Experiment with utility data leak/utility results/1. Cancer/TRTR_TSTR_results_cancer.xlsx,utility,0.9350877192982457,,0.0,100.0
1. Cancer,GaussianCopula,,0.0,Accuracy,0.7201754385964912,Decision Tree,,Utility,TSTR,0.7201754385964912,0.05470337483392584,classification,Generators/Experiment with utility data leak/utility results/1. Cancer/TRTR_TSTR_results_cancer.xlsx,utility,0.7201754385964912,,0.0,100.0
1. Cancer,GaussianCopula,,0.0,Accuracy_Gap,0.7201754385964912,Decision Tree,,Utility,Gap,0.2149122807017545,0.05470337483392584,classification,Generators/Experiment with utility data leak/utility results/1. Cancer/TRTR_TSTR_results_cancer.xlsx,utility,0.2149122807017545,,0.0,100.0
1. Cancer,GaussianCopula,,0.0,F1,0.9122461606275634,Decision Tree,,Utility,TRTR,0.9122461606275634,0.02771502846045041,classification,Generators/Experiment with utility data leak/utility results/1. Cancer/TRTR_TSTR_results_cancer.xlsx,utility,0.9122461606275634,,0.0,100.0
1. Cancer,GaussianCopula,,0.0,F1,0.6195324711918453,Decision Tree,,Utility,TSTR,0.6195324711918453,0.06421041999939439,classification,Generators/Experiment with utility data leak/utility results/1. Cancer/TRTR_TSTR_results_cancer.xlsx,utility,0.6195324711918453,,0.0,100.0
1. Cancer,GaussianCopula,,0.0,F1_Gap,0.6195324711918453,Decision Tree,,Utility,Gap,0.29271368943571807,0.06421041999939439,classification,Generators/Experiment with utility data leak/utility results/1. Cancer/TRTR_TSTR_results_cancer.xlsx,utility,0.29271368943571807,,0.0,100.0
1. Cancer,GaussianCopula,,0.0,Precision,0.9096981560397401,Decision Tree,,Utility,TRTR,0.9096981560397401,0.03732307542896939,classification,Generators/Experiment with utility data leak/utility results/1. Cancer/TRTR_TSTR_results_cancer.xlsx,utility,0.9096981560397401,,0.0,100.0
1. Cancer,GaussianCopula,,0.0,Precision,0.6265896330422591,Decision Tree,,Utility,TSTR,0.6265896330422591,0.0814976126745347,classification,Generators/Experiment with utility data leak/utility results/1. Cancer/TRTR_TSTR_results_cancer.xlsx,utility,0.6265896330422591,,0.0,100.0
1. Cancer,GaussianCopula,,0.0,Precision_Gap,0.6265896330422591,Decision Tree,,Utility,Gap,0.283108522997481,0.0814976126745347,classification,Generators/Experiment with utility data leak/utility results/1. Cancer/TRTR_TSTR_results_cancer.xlsx,utility,0.283108522997481,,0.0,100.0
1. Cancer,GaussianCopula,,0.0,Recall,0.9166666666666666,Decision Tree,,Utility,TRTR,0.9166666666666666,0.04158154570612613,classification,Generators/Experiment with utility data leak/utility results/1. Cancer/TRTR_TSTR_results_cancer.xlsx,utility,0.9166666666666666,,0.0,100.0
1. Cancer,GaussianCopula,,0.0,Recall,0.6142857142857143,Decision Tree,,Utility,TSTR,0.6142857142857143,0.05194624816493196,classification,Generators/Experiment with utility data leak/utility results/1. Cancer/TRTR_TSTR_results_cancer.xlsx,utility,0.6142857142857143,,0.0,100.0
1. Cancer,GaussianCopula,,0.0,Recall_Gap,0.6142857142857143,Decision Tree,,Utility,Gap,0.3023809523809523,0.05194624816493196,classification,Generators/Experiment with utility data leak/utility results/1. Cancer/TRTR_TSTR_results_cancer.xlsx,utility,0.3023809523809523,,0.0,100.0
1. Cancer,GaussianCopula,,,Accuracy_Drop,,Decision Tree,,,Gap,0.2149122807017545,,classification,Generators/Experiment with utility data leak/utility results/1. Cancer/TRTR_TSTR_results_cancer.xlsx,utility,0.2149122807017545,,0.0,100.0
1. Cancer,GaussianCopula,,,F1_Drop,,Decision Tree,,,Gap,0.2927136894357181,,classification,Generators/Experiment with utility data leak/utility results/1. Cancer/TRTR_TSTR_results_cancer.xlsx,utility,0.2927136894357181,,0.0,100.0
1. Cancer,GaussianCopula,,,Precision_Drop,,Decision Tree,,,Gap,0.283108522997481,,classification,Generators/Experiment with utility data leak/utility results/1. Cancer/TRTR_TSTR_results_cancer.xlsx,utility,0.283108522997481,,0.0,100.0
1. Cancer,GaussianCopula,,,Recall_Drop,,Decision Tree,,,Gap,0.3023809523809523,,classification,Generators/Experiment with utility data leak/utility results/1. Cancer/TRTR_TSTR_results_cancer.xlsx,utility,0.3023809523809523,,0.0,100.0
1. Cancer,GaussianCopula,,0.0,Accuracy,0.9324561403508772,Naive Bayes,,Utility,TRTR,0.9324561403508772,0.02322491630679601,classification,Generators/Experiment with utility data leak/utility results/1. Cancer/TRTR_TSTR_results_cancer.xlsx,utility,0.9324561403508772,,0.0,100.0
1. Cancer,GaussianCopula,,0.0,Accuracy,0.9087719298245615,Naive Bayes,,Utility,TSTR,0.9087719298245615,0.01312862240973313,classification,Generators/Experiment with utility data leak/utility results/1. Cancer/TRTR_TSTR_results_cancer.xlsx,utility,0.9087719298245615,,0.0,100.0
1. Cancer,GaussianCopula,,0.0,Accuracy_Gap,0.9087719298245615,Naive Bayes,,Utility,Gap,0.023684210526315752,0.01312862240973313,classification,Generators/Experiment with utility data leak/utility results/1. Cancer/TRTR_TSTR_results_cancer.xlsx,utility,0.023684210526315752,,0.0,100.0
1. Cancer,GaussianCopula,,0.0,F1,0.9055642341410918,Naive Bayes,,Utility,TRTR,0.9055642341410918,0.0327534076549362,classification,Generators/Experiment with utility data leak/utility results/1. Cancer/TRTR_TSTR_results_cancer.xlsx,utility,0.9055642341410918,,0.0,100.0
1. Cancer,GaussianCopula,,0.0,F1,0.8642921575902693,Naive Bayes,,Utility,TSTR,0.8642921575902693,0.02284604186188354,classification,Generators/Experiment with utility data leak/utility results/1. Cancer/TRTR_TSTR_results_cancer.xlsx,utility,0.8642921575902693,,0.0,100.0
1. Cancer,GaussianCopula,,0.0,F1_Gap,0.8642921575902693,Naive Bayes,,Utility,Gap,0.041272076550822434,0.02284604186188354,classification,Generators/Experiment with utility data leak/utility results/1. Cancer/TRTR_TSTR_results_cancer.xlsx,utility,0.041272076550822434,,0.0,100.0
1. Cancer,GaussianCopula,,0.0,Precision,0.931024002484766,Naive Bayes,,Utility,TRTR,0.931024002484766,0.03636585629143303,classification,Generators/Experiment with utility data leak/utility results/1. Cancer/TRTR_TSTR_results_cancer.xlsx,utility,0.931024002484766,,0.0,100.0
1. Cancer,GaussianCopula,,0.0,Precision,0.953028566273348,Naive Bayes,,Utility,TSTR,0.953028566273348,0.02539462361948373,classification,Generators/Experiment with utility data leak/utility results/1. Cancer/TRTR_TSTR_results_cancer.xlsx,utility,0.953028566273348,,0.0,100.0
1. Cancer,GaussianCopula,,0.0,Precision_Gap,0.953028566273348,Naive Bayes,,Utility,Gap,-0.022004563788581954,0.02539462361948373,classification,Generators/Experiment with utility data leak/utility results/1. Cancer/TRTR_TSTR_results_cancer.xlsx,utility,-0.022004563788581954,,0.0,100.0
1. Cancer,GaussianCopula,,0.0,Recall,0.8833333333333332,Naive Bayes,,Utility,TRTR,0.8833333333333332,0.05156287578025646,classification,Generators/Experiment with utility data leak/utility results/1. Cancer/TRTR_TSTR_results_cancer.xlsx,utility,0.8833333333333332,,0.0,100.0
1. Cancer,GaussianCopula,,0.0,Recall,0.7928571428571429,Naive Bayes,,Utility,TSTR,0.7928571428571429,0.04647433641891223,classification,Generators/Experiment with utility data leak/utility results/1. Cancer/TRTR_TSTR_results_cancer.xlsx,utility,0.7928571428571429,,0.0,100.0
1. Cancer,GaussianCopula,,0.0,Recall_Gap,0.7928571428571429,Naive Bayes,,Utility,Gap,0.09047619047619027,0.04647433641891223,classification,Generators/Experiment with utility data leak/utility results/1. Cancer/TRTR_TSTR_results_cancer.xlsx,utility,0.09047619047619027,,0.0,100.0
1. Cancer,GaussianCopula,,,Accuracy_Drop,,Naive Bayes,,,Gap,0.02368421052631575,,classification,Generators/Experiment with utility data leak/utility results/1. Cancer/TRTR_TSTR_results_cancer.xlsx,utility,0.02368421052631575,,0.0,100.0
1. Cancer,GaussianCopula,,,F1_Drop,,Naive Bayes,,,Gap,0.04127207655082243,,classification,Generators/Experiment with utility data leak/utility results/1. Cancer/TRTR_TSTR_results_cancer.xlsx,utility,0.04127207655082243,,0.0,100.0
1. Cancer,GaussianCopula,,,Precision_Drop,,Naive Bayes,,,Gap,-0.02200456378858195,,classification,Generators/Experiment with utility data leak/utility results/1. Cancer/TRTR_TSTR_results_cancer.xlsx,utility,-0.02200456378858195,,0.0,100.0
1. Cancer,GaussianCopula,,,Recall_Drop,,Naive Bayes,,,Gap,0.09047619047619027,,classification,Generators/Experiment with utility data leak/utility results/1. Cancer/TRTR_TSTR_results_cancer.xlsx,utility,0.09047619047619027,,0.0,100.0
1. Cancer,WGAN_GP,,0.0,Accuracy,0.9789473684210526,Logistic Regression,,Utility,TRTR,0.9789473684210526,0.009768007654087744,classification,Generators/Experiment with utility data leak/utility results/1. Cancer/TRTR_TSTR_results_cancer.xlsx,utility,0.9789473684210526,,0.0,100.0
1. Cancer,WGAN_GP,,0.0,Accuracy,0.95,Logistic Regression,,Utility,TSTR,0.95,0.01712212394380976,classification,Generators/Experiment with utility data leak/utility results/1. Cancer/TRTR_TSTR_results_cancer.xlsx,utility,0.95,,0.0,100.0
1. Cancer,WGAN_GP,,0.0,Accuracy_Gap,0.95,Logistic Regression,,Utility,Gap,0.02894736842105261,0.01712212394380976,classification,Generators/Experiment with utility data leak/utility results/1. Cancer/TRTR_TSTR_results_cancer.xlsx,utility,0.02894736842105261,,0.0,100.0
1. Cancer,WGAN_GP,,0.0,F1,0.9707868770215718,Logistic Regression,,Utility,TRTR,0.9707868770215718,0.0137941861874265,classification,Generators/Experiment with utility data leak/utility results/1. Cancer/TRTR_TSTR_results_cancer.xlsx,utility,0.9707868770215718,,0.0,100.0
1. Cancer,WGAN_GP,,0.0,F1,0.929480250932156,Logistic Regression,,Utility,TSTR,0.929480250932156,0.02470715234911491,classification,Generators/Experiment with utility data leak/utility results/1. Cancer/TRTR_TSTR_results_cancer.xlsx,utility,0.929480250932156,,0.0,100.0
1. Cancer,WGAN_GP,,0.0,F1_Gap,0.929480250932156,Logistic Regression,,Utility,Gap,0.04130662608941582,0.02470715234911491,classification,Generators/Experiment with utility data leak/utility results/1. Cancer/TRTR_TSTR_results_cancer.xlsx,utility,0.04130662608941582,,0.0,100.0
1. Cancer,WGAN_GP,,0.0,Precision,0.9901768962744573,Logistic Regression,,Utility,TRTR,0.9901768962744573,0.01203823054760635,classification,Generators/Experiment with utility data leak/utility results/1. Cancer/TRTR_TSTR_results_cancer.xlsx,utility,0.9901768962744573,,0.0,100.0
1. Cancer,WGAN_GP,,0.0,Precision,0.9644431826909361,Logistic Regression,,Utility,TSTR,0.9644431826909361,0.02273768898719954,classification,Generators/Experiment with utility data leak/utility results/1. Cancer/TRTR_TSTR_results_cancer.xlsx,utility,0.9644431826909361,,0.0,100.0
1. Cancer,WGAN_GP,,0.0,Precision_Gap,0.9644431826909361,Logistic Regression,,Utility,Gap,0.025733713583521167,0.02273768898719954,classification,Generators/Experiment with utility data leak/utility results/1. Cancer/TRTR_TSTR_results_cancer.xlsx,utility,0.025733713583521167,,0.0,100.0
1. Cancer,WGAN_GP,,0.0,Recall,0.9523809523809523,Logistic Regression,,Utility,TRTR,0.9523809523809523,0.02129588549999798,classification,Generators/Experiment with utility data leak/utility results/1. Cancer/TRTR_TSTR_results_cancer.xlsx,utility,0.9523809523809523,,0.0,100.0
1. Cancer,WGAN_GP,,0.0,Recall,0.8976190476190476,Logistic Regression,,Utility,TSTR,0.8976190476190476,0.03539540177932976,classification,Generators/Experiment with utility data leak/utility results/1. Cancer/TRTR_TSTR_results_cancer.xlsx,utility,0.8976190476190476,,0.0,100.0
1. Cancer,WGAN_GP,,0.0,Recall_Gap,0.8976190476190476,Logistic Regression,,Utility,Gap,0.05476190476190468,0.03539540177932976,classification,Generators/Experiment with utility data leak/utility results/1. Cancer/TRTR_TSTR_results_cancer.xlsx,utility,0.05476190476190468,,0.0,100.0
1. Cancer,WGAN_GP,,,Accuracy_Drop,,Logistic Regression,,,Gap,0.02894736842105261,,classification,Generators/Experiment with utility data leak/utility results/1. Cancer/TRTR_TSTR_results_cancer.xlsx,utility,0.02894736842105261,,0.0,100.0
1. Cancer,WGAN_GP,,,F1_Drop,,Logistic Regression,,,Gap,0.04130662608941582,,classification,Generators/Experiment with utility data leak/utility results/1. Cancer/TRTR_TSTR_results_cancer.xlsx,utility,0.04130662608941582,,0.0,100.0
1. Cancer,WGAN_GP,,,Precision_Drop,,Logistic Regression,,,Gap,0.02573371358352117,,classification,Generators/Experiment with utility data leak/utility results/1. Cancer/TRTR_TSTR_results_cancer.xlsx,utility,0.02573371358352117,,0.0,100.0
1. Cancer,WGAN_GP,,,Recall_Drop,,Logistic Regression,,,Gap,0.05476190476190468,,classification,Generators/Experiment with utility data leak/utility results/1. Cancer/TRTR_TSTR_results_cancer.xlsx,utility,0.05476190476190468,,0.0,100.0
1. Cancer,WGAN_GP,,0.0,Accuracy,0.974561403508772,MLP,,Utility,TRTR,0.974561403508772,0.01327433855300136,classification,Generators/Experiment with utility data leak/utility results/1. Cancer/TRTR_TSTR_results_cancer.xlsx,utility,0.974561403508772,,0.0,100.0
1. Cancer,WGAN_GP,,0.0,Accuracy,0.9429824561403508,MLP,,Utility,TSTR,0.9429824561403508,0.02047827636829603,classification,Generators/Experiment with utility data leak/utility results/1. Cancer/TRTR_TSTR_results_cancer.xlsx,utility,0.9429824561403508,,0.0,100.0
1. Cancer,WGAN_GP,,0.0,Accuracy_Gap,0.9429824561403508,MLP,,Utility,Gap,0.03157894736842115,0.02047827636829603,classification,Generators/Experiment with utility data leak/utility results/1. Cancer/TRTR_TSTR_results_cancer.xlsx,utility,0.03157894736842115,,0.0,100.0
1. Cancer,WGAN_GP,,0.0,F1,0.9646057122906845,MLP,,Utility,TRTR,0.9646057122906845,0.01869298955577862,classification,Generators/Experiment with utility data leak/utility results/1. Cancer/TRTR_TSTR_results_cancer.xlsx,utility,0.9646057122906845,,0.0,100.0
1. Cancer,WGAN_GP,,0.0,F1,0.918353551614589,MLP,,Utility,TSTR,0.918353551614589,0.03025029611421899,classification,Generators/Experiment with utility data leak/utility results/1. Cancer/TRTR_TSTR_results_cancer.xlsx,utility,0.918353551614589,,0.0,100.0
1. Cancer,WGAN_GP,,0.0,F1_Gap,0.918353551614589,MLP,,Utility,Gap,0.0462521606760955,0.03025029611421899,classification,Generators/Experiment with utility data leak/utility results/1. Cancer/TRTR_TSTR_results_cancer.xlsx,utility,0.0462521606760955,,0.0,100.0
1. Cancer,WGAN_GP,,0.0,Precision,0.985467661474468,MLP,,Utility,TRTR,0.985467661474468,0.0191919907367019,classification,Generators/Experiment with utility data leak/utility results/1. Cancer/TRTR_TSTR_results_cancer.xlsx,utility,0.985467661474468,,0.0,100.0
1. Cancer,WGAN_GP,,0.0,Precision,0.9660563571089886,MLP,,Utility,TSTR,0.9660563571089886,0.02372491686989932,classification,Generators/Experiment with utility data leak/utility results/1. Cancer/TRTR_TSTR_results_cancer.xlsx,utility,0.9660563571089886,,0.0,100.0
1. Cancer,WGAN_GP,,0.0,Precision_Gap,0.9660563571089886,MLP,,Utility,Gap,0.01941130436547933,0.02372491686989932,classification,Generators/Experiment with utility data leak/utility results/1. Cancer/TRTR_TSTR_results_cancer.xlsx,utility,0.01941130436547933,,0.0,100.0
1. Cancer,WGAN_GP,,0.0,Recall,0.9452380952380952,MLP,,Utility,TRTR,0.9452380952380952,0.03021089890583217,classification,Generators/Experiment with utility data leak/utility results/1. Cancer/TRTR_TSTR_results_cancer.xlsx,utility,0.9452380952380952,,0.0,100.0
1. Cancer,WGAN_GP,,0.0,Recall,0.8761904761904761,MLP,,Utility,TSTR,0.8761904761904761,0.04616837959444122,classification,Generators/Experiment with utility data leak/utility results/1. Cancer/TRTR_TSTR_results_cancer.xlsx,utility,0.8761904761904761,,0.0,100.0
1. Cancer,WGAN_GP,,0.0,Recall_Gap,0.8761904761904761,MLP,,Utility,Gap,0.06904761904761914,0.04616837959444122,classification,Generators/Experiment with utility data leak/utility results/1. Cancer/TRTR_TSTR_results_cancer.xlsx,utility,0.06904761904761914,,0.0,100.0
1. Cancer,WGAN_GP,,,Accuracy_Drop,,MLP,,,Gap,0.03157894736842115,,classification,Generators/Experiment with utility data leak/utility results/1. Cancer/TRTR_TSTR_results_cancer.xlsx,utility,0.03157894736842115,,0.0,100.0
1. Cancer,WGAN_GP,,,F1_Drop,,MLP,,,Gap,0.0462521606760955,,classification,Generators/Experiment with utility data leak/utility results/1. Cancer/TRTR_TSTR_results_cancer.xlsx,utility,0.0462521606760955,,0.0,100.0
1. Cancer,WGAN_GP,,,Precision_Drop,,MLP,,,Gap,0.01941130436547933,,classification,Generators/Experiment with utility data leak/utility results/1. Cancer/TRTR_TSTR_results_cancer.xlsx,utility,0.01941130436547933,,0.0,100.0
1. Cancer,WGAN_GP,,,Recall_Drop,,MLP,,,Gap,0.06904761904761914,,classification,Generators/Experiment with utility data leak/utility results/1. Cancer/TRTR_TSTR_results_cancer.xlsx,utility,0.06904761904761914,,0.0,100.0
1. Cancer,WGAN_GP,,0.0,Accuracy,0.9701754385964912,SVM-RBF,,Utility,TRTR,0.9701754385964912,0.01889531511275264,classification,Generators/Experiment with utility data leak/utility results/1. Cancer/TRTR_TSTR_results_cancer.xlsx,utility,0.9701754385964912,,0.0,100.0
1. Cancer,WGAN_GP,,0.0,Accuracy,0.9473684210526315,SVM-RBF,,Utility,TSTR,0.9473684210526315,0.02418254167033372,classification,Generators/Experiment with utility data leak/utility results/1. Cancer/TRTR_TSTR_results_cancer.xlsx,utility,0.9473684210526315,,0.0,100.0
1. Cancer,WGAN_GP,,0.0,Accuracy_Gap,0.9473684210526315,SVM-RBF,,Utility,Gap,0.02280701754385972,0.02418254167033372,classification,Generators/Experiment with utility data leak/utility results/1. Cancer/TRTR_TSTR_results_cancer.xlsx,utility,0.02280701754385972,,0.0,100.0
1. Cancer,WGAN_GP,,0.0,F1,0.9583987428081452,SVM-RBF,,Utility,TRTR,0.9583987428081452,0.02694607072359247,classification,Generators/Experiment with utility data leak/utility results/1. Cancer/TRTR_TSTR_results_cancer.xlsx,utility,0.9583987428081452,,0.0,100.0
1. Cancer,WGAN_GP,,0.0,F1,0.92254504378202,SVM-RBF,,Utility,TSTR,0.92254504378202,0.03793224534272995,classification,Generators/Experiment with utility data leak/utility results/1. Cancer/TRTR_TSTR_results_cancer.xlsx,utility,0.92254504378202,,0.0,100.0
1. Cancer,WGAN_GP,,0.0,F1_Gap,0.92254504378202,SVM-RBF,,Utility,Gap,0.03585369902612523,0.03793224534272995,classification,Generators/Experiment with utility data leak/utility results/1. Cancer/TRTR_TSTR_results_cancer.xlsx,utility,0.03585369902612523,,0.0,100.0
1. Cancer,WGAN_GP,,0.0,Precision,0.975500670827118,SVM-RBF,,Utility,TRTR,0.975500670827118,0.01929000486040976,classification,Generators/Experiment with utility data leak/utility results/1. Cancer/TRTR_TSTR_results_cancer.xlsx,utility,0.975500670827118,,0.0,100.0
1. Cancer,WGAN_GP,,0.0,Precision,0.9915788327526134,SVM-RBF,,Utility,TSTR,0.9915788327526134,0.01295612770139332,classification,Generators/Experiment with utility data leak/utility results/1. Cancer/TRTR_TSTR_results_cancer.xlsx,utility,0.9915788327526134,,0.0,100.0
1. Cancer,WGAN_GP,,0.0,Precision_Gap,0.9915788327526134,SVM-RBF,,Utility,Gap,-0.016078161925495382,0.01295612770139332,classification,Generators/Experiment with utility data leak/utility results/1. Cancer/TRTR_TSTR_results_cancer.xlsx,utility,-0.016078161925495382,,0.0,100.0
1. Cancer,WGAN_GP,,0.0,Recall,0.9428571428571428,SVM-RBF,,Utility,TRTR,0.9428571428571428,0.04416008807378907,classification,Generators/Experiment with utility data leak/utility results/1. Cancer/TRTR_TSTR_results_cancer.xlsx,utility,0.9428571428571428,,0.0,100.0
1. Cancer,WGAN_GP,,0.0,Recall,0.8642857142857142,SVM-RBF,,Utility,TSTR,0.8642857142857142,0.06121409586753541,classification,Generators/Experiment with utility data leak/utility results/1. Cancer/TRTR_TSTR_results_cancer.xlsx,utility,0.8642857142857142,,0.0,100.0
1. Cancer,WGAN_GP,,0.0,Recall_Gap,0.8642857142857142,SVM-RBF,,Utility,Gap,0.07857142857142863,0.06121409586753541,classification,Generators/Experiment with utility data leak/utility results/1. Cancer/TRTR_TSTR_results_cancer.xlsx,utility,0.07857142857142863,,0.0,100.0
1. Cancer,WGAN_GP,,,Accuracy_Drop,,SVM-RBF,,,Gap,0.02280701754385972,,classification,Generators/Experiment with utility data leak/utility results/1. Cancer/TRTR_TSTR_results_cancer.xlsx,utility,0.02280701754385972,,0.0,100.0
1. Cancer,WGAN_GP,,,F1_Drop,,SVM-RBF,,,Gap,0.03585369902612523,,classification,Generators/Experiment with utility data leak/utility results/1. Cancer/TRTR_TSTR_results_cancer.xlsx,utility,0.03585369902612523,,0.0,100.0
1. Cancer,WGAN_GP,,,Precision_Drop,,SVM-RBF,,,Gap,-0.01607816192549538,,classification,Generators/Experiment with utility data leak/utility results/1. Cancer/TRTR_TSTR_results_cancer.xlsx,utility,-0.01607816192549538,,0.0,100.0
1. Cancer,WGAN_GP,,,Recall_Drop,,SVM-RBF,,,Gap,0.07857142857142863,,classification,Generators/Experiment with utility data leak/utility results/1. Cancer/TRTR_TSTR_results_cancer.xlsx,utility,0.07857142857142863,,0.0,100.0
1. Cancer,WGAN_GP,,0.0,Accuracy,0.9701754385964912,Extra Trees,,Utility,TRTR,0.9701754385964912,0.01189882453179872,classification,Generators/Experiment with utility data leak/utility results/1. Cancer/TRTR_TSTR_results_cancer.xlsx,utility,0.9701754385964912,,0.0,100.0
1. Cancer,WGAN_GP,,0.0,Accuracy,0.9482456140350877,Extra Trees,,Utility,TSTR,0.9482456140350877,0.01774013018961111,classification,Generators/Experiment with utility data leak/utility results/1. Cancer/TRTR_TSTR_results_cancer.xlsx,utility,0.9482456140350877,,0.0,100.0
1. Cancer,WGAN_GP,,0.0,Accuracy_Gap,0.9482456140350877,Extra Trees,,Utility,Gap,0.021929824561403577,0.01774013018961111,classification,Generators/Experiment with utility data leak/utility results/1. Cancer/TRTR_TSTR_results_cancer.xlsx,utility,0.021929824561403577,,0.0,100.0
1. Cancer,WGAN_GP,,0.0,F1,0.9589899381997989,Extra Trees,,Utility,TRTR,0.9589899381997989,0.01652286372603384,classification,Generators/Experiment with utility data leak/utility results/1. Cancer/TRTR_TSTR_results_cancer.xlsx,utility,0.9589899381997989,,0.0,100.0
1. Cancer,WGAN_GP,,0.0,F1,0.9242823488401232,Extra Trees,,Utility,TSTR,0.9242823488401232,0.02703407482825102,classification,Generators/Experiment with utility data leak/utility results/1. Cancer/TRTR_TSTR_results_cancer.xlsx,utility,0.9242823488401232,,0.0,100.0
1. Cancer,WGAN_GP,,0.0,F1_Gap,0.9242823488401232,Extra Trees,,Utility,Gap,0.03470758935967577,0.02703407482825102,classification,Generators/Experiment with utility data leak/utility results/1. Cancer/TRTR_TSTR_results_cancer.xlsx,utility,0.03470758935967577,,0.0,100.0
1. Cancer,WGAN_GP,,0.0,Precision,0.971542217000243,Extra Trees,,Utility,TRTR,0.971542217000243,0.02506278422086412,classification,Generators/Experiment with utility data leak/utility results/1. Cancer/TRTR_TSTR_results_cancer.xlsx,utility,0.971542217000243,,0.0,100.0
1. Cancer,WGAN_GP,,0.0,Precision,0.9944401544401543,Extra Trees,,Utility,TSTR,0.9944401544401543,0.01112505233263443,classification,Generators/Experiment with utility data leak/utility results/1. Cancer/TRTR_TSTR_results_cancer.xlsx,utility,0.9944401544401543,,0.0,100.0
1. Cancer,WGAN_GP,,0.0,Precision_Gap,0.9944401544401543,Extra Trees,,Utility,Gap,-0.02289793743991131,0.01112505233263443,classification,Generators/Experiment with utility data leak/utility results/1. Cancer/TRTR_TSTR_results_cancer.xlsx,utility,-0.02289793743991131,,0.0,100.0
1. Cancer,WGAN_GP,,0.0,Recall,0.9476190476190476,Extra Trees,,Utility,TRTR,0.9476190476190476,0.02776643759450141,classification,Generators/Experiment with utility data leak/utility results/1. Cancer/TRTR_TSTR_results_cancer.xlsx,utility,0.9476190476190476,,0.0,100.0
1. Cancer,WGAN_GP,,0.0,Recall,0.8642857142857142,Extra Trees,,Utility,TSTR,0.8642857142857142,0.043967107887189,classification,Generators/Experiment with utility data leak/utility results/1. Cancer/TRTR_TSTR_results_cancer.xlsx,utility,0.8642857142857142,,0.0,100.0
1. Cancer,WGAN_GP,,0.0,Recall_Gap,0.8642857142857142,Extra Trees,,Utility,Gap,0.08333333333333337,0.043967107887189,classification,Generators/Experiment with utility data leak/utility results/1. Cancer/TRTR_TSTR_results_cancer.xlsx,utility,0.08333333333333337,,0.0,100.0
1. Cancer,WGAN_GP,,,Accuracy_Drop,,Extra Trees,,,Gap,0.02192982456140358,,classification,Generators/Experiment with utility data leak/utility results/1. Cancer/TRTR_TSTR_results_cancer.xlsx,utility,0.02192982456140358,,0.0,100.0
1. Cancer,WGAN_GP,,,F1_Drop,,Extra Trees,,,Gap,0.03470758935967577,,classification,Generators/Experiment with utility data leak/utility results/1. Cancer/TRTR_TSTR_results_cancer.xlsx,utility,0.03470758935967577,,0.0,100.0
1. Cancer,WGAN_GP,,,Precision_Drop,,Extra Trees,,,Gap,-0.02289793743991131,,classification,Generators/Experiment with utility data leak/utility results/1. Cancer/TRTR_TSTR_results_cancer.xlsx,utility,-0.02289793743991131,,0.0,100.0
1. Cancer,WGAN_GP,,,Recall_Drop,,Extra Trees,,,Gap,0.08333333333333337,,classification,Generators/Experiment with utility data leak/utility results/1. Cancer/TRTR_TSTR_results_cancer.xlsx,utility,0.08333333333333337,,0.0,100.0
1. Cancer,WGAN_GP,,0.0,Accuracy,0.9666666666666666,AdaBoost,,Utility,TRTR,0.9666666666666666,0.01022974016639526,classification,Generators/Experiment with utility data leak/utility results/1. Cancer/TRTR_TSTR_results_cancer.xlsx,utility,0.9666666666666666,,0.0,100.0
1. Cancer,WGAN_GP,,0.0,Accuracy,0.9429824561403508,AdaBoost,,Utility,TSTR,0.9429824561403508,0.01808379660358624,classification,Generators/Experiment with utility data leak/utility results/1. Cancer/TRTR_TSTR_results_cancer.xlsx,utility,0.9429824561403508,,0.0,100.0
1. Cancer,WGAN_GP,,0.0,Accuracy_Gap,0.9429824561403508,AdaBoost,,Utility,Gap,0.023684210526315752,0.01808379660358624,classification,Generators/Experiment with utility data leak/utility results/1. Cancer/TRTR_TSTR_results_cancer.xlsx,utility,0.023684210526315752,,0.0,100.0
1. Cancer,WGAN_GP,,0.0,F1,0.9537824074424763,AdaBoost,,Utility,TRTR,0.9537824074424763,0.01443243582836966,classification,Generators/Experiment with utility data leak/utility results/1. Cancer/TRTR_TSTR_results_cancer.xlsx,utility,0.9537824074424763,,0.0,100.0
1. Cancer,WGAN_GP,,0.0,F1,0.9172319446016575,AdaBoost,,Utility,TSTR,0.9172319446016575,0.02751725764650158,classification,Generators/Experiment with utility data leak/utility results/1. Cancer/TRTR_TSTR_results_cancer.xlsx,utility,0.9172319446016575,,0.0,100.0
1. Cancer,WGAN_GP,,0.0,F1_Gap,0.9172319446016575,AdaBoost,,Utility,Gap,0.036550462840818865,0.02751725764650158,classification,Generators/Experiment with utility data leak/utility results/1. Cancer/TRTR_TSTR_results_cancer.xlsx,utility,0.036550462840818865,,0.0,100.0
1. Cancer,WGAN_GP,,0.0,Precision,0.9735489892977129,AdaBoost,,Utility,TRTR,0.9735489892977129,0.02210918228480495,classification,Generators/Experiment with utility data leak/utility results/1. Cancer/TRTR_TSTR_results_cancer.xlsx,utility,0.9735489892977129,,0.0,100.0
1. Cancer,WGAN_GP,,0.0,Precision,0.9793628779155095,AdaBoost,,Utility,TSTR,0.9793628779155095,0.02523572413394183,classification,Generators/Experiment with utility data leak/utility results/1. Cancer/TRTR_TSTR_results_cancer.xlsx,utility,0.9793628779155095,,0.0,100.0
1. Cancer,WGAN_GP,,0.0,Precision_Gap,0.9793628779155095,AdaBoost,,Utility,Gap,-0.0058138886177965254,0.02523572413394183,classification,Generators/Experiment with utility data leak/utility results/1. Cancer/TRTR_TSTR_results_cancer.xlsx,utility,-0.0058138886177965254,,0.0,100.0
1. Cancer,WGAN_GP,,0.0,Recall,0.9357142857142857,AdaBoost,,Utility,TRTR,0.9357142857142857,0.02827224306437598,classification,Generators/Experiment with utility data leak/utility results/1. Cancer/TRTR_TSTR_results_cancer.xlsx,utility,0.9357142857142857,,0.0,100.0
1. Cancer,WGAN_GP,,0.0,Recall,0.8642857142857142,AdaBoost,,Utility,TSTR,0.8642857142857142,0.04885305840162663,classification,Generators/Experiment with utility data leak/utility results/1. Cancer/TRTR_TSTR_results_cancer.xlsx,utility,0.8642857142857142,,0.0,100.0
1. Cancer,WGAN_GP,,0.0,Recall_Gap,0.8642857142857142,AdaBoost,,Utility,Gap,0.07142857142857151,0.04885305840162663,classification,Generators/Experiment with utility data leak/utility results/1. Cancer/TRTR_TSTR_results_cancer.xlsx,utility,0.07142857142857151,,0.0,100.0
1. Cancer,WGAN_GP,,,Accuracy_Drop,,AdaBoost,,,Gap,0.02368421052631575,,classification,Generators/Experiment with utility data leak/utility results/1. Cancer/TRTR_TSTR_results_cancer.xlsx,utility,0.02368421052631575,,0.0,100.0
1. Cancer,WGAN_GP,,,F1_Drop,,AdaBoost,,,Gap,0.03655046284081886,,classification,Generators/Experiment with utility data leak/utility results/1. Cancer/TRTR_TSTR_results_cancer.xlsx,utility,0.03655046284081886,,0.0,100.0
1. Cancer,WGAN_GP,,,Precision_Drop,,AdaBoost,,,Gap,-0.005813888617796525,,classification,Generators/Experiment with utility data leak/utility results/1. Cancer/TRTR_TSTR_results_cancer.xlsx,utility,-0.005813888617796525,,0.0,100.0
1. Cancer,WGAN_GP,,,Recall_Drop,,AdaBoost,,,Gap,0.07142857142857151,,classification,Generators/Experiment with utility data leak/utility results/1. Cancer/TRTR_TSTR_results_cancer.xlsx,utility,0.07142857142857151,,0.0,100.0
1. Cancer,WGAN_GP,,0.0,Accuracy,0.9631578947368421,Gradient Boosting,,Utility,TRTR,0.9631578947368421,0.0203084857943688,classification,Generators/Experiment with utility data leak/utility results/1. Cancer/TRTR_TSTR_results_cancer.xlsx,utility,0.9631578947368421,,0.0,100.0
1. Cancer,WGAN_GP,,0.0,Accuracy,0.9421052631578947,Gradient Boosting,,Utility,TSTR,0.9421052631578947,0.01848360307518023,classification,Generators/Experiment with utility data leak/utility results/1. Cancer/TRTR_TSTR_results_cancer.xlsx,utility,0.9421052631578947,,0.0,100.0
1. Cancer,WGAN_GP,,0.0,Accuracy_Gap,0.9421052631578947,Gradient Boosting,,Utility,Gap,0.021052631578947434,0.01848360307518023,classification,Generators/Experiment with utility data leak/utility results/1. Cancer/TRTR_TSTR_results_cancer.xlsx,utility,0.021052631578947434,,0.0,100.0
1. Cancer,WGAN_GP,,0.0,F1,0.9494212600983015,Gradient Boosting,,Utility,TRTR,0.9494212600983015,0.02779434087071402,classification,Generators/Experiment with utility data leak/utility results/1. Cancer/TRTR_TSTR_results_cancer.xlsx,utility,0.9494212600983015,,0.0,100.0
1. Cancer,WGAN_GP,,0.0,F1,0.9161306020654305,Gradient Boosting,,Utility,TSTR,0.9161306020654305,0.02802202664577805,classification,Generators/Experiment with utility data leak/utility results/1. Cancer/TRTR_TSTR_results_cancer.xlsx,utility,0.9161306020654305,,0.0,100.0
1. Cancer,WGAN_GP,,0.0,F1_Gap,0.9161306020654305,Gradient Boosting,,Utility,Gap,0.03329065803287101,0.02802202664577805,classification,Generators/Experiment with utility data leak/utility results/1. Cancer/TRTR_TSTR_results_cancer.xlsx,utility,0.03329065803287101,,0.0,100.0
1. Cancer,WGAN_GP,,0.0,Precision,0.9620305430373497,Gradient Boosting,,Utility,TRTR,0.9620305430373497,0.0358379580625646,classification,Generators/Experiment with utility data leak/utility results/1. Cancer/TRTR_TSTR_results_cancer.xlsx,utility,0.9620305430373497,,0.0,100.0
1. Cancer,WGAN_GP,,0.0,Precision,0.9764416081111694,Gradient Boosting,,Utility,TSTR,0.9764416081111694,0.02364858104787009,classification,Generators/Experiment with utility data leak/utility results/1. Cancer/TRTR_TSTR_results_cancer.xlsx,utility,0.9764416081111694,,0.0,100.0
1. Cancer,WGAN_GP,,0.0,Precision_Gap,0.9764416081111694,Gradient Boosting,,Utility,Gap,-0.014411065073819729,0.02364858104787009,classification,Generators/Experiment with utility data leak/utility results/1. Cancer/TRTR_TSTR_results_cancer.xlsx,utility,-0.014411065073819729,,0.0,100.0
1. Cancer,WGAN_GP,,0.0,Recall,0.938095238095238,Gradient Boosting,,Utility,TRTR,0.938095238095238,0.03400680204068023,classification,Generators/Experiment with utility data leak/utility results/1. Cancer/TRTR_TSTR_results_cancer.xlsx,utility,0.938095238095238,,0.0,100.0
1. Cancer,WGAN_GP,,0.0,Recall,0.8642857142857142,Gradient Boosting,,Utility,TSTR,0.8642857142857142,0.04647433641891222,classification,Generators/Experiment with utility data leak/utility results/1. Cancer/TRTR_TSTR_results_cancer.xlsx,utility,0.8642857142857142,,0.0,100.0
1. Cancer,WGAN_GP,,0.0,Recall_Gap,0.8642857142857142,Gradient Boosting,,Utility,Gap,0.07380952380952377,0.04647433641891222,classification,Generators/Experiment with utility data leak/utility results/1. Cancer/TRTR_TSTR_results_cancer.xlsx,utility,0.07380952380952377,,0.0,100.0
1. Cancer,WGAN_GP,,,Accuracy_Drop,,Gradient Boosting,,,Gap,0.02105263157894743,,classification,Generators/Experiment with utility data leak/utility results/1. Cancer/TRTR_TSTR_results_cancer.xlsx,utility,0.02105263157894743,,0.0,100.0
1. Cancer,WGAN_GP,,,F1_Drop,,Gradient Boosting,,,Gap,0.03329065803287101,,classification,Generators/Experiment with utility data leak/utility results/1. Cancer/TRTR_TSTR_results_cancer.xlsx,utility,0.03329065803287101,,0.0,100.0
1. Cancer,WGAN_GP,,,Precision_Drop,,Gradient Boosting,,,Gap,-0.01441106507381973,,classification,Generators/Experiment with utility data leak/utility results/1. Cancer/TRTR_TSTR_results_cancer.xlsx,utility,-0.01441106507381973,,0.0,100.0
1. Cancer,WGAN_GP,,,Recall_Drop,,Gradient Boosting,,,Gap,0.07380952380952377,,classification,Generators/Experiment with utility data leak/utility results/1. Cancer/TRTR_TSTR_results_cancer.xlsx,utility,0.07380952380952377,,0.0,100.0
1. Cancer,WGAN_GP,,0.0,Accuracy,0.962280701754386,KNN,,Utility,TRTR,0.962280701754386,0.01883413206454726,classification,Generators/Experiment with utility data leak/utility results/1. Cancer/TRTR_TSTR_results_cancer.xlsx,utility,0.962280701754386,,0.0,100.0
1. Cancer,WGAN_GP,,0.0,Accuracy,0.9394736842105262,KNN,,Utility,TSTR,0.9394736842105262,0.01685032694061277,classification,Generators/Experiment with utility data leak/utility results/1. Cancer/TRTR_TSTR_results_cancer.xlsx,utility,0.9394736842105262,,0.0,100.0
1. Cancer,WGAN_GP,,0.0,Accuracy_Gap,0.9394736842105262,KNN,,Utility,Gap,0.02280701754385972,0.01685032694061277,classification,Generators/Experiment with utility data leak/utility results/1. Cancer/TRTR_TSTR_results_cancer.xlsx,utility,0.02280701754385972,,0.0,100.0
1. Cancer,WGAN_GP,,0.0,F1,0.947074373024434,KNN,,Utility,TRTR,0.947074373024434,0.02672761688789936,classification,Generators/Experiment with utility data leak/utility results/1. Cancer/TRTR_TSTR_results_cancer.xlsx,utility,0.947074373024434,,0.0,100.0
1. Cancer,WGAN_GP,,0.0,F1,0.911630570476661,KNN,,Utility,TSTR,0.911630570476661,0.0255932597295227,classification,Generators/Experiment with utility data leak/utility results/1. Cancer/TRTR_TSTR_results_cancer.xlsx,utility,0.911630570476661,,0.0,100.0
1. Cancer,WGAN_GP,,0.0,F1_Gap,0.911630570476661,KNN,,Utility,Gap,0.03544380254777302,0.0255932597295227,classification,Generators/Experiment with utility data leak/utility results/1. Cancer/TRTR_TSTR_results_cancer.xlsx,utility,0.03544380254777302,,0.0,100.0
1. Cancer,WGAN_GP,,0.0,Precision,0.9751404010156286,KNN,,Utility,TRTR,0.9751404010156286,0.02459125532957641,classification,Generators/Experiment with utility data leak/utility results/1. Cancer/TRTR_TSTR_results_cancer.xlsx,utility,0.9751404010156286,,0.0,100.0
1. Cancer,WGAN_GP,,0.0,Precision,0.9815181347217141,KNN,,Utility,TSTR,0.9815181347217141,0.02329254802784783,classification,Generators/Experiment with utility data leak/utility results/1. Cancer/TRTR_TSTR_results_cancer.xlsx,utility,0.9815181347217141,,0.0,100.0
1. Cancer,WGAN_GP,,0.0,Precision_Gap,0.9815181347217141,KNN,,Utility,Gap,-0.00637773370608552,0.02329254802784783,classification,Generators/Experiment with utility data leak/utility results/1. Cancer/TRTR_TSTR_results_cancer.xlsx,utility,-0.00637773370608552,,0.0,100.0
1. Cancer,WGAN_GP,,0.0,Recall,0.9214285714285715,KNN,,Utility,TRTR,0.9214285714285715,0.03991203479581002,classification,Generators/Experiment with utility data leak/utility results/1. Cancer/TRTR_TSTR_results_cancer.xlsx,utility,0.9214285714285715,,0.0,100.0
1. Cancer,WGAN_GP,,0.0,Recall,0.8523809523809524,KNN,,Utility,TSTR,0.8523809523809524,0.04364357804719846,classification,Generators/Experiment with utility data leak/utility results/1. Cancer/TRTR_TSTR_results_cancer.xlsx,utility,0.8523809523809524,,0.0,100.0
1. Cancer,WGAN_GP,,0.0,Recall_Gap,0.8523809523809524,KNN,,Utility,Gap,0.06904761904761914,0.04364357804719846,classification,Generators/Experiment with utility data leak/utility results/1. Cancer/TRTR_TSTR_results_cancer.xlsx,utility,0.06904761904761914,,0.0,100.0
1. Cancer,WGAN_GP,,,Accuracy_Drop,,KNN,,,Gap,0.02280701754385972,,classification,Generators/Experiment with utility data leak/utility results/1. Cancer/TRTR_TSTR_results_cancer.xlsx,utility,0.02280701754385972,,0.0,100.0
1. Cancer,WGAN_GP,,,F1_Drop,,KNN,,,Gap,0.03544380254777302,,classification,Generators/Experiment with utility data leak/utility results/1. Cancer/TRTR_TSTR_results_cancer.xlsx,utility,0.03544380254777302,,0.0,100.0
1. Cancer,WGAN_GP,,,Precision_Drop,,KNN,,,Gap,-0.00637773370608552,,classification,Generators/Experiment with utility data leak/utility results/1. Cancer/TRTR_TSTR_results_cancer.xlsx,utility,-0.00637773370608552,,0.0,100.0
1. Cancer,WGAN_GP,,,Recall_Drop,,KNN,,,Gap,0.06904761904761914,,classification,Generators/Experiment with utility data leak/utility results/1. Cancer/TRTR_TSTR_results_cancer.xlsx,utility,0.06904761904761914,,0.0,100.0
1. Cancer,WGAN_GP,,0.0,Accuracy,0.962280701754386,Random Forest,,Utility,TRTR,0.962280701754386,0.0136176971019825,classification,Generators/Experiment with utility data leak/utility results/1. Cancer/TRTR_TSTR_results_cancer.xlsx,utility,0.962280701754386,,0.0,100.0
1. Cancer,WGAN_GP,,0.0,Accuracy,0.9456140350877191,Random Forest,,Utility,TSTR,0.9456140350877191,0.02068390547816071,classification,Generators/Experiment with utility data leak/utility results/1. Cancer/TRTR_TSTR_results_cancer.xlsx,utility,0.9456140350877191,,0.0,100.0
1. Cancer,WGAN_GP,,0.0,Accuracy_Gap,0.9456140350877191,Random Forest,,Utility,Gap,0.01666666666666683,0.02068390547816071,classification,Generators/Experiment with utility data leak/utility results/1. Cancer/TRTR_TSTR_results_cancer.xlsx,utility,0.01666666666666683,,0.0,100.0
1. Cancer,WGAN_GP,,0.0,F1,0.9482304799188631,Random Forest,,Utility,TRTR,0.9482304799188631,0.01843776018375915,classification,Generators/Experiment with utility data leak/utility results/1. Cancer/TRTR_TSTR_results_cancer.xlsx,utility,0.9482304799188631,,0.0,100.0
1. Cancer,WGAN_GP,,0.0,F1,0.9200127464018204,Random Forest,,Utility,TSTR,0.9200127464018204,0.03208062516188989,classification,Generators/Experiment with utility data leak/utility results/1. Cancer/TRTR_TSTR_results_cancer.xlsx,utility,0.9200127464018204,,0.0,100.0
1. Cancer,WGAN_GP,,0.0,F1_Gap,0.9200127464018204,Random Forest,,Utility,Gap,0.02821773351704271,0.03208062516188989,classification,Generators/Experiment with utility data leak/utility results/1. Cancer/TRTR_TSTR_results_cancer.xlsx,utility,0.02821773351704271,,0.0,100.0
1. Cancer,WGAN_GP,,0.0,Precision,0.9617923931806518,Random Forest,,Utility,TRTR,0.9617923931806518,0.02967466301692189,classification,Generators/Experiment with utility data leak/utility results/1. Cancer/TRTR_TSTR_results_cancer.xlsx,utility,0.9617923931806518,,0.0,100.0
1. Cancer,WGAN_GP,,0.0,Precision,0.9941176470588236,Random Forest,,Utility,TSTR,0.9941176470588236,0.01176470588235294,classification,Generators/Experiment with utility data leak/utility results/1. Cancer/TRTR_TSTR_results_cancer.xlsx,utility,0.9941176470588236,,0.0,100.0
1. Cancer,WGAN_GP,,0.0,Precision_Gap,0.9941176470588236,Random Forest,,Utility,Gap,-0.032325253878171756,0.01176470588235294,classification,Generators/Experiment with utility data leak/utility results/1. Cancer/TRTR_TSTR_results_cancer.xlsx,utility,-0.032325253878171756,,0.0,100.0
1. Cancer,WGAN_GP,,0.0,Recall,0.9357142857142857,Random Forest,,Utility,TRTR,0.9357142857142857,0.0214285714285714,classification,Generators/Experiment with utility data leak/utility results/1. Cancer/TRTR_TSTR_results_cancer.xlsx,utility,0.9357142857142857,,0.0,100.0
1. Cancer,WGAN_GP,,0.0,Recall,0.8571428571428571,Random Forest,,Utility,TSTR,0.8571428571428571,0.04879500364742666,classification,Generators/Experiment with utility data leak/utility results/1. Cancer/TRTR_TSTR_results_cancer.xlsx,utility,0.8571428571428571,,0.0,100.0
1. Cancer,WGAN_GP,,0.0,Recall_Gap,0.8571428571428571,Random Forest,,Utility,Gap,0.07857142857142863,0.04879500364742666,classification,Generators/Experiment with utility data leak/utility results/1. Cancer/TRTR_TSTR_results_cancer.xlsx,utility,0.07857142857142863,,0.0,100.0
1. Cancer,WGAN_GP,,,Accuracy_Drop,,Random Forest,,,Gap,0.01666666666666683,,classification,Generators/Experiment with utility data leak/utility results/1. Cancer/TRTR_TSTR_results_cancer.xlsx,utility,0.01666666666666683,,0.0,100.0
1. Cancer,WGAN_GP,,,F1_Drop,,Random Forest,,,Gap,0.02821773351704271,,classification,Generators/Experiment with utility data leak/utility results/1. Cancer/TRTR_TSTR_results_cancer.xlsx,utility,0.02821773351704271,,0.0,100.0
1. Cancer,WGAN_GP,,,Precision_Drop,,Random Forest,,,Gap,-0.03232525387817176,,classification,Generators/Experiment with utility data leak/utility results/1. Cancer/TRTR_TSTR_results_cancer.xlsx,utility,-0.03232525387817176,,0.0,100.0
1. Cancer,WGAN_GP,,,Recall_Drop,,Random Forest,,,Gap,0.07857142857142863,,classification,Generators/Experiment with utility data leak/utility results/1. Cancer/TRTR_TSTR_results_cancer.xlsx,utility,0.07857142857142863,,0.0,100.0
1. Cancer,WGAN_GP,,0.0,Accuracy,0.9350877192982457,Decision Tree,,Utility,TRTR,0.9350877192982457,0.02045948033279054,classification,Generators/Experiment with utility data leak/utility results/1. Cancer/TRTR_TSTR_results_cancer.xlsx,utility,0.9350877192982457,,0.0,100.0
1. Cancer,WGAN_GP,,0.0,Accuracy,0.9043859649122806,Decision Tree,,Utility,TSTR,0.9043859649122806,0.03100104745100403,classification,Generators/Experiment with utility data leak/utility results/1. Cancer/TRTR_TSTR_results_cancer.xlsx,utility,0.9043859649122806,,0.0,100.0
1. Cancer,WGAN_GP,,0.0,Accuracy_Gap,0.9043859649122806,Decision Tree,,Utility,Gap,0.03070175438596512,0.03100104745100403,classification,Generators/Experiment with utility data leak/utility results/1. Cancer/TRTR_TSTR_results_cancer.xlsx,utility,0.03070175438596512,,0.0,100.0
1. Cancer,WGAN_GP,,0.0,F1,0.9122461606275634,Decision Tree,,Utility,TRTR,0.9122461606275634,0.02771502846045041,classification,Generators/Experiment with utility data leak/utility results/1. Cancer/TRTR_TSTR_results_cancer.xlsx,utility,0.9122461606275634,,0.0,100.0
1. Cancer,WGAN_GP,,0.0,F1,0.8615680956763008,Decision Tree,,Utility,TSTR,0.8615680956763008,0.04724958787547354,classification,Generators/Experiment with utility data leak/utility results/1. Cancer/TRTR_TSTR_results_cancer.xlsx,utility,0.8615680956763008,,0.0,100.0
1. Cancer,WGAN_GP,,0.0,F1_Gap,0.8615680956763008,Decision Tree,,Utility,Gap,0.05067806495126259,0.04724958787547354,classification,Generators/Experiment with utility data leak/utility results/1. Cancer/TRTR_TSTR_results_cancer.xlsx,utility,0.05067806495126259,,0.0,100.0
1. Cancer,WGAN_GP,,0.0,Precision,0.9096981560397401,Decision Tree,,Utility,TRTR,0.9096981560397401,0.03732307542896939,classification,Generators/Experiment with utility data leak/utility results/1. Cancer/TRTR_TSTR_results_cancer.xlsx,utility,0.9096981560397401,,0.0,100.0
1. Cancer,WGAN_GP,,0.0,Precision,0.9169743599380954,Decision Tree,,Utility,TSTR,0.9169743599380954,0.03884758635856884,classification,Generators/Experiment with utility data leak/utility results/1. Cancer/TRTR_TSTR_results_cancer.xlsx,utility,0.9169743599380954,,0.0,100.0
1. Cancer,WGAN_GP,,0.0,Precision_Gap,0.9169743599380954,Decision Tree,,Utility,Gap,-0.00727620389835526,0.03884758635856884,classification,Generators/Experiment with utility data leak/utility results/1. Cancer/TRTR_TSTR_results_cancer.xlsx,utility,-0.00727620389835526,,0.0,100.0
1. Cancer,WGAN_GP,,0.0,Recall,0.9166666666666666,Decision Tree,,Utility,TRTR,0.9166666666666666,0.04158154570612613,classification,Generators/Experiment with utility data leak/utility results/1. Cancer/TRTR_TSTR_results_cancer.xlsx,utility,0.9166666666666666,,0.0,100.0
1. Cancer,WGAN_GP,,0.0,Recall,0.8142857142857143,Decision Tree,,Utility,TSTR,0.8142857142857143,0.06459361888690732,classification,Generators/Experiment with utility data leak/utility results/1. Cancer/TRTR_TSTR_results_cancer.xlsx,utility,0.8142857142857143,,0.0,100.0
1. Cancer,WGAN_GP,,0.0,Recall_Gap,0.8142857142857143,Decision Tree,,Utility,Gap,0.10238095238095235,0.06459361888690732,classification,Generators/Experiment with utility data leak/utility results/1. Cancer/TRTR_TSTR_results_cancer.xlsx,utility,0.10238095238095235,,0.0,100.0
1. Cancer,WGAN_GP,,,Accuracy_Drop,,Decision Tree,,,Gap,0.03070175438596512,,classification,Generators/Experiment with utility data leak/utility results/1. Cancer/TRTR_TSTR_results_cancer.xlsx,utility,0.03070175438596512,,0.0,100.0
1. Cancer,WGAN_GP,,,F1_Drop,,Decision Tree,,,Gap,0.05067806495126259,,classification,Generators/Experiment with utility data leak/utility results/1. Cancer/TRTR_TSTR_results_cancer.xlsx,utility,0.05067806495126259,,0.0,100.0
1. Cancer,WGAN_GP,,,Precision_Drop,,Decision Tree,,,Gap,-0.00727620389835526,,classification,Generators/Experiment with utility data leak/utility results/1. Cancer/TRTR_TSTR_results_cancer.xlsx,utility,-0.00727620389835526,,0.0,100.0
1. Cancer,WGAN_GP,,,Recall_Drop,,Decision Tree,,,Gap,0.1023809523809524,,classification,Generators/Experiment with utility data leak/utility results/1. Cancer/TRTR_TSTR_results_cancer.xlsx,utility,0.1023809523809524,,0.0,100.0
1. Cancer,WGAN_GP,,0.0,Accuracy,0.9324561403508772,Naive Bayes,,Utility,TRTR,0.9324561403508772,0.02322491630679601,classification,Generators/Experiment with utility data leak/utility results/1. Cancer/TRTR_TSTR_results_cancer.xlsx,utility,0.9324561403508772,,0.0,100.0
1. Cancer,WGAN_GP,,0.0,Accuracy,0.9307017543859649,Naive Bayes,,Utility,TSTR,0.9307017543859649,0.01939767051534734,classification,Generators/Experiment with utility data leak/utility results/1. Cancer/TRTR_TSTR_results_cancer.xlsx,utility,0.9307017543859649,,0.0,100.0
1. Cancer,WGAN_GP,,0.0,Accuracy_Gap,0.9307017543859649,Naive Bayes,,Utility,Gap,0.0017543859649122862,0.01939767051534734,classification,Generators/Experiment with utility data leak/utility results/1. Cancer/TRTR_TSTR_results_cancer.xlsx,utility,0.0017543859649122862,,0.0,100.0
1. Cancer,WGAN_GP,,0.0,F1,0.9055642341410918,Naive Bayes,,Utility,TRTR,0.9055642341410918,0.0327534076549362,classification,Generators/Experiment with utility data leak/utility results/1. Cancer/TRTR_TSTR_results_cancer.xlsx,utility,0.9055642341410918,,0.0,100.0
1. Cancer,WGAN_GP,,0.0,F1,0.9017318991006558,Naive Bayes,,Utility,TSTR,0.9017318991006558,0.02939656495252678,classification,Generators/Experiment with utility data leak/utility results/1. Cancer/TRTR_TSTR_results_cancer.xlsx,utility,0.9017318991006558,,0.0,100.0
1. Cancer,WGAN_GP,,0.0,F1_Gap,0.9017318991006558,Naive Bayes,,Utility,Gap,0.003832335040436008,0.02939656495252678,classification,Generators/Experiment with utility data leak/utility results/1. Cancer/TRTR_TSTR_results_cancer.xlsx,utility,0.003832335040436008,,0.0,100.0
1. Cancer,WGAN_GP,,0.0,Precision,0.931024002484766,Naive Bayes,,Utility,TRTR,0.931024002484766,0.03636585629143303,classification,Generators/Experiment with utility data leak/utility results/1. Cancer/TRTR_TSTR_results_cancer.xlsx,utility,0.931024002484766,,0.0,100.0
1. Cancer,WGAN_GP,,0.0,Precision,0.9401205581411529,Naive Bayes,,Utility,TSTR,0.9401205581411529,0.03466566396915662,classification,Generators/Experiment with utility data leak/utility results/1. Cancer/TRTR_TSTR_results_cancer.xlsx,utility,0.9401205581411529,,0.0,100.0
1. Cancer,WGAN_GP,,0.0,Precision_Gap,0.9401205581411529,Naive Bayes,,Utility,Gap,-0.009096555656386895,0.03466566396915662,classification,Generators/Experiment with utility data leak/utility results/1. Cancer/TRTR_TSTR_results_cancer.xlsx,utility,-0.009096555656386895,,0.0,100.0
1. Cancer,WGAN_GP,,0.0,Recall,0.8833333333333332,Naive Bayes,,Utility,TRTR,0.8833333333333332,0.05156287578025646,classification,Generators/Experiment with utility data leak/utility results/1. Cancer/TRTR_TSTR_results_cancer.xlsx,utility,0.8833333333333332,,0.0,100.0
1. Cancer,WGAN_GP,,0.0,Recall,0.869047619047619,Naive Bayes,,Utility,TSTR,0.869047619047619,0.05558389299966071,classification,Generators/Experiment with utility data leak/utility results/1. Cancer/TRTR_TSTR_results_cancer.xlsx,utility,0.869047619047619,,0.0,100.0
1. Cancer,WGAN_GP,,0.0,Recall_Gap,0.869047619047619,Naive Bayes,,Utility,Gap,0.014285714285714235,0.05558389299966071,classification,Generators/Experiment with utility data leak/utility results/1. Cancer/TRTR_TSTR_results_cancer.xlsx,utility,0.014285714285714235,,0.0,100.0
1. Cancer,WGAN_GP,,,Accuracy_Drop,,Naive Bayes,,,Gap,0.001754385964912286,,classification,Generators/Experiment with utility data leak/utility results/1. Cancer/TRTR_TSTR_results_cancer.xlsx,utility,0.001754385964912286,,0.0,100.0
1. Cancer,WGAN_GP,,,F1_Drop,,Naive Bayes,,,Gap,0.003832335040436008,,classification,Generators/Experiment with utility data leak/utility results/1. Cancer/TRTR_TSTR_results_cancer.xlsx,utility,0.003832335040436008,,0.0,100.0
1. Cancer,WGAN_GP,,,Precision_Drop,,Naive Bayes,,,Gap,-0.009096555656386895,,classification,Generators/Experiment with utility data leak/utility results/1. Cancer/TRTR_TSTR_results_cancer.xlsx,utility,-0.009096555656386895,,0.0,100.0
1. Cancer,WGAN_GP,,,Recall_Drop,,Naive Bayes,,,Gap,0.01428571428571423,,classification,Generators/Experiment with utility data leak/utility results/1. Cancer/TRTR_TSTR_results_cancer.xlsx,utility,0.01428571428571423,,0.0,100.0
1. Cancer,CTABGAN,,0.0,Accuracy,0.9789473684210526,Logistic Regression,,Utility,TRTR,0.9789473684210526,0.009768007654087744,classification,Generators/Experiment with utility data leak/utility results/1. Cancer/TRTR_TSTR_results_cancer.xlsx,utility,0.9789473684210526,,0.0,100.0
1. Cancer,CTABGAN,,0.0,Accuracy,0.9122807017543859,Logistic Regression,,Utility,TSTR,0.9122807017543859,0.01881369349958528,classification,Generators/Experiment with utility data leak/utility results/1. Cancer/TRTR_TSTR_results_cancer.xlsx,utility,0.9122807017543859,,0.0,100.0
1. Cancer,CTABGAN,,0.0,Accuracy_Gap,0.9122807017543859,Logistic Regression,,Utility,Gap,0.06666666666666665,0.01881369349958528,classification,Generators/Experiment with utility data leak/utility results/1. Cancer/TRTR_TSTR_results_cancer.xlsx,utility,0.06666666666666665,,0.0,100.0
1. Cancer,CTABGAN,,0.0,F1,0.9707868770215718,Logistic Regression,,Utility,TRTR,0.9707868770215718,0.0137941861874265,classification,Generators/Experiment with utility data leak/utility results/1. Cancer/TRTR_TSTR_results_cancer.xlsx,utility,0.9707868770215718,,0.0,100.0
1. Cancer,CTABGAN,,0.0,F1,0.8737410603599367,Logistic Regression,,Utility,TSTR,0.8737410603599367,0.0285457022292561,classification,Generators/Experiment with utility data leak/utility results/1. Cancer/TRTR_TSTR_results_cancer.xlsx,utility,0.8737410603599367,,0.0,100.0
1. Cancer,CTABGAN,,0.0,F1_Gap,0.8737410603599367,Logistic Regression,,Utility,Gap,0.09704581666163514,0.0285457022292561,classification,Generators/Experiment with utility data leak/utility results/1. Cancer/TRTR_TSTR_results_cancer.xlsx,utility,0.09704581666163514,,0.0,100.0
1. Cancer,CTABGAN,,0.0,Precision,0.9901768962744573,Logistic Regression,,Utility,TRTR,0.9901768962744573,0.01203823054760635,classification,Generators/Experiment with utility data leak/utility results/1. Cancer/TRTR_TSTR_results_cancer.xlsx,utility,0.9901768962744573,,0.0,100.0
1. Cancer,CTABGAN,,0.0,Precision,0.9284494994169916,Logistic Regression,,Utility,TSTR,0.9284494994169916,0.04161343129989816,classification,Generators/Experiment with utility data leak/utility results/1. Cancer/TRTR_TSTR_results_cancer.xlsx,utility,0.9284494994169916,,0.0,100.0
1. Cancer,CTABGAN,,0.0,Precision_Gap,0.9284494994169916,Logistic Regression,,Utility,Gap,0.061727396857465644,0.04161343129989816,classification,Generators/Experiment with utility data leak/utility results/1. Cancer/TRTR_TSTR_results_cancer.xlsx,utility,0.061727396857465644,,0.0,100.0
1. Cancer,CTABGAN,,0.0,Recall,0.9523809523809523,Logistic Regression,,Utility,TRTR,0.9523809523809523,0.02129588549999798,classification,Generators/Experiment with utility data leak/utility results/1. Cancer/TRTR_TSTR_results_cancer.xlsx,utility,0.9523809523809523,,0.0,100.0
1. Cancer,CTABGAN,,0.0,Recall,0.8285714285714285,Logistic Regression,,Utility,TSTR,0.8285714285714285,0.05614202915500762,classification,Generators/Experiment with utility data leak/utility results/1. Cancer/TRTR_TSTR_results_cancer.xlsx,utility,0.8285714285714285,,0.0,100.0
1. Cancer,CTABGAN,,0.0,Recall_Gap,0.8285714285714285,Logistic Regression,,Utility,Gap,0.12380952380952381,0.05614202915500762,classification,Generators/Experiment with utility data leak/utility results/1. Cancer/TRTR_TSTR_results_cancer.xlsx,utility,0.12380952380952381,,0.0,100.0
1. Cancer,CTABGAN,,,Accuracy_Drop,,Logistic Regression,,,Gap,0.06666666666666665,,classification,Generators/Experiment with utility data leak/utility results/1. Cancer/TRTR_TSTR_results_cancer.xlsx,utility,0.06666666666666665,,0.0,100.0
1. Cancer,CTABGAN,,,F1_Drop,,Logistic Regression,,,Gap,0.09704581666163514,,classification,Generators/Experiment with utility data leak/utility results/1. Cancer/TRTR_TSTR_results_cancer.xlsx,utility,0.09704581666163514,,0.0,100.0
1. Cancer,CTABGAN,,,Precision_Drop,,Logistic Regression,,,Gap,0.06172739685746564,,classification,Generators/Experiment with utility data leak/utility results/1. Cancer/TRTR_TSTR_results_cancer.xlsx,utility,0.06172739685746564,,0.0,100.0
1. Cancer,CTABGAN,,,Recall_Drop,,Logistic Regression,,,Gap,0.1238095238095238,,classification,Generators/Experiment with utility data leak/utility results/1. Cancer/TRTR_TSTR_results_cancer.xlsx,utility,0.1238095238095238,,0.0,100.0
1. Cancer,CTABGAN,,0.0,Accuracy,0.974561403508772,MLP,,Utility,TRTR,0.974561403508772,0.01327433855300136,classification,Generators/Experiment with utility data leak/utility results/1. Cancer/TRTR_TSTR_results_cancer.xlsx,utility,0.974561403508772,,0.0,100.0
1. Cancer,CTABGAN,,0.0,Accuracy,0.8640350877192982,MLP,,Utility,TSTR,0.8640350877192982,0.02488817712124755,classification,Generators/Experiment with utility data leak/utility results/1. Cancer/TRTR_TSTR_results_cancer.xlsx,utility,0.8640350877192982,,0.0,100.0
1. Cancer,CTABGAN,,0.0,Accuracy_Gap,0.8640350877192982,MLP,,Utility,Gap,0.1105263157894738,0.02488817712124755,classification,Generators/Experiment with utility data leak/utility results/1. Cancer/TRTR_TSTR_results_cancer.xlsx,utility,0.1105263157894738,,0.0,100.0
1. Cancer,CTABGAN,,0.0,F1,0.9646057122906845,MLP,,Utility,TRTR,0.9646057122906845,0.01869298955577862,classification,Generators/Experiment with utility data leak/utility results/1. Cancer/TRTR_TSTR_results_cancer.xlsx,utility,0.9646057122906845,,0.0,100.0
1. Cancer,CTABGAN,,0.0,F1,0.804117565368548,MLP,,Utility,TSTR,0.804117565368548,0.02963523974201991,classification,Generators/Experiment with utility data leak/utility results/1. Cancer/TRTR_TSTR_results_cancer.xlsx,utility,0.804117565368548,,0.0,100.0
1. Cancer,CTABGAN,,0.0,F1_Gap,0.804117565368548,MLP,,Utility,Gap,0.16048814692213653,0.02963523974201991,classification,Generators/Experiment with utility data leak/utility results/1. Cancer/TRTR_TSTR_results_cancer.xlsx,utility,0.16048814692213653,,0.0,100.0
1. Cancer,CTABGAN,,0.0,Precision,0.985467661474468,MLP,,Utility,TRTR,0.985467661474468,0.0191919907367019,classification,Generators/Experiment with utility data leak/utility results/1. Cancer/TRTR_TSTR_results_cancer.xlsx,utility,0.985467661474468,,0.0,100.0
1. Cancer,CTABGAN,,0.0,Precision,0.8697537046623731,MLP,,Utility,TSTR,0.8697537046623731,0.07912149066706596,classification,Generators/Experiment with utility data leak/utility results/1. Cancer/TRTR_TSTR_results_cancer.xlsx,utility,0.8697537046623731,,0.0,100.0
1. Cancer,CTABGAN,,0.0,Precision_Gap,0.8697537046623731,MLP,,Utility,Gap,0.11571395681209484,0.07912149066706596,classification,Generators/Experiment with utility data leak/utility results/1. Cancer/TRTR_TSTR_results_cancer.xlsx,utility,0.11571395681209484,,0.0,100.0
1. Cancer,CTABGAN,,0.0,Recall,0.9452380952380952,MLP,,Utility,TRTR,0.9452380952380952,0.03021089890583217,classification,Generators/Experiment with utility data leak/utility results/1. Cancer/TRTR_TSTR_results_cancer.xlsx,utility,0.9452380952380952,,0.0,100.0
1. Cancer,CTABGAN,,0.0,Recall,0.7547619047619047,MLP,,Utility,TSTR,0.7547619047619047,0.05112121560377116,classification,Generators/Experiment with utility data leak/utility results/1. Cancer/TRTR_TSTR_results_cancer.xlsx,utility,0.7547619047619047,,0.0,100.0
1. Cancer,CTABGAN,,0.0,Recall_Gap,0.7547619047619047,MLP,,Utility,Gap,0.19047619047619047,0.05112121560377116,classification,Generators/Experiment with utility data leak/utility results/1. Cancer/TRTR_TSTR_results_cancer.xlsx,utility,0.19047619047619047,,0.0,100.0
1. Cancer,CTABGAN,,,Accuracy_Drop,,MLP,,,Gap,0.1105263157894738,,classification,Generators/Experiment with utility data leak/utility results/1. Cancer/TRTR_TSTR_results_cancer.xlsx,utility,0.1105263157894738,,0.0,100.0
1. Cancer,CTABGAN,,,F1_Drop,,MLP,,,Gap,0.1604881469221365,,classification,Generators/Experiment with utility data leak/utility results/1. Cancer/TRTR_TSTR_results_cancer.xlsx,utility,0.1604881469221365,,0.0,100.0
1. Cancer,CTABGAN,,,Precision_Drop,,MLP,,,Gap,0.1157139568120948,,classification,Generators/Experiment with utility data leak/utility results/1. Cancer/TRTR_TSTR_results_cancer.xlsx,utility,0.1157139568120948,,0.0,100.0
1. Cancer,CTABGAN,,,Recall_Drop,,MLP,,,Gap,0.1904761904761905,,classification,Generators/Experiment with utility data leak/utility results/1. Cancer/TRTR_TSTR_results_cancer.xlsx,utility,0.1904761904761905,,0.0,100.0
1. Cancer,CTABGAN,,0.0,Accuracy,0.9701754385964912,SVM-RBF,,Utility,TRTR,0.9701754385964912,0.01889531511275264,classification,Generators/Experiment with utility data leak/utility results/1. Cancer/TRTR_TSTR_results_cancer.xlsx,utility,0.9701754385964912,,0.0,100.0
1. Cancer,CTABGAN,,0.0,Accuracy,0.8964912280701756,SVM-RBF,,Utility,TSTR,0.8964912280701756,0.02246710258748367,classification,Generators/Experiment with utility data leak/utility results/1. Cancer/TRTR_TSTR_results_cancer.xlsx,utility,0.8964912280701756,,0.0,100.0
1. Cancer,CTABGAN,,0.0,Accuracy_Gap,0.8964912280701756,SVM-RBF,,Utility,Gap,0.07368421052631569,0.02246710258748367,classification,Generators/Experiment with utility data leak/utility results/1. Cancer/TRTR_TSTR_results_cancer.xlsx,utility,0.07368421052631569,,0.0,100.0
1. Cancer,CTABGAN,,0.0,F1,0.9583987428081452,SVM-RBF,,Utility,TRTR,0.9583987428081452,0.02694607072359247,classification,Generators/Experiment with utility data leak/utility results/1. Cancer/TRTR_TSTR_results_cancer.xlsx,utility,0.9583987428081452,,0.0,100.0
1. Cancer,CTABGAN,,0.0,F1,0.8501734642388644,SVM-RBF,,Utility,TSTR,0.8501734642388644,0.03347126121661525,classification,Generators/Experiment with utility data leak/utility results/1. Cancer/TRTR_TSTR_results_cancer.xlsx,utility,0.8501734642388644,,0.0,100.0
1. Cancer,CTABGAN,,0.0,F1_Gap,0.8501734642388644,SVM-RBF,,Utility,Gap,0.10822527856928077,0.03347126121661525,classification,Generators/Experiment with utility data leak/utility results/1. Cancer/TRTR_TSTR_results_cancer.xlsx,utility,0.10822527856928077,,0.0,100.0
1. Cancer,CTABGAN,,0.0,Precision,0.975500670827118,SVM-RBF,,Utility,TRTR,0.975500670827118,0.01929000486040976,classification,Generators/Experiment with utility data leak/utility results/1. Cancer/TRTR_TSTR_results_cancer.xlsx,utility,0.975500670827118,,0.0,100.0
1. Cancer,CTABGAN,,0.0,Precision,0.9094824920739555,SVM-RBF,,Utility,TSTR,0.9094824920739555,0.03690452500346305,classification,Generators/Experiment with utility data leak/utility results/1. Cancer/TRTR_TSTR_results_cancer.xlsx,utility,0.9094824920739555,,0.0,100.0
1. Cancer,CTABGAN,,0.0,Precision_Gap,0.9094824920739555,SVM-RBF,,Utility,Gap,0.06601817875316252,0.03690452500346305,classification,Generators/Experiment with utility data leak/utility results/1. Cancer/TRTR_TSTR_results_cancer.xlsx,utility,0.06601817875316252,,0.0,100.0
1. Cancer,CTABGAN,,0.0,Recall,0.9428571428571428,SVM-RBF,,Utility,TRTR,0.9428571428571428,0.04416008807378907,classification,Generators/Experiment with utility data leak/utility results/1. Cancer/TRTR_TSTR_results_cancer.xlsx,utility,0.9428571428571428,,0.0,100.0
1. Cancer,CTABGAN,,0.0,Recall,0.8,SVM-RBF,,Utility,TSTR,0.8,0.04902681019517619,classification,Generators/Experiment with utility data leak/utility results/1. Cancer/TRTR_TSTR_results_cancer.xlsx,utility,0.8,,0.0,100.0
1. Cancer,CTABGAN,,0.0,Recall_Gap,0.8,SVM-RBF,,Utility,Gap,0.1428571428571428,0.04902681019517619,classification,Generators/Experiment with utility data leak/utility results/1. Cancer/TRTR_TSTR_results_cancer.xlsx,utility,0.1428571428571428,,0.0,100.0
1. Cancer,CTABGAN,,,Accuracy_Drop,,SVM-RBF,,,Gap,0.07368421052631569,,classification,Generators/Experiment with utility data leak/utility results/1. Cancer/TRTR_TSTR_results_cancer.xlsx,utility,0.07368421052631569,,0.0,100.0
1. Cancer,CTABGAN,,,F1_Drop,,SVM-RBF,,,Gap,0.1082252785692808,,classification,Generators/Experiment with utility data leak/utility results/1. Cancer/TRTR_TSTR_results_cancer.xlsx,utility,0.1082252785692808,,0.0,100.0
1. Cancer,CTABGAN,,,Precision_Drop,,SVM-RBF,,,Gap,0.06601817875316252,,classification,Generators/Experiment with utility data leak/utility results/1. Cancer/TRTR_TSTR_results_cancer.xlsx,utility,0.06601817875316252,,0.0,100.0
1. Cancer,CTABGAN,,,Recall_Drop,,SVM-RBF,,,Gap,0.1428571428571428,,classification,Generators/Experiment with utility data leak/utility results/1. Cancer/TRTR_TSTR_results_cancer.xlsx,utility,0.1428571428571428,,0.0,100.0
1. Cancer,CTABGAN,,0.0,Accuracy,0.9701754385964912,Extra Trees,,Utility,TRTR,0.9701754385964912,0.01189882453179872,classification,Generators/Experiment with utility data leak/utility results/1. Cancer/TRTR_TSTR_results_cancer.xlsx,utility,0.9701754385964912,,0.0,100.0
1. Cancer,CTABGAN,,0.0,Accuracy,0.9061403508771928,Extra Trees,,Utility,TSTR,0.9061403508771928,0.01180142460269623,classification,Generators/Experiment with utility data leak/utility results/1. Cancer/TRTR_TSTR_results_cancer.xlsx,utility,0.9061403508771928,,0.0,100.0
1. Cancer,CTABGAN,,0.0,Accuracy_Gap,0.9061403508771928,Extra Trees,,Utility,Gap,0.06403508771929844,0.01180142460269623,classification,Generators/Experiment with utility data leak/utility results/1. Cancer/TRTR_TSTR_results_cancer.xlsx,utility,0.06403508771929844,,0.0,100.0
1. Cancer,CTABGAN,,0.0,F1,0.9589899381997989,Extra Trees,,Utility,TRTR,0.9589899381997989,0.01652286372603384,classification,Generators/Experiment with utility data leak/utility results/1. Cancer/TRTR_TSTR_results_cancer.xlsx,utility,0.9589899381997989,,0.0,100.0
1. Cancer,CTABGAN,,0.0,F1,0.8670785594154807,Extra Trees,,Utility,TSTR,0.8670785594154807,0.01825087246674648,classification,Generators/Experiment with utility data leak/utility results/1. Cancer/TRTR_TSTR_results_cancer.xlsx,utility,0.8670785594154807,,0.0,100.0
1. Cancer,CTABGAN,,0.0,F1_Gap,0.8670785594154807,Extra Trees,,Utility,Gap,0.09191137878431821,0.01825087246674648,classification,Generators/Experiment with utility data leak/utility results/1. Cancer/TRTR_TSTR_results_cancer.xlsx,utility,0.09191137878431821,,0.0,100.0
1. Cancer,CTABGAN,,0.0,Precision,0.971542217000243,Extra Trees,,Utility,TRTR,0.971542217000243,0.02506278422086412,classification,Generators/Experiment with utility data leak/utility results/1. Cancer/TRTR_TSTR_results_cancer.xlsx,utility,0.971542217000243,,0.0,100.0
1. Cancer,CTABGAN,,0.0,Precision,0.9070975390638433,Extra Trees,,Utility,TSTR,0.9070975390638433,0.03654131664813196,classification,Generators/Experiment with utility data leak/utility results/1. Cancer/TRTR_TSTR_results_cancer.xlsx,utility,0.9070975390638433,,0.0,100.0
1. Cancer,CTABGAN,,0.0,Precision_Gap,0.9070975390638433,Extra Trees,,Utility,Gap,0.06444467793639974,0.03654131664813196,classification,Generators/Experiment with utility data leak/utility results/1. Cancer/TRTR_TSTR_results_cancer.xlsx,utility,0.06444467793639974,,0.0,100.0
1. Cancer,CTABGAN,,0.0,Recall,0.9476190476190476,Extra Trees,,Utility,TRTR,0.9476190476190476,0.02776643759450141,classification,Generators/Experiment with utility data leak/utility results/1. Cancer/TRTR_TSTR_results_cancer.xlsx,utility,0.9476190476190476,,0.0,100.0
1. Cancer,CTABGAN,,0.0,Recall,0.8333333333333334,Extra Trees,,Utility,TSTR,0.8333333333333334,0.04517539514526257,classification,Generators/Experiment with utility data leak/utility results/1. Cancer/TRTR_TSTR_results_cancer.xlsx,utility,0.8333333333333334,,0.0,100.0
1. Cancer,CTABGAN,,0.0,Recall_Gap,0.8333333333333334,Extra Trees,,Utility,Gap,0.11428571428571421,0.04517539514526257,classification,Generators/Experiment with utility data leak/utility results/1. Cancer/TRTR_TSTR_results_cancer.xlsx,utility,0.11428571428571421,,0.0,100.0
1. Cancer,CTABGAN,,,Accuracy_Drop,,Extra Trees,,,Gap,0.06403508771929844,,classification,Generators/Experiment with utility data leak/utility results/1. Cancer/TRTR_TSTR_results_cancer.xlsx,utility,0.06403508771929844,,0.0,100.0
1. Cancer,CTABGAN,,,F1_Drop,,Extra Trees,,,Gap,0.09191137878431821,,classification,Generators/Experiment with utility data leak/utility results/1. Cancer/TRTR_TSTR_results_cancer.xlsx,utility,0.09191137878431821,,0.0,100.0
1. Cancer,CTABGAN,,,Precision_Drop,,Extra Trees,,,Gap,0.06444467793639974,,classification,Generators/Experiment with utility data leak/utility results/1. Cancer/TRTR_TSTR_results_cancer.xlsx,utility,0.06444467793639974,,0.0,100.0
1. Cancer,CTABGAN,,,Recall_Drop,,Extra Trees,,,Gap,0.1142857142857142,,classification,Generators/Experiment with utility data leak/utility results/1. Cancer/TRTR_TSTR_results_cancer.xlsx,utility,0.1142857142857142,,0.0,100.0
1. Cancer,CTABGAN,,0.0,Accuracy,0.9666666666666666,AdaBoost,,Utility,TRTR,0.9666666666666666,0.01022974016639526,classification,Generators/Experiment with utility data leak/utility results/1. Cancer/TRTR_TSTR_results_cancer.xlsx,utility,0.9666666666666666,,0.0,100.0
1. Cancer,CTABGAN,,0.0,Accuracy,0.9017543859649122,AdaBoost,,Utility,TSTR,0.9017543859649122,0.01953601530817553,classification,Generators/Experiment with utility data leak/utility results/1. Cancer/TRTR_TSTR_results_cancer.xlsx,utility,0.9017543859649122,,0.0,100.0
1. Cancer,CTABGAN,,0.0,Accuracy_Gap,0.9017543859649122,AdaBoost,,Utility,Gap,0.06491228070175437,0.01953601530817553,classification,Generators/Experiment with utility data leak/utility results/1. Cancer/TRTR_TSTR_results_cancer.xlsx,utility,0.06491228070175437,,0.0,100.0
1. Cancer,CTABGAN,,0.0,F1,0.9537824074424763,AdaBoost,,Utility,TRTR,0.9537824074424763,0.01443243582836966,classification,Generators/Experiment with utility data leak/utility results/1. Cancer/TRTR_TSTR_results_cancer.xlsx,utility,0.9537824074424763,,0.0,100.0
1. Cancer,CTABGAN,,0.0,F1,0.855874530926555,AdaBoost,,Utility,TSTR,0.855874530926555,0.03178999432699447,classification,Generators/Experiment with utility data leak/utility results/1. Cancer/TRTR_TSTR_results_cancer.xlsx,utility,0.855874530926555,,0.0,100.0
1. Cancer,CTABGAN,,0.0,F1_Gap,0.855874530926555,AdaBoost,,Utility,Gap,0.09790787651592137,0.03178999432699447,classification,Generators/Experiment with utility data leak/utility results/1. Cancer/TRTR_TSTR_results_cancer.xlsx,utility,0.09790787651592137,,0.0,100.0
1. Cancer,CTABGAN,,0.0,Precision,0.9735489892977129,AdaBoost,,Utility,TRTR,0.9735489892977129,0.02210918228480495,classification,Generators/Experiment with utility data leak/utility results/1. Cancer/TRTR_TSTR_results_cancer.xlsx,utility,0.9735489892977129,,0.0,100.0
1. Cancer,CTABGAN,,0.0,Precision,0.9260588300235681,AdaBoost,,Utility,TSTR,0.9260588300235681,0.02213408798097265,classification,Generators/Experiment with utility data leak/utility results/1. Cancer/TRTR_TSTR_results_cancer.xlsx,utility,0.9260588300235681,,0.0,100.0
1. Cancer,CTABGAN,,0.0,Precision_Gap,0.9260588300235681,AdaBoost,,Utility,Gap,0.047490159274144794,0.02213408798097265,classification,Generators/Experiment with utility data leak/utility results/1. Cancer/TRTR_TSTR_results_cancer.xlsx,utility,0.047490159274144794,,0.0,100.0
1. Cancer,CTABGAN,,0.0,Recall,0.9357142857142857,AdaBoost,,Utility,TRTR,0.9357142857142857,0.02827224306437598,classification,Generators/Experiment with utility data leak/utility results/1. Cancer/TRTR_TSTR_results_cancer.xlsx,utility,0.9357142857142857,,0.0,100.0
1. Cancer,CTABGAN,,0.0,Recall,0.7976190476190477,AdaBoost,,Utility,TSTR,0.7976190476190477,0.05558389299966074,classification,Generators/Experiment with utility data leak/utility results/1. Cancer/TRTR_TSTR_results_cancer.xlsx,utility,0.7976190476190477,,0.0,100.0
1. Cancer,CTABGAN,,0.0,Recall_Gap,0.7976190476190477,AdaBoost,,Utility,Gap,0.13809523809523805,0.05558389299966074,classification,Generators/Experiment with utility data leak/utility results/1. Cancer/TRTR_TSTR_results_cancer.xlsx,utility,0.13809523809523805,,0.0,100.0
1. Cancer,CTABGAN,,,Accuracy_Drop,,AdaBoost,,,Gap,0.06491228070175437,,classification,Generators/Experiment with utility data leak/utility results/1. Cancer/TRTR_TSTR_results_cancer.xlsx,utility,0.06491228070175437,,0.0,100.0
1. Cancer,CTABGAN,,,F1_Drop,,AdaBoost,,,Gap,0.09790787651592137,,classification,Generators/Experiment with utility data leak/utility results/1. Cancer/TRTR_TSTR_results_cancer.xlsx,utility,0.09790787651592137,,0.0,100.0
1. Cancer,CTABGAN,,,Precision_Drop,,AdaBoost,,,Gap,0.04749015927414479,,classification,Generators/Experiment with utility data leak/utility results/1. Cancer/TRTR_TSTR_results_cancer.xlsx,utility,0.04749015927414479,,0.0,100.0
1. Cancer,CTABGAN,,,Recall_Drop,,AdaBoost,,,Gap,0.138095238095238,,classification,Generators/Experiment with utility data leak/utility results/1. Cancer/TRTR_TSTR_results_cancer.xlsx,utility,0.138095238095238,,0.0,100.0
1. Cancer,CTABGAN,,0.0,Accuracy,0.9631578947368421,Gradient Boosting,,Utility,TRTR,0.9631578947368421,0.0203084857943688,classification,Generators/Experiment with utility data leak/utility results/1. Cancer/TRTR_TSTR_results_cancer.xlsx,utility,0.9631578947368421,,0.0,100.0
1. Cancer,CTABGAN,,0.0,Accuracy,0.8991228070175439,Gradient Boosting,,Utility,TSTR,0.8991228070175439,0.02609556979060266,classification,Generators/Experiment with utility data leak/utility results/1. Cancer/TRTR_TSTR_results_cancer.xlsx,utility,0.8991228070175439,,0.0,100.0
1. Cancer,CTABGAN,,0.0,Accuracy_Gap,0.8991228070175439,Gradient Boosting,,Utility,Gap,0.06403508771929822,0.02609556979060266,classification,Generators/Experiment with utility data leak/utility results/1. Cancer/TRTR_TSTR_results_cancer.xlsx,utility,0.06403508771929822,,0.0,100.0
1. Cancer,CTABGAN,,0.0,F1,0.9494212600983015,Gradient Boosting,,Utility,TRTR,0.9494212600983015,0.02779434087071402,classification,Generators/Experiment with utility data leak/utility results/1. Cancer/TRTR_TSTR_results_cancer.xlsx,utility,0.9494212600983015,,0.0,100.0
1. Cancer,CTABGAN,,0.0,F1,0.8522313061703468,Gradient Boosting,,Utility,TSTR,0.8522313061703468,0.03857736646535725,classification,Generators/Experiment with utility data leak/utility results/1. Cancer/TRTR_TSTR_results_cancer.xlsx,utility,0.8522313061703468,,0.0,100.0
1. Cancer,CTABGAN,,0.0,F1_Gap,0.8522313061703468,Gradient Boosting,,Utility,Gap,0.09718995392795471,0.03857736646535725,classification,Generators/Experiment with utility data leak/utility results/1. Cancer/TRTR_TSTR_results_cancer.xlsx,utility,0.09718995392795471,,0.0,100.0
1. Cancer,CTABGAN,,0.0,Precision,0.9620305430373497,Gradient Boosting,,Utility,TRTR,0.9620305430373497,0.0358379580625646,classification,Generators/Experiment with utility data leak/utility results/1. Cancer/TRTR_TSTR_results_cancer.xlsx,utility,0.9620305430373497,,0.0,100.0
1. Cancer,CTABGAN,,0.0,Precision,0.9271201677683877,Gradient Boosting,,Utility,TSTR,0.9271201677683877,0.05313421170876241,classification,Generators/Experiment with utility data leak/utility results/1. Cancer/TRTR_TSTR_results_cancer.xlsx,utility,0.9271201677683877,,0.0,100.0
1. Cancer,CTABGAN,,0.0,Precision_Gap,0.9271201677683877,Gradient Boosting,,Utility,Gap,0.03491037526896201,0.05313421170876241,classification,Generators/Experiment with utility data leak/utility results/1. Cancer/TRTR_TSTR_results_cancer.xlsx,utility,0.03491037526896201,,0.0,100.0
1. Cancer,CTABGAN,,0.0,Recall,0.938095238095238,Gradient Boosting,,Utility,TRTR,0.938095238095238,0.03400680204068023,classification,Generators/Experiment with utility data leak/utility results/1. Cancer/TRTR_TSTR_results_cancer.xlsx,utility,0.938095238095238,,0.0,100.0
1. Cancer,CTABGAN,,0.0,Recall,0.7904761904761904,Gradient Boosting,,Utility,TSTR,0.7904761904761904,0.04738035414793427,classification,Generators/Experiment with utility data leak/utility results/1. Cancer/TRTR_TSTR_results_cancer.xlsx,utility,0.7904761904761904,,0.0,100.0
1. Cancer,CTABGAN,,0.0,Recall_Gap,0.7904761904761904,Gradient Boosting,,Utility,Gap,0.14761904761904754,0.04738035414793427,classification,Generators/Experiment with utility data leak/utility results/1. Cancer/TRTR_TSTR_results_cancer.xlsx,utility,0.14761904761904754,,0.0,100.0
1. Cancer,CTABGAN,,,Accuracy_Drop,,Gradient Boosting,,,Gap,0.06403508771929822,,classification,Generators/Experiment with utility data leak/utility results/1. Cancer/TRTR_TSTR_results_cancer.xlsx,utility,0.06403508771929822,,0.0,100.0
1. Cancer,CTABGAN,,,F1_Drop,,Gradient Boosting,,,Gap,0.09718995392795471,,classification,Generators/Experiment with utility data leak/utility results/1. Cancer/TRTR_TSTR_results_cancer.xlsx,utility,0.09718995392795471,,0.0,100.0
1. Cancer,CTABGAN,,,Precision_Drop,,Gradient Boosting,,,Gap,0.03491037526896201,,classification,Generators/Experiment with utility data leak/utility results/1. Cancer/TRTR_TSTR_results_cancer.xlsx,utility,0.03491037526896201,,0.0,100.0
1. Cancer,CTABGAN,,,Recall_Drop,,Gradient Boosting,,,Gap,0.1476190476190475,,classification,Generators/Experiment with utility data leak/utility results/1. Cancer/TRTR_TSTR_results_cancer.xlsx,utility,0.1476190476190475,,0.0,100.0
1. Cancer,CTABGAN,,0.0,Accuracy,0.962280701754386,KNN,,Utility,TRTR,0.962280701754386,0.01883413206454726,classification,Generators/Experiment with utility data leak/utility results/1. Cancer/TRTR_TSTR_results_cancer.xlsx,utility,0.962280701754386,,0.0,100.0
1. Cancer,CTABGAN,,0.0,Accuracy,0.8938596491228072,KNN,,Utility,TSTR,0.8938596491228072,0.01939767051534734,classification,Generators/Experiment with utility data leak/utility results/1. Cancer/TRTR_TSTR_results_cancer.xlsx,utility,0.8938596491228072,,0.0,100.0
1. Cancer,CTABGAN,,0.0,Accuracy_Gap,0.8938596491228072,KNN,,Utility,Gap,0.06842105263157872,0.01939767051534734,classification,Generators/Experiment with utility data leak/utility results/1. Cancer/TRTR_TSTR_results_cancer.xlsx,utility,0.06842105263157872,,0.0,100.0
1. Cancer,CTABGAN,,0.0,F1,0.947074373024434,KNN,,Utility,TRTR,0.947074373024434,0.02672761688789936,classification,Generators/Experiment with utility data leak/utility results/1. Cancer/TRTR_TSTR_results_cancer.xlsx,utility,0.947074373024434,,0.0,100.0
1. Cancer,CTABGAN,,0.0,F1,0.8454105927840614,KNN,,Utility,TSTR,0.8454105927840614,0.0277253445241511,classification,Generators/Experiment with utility data leak/utility results/1. Cancer/TRTR_TSTR_results_cancer.xlsx,utility,0.8454105927840614,,0.0,100.0
1. Cancer,CTABGAN,,0.0,F1_Gap,0.8454105927840614,KNN,,Utility,Gap,0.10166378024037259,0.0277253445241511,classification,Generators/Experiment with utility data leak/utility results/1. Cancer/TRTR_TSTR_results_cancer.xlsx,utility,0.10166378024037259,,0.0,100.0
1. Cancer,CTABGAN,,0.0,Precision,0.9751404010156286,KNN,,Utility,TRTR,0.9751404010156286,0.02459125532957641,classification,Generators/Experiment with utility data leak/utility results/1. Cancer/TRTR_TSTR_results_cancer.xlsx,utility,0.9751404010156286,,0.0,100.0
1. Cancer,CTABGAN,,0.0,Precision,0.9156654475332268,KNN,,Utility,TSTR,0.9156654475332268,0.0527838012277689,classification,Generators/Experiment with utility data leak/utility results/1. Cancer/TRTR_TSTR_results_cancer.xlsx,utility,0.9156654475332268,,0.0,100.0
1. Cancer,CTABGAN,,0.0,Precision_Gap,0.9156654475332268,KNN,,Utility,Gap,0.05947495348240184,0.0527838012277689,classification,Generators/Experiment with utility data leak/utility results/1. Cancer/TRTR_TSTR_results_cancer.xlsx,utility,0.05947495348240184,,0.0,100.0
1. Cancer,CTABGAN,,0.0,Recall,0.9214285714285715,KNN,,Utility,TRTR,0.9214285714285715,0.03991203479581002,classification,Generators/Experiment with utility data leak/utility results/1. Cancer/TRTR_TSTR_results_cancer.xlsx,utility,0.9214285714285715,,0.0,100.0
1. Cancer,CTABGAN,,0.0,Recall,0.7880952380952381,KNN,,Utility,TSTR,0.7880952380952381,0.04185332340773083,classification,Generators/Experiment with utility data leak/utility results/1. Cancer/TRTR_TSTR_results_cancer.xlsx,utility,0.7880952380952381,,0.0,100.0
1. Cancer,CTABGAN,,0.0,Recall_Gap,0.7880952380952381,KNN,,Utility,Gap,0.13333333333333341,0.04185332340773083,classification,Generators/Experiment with utility data leak/utility results/1. Cancer/TRTR_TSTR_results_cancer.xlsx,utility,0.13333333333333341,,0.0,100.0
1. Cancer,CTABGAN,,,Accuracy_Drop,,KNN,,,Gap,0.06842105263157872,,classification,Generators/Experiment with utility data leak/utility results/1. Cancer/TRTR_TSTR_results_cancer.xlsx,utility,0.06842105263157872,,0.0,100.0
1. Cancer,CTABGAN,,,F1_Drop,,KNN,,,Gap,0.1016637802403726,,classification,Generators/Experiment with utility data leak/utility results/1. Cancer/TRTR_TSTR_results_cancer.xlsx,utility,0.1016637802403726,,0.0,100.0
1. Cancer,CTABGAN,,,Precision_Drop,,KNN,,,Gap,0.05947495348240184,,classification,Generators/Experiment with utility data leak/utility results/1. Cancer/TRTR_TSTR_results_cancer.xlsx,utility,0.05947495348240184,,0.0,100.0
1. Cancer,CTABGAN,,,Recall_Drop,,KNN,,,Gap,0.1333333333333334,,classification,Generators/Experiment with utility data leak/utility results/1. Cancer/TRTR_TSTR_results_cancer.xlsx,utility,0.1333333333333334,,0.0,100.0
1. Cancer,CTABGAN,,0.0,Accuracy,0.962280701754386,Random Forest,,Utility,TRTR,0.962280701754386,0.0136176971019825,classification,Generators/Experiment with utility data leak/utility results/1. Cancer/TRTR_TSTR_results_cancer.xlsx,utility,0.962280701754386,,0.0,100.0
1. Cancer,CTABGAN,,0.0,Accuracy,0.9052631578947368,Random Forest,,Utility,TSTR,0.9052631578947368,0.02280701754385965,classification,Generators/Experiment with utility data leak/utility results/1. Cancer/TRTR_TSTR_results_cancer.xlsx,utility,0.9052631578947368,,0.0,100.0
1. Cancer,CTABGAN,,0.0,Accuracy_Gap,0.9052631578947368,Random Forest,,Utility,Gap,0.05701754385964919,0.02280701754385965,classification,Generators/Experiment with utility data leak/utility results/1. Cancer/TRTR_TSTR_results_cancer.xlsx,utility,0.05701754385964919,,0.0,100.0
1. Cancer,CTABGAN,,0.0,F1,0.9482304799188631,Random Forest,,Utility,TRTR,0.9482304799188631,0.01843776018375915,classification,Generators/Experiment with utility data leak/utility results/1. Cancer/TRTR_TSTR_results_cancer.xlsx,utility,0.9482304799188631,,0.0,100.0
1. Cancer,CTABGAN,,0.0,F1,0.8640459619422799,Random Forest,,Utility,TSTR,0.8640459619422799,0.03145715180130354,classification,Generators/Experiment with utility data leak/utility results/1. Cancer/TRTR_TSTR_results_cancer.xlsx,utility,0.8640459619422799,,0.0,100.0
1. Cancer,CTABGAN,,0.0,F1_Gap,0.8640459619422799,Random Forest,,Utility,Gap,0.08418451797658322,0.03145715180130354,classification,Generators/Experiment with utility data leak/utility results/1. Cancer/TRTR_TSTR_results_cancer.xlsx,utility,0.08418451797658322,,0.0,100.0
1. Cancer,CTABGAN,,0.0,Precision,0.9617923931806518,Random Forest,,Utility,TRTR,0.9617923931806518,0.02967466301692189,classification,Generators/Experiment with utility data leak/utility results/1. Cancer/TRTR_TSTR_results_cancer.xlsx,utility,0.9617923931806518,,0.0,100.0
1. Cancer,CTABGAN,,0.0,Precision,0.9206922625825065,Random Forest,,Utility,TSTR,0.9206922625825065,0.05312039008380935,classification,Generators/Experiment with utility data leak/utility results/1. Cancer/TRTR_TSTR_results_cancer.xlsx,utility,0.9206922625825065,,0.0,100.0
1. Cancer,CTABGAN,,0.0,Precision_Gap,0.9206922625825065,Random Forest,,Utility,Gap,0.041100130598145324,0.05312039008380935,classification,Generators/Experiment with utility data leak/utility results/1. Cancer/TRTR_TSTR_results_cancer.xlsx,utility,0.041100130598145324,,0.0,100.0
1. Cancer,CTABGAN,,0.0,Recall,0.9357142857142857,Random Forest,,Utility,TRTR,0.9357142857142857,0.0214285714285714,classification,Generators/Experiment with utility data leak/utility results/1. Cancer/TRTR_TSTR_results_cancer.xlsx,utility,0.9357142857142857,,0.0,100.0
1. Cancer,CTABGAN,,0.0,Recall,0.8166666666666667,Random Forest,,Utility,TSTR,0.8166666666666667,0.04265826873135455,classification,Generators/Experiment with utility data leak/utility results/1. Cancer/TRTR_TSTR_results_cancer.xlsx,utility,0.8166666666666667,,0.0,100.0
1. Cancer,CTABGAN,,0.0,Recall_Gap,0.8166666666666667,Random Forest,,Utility,Gap,0.11904761904761907,0.04265826873135455,classification,Generators/Experiment with utility data leak/utility results/1. Cancer/TRTR_TSTR_results_cancer.xlsx,utility,0.11904761904761907,,0.0,100.0
1. Cancer,CTABGAN,,,Accuracy_Drop,,Random Forest,,,Gap,0.05701754385964919,,classification,Generators/Experiment with utility data leak/utility results/1. Cancer/TRTR_TSTR_results_cancer.xlsx,utility,0.05701754385964919,,0.0,100.0
1. Cancer,CTABGAN,,,F1_Drop,,Random Forest,,,Gap,0.08418451797658322,,classification,Generators/Experiment with utility data leak/utility results/1. Cancer/TRTR_TSTR_results_cancer.xlsx,utility,0.08418451797658322,,0.0,100.0
1. Cancer,CTABGAN,,,Precision_Drop,,Random Forest,,,Gap,0.04110013059814532,,classification,Generators/Experiment with utility data leak/utility results/1. Cancer/TRTR_TSTR_results_cancer.xlsx,utility,0.04110013059814532,,0.0,100.0
1. Cancer,CTABGAN,,,Recall_Drop,,Random Forest,,,Gap,0.1190476190476191,,classification,Generators/Experiment with utility data leak/utility results/1. Cancer/TRTR_TSTR_results_cancer.xlsx,utility,0.1190476190476191,,0.0,100.0
1. Cancer,CTABGAN,,0.0,Accuracy,0.9350877192982457,Decision Tree,,Utility,TRTR,0.9350877192982457,0.02045948033279054,classification,Generators/Experiment with utility data leak/utility results/1. Cancer/TRTR_TSTR_results_cancer.xlsx,utility,0.9350877192982457,,0.0,100.0
1. Cancer,CTABGAN,,0.0,Accuracy,0.7578947368421052,Decision Tree,,Utility,TSTR,0.7578947368421052,0.04336563892739744,classification,Generators/Experiment with utility data leak/utility results/1. Cancer/TRTR_TSTR_results_cancer.xlsx,utility,0.7578947368421052,,0.0,100.0
1. Cancer,CTABGAN,,0.0,Accuracy_Gap,0.7578947368421052,Decision Tree,,Utility,Gap,0.17719298245614057,0.04336563892739744,classification,Generators/Experiment with utility data leak/utility results/1. Cancer/TRTR_TSTR_results_cancer.xlsx,utility,0.17719298245614057,,0.0,100.0
1. Cancer,CTABGAN,,0.0,F1,0.9122461606275634,Decision Tree,,Utility,TRTR,0.9122461606275634,0.02771502846045041,classification,Generators/Experiment with utility data leak/utility results/1. Cancer/TRTR_TSTR_results_cancer.xlsx,utility,0.9122461606275634,,0.0,100.0
1. Cancer,CTABGAN,,0.0,F1,0.6693514026531157,Decision Tree,,Utility,TSTR,0.6693514026531157,0.05402161785621416,classification,Generators/Experiment with utility data leak/utility results/1. Cancer/TRTR_TSTR_results_cancer.xlsx,utility,0.6693514026531157,,0.0,100.0
1. Cancer,CTABGAN,,0.0,F1_Gap,0.6693514026531157,Decision Tree,,Utility,Gap,0.2428947579744477,0.05402161785621416,classification,Generators/Experiment with utility data leak/utility results/1. Cancer/TRTR_TSTR_results_cancer.xlsx,utility,0.2428947579744477,,0.0,100.0
1. Cancer,CTABGAN,,0.0,Precision,0.9096981560397401,Decision Tree,,Utility,TRTR,0.9096981560397401,0.03732307542896939,classification,Generators/Experiment with utility data leak/utility results/1. Cancer/TRTR_TSTR_results_cancer.xlsx,utility,0.9096981560397401,,0.0,100.0
1. Cancer,CTABGAN,,0.0,Precision,0.6794508269659855,Decision Tree,,Utility,TSTR,0.6794508269659855,0.07365746202200889,classification,Generators/Experiment with utility data leak/utility results/1. Cancer/TRTR_TSTR_results_cancer.xlsx,utility,0.6794508269659855,,0.0,100.0
1. Cancer,CTABGAN,,0.0,Precision_Gap,0.6794508269659855,Decision Tree,,Utility,Gap,0.23024732907375467,0.07365746202200889,classification,Generators/Experiment with utility data leak/utility results/1. Cancer/TRTR_TSTR_results_cancer.xlsx,utility,0.23024732907375467,,0.0,100.0
1. Cancer,CTABGAN,,0.0,Recall,0.9166666666666666,Decision Tree,,Utility,TRTR,0.9166666666666666,0.04158154570612613,classification,Generators/Experiment with utility data leak/utility results/1. Cancer/TRTR_TSTR_results_cancer.xlsx,utility,0.9166666666666666,,0.0,100.0
1. Cancer,CTABGAN,,0.0,Recall,0.6642857142857144,Decision Tree,,Utility,TSTR,0.6642857142857144,0.0642857142857143,classification,Generators/Experiment with utility data leak/utility results/1. Cancer/TRTR_TSTR_results_cancer.xlsx,utility,0.6642857142857144,,0.0,100.0
1. Cancer,CTABGAN,,0.0,Recall_Gap,0.6642857142857144,Decision Tree,,Utility,Gap,0.25238095238095226,0.0642857142857143,classification,Generators/Experiment with utility data leak/utility results/1. Cancer/TRTR_TSTR_results_cancer.xlsx,utility,0.25238095238095226,,0.0,100.0
1. Cancer,CTABGAN,,,Accuracy_Drop,,Decision Tree,,,Gap,0.1771929824561406,,classification,Generators/Experiment with utility data leak/utility results/1. Cancer/TRTR_TSTR_results_cancer.xlsx,utility,0.1771929824561406,,0.0,100.0
1. Cancer,CTABGAN,,,F1_Drop,,Decision Tree,,,Gap,0.2428947579744477,,classification,Generators/Experiment with utility data leak/utility results/1. Cancer/TRTR_TSTR_results_cancer.xlsx,utility,0.2428947579744477,,0.0,100.0
1. Cancer,CTABGAN,,,Precision_Drop,,Decision Tree,,,Gap,0.2302473290737547,,classification,Generators/Experiment with utility data leak/utility results/1. Cancer/TRTR_TSTR_results_cancer.xlsx,utility,0.2302473290737547,,0.0,100.0
1. Cancer,CTABGAN,,,Recall_Drop,,Decision Tree,,,Gap,0.2523809523809523,,classification,Generators/Experiment with utility data leak/utility results/1. Cancer/TRTR_TSTR_results_cancer.xlsx,utility,0.2523809523809523,,0.0,100.0
1. Cancer,CTABGAN,,0.0,Accuracy,0.9324561403508772,Naive Bayes,,Utility,TRTR,0.9324561403508772,0.02322491630679601,classification,Generators/Experiment with utility data leak/utility results/1. Cancer/TRTR_TSTR_results_cancer.xlsx,utility,0.9324561403508772,,0.0,100.0
1. Cancer,CTABGAN,,0.0,Accuracy,0.8903508771929826,Naive Bayes,,Utility,TSTR,0.8903508771929826,0.01931817153118003,classification,Generators/Experiment with utility data leak/utility results/1. Cancer/TRTR_TSTR_results_cancer.xlsx,utility,0.8903508771929826,,0.0,100.0
1. Cancer,CTABGAN,,0.0,Accuracy_Gap,0.8903508771929826,Naive Bayes,,Utility,Gap,0.042105263157894646,0.01931817153118003,classification,Generators/Experiment with utility data leak/utility results/1. Cancer/TRTR_TSTR_results_cancer.xlsx,utility,0.042105263157894646,,0.0,100.0
1. Cancer,CTABGAN,,0.0,F1,0.9055642341410918,Naive Bayes,,Utility,TRTR,0.9055642341410918,0.0327534076549362,classification,Generators/Experiment with utility data leak/utility results/1. Cancer/TRTR_TSTR_results_cancer.xlsx,utility,0.9055642341410918,,0.0,100.0
1. Cancer,CTABGAN,,0.0,F1,0.8385081659348002,Naive Bayes,,Utility,TSTR,0.8385081659348002,0.03058070449053411,classification,Generators/Experiment with utility data leak/utility results/1. Cancer/TRTR_TSTR_results_cancer.xlsx,utility,0.8385081659348002,,0.0,100.0
1. Cancer,CTABGAN,,0.0,F1_Gap,0.8385081659348002,Naive Bayes,,Utility,Gap,0.06705606820629162,0.03058070449053411,classification,Generators/Experiment with utility data leak/utility results/1. Cancer/TRTR_TSTR_results_cancer.xlsx,utility,0.06705606820629162,,0.0,100.0
1. Cancer,CTABGAN,,0.0,Precision,0.931024002484766,Naive Bayes,,Utility,TRTR,0.931024002484766,0.03636585629143303,classification,Generators/Experiment with utility data leak/utility results/1. Cancer/TRTR_TSTR_results_cancer.xlsx,utility,0.931024002484766,,0.0,100.0
1. Cancer,CTABGAN,,0.0,Precision,0.9144546083013576,Naive Bayes,,Utility,TSTR,0.9144546083013576,0.03389474826699133,classification,Generators/Experiment with utility data leak/utility results/1. Cancer/TRTR_TSTR_results_cancer.xlsx,utility,0.9144546083013576,,0.0,100.0
1. Cancer,CTABGAN,,0.0,Precision_Gap,0.9144546083013576,Naive Bayes,,Utility,Gap,0.016569394183408415,0.03389474826699133,classification,Generators/Experiment with utility data leak/utility results/1. Cancer/TRTR_TSTR_results_cancer.xlsx,utility,0.016569394183408415,,0.0,100.0
1. Cancer,CTABGAN,,0.0,Recall,0.8833333333333332,Naive Bayes,,Utility,TRTR,0.8833333333333332,0.05156287578025646,classification,Generators/Experiment with utility data leak/utility results/1. Cancer/TRTR_TSTR_results_cancer.xlsx,utility,0.8833333333333332,,0.0,100.0
1. Cancer,CTABGAN,,0.0,Recall,0.7761904761904763,Naive Bayes,,Utility,TSTR,0.7761904761904763,0.04902681019517618,classification,Generators/Experiment with utility data leak/utility results/1. Cancer/TRTR_TSTR_results_cancer.xlsx,utility,0.7761904761904763,,0.0,100.0
1. Cancer,CTABGAN,,0.0,Recall_Gap,0.7761904761904763,Naive Bayes,,Utility,Gap,0.10714285714285687,0.04902681019517618,classification,Generators/Experiment with utility data leak/utility results/1. Cancer/TRTR_TSTR_results_cancer.xlsx,utility,0.10714285714285687,,0.0,100.0
1. Cancer,CTABGAN,,,Accuracy_Drop,,Naive Bayes,,,Gap,0.04210526315789465,,classification,Generators/Experiment with utility data leak/utility results/1. Cancer/TRTR_TSTR_results_cancer.xlsx,utility,0.04210526315789465,,0.0,100.0
1. Cancer,CTABGAN,,,F1_Drop,,Naive Bayes,,,Gap,0.06705606820629162,,classification,Generators/Experiment with utility data leak/utility results/1. Cancer/TRTR_TSTR_results_cancer.xlsx,utility,0.06705606820629162,,0.0,100.0
1. Cancer,CTABGAN,,,Precision_Drop,,Naive Bayes,,,Gap,0.01656939418340841,,classification,Generators/Experiment with utility data leak/utility results/1. Cancer/TRTR_TSTR_results_cancer.xlsx,utility,0.01656939418340841,,0.0,100.0
1. Cancer,CTABGAN,,,Recall_Drop,,Naive Bayes,,,Gap,0.1071428571428569,,classification,Generators/Experiment with utility data leak/utility results/1. Cancer/TRTR_TSTR_results_cancer.xlsx,utility,0.1071428571428569,,0.0,100.0
1. Cancer,TabDDPM,,0.0,Accuracy,0.9789473684210526,Logistic Regression,,Utility,TRTR,0.9789473684210526,0.009768007654087744,classification,Generators/Experiment with utility data leak/utility results/1. Cancer/TRTR_TSTR_results_cancer.xlsx,utility,0.9789473684210526,,0.0,100.0
1. Cancer,TabDDPM,,0.0,Accuracy,0.5956140350877193,Logistic Regression,,Utility,TSTR,0.5956140350877193,0.04763569818380865,classification,Generators/Experiment with utility data leak/utility results/1. Cancer/TRTR_TSTR_results_cancer.xlsx,utility,0.5956140350877193,,0.0,100.0
1. Cancer,TabDDPM,,0.0,Accuracy_Gap,0.5956140350877193,Logistic Regression,,Utility,Gap,0.3833333333333333,0.04763569818380865,classification,Generators/Experiment with utility data leak/utility results/1. Cancer/TRTR_TSTR_results_cancer.xlsx,utility,0.3833333333333333,,0.0,100.0
1. Cancer,TabDDPM,,0.0,F1,0.9707868770215718,Logistic Regression,,Utility,TRTR,0.9707868770215718,0.0137941861874265,classification,Generators/Experiment with utility data leak/utility results/1. Cancer/TRTR_TSTR_results_cancer.xlsx,utility,0.9707868770215718,,0.0,100.0
1. Cancer,TabDDPM,,0.0,F1,0.07235487276950692,Logistic Regression,,Utility,TSTR,0.07235487276950692,0.09160836434303316,classification,Generators/Experiment with utility data leak/utility results/1. Cancer/TRTR_TSTR_results_cancer.xlsx,utility,0.07235487276950692,,0.0,100.0
1. Cancer,TabDDPM,,0.0,F1_Gap,0.07235487276950692,Logistic Regression,,Utility,Gap,0.8984320042520649,0.09160836434303316,classification,Generators/Experiment with utility data leak/utility results/1. Cancer/TRTR_TSTR_results_cancer.xlsx,utility,0.8984320042520649,,0.0,100.0
1. Cancer,TabDDPM,,0.0,Precision,0.9901768962744573,Logistic Regression,,Utility,TRTR,0.9901768962744573,0.01203823054760635,classification,Generators/Experiment with utility data leak/utility results/1. Cancer/TRTR_TSTR_results_cancer.xlsx,utility,0.9901768962744573,,0.0,100.0
1. Cancer,TabDDPM,,0.0,Precision,0.2006043956043956,Logistic Regression,,Utility,TSTR,0.2006043956043956,0.2141647391838054,classification,Generators/Experiment with utility data leak/utility results/1. Cancer/TRTR_TSTR_results_cancer.xlsx,utility,0.2006043956043956,,0.0,100.0
1. Cancer,TabDDPM,,0.0,Precision_Gap,0.2006043956043956,Logistic Regression,,Utility,Gap,0.7895725006700617,0.2141647391838054,classification,Generators/Experiment with utility data leak/utility results/1. Cancer/TRTR_TSTR_results_cancer.xlsx,utility,0.7895725006700617,,0.0,100.0
1. Cancer,TabDDPM,,0.0,Recall,0.9523809523809523,Logistic Regression,,Utility,TRTR,0.9523809523809523,0.02129588549999798,classification,Generators/Experiment with utility data leak/utility results/1. Cancer/TRTR_TSTR_results_cancer.xlsx,utility,0.9523809523809523,,0.0,100.0
1. Cancer,TabDDPM,,0.0,Recall,0.05476190476190475,Logistic Regression,,Utility,TSTR,0.05476190476190475,0.08454895668840334,classification,Generators/Experiment with utility data leak/utility results/1. Cancer/TRTR_TSTR_results_cancer.xlsx,utility,0.05476190476190475,,0.0,100.0
1. Cancer,TabDDPM,,0.0,Recall_Gap,0.05476190476190475,Logistic Regression,,Utility,Gap,0.8976190476190475,0.08454895668840334,classification,Generators/Experiment with utility data leak/utility results/1. Cancer/TRTR_TSTR_results_cancer.xlsx,utility,0.8976190476190475,,0.0,100.0
1. Cancer,TabDDPM,,,Accuracy_Drop,,Logistic Regression,,,Gap,0.3833333333333333,,classification,Generators/Experiment with utility data leak/utility results/1. Cancer/TRTR_TSTR_results_cancer.xlsx,utility,0.3833333333333333,,0.0,100.0
1. Cancer,TabDDPM,,,F1_Drop,,Logistic Regression,,,Gap,0.8984320042520649,,classification,Generators/Experiment with utility data leak/utility results/1. Cancer/TRTR_TSTR_results_cancer.xlsx,utility,0.8984320042520649,,0.0,100.0
1. Cancer,TabDDPM,,,Precision_Drop,,Logistic Regression,,,Gap,0.7895725006700617,,classification,Generators/Experiment with utility data leak/utility results/1. Cancer/TRTR_TSTR_results_cancer.xlsx,utility,0.7895725006700617,,0.0,100.0
1. Cancer,TabDDPM,,,Recall_Drop,,Logistic Regression,,,Gap,0.8976190476190475,,classification,Generators/Experiment with utility data leak/utility results/1. Cancer/TRTR_TSTR_results_cancer.xlsx,utility,0.8976190476190475,,0.0,100.0
1. Cancer,TabDDPM,,0.0,Accuracy,0.974561403508772,MLP,,Utility,TRTR,0.974561403508772,0.01327433855300136,classification,Generators/Experiment with utility data leak/utility results/1. Cancer/TRTR_TSTR_results_cancer.xlsx,utility,0.974561403508772,,0.0,100.0
1. Cancer,TabDDPM,,0.0,Accuracy,0.5807017543859649,MLP,,Utility,TSTR,0.5807017543859649,0.07543859649122807,classification,Generators/Experiment with utility data leak/utility results/1. Cancer/TRTR_TSTR_results_cancer.xlsx,utility,0.5807017543859649,,0.0,100.0
1. Cancer,TabDDPM,,0.0,Accuracy_Gap,0.5807017543859649,MLP,,Utility,Gap,0.393859649122807,0.07543859649122807,classification,Generators/Experiment with utility data leak/utility results/1. Cancer/TRTR_TSTR_results_cancer.xlsx,utility,0.393859649122807,,0.0,100.0
1. Cancer,TabDDPM,,0.0,F1,0.9646057122906845,MLP,,Utility,TRTR,0.9646057122906845,0.01869298955577862,classification,Generators/Experiment with utility data leak/utility results/1. Cancer/TRTR_TSTR_results_cancer.xlsx,utility,0.9646057122906845,,0.0,100.0
1. Cancer,TabDDPM,,0.0,F1,0.4870985941359292,MLP,,Utility,TSTR,0.4870985941359292,0.09247521153136762,classification,Generators/Experiment with utility data leak/utility results/1. Cancer/TRTR_TSTR_results_cancer.xlsx,utility,0.4870985941359292,,0.0,100.0
1. Cancer,TabDDPM,,0.0,F1_Gap,0.4870985941359292,MLP,,Utility,Gap,0.4775071181547553,0.09247521153136762,classification,Generators/Experiment with utility data leak/utility results/1. Cancer/TRTR_TSTR_results_cancer.xlsx,utility,0.4775071181547553,,0.0,100.0
1. Cancer,TabDDPM,,0.0,Precision,0.985467661474468,MLP,,Utility,TRTR,0.985467661474468,0.0191919907367019,classification,Generators/Experiment with utility data leak/utility results/1. Cancer/TRTR_TSTR_results_cancer.xlsx,utility,0.985467661474468,,0.0,100.0
1. Cancer,TabDDPM,,0.0,Precision,0.4808717666768089,MLP,,Utility,TSTR,0.4808717666768089,0.1091607732246943,classification,Generators/Experiment with utility data leak/utility results/1. Cancer/TRTR_TSTR_results_cancer.xlsx,utility,0.4808717666768089,,0.0,100.0
1. Cancer,TabDDPM,,0.0,Precision_Gap,0.4808717666768089,MLP,,Utility,Gap,0.504595894797659,0.1091607732246943,classification,Generators/Experiment with utility data leak/utility results/1. Cancer/TRTR_TSTR_results_cancer.xlsx,utility,0.504595894797659,,0.0,100.0
1. Cancer,TabDDPM,,0.0,Recall,0.9452380952380952,MLP,,Utility,TRTR,0.9452380952380952,0.03021089890583217,classification,Generators/Experiment with utility data leak/utility results/1. Cancer/TRTR_TSTR_results_cancer.xlsx,utility,0.9452380952380952,,0.0,100.0
1. Cancer,TabDDPM,,0.0,Recall,0.5809523809523809,MLP,,Utility,TSTR,0.5809523809523809,0.2274276940239915,classification,Generators/Experiment with utility data leak/utility results/1. Cancer/TRTR_TSTR_results_cancer.xlsx,utility,0.5809523809523809,,0.0,100.0
1. Cancer,TabDDPM,,0.0,Recall_Gap,0.5809523809523809,MLP,,Utility,Gap,0.3642857142857143,0.2274276940239915,classification,Generators/Experiment with utility data leak/utility results/1. Cancer/TRTR_TSTR_results_cancer.xlsx,utility,0.3642857142857143,,0.0,100.0
1. Cancer,TabDDPM,,,Accuracy_Drop,,MLP,,,Gap,0.393859649122807,,classification,Generators/Experiment with utility data leak/utility results/1. Cancer/TRTR_TSTR_results_cancer.xlsx,utility,0.393859649122807,,0.0,100.0
1. Cancer,TabDDPM,,,F1_Drop,,MLP,,,Gap,0.4775071181547553,,classification,Generators/Experiment with utility data leak/utility results/1. Cancer/TRTR_TSTR_results_cancer.xlsx,utility,0.4775071181547553,,0.0,100.0
1. Cancer,TabDDPM,,,Precision_Drop,,MLP,,,Gap,0.5045958947976591,,classification,Generators/Experiment with utility data leak/utility results/1. Cancer/TRTR_TSTR_results_cancer.xlsx,utility,0.5045958947976591,,0.0,100.0
1. Cancer,TabDDPM,,,Recall_Drop,,MLP,,,Gap,0.3642857142857143,,classification,Generators/Experiment with utility data leak/utility results/1. Cancer/TRTR_TSTR_results_cancer.xlsx,utility,0.3642857142857143,,0.0,100.0
1. Cancer,TabDDPM,,0.0,Accuracy,0.9701754385964912,Extra Trees,,Utility,TRTR,0.9701754385964912,0.01189882453179872,classification,Generators/Experiment with utility data leak/utility results/1. Cancer/TRTR_TSTR_results_cancer.xlsx,utility,0.9701754385964912,,0.0,100.0
1. Cancer,TabDDPM,,0.0,Accuracy,0.5026315789473684,Extra Trees,,Utility,TSTR,0.5026315789473684,0.07992089810451299,classification,Generators/Experiment with utility data leak/utility results/1. Cancer/TRTR_TSTR_results_cancer.xlsx,utility,0.5026315789473684,,0.0,100.0
1. Cancer,TabDDPM,,0.0,Accuracy_Gap,0.5026315789473684,Extra Trees,,Utility,Gap,0.4675438596491228,0.07992089810451299,classification,Generators/Experiment with utility data leak/utility results/1. Cancer/TRTR_TSTR_results_cancer.xlsx,utility,0.4675438596491228,,0.0,100.0
1. Cancer,TabDDPM,,0.0,F1,0.9589899381997989,Extra Trees,,Utility,TRTR,0.9589899381997989,0.01652286372603384,classification,Generators/Experiment with utility data leak/utility results/1. Cancer/TRTR_TSTR_results_cancer.xlsx,utility,0.9589899381997989,,0.0,100.0
1. Cancer,TabDDPM,,0.0,F1,0.4512099551952097,Extra Trees,,Utility,TSTR,0.4512099551952097,0.2279319776590833,classification,Generators/Experiment with utility data leak/utility results/1. Cancer/TRTR_TSTR_results_cancer.xlsx,utility,0.4512099551952097,,0.0,100.0
1. Cancer,TabDDPM,,0.0,F1_Gap,0.4512099551952097,Extra Trees,,Utility,Gap,0.5077799830045893,0.2279319776590833,classification,Generators/Experiment with utility data leak/utility results/1. Cancer/TRTR_TSTR_results_cancer.xlsx,utility,0.5077799830045893,,0.0,100.0
1. Cancer,TabDDPM,,0.0,Precision,0.971542217000243,Extra Trees,,Utility,TRTR,0.971542217000243,0.02506278422086412,classification,Generators/Experiment with utility data leak/utility results/1. Cancer/TRTR_TSTR_results_cancer.xlsx,utility,0.971542217000243,,0.0,100.0
1. Cancer,TabDDPM,,0.0,Precision,0.3243782235690841,Extra Trees,,Utility,TSTR,0.3243782235690841,0.1642406833448471,classification,Generators/Experiment with utility data leak/utility results/1. Cancer/TRTR_TSTR_results_cancer.xlsx,utility,0.3243782235690841,,0.0,100.0
1. Cancer,TabDDPM,,0.0,Precision_Gap,0.3243782235690841,Extra Trees,,Utility,Gap,0.6471639934311589,0.1642406833448471,classification,Generators/Experiment with utility data leak/utility results/1. Cancer/TRTR_TSTR_results_cancer.xlsx,utility,0.6471639934311589,,0.0,100.0
1. Cancer,TabDDPM,,0.0,Recall,0.9476190476190476,Extra Trees,,Utility,TRTR,0.9476190476190476,0.02776643759450141,classification,Generators/Experiment with utility data leak/utility results/1. Cancer/TRTR_TSTR_results_cancer.xlsx,utility,0.9476190476190476,,0.0,100.0
1. Cancer,TabDDPM,,0.0,Recall,0.7428571428571429,Extra Trees,,Utility,TSTR,0.7428571428571429,0.3756777699679242,classification,Generators/Experiment with utility data leak/utility results/1. Cancer/TRTR_TSTR_results_cancer.xlsx,utility,0.7428571428571429,,0.0,100.0
1. Cancer,TabDDPM,,0.0,Recall_Gap,0.7428571428571429,Extra Trees,,Utility,Gap,0.2047619047619047,0.3756777699679242,classification,Generators/Experiment with utility data leak/utility results/1. Cancer/TRTR_TSTR_results_cancer.xlsx,utility,0.2047619047619047,,0.0,100.0
1. Cancer,TabDDPM,,,Accuracy_Drop,,Extra Trees,,,Gap,0.4675438596491228,,classification,Generators/Experiment with utility data leak/utility results/1. Cancer/TRTR_TSTR_results_cancer.xlsx,utility,0.4675438596491228,,0.0,100.0
1. Cancer,TabDDPM,,,F1_Drop,,Extra Trees,,,Gap,0.5077799830045893,,classification,Generators/Experiment with utility data leak/utility results/1. Cancer/TRTR_TSTR_results_cancer.xlsx,utility,0.5077799830045893,,0.0,100.0
1. Cancer,TabDDPM,,,Precision_Drop,,Extra Trees,,,Gap,0.6471639934311589,,classification,Generators/Experiment with utility data leak/utility results/1. Cancer/TRTR_TSTR_results_cancer.xlsx,utility,0.6471639934311589,,0.0,100.0
1. Cancer,TabDDPM,,,Recall_Drop,,Extra Trees,,,Gap,0.2047619047619047,,classification,Generators/Experiment with utility data leak/utility results/1. Cancer/TRTR_TSTR_results_cancer.xlsx,utility,0.2047619047619047,,0.0,100.0
1. Cancer,TabDDPM,,0.0,Accuracy,0.968421052631579,SVM-RBF,,Utility,TRTR,0.968421052631579,0.01806250901927543,classification,Generators/Experiment with utility data leak/utility results/1. Cancer/TRTR_TSTR_results_cancer.xlsx,utility,0.968421052631579,,0.0,100.0
1. Cancer,TabDDPM,,0.0,Accuracy,0.6201754385964913,SVM-RBF,,Utility,TSTR,0.6201754385964913,0.01180142460269623,classification,Generators/Experiment with utility data leak/utility results/1. Cancer/TRTR_TSTR_results_cancer.xlsx,utility,0.6201754385964913,,0.0,100.0
1. Cancer,TabDDPM,,0.0,Accuracy_Gap,0.6201754385964913,SVM-RBF,,Utility,Gap,0.3482456140350877,0.01180142460269623,classification,Generators/Experiment with utility data leak/utility results/1. Cancer/TRTR_TSTR_results_cancer.xlsx,utility,0.3482456140350877,,0.0,100.0
1. Cancer,TabDDPM,,0.0,F1,0.9562595401456587,SVM-RBF,,Utility,TRTR,0.9562595401456587,0.0249697085948244,classification,Generators/Experiment with utility data leak/utility results/1. Cancer/TRTR_TSTR_results_cancer.xlsx,utility,0.9562595401456587,,0.0,100.0
1. Cancer,TabDDPM,,0.0,F1,0.02321575061525841,SVM-RBF,,Utility,TSTR,0.02321575061525841,0.05665730844517136,classification,Generators/Experiment with utility data leak/utility results/1. Cancer/TRTR_TSTR_results_cancer.xlsx,utility,0.02321575061525841,,0.0,100.0
1. Cancer,TabDDPM,,0.0,F1_Gap,0.02321575061525841,SVM-RBF,,Utility,Gap,0.9330437895304003,0.05665730844517136,classification,Generators/Experiment with utility data leak/utility results/1. Cancer/TRTR_TSTR_results_cancer.xlsx,utility,0.9330437895304003,,0.0,100.0
1. Cancer,TabDDPM,,0.0,Precision,0.9756903217837779,SVM-RBF,,Utility,TRTR,0.9756903217837779,0.02809606508844681,classification,Generators/Experiment with utility data leak/utility results/1. Cancer/TRTR_TSTR_results_cancer.xlsx,utility,0.9756903217837779,,0.0,100.0
1. Cancer,TabDDPM,,0.0,Precision,0.07045454545454546,SVM-RBF,,Utility,TSTR,0.07045454545454546,0.1481462589793842,classification,Generators/Experiment with utility data leak/utility results/1. Cancer/TRTR_TSTR_results_cancer.xlsx,utility,0.07045454545454546,,0.0,100.0
1. Cancer,TabDDPM,,0.0,Precision_Gap,0.07045454545454546,SVM-RBF,,Utility,Gap,0.9052357763292325,0.1481462589793842,classification,Generators/Experiment with utility data leak/utility results/1. Cancer/TRTR_TSTR_results_cancer.xlsx,utility,0.9052357763292325,,0.0,100.0
1. Cancer,TabDDPM,,0.0,Recall,0.9380952380952381,SVM-RBF,,Utility,TRTR,0.9380952380952381,0.03049106779729926,classification,Generators/Experiment with utility data leak/utility results/1. Cancer/TRTR_TSTR_results_cancer.xlsx,utility,0.9380952380952381,,0.0,100.0
1. Cancer,TabDDPM,,0.0,Recall,0.01428571428571429,SVM-RBF,,Utility,TSTR,0.01428571428571429,0.03563483225498992,classification,Generators/Experiment with utility data leak/utility results/1. Cancer/TRTR_TSTR_results_cancer.xlsx,utility,0.01428571428571429,,0.0,100.0
1. Cancer,TabDDPM,,0.0,Recall_Gap,0.01428571428571429,SVM-RBF,,Utility,Gap,0.9238095238095239,0.03563483225498992,classification,Generators/Experiment with utility data leak/utility results/1. Cancer/TRTR_TSTR_results_cancer.xlsx,utility,0.9238095238095239,,0.0,100.0
1. Cancer,TabDDPM,,,Accuracy_Drop,,SVM-RBF,,,Gap,0.3482456140350877,,classification,Generators/Experiment with utility data leak/utility results/1. Cancer/TRTR_TSTR_results_cancer.xlsx,utility,0.3482456140350877,,0.0,100.0
1. Cancer,TabDDPM,,,F1_Drop,,SVM-RBF,,,Gap,0.9330437895304003,,classification,Generators/Experiment with utility data leak/utility results/1. Cancer/TRTR_TSTR_results_cancer.xlsx,utility,0.9330437895304003,,0.0,100.0
1. Cancer,TabDDPM,,,Precision_Drop,,SVM-RBF,,,Gap,0.9052357763292325,,classification,Generators/Experiment with utility data leak/utility results/1. Cancer/TRTR_TSTR_results_cancer.xlsx,utility,0.9052357763292325,,0.0,100.0
1. Cancer,TabDDPM,,,Recall_Drop,,SVM-RBF,,,Gap,0.9238095238095239,,classification,Generators/Experiment with utility data leak/utility results/1. Cancer/TRTR_TSTR_results_cancer.xlsx,utility,0.9238095238095239,,0.0,100.0
1. Cancer,TabDDPM,,0.0,Accuracy,0.9666666666666666,AdaBoost,,Utility,TRTR,0.9666666666666666,0.01022974016639526,classification,Generators/Experiment with utility data leak/utility results/1. Cancer/TRTR_TSTR_results_cancer.xlsx,utility,0.9666666666666666,,0.0,100.0
1. Cancer,TabDDPM,,0.0,Accuracy,0.4754385964912281,AdaBoost,,Utility,TSTR,0.4754385964912281,0.1522277375756847,classification,Generators/Experiment with utility data leak/utility results/1. Cancer/TRTR_TSTR_results_cancer.xlsx,utility,0.4754385964912281,,0.0,100.0
1. Cancer,TabDDPM,,0.0,Accuracy_Gap,0.4754385964912281,AdaBoost,,Utility,Gap,0.49122807017543846,0.1522277375756847,classification,Generators/Experiment with utility data leak/utility results/1. Cancer/TRTR_TSTR_results_cancer.xlsx,utility,0.49122807017543846,,0.0,100.0
1. Cancer,TabDDPM,,0.0,F1,0.9537824074424763,AdaBoost,,Utility,TRTR,0.9537824074424763,0.01443243582836966,classification,Generators/Experiment with utility data leak/utility results/1. Cancer/TRTR_TSTR_results_cancer.xlsx,utility,0.9537824074424763,,0.0,100.0
1. Cancer,TabDDPM,,0.0,F1,0.2714923961305906,AdaBoost,,Utility,TSTR,0.2714923961305906,0.2361020906238965,classification,Generators/Experiment with utility data leak/utility results/1. Cancer/TRTR_TSTR_results_cancer.xlsx,utility,0.2714923961305906,,0.0,100.0
1. Cancer,TabDDPM,,0.0,F1_Gap,0.2714923961305906,AdaBoost,,Utility,Gap,0.6822900113118857,0.2361020906238965,classification,Generators/Experiment with utility data leak/utility results/1. Cancer/TRTR_TSTR_results_cancer.xlsx,utility,0.6822900113118857,,0.0,100.0
1. Cancer,TabDDPM,,0.0,Precision,0.9735489892977129,AdaBoost,,Utility,TRTR,0.9735489892977129,0.02210918228480495,classification,Generators/Experiment with utility data leak/utility results/1. Cancer/TRTR_TSTR_results_cancer.xlsx,utility,0.9735489892977129,,0.0,100.0
1. Cancer,TabDDPM,,0.0,Precision,0.2335035329956178,AdaBoost,,Utility,TSTR,0.2335035329956178,0.148882868564449,classification,Generators/Experiment with utility data leak/utility results/1. Cancer/TRTR_TSTR_results_cancer.xlsx,utility,0.2335035329956178,,0.0,100.0
1. Cancer,TabDDPM,,0.0,Precision_Gap,0.2335035329956178,AdaBoost,,Utility,Gap,0.7400454563020952,0.148882868564449,classification,Generators/Experiment with utility data leak/utility results/1. Cancer/TRTR_TSTR_results_cancer.xlsx,utility,0.7400454563020952,,0.0,100.0
1. Cancer,TabDDPM,,0.0,Recall,0.9357142857142857,AdaBoost,,Utility,TRTR,0.9357142857142857,0.02827224306437598,classification,Generators/Experiment with utility data leak/utility results/1. Cancer/TRTR_TSTR_results_cancer.xlsx,utility,0.9357142857142857,,0.0,100.0
1. Cancer,TabDDPM,,0.0,Recall,0.4309523809523809,AdaBoost,,Utility,TSTR,0.4309523809523809,0.4202161737166494,classification,Generators/Experiment with utility data leak/utility results/1. Cancer/TRTR_TSTR_results_cancer.xlsx,utility,0.4309523809523809,,0.0,100.0
1. Cancer,TabDDPM,,0.0,Recall_Gap,0.4309523809523809,AdaBoost,,Utility,Gap,0.5047619047619047,0.4202161737166494,classification,Generators/Experiment with utility data leak/utility results/1. Cancer/TRTR_TSTR_results_cancer.xlsx,utility,0.5047619047619047,,0.0,100.0
1. Cancer,TabDDPM,,,Accuracy_Drop,,AdaBoost,,,Gap,0.4912280701754385,,classification,Generators/Experiment with utility data leak/utility results/1. Cancer/TRTR_TSTR_results_cancer.xlsx,utility,0.4912280701754385,,0.0,100.0
1. Cancer,TabDDPM,,,F1_Drop,,AdaBoost,,,Gap,0.6822900113118857,,classification,Generators/Experiment with utility data leak/utility results/1. Cancer/TRTR_TSTR_results_cancer.xlsx,utility,0.6822900113118857,,0.0,100.0
1. Cancer,TabDDPM,,,Precision_Drop,,AdaBoost,,,Gap,0.7400454563020951,,classification,Generators/Experiment with utility data leak/utility results/1. Cancer/TRTR_TSTR_results_cancer.xlsx,utility,0.7400454563020951,,0.0,100.0
1. Cancer,TabDDPM,,,Recall_Drop,,AdaBoost,,,Gap,0.5047619047619047,,classification,Generators/Experiment with utility data leak/utility results/1. Cancer/TRTR_TSTR_results_cancer.xlsx,utility,0.5047619047619047,,0.0,100.0
1. Cancer,TabDDPM,,0.0,Accuracy,0.9631578947368421,Gradient Boosting,,Utility,TRTR,0.9631578947368421,0.0203084857943688,classification,Generators/Experiment with utility data leak/utility results/1. Cancer/TRTR_TSTR_results_cancer.xlsx,utility,0.9631578947368421,,0.0,100.0
1. Cancer,TabDDPM,,0.0,Accuracy,0.4885964912280702,Gradient Boosting,,Utility,TSTR,0.4885964912280702,0.08201168006057966,classification,Generators/Experiment with utility data leak/utility results/1. Cancer/TRTR_TSTR_results_cancer.xlsx,utility,0.4885964912280702,,0.0,100.0
1. Cancer,TabDDPM,,0.0,Accuracy_Gap,0.4885964912280702,Gradient Boosting,,Utility,Gap,0.4745614035087719,0.08201168006057966,classification,Generators/Experiment with utility data leak/utility results/1. Cancer/TRTR_TSTR_results_cancer.xlsx,utility,0.4745614035087719,,0.0,100.0
1. Cancer,TabDDPM,,0.0,F1,0.9494212600983015,Gradient Boosting,,Utility,TRTR,0.9494212600983015,0.02779434087071402,classification,Generators/Experiment with utility data leak/utility results/1. Cancer/TRTR_TSTR_results_cancer.xlsx,utility,0.9494212600983015,,0.0,100.0
1. Cancer,TabDDPM,,0.0,F1,0.229348494957227,Gradient Boosting,,Utility,TSTR,0.229348494957227,0.1701219701802133,classification,Generators/Experiment with utility data leak/utility results/1. Cancer/TRTR_TSTR_results_cancer.xlsx,utility,0.229348494957227,,0.0,100.0
1. Cancer,TabDDPM,,0.0,F1_Gap,0.229348494957227,Gradient Boosting,,Utility,Gap,0.7200727651410745,0.1701219701802133,classification,Generators/Experiment with utility data leak/utility results/1. Cancer/TRTR_TSTR_results_cancer.xlsx,utility,0.7200727651410745,,0.0,100.0
1. Cancer,TabDDPM,,0.0,Precision,0.9620305430373497,Gradient Boosting,,Utility,TRTR,0.9620305430373497,0.0358379580625646,classification,Generators/Experiment with utility data leak/utility results/1. Cancer/TRTR_TSTR_results_cancer.xlsx,utility,0.9620305430373497,,0.0,100.0
1. Cancer,TabDDPM,,0.0,Precision,0.2282723080529925,Gradient Boosting,,Utility,TSTR,0.2282723080529925,0.1348921083276809,classification,Generators/Experiment with utility data leak/utility results/1. Cancer/TRTR_TSTR_results_cancer.xlsx,utility,0.2282723080529925,,0.0,100.0
1. Cancer,TabDDPM,,0.0,Precision_Gap,0.2282723080529925,Gradient Boosting,,Utility,Gap,0.7337582349843572,0.1348921083276809,classification,Generators/Experiment with utility data leak/utility results/1. Cancer/TRTR_TSTR_results_cancer.xlsx,utility,0.7337582349843572,,0.0,100.0
1. Cancer,TabDDPM,,0.0,Recall,0.938095238095238,Gradient Boosting,,Utility,TRTR,0.938095238095238,0.03400680204068023,classification,Generators/Experiment with utility data leak/utility results/1. Cancer/TRTR_TSTR_results_cancer.xlsx,utility,0.938095238095238,,0.0,100.0
1. Cancer,TabDDPM,,0.0,Recall,0.2595238095238095,Gradient Boosting,,Utility,TSTR,0.2595238095238095,0.2415112096758512,classification,Generators/Experiment with utility data leak/utility results/1. Cancer/TRTR_TSTR_results_cancer.xlsx,utility,0.2595238095238095,,0.0,100.0
1. Cancer,TabDDPM,,0.0,Recall_Gap,0.2595238095238095,Gradient Boosting,,Utility,Gap,0.6785714285714285,0.2415112096758512,classification,Generators/Experiment with utility data leak/utility results/1. Cancer/TRTR_TSTR_results_cancer.xlsx,utility,0.6785714285714285,,0.0,100.0
1. Cancer,TabDDPM,,,Accuracy_Drop,,Gradient Boosting,,,Gap,0.4745614035087719,,classification,Generators/Experiment with utility data leak/utility results/1. Cancer/TRTR_TSTR_results_cancer.xlsx,utility,0.4745614035087719,,0.0,100.0
1. Cancer,TabDDPM,,,F1_Drop,,Gradient Boosting,,,Gap,0.7200727651410745,,classification,Generators/Experiment with utility data leak/utility results/1. Cancer/TRTR_TSTR_results_cancer.xlsx,utility,0.7200727651410745,,0.0,100.0
1. Cancer,TabDDPM,,,Precision_Drop,,Gradient Boosting,,,Gap,0.7337582349843572,,classification,Generators/Experiment with utility data leak/utility results/1. Cancer/TRTR_TSTR_results_cancer.xlsx,utility,0.7337582349843572,,0.0,100.0
1. Cancer,TabDDPM,,,Recall_Drop,,Gradient Boosting,,,Gap,0.6785714285714284,,classification,Generators/Experiment with utility data leak/utility results/1. Cancer/TRTR_TSTR_results_cancer.xlsx,utility,0.6785714285714284,,0.0,100.0
1. Cancer,TabDDPM,,0.0,Accuracy,0.962280701754386,Random Forest,,Utility,TRTR,0.962280701754386,0.0136176971019825,classification,Generators/Experiment with utility data leak/utility results/1. Cancer/TRTR_TSTR_results_cancer.xlsx,utility,0.962280701754386,,0.0,100.0
1. Cancer,TabDDPM,,0.0,Accuracy,0.5517543859649123,Random Forest,,Utility,TSTR,0.5517543859649123,0.08580812770322103,classification,Generators/Experiment with utility data leak/utility results/1. Cancer/TRTR_TSTR_results_cancer.xlsx,utility,0.5517543859649123,,0.0,100.0
1. Cancer,TabDDPM,,0.0,Accuracy_Gap,0.5517543859649123,Random Forest,,Utility,Gap,0.41052631578947363,0.08580812770322103,classification,Generators/Experiment with utility data leak/utility results/1. Cancer/TRTR_TSTR_results_cancer.xlsx,utility,0.41052631578947363,,0.0,100.0
1. Cancer,TabDDPM,,0.0,F1,0.9482304799188631,Random Forest,,Utility,TRTR,0.9482304799188631,0.01843776018375915,classification,Generators/Experiment with utility data leak/utility results/1. Cancer/TRTR_TSTR_results_cancer.xlsx,utility,0.9482304799188631,,0.0,100.0
1. Cancer,TabDDPM,,0.0,F1,0.2617149909079972,Random Forest,,Utility,TSTR,0.2617149909079972,0.213350525822644,classification,Generators/Experiment with utility data leak/utility results/1. Cancer/TRTR_TSTR_results_cancer.xlsx,utility,0.2617149909079972,,0.0,100.0
1. Cancer,TabDDPM,,0.0,F1_Gap,0.2617149909079972,Random Forest,,Utility,Gap,0.6865154890108659,0.213350525822644,classification,Generators/Experiment with utility data leak/utility results/1. Cancer/TRTR_TSTR_results_cancer.xlsx,utility,0.6865154890108659,,0.0,100.0
1. Cancer,TabDDPM,,0.0,Precision,0.9617923931806518,Random Forest,,Utility,TRTR,0.9617923931806518,0.02967466301692189,classification,Generators/Experiment with utility data leak/utility results/1. Cancer/TRTR_TSTR_results_cancer.xlsx,utility,0.9617923931806518,,0.0,100.0
1. Cancer,TabDDPM,,0.0,Precision,0.2912863285918314,Random Forest,,Utility,TSTR,0.2912863285918314,0.1605199568717095,classification,Generators/Experiment with utility data leak/utility results/1. Cancer/TRTR_TSTR_results_cancer.xlsx,utility,0.2912863285918314,,0.0,100.0
1. Cancer,TabDDPM,,0.0,Precision_Gap,0.2912863285918314,Random Forest,,Utility,Gap,0.6705060645888203,0.1605199568717095,classification,Generators/Experiment with utility data leak/utility results/1. Cancer/TRTR_TSTR_results_cancer.xlsx,utility,0.6705060645888203,,0.0,100.0
1. Cancer,TabDDPM,,0.0,Recall,0.9357142857142857,Random Forest,,Utility,TRTR,0.9357142857142857,0.0214285714285714,classification,Generators/Experiment with utility data leak/utility results/1. Cancer/TRTR_TSTR_results_cancer.xlsx,utility,0.9357142857142857,,0.0,100.0
1. Cancer,TabDDPM,,0.0,Recall,0.3119047619047619,Random Forest,,Utility,TSTR,0.3119047619047619,0.3424683642307216,classification,Generators/Experiment with utility data leak/utility results/1. Cancer/TRTR_TSTR_results_cancer.xlsx,utility,0.3119047619047619,,0.0,100.0
1. Cancer,TabDDPM,,0.0,Recall_Gap,0.3119047619047619,Random Forest,,Utility,Gap,0.6238095238095238,0.3424683642307216,classification,Generators/Experiment with utility data leak/utility results/1. Cancer/TRTR_TSTR_results_cancer.xlsx,utility,0.6238095238095238,,0.0,100.0
1. Cancer,TabDDPM,,,Accuracy_Drop,,Random Forest,,,Gap,0.4105263157894736,,classification,Generators/Experiment with utility data leak/utility results/1. Cancer/TRTR_TSTR_results_cancer.xlsx,utility,0.4105263157894736,,0.0,100.0
1. Cancer,TabDDPM,,,F1_Drop,,Random Forest,,,Gap,0.686515489010866,,classification,Generators/Experiment with utility data leak/utility results/1. Cancer/TRTR_TSTR_results_cancer.xlsx,utility,0.686515489010866,,0.0,100.0
1. Cancer,TabDDPM,,,Precision_Drop,,Random Forest,,,Gap,0.6705060645888203,,classification,Generators/Experiment with utility data leak/utility results/1. Cancer/TRTR_TSTR_results_cancer.xlsx,utility,0.6705060645888203,,0.0,100.0
1. Cancer,TabDDPM,,,Recall_Drop,,Random Forest,,,Gap,0.6238095238095238,,classification,Generators/Experiment with utility data leak/utility results/1. Cancer/TRTR_TSTR_results_cancer.xlsx,utility,0.6238095238095238,,0.0,100.0
1. Cancer,TabDDPM,,0.0,Accuracy,0.962280701754386,KNN,,Utility,TRTR,0.962280701754386,0.01883413206454726,classification,Generators/Experiment with utility data leak/utility results/1. Cancer/TRTR_TSTR_results_cancer.xlsx,utility,0.962280701754386,,0.0,100.0
1. Cancer,TabDDPM,,0.0,Accuracy,0.2289473684210526,KNN,,Utility,TSTR,0.2289473684210526,0.04763569818380865,classification,Generators/Experiment with utility data leak/utility results/1. Cancer/TRTR_TSTR_results_cancer.xlsx,utility,0.2289473684210526,,0.0,100.0
1. Cancer,TabDDPM,,0.0,Accuracy_Gap,0.2289473684210526,KNN,,Utility,Gap,0.7333333333333334,0.04763569818380865,classification,Generators/Experiment with utility data leak/utility results/1. Cancer/TRTR_TSTR_results_cancer.xlsx,utility,0.7333333333333334,,0.0,100.0
1. Cancer,TabDDPM,,0.0,F1,0.947074373024434,KNN,,Utility,TRTR,0.947074373024434,0.02672761688789936,classification,Generators/Experiment with utility data leak/utility results/1. Cancer/TRTR_TSTR_results_cancer.xlsx,utility,0.947074373024434,,0.0,100.0
1. Cancer,TabDDPM,,0.0,F1,0.2501005506038158,KNN,,Utility,TSTR,0.2501005506038158,0.08805882852925674,classification,Generators/Experiment with utility data leak/utility results/1. Cancer/TRTR_TSTR_results_cancer.xlsx,utility,0.2501005506038158,,0.0,100.0
1. Cancer,TabDDPM,,0.0,F1_Gap,0.2501005506038158,KNN,,Utility,Gap,0.6969738224206181,0.08805882852925674,classification,Generators/Experiment with utility data leak/utility results/1. Cancer/TRTR_TSTR_results_cancer.xlsx,utility,0.6969738224206181,,0.0,100.0
1. Cancer,TabDDPM,,0.0,Precision,0.9751404010156286,KNN,,Utility,TRTR,0.9751404010156286,0.02459125532957641,classification,Generators/Experiment with utility data leak/utility results/1. Cancer/TRTR_TSTR_results_cancer.xlsx,utility,0.9751404010156286,,0.0,100.0
1. Cancer,TabDDPM,,0.0,Precision,0.1922113003836073,KNN,,Utility,TSTR,0.1922113003836073,0.05803416152747305,classification,Generators/Experiment with utility data leak/utility results/1. Cancer/TRTR_TSTR_results_cancer.xlsx,utility,0.1922113003836073,,0.0,100.0
1. Cancer,TabDDPM,,0.0,Precision_Gap,0.1922113003836073,KNN,,Utility,Gap,0.7829291006320214,0.05803416152747305,classification,Generators/Experiment with utility data leak/utility results/1. Cancer/TRTR_TSTR_results_cancer.xlsx,utility,0.7829291006320214,,0.0,100.0
1. Cancer,TabDDPM,,0.0,Recall,0.9214285714285715,KNN,,Utility,TRTR,0.9214285714285715,0.03991203479581002,classification,Generators/Experiment with utility data leak/utility results/1. Cancer/TRTR_TSTR_results_cancer.xlsx,utility,0.9214285714285715,,0.0,100.0
1. Cancer,TabDDPM,,0.0,Recall,0.3642857142857143,KNN,,Utility,TSTR,0.3642857142857143,0.1666836726017822,classification,Generators/Experiment with utility data leak/utility results/1. Cancer/TRTR_TSTR_results_cancer.xlsx,utility,0.3642857142857143,,0.0,100.0
1. Cancer,TabDDPM,,0.0,Recall_Gap,0.3642857142857143,KNN,,Utility,Gap,0.5571428571428572,0.1666836726017822,classification,Generators/Experiment with utility data leak/utility results/1. Cancer/TRTR_TSTR_results_cancer.xlsx,utility,0.5571428571428572,,0.0,100.0
1. Cancer,TabDDPM,,,Accuracy_Drop,,KNN,,,Gap,0.7333333333333334,,classification,Generators/Experiment with utility data leak/utility results/1. Cancer/TRTR_TSTR_results_cancer.xlsx,utility,0.7333333333333334,,0.0,100.0
1. Cancer,TabDDPM,,,F1_Drop,,KNN,,,Gap,0.6969738224206182,,classification,Generators/Experiment with utility data leak/utility results/1. Cancer/TRTR_TSTR_results_cancer.xlsx,utility,0.6969738224206182,,0.0,100.0
1. Cancer,TabDDPM,,,Precision_Drop,,KNN,,,Gap,0.7829291006320214,,classification,Generators/Experiment with utility data leak/utility results/1. Cancer/TRTR_TSTR_results_cancer.xlsx,utility,0.7829291006320214,,0.0,100.0
1. Cancer,TabDDPM,,,Recall_Drop,,KNN,,,Gap,0.5571428571428572,,classification,Generators/Experiment with utility data leak/utility results/1. Cancer/TRTR_TSTR_results_cancer.xlsx,utility,0.5571428571428572,,0.0,100.0
1. Cancer,TabDDPM,,0.0,Accuracy,0.9350877192982457,Decision Tree,,Utility,TRTR,0.9350877192982457,0.02045948033279054,classification,Generators/Experiment with utility data leak/utility results/1. Cancer/TRTR_TSTR_results_cancer.xlsx,utility,0.9350877192982457,,0.0,100.0
1. Cancer,TabDDPM,,0.0,Accuracy,0.5745614035087719,Decision Tree,,Utility,TSTR,0.5745614035087719,0.1279168753250364,classification,Generators/Experiment with utility data leak/utility results/1. Cancer/TRTR_TSTR_results_cancer.xlsx,utility,0.5745614035087719,,0.0,100.0
1. Cancer,TabDDPM,,0.0,Accuracy_Gap,0.5745614035087719,Decision Tree,,Utility,Gap,0.3605263157894738,0.1279168753250364,classification,Generators/Experiment with utility data leak/utility results/1. Cancer/TRTR_TSTR_results_cancer.xlsx,utility,0.3605263157894738,,0.0,100.0
1. Cancer,TabDDPM,,0.0,F1,0.9122461606275634,Decision Tree,,Utility,TRTR,0.9122461606275634,0.02771502846045041,classification,Generators/Experiment with utility data leak/utility results/1. Cancer/TRTR_TSTR_results_cancer.xlsx,utility,0.9122461606275634,,0.0,100.0
1. Cancer,TabDDPM,,0.0,F1,0.2156400952420097,Decision Tree,,Utility,TSTR,0.2156400952420097,0.2092680081986747,classification,Generators/Experiment with utility data leak/utility results/1. Cancer/TRTR_TSTR_results_cancer.xlsx,utility,0.2156400952420097,,0.0,100.0
1. Cancer,TabDDPM,,0.0,F1_Gap,0.2156400952420097,Decision Tree,,Utility,Gap,0.6966060653855537,0.2092680081986747,classification,Generators/Experiment with utility data leak/utility results/1. Cancer/TRTR_TSTR_results_cancer.xlsx,utility,0.6966060653855537,,0.0,100.0
1. Cancer,TabDDPM,,0.0,Precision,0.9096981560397401,Decision Tree,,Utility,TRTR,0.9096981560397401,0.03732307542896939,classification,Generators/Experiment with utility data leak/utility results/1. Cancer/TRTR_TSTR_results_cancer.xlsx,utility,0.9096981560397401,,0.0,100.0
1. Cancer,TabDDPM,,0.0,Precision,0.4396350737987798,Decision Tree,,Utility,TSTR,0.4396350737987798,0.2910058971043988,classification,Generators/Experiment with utility data leak/utility results/1. Cancer/TRTR_TSTR_results_cancer.xlsx,utility,0.4396350737987798,,0.0,100.0
1. Cancer,TabDDPM,,0.0,Precision_Gap,0.4396350737987798,Decision Tree,,Utility,Gap,0.47006308224096033,0.2910058971043988,classification,Generators/Experiment with utility data leak/utility results/1. Cancer/TRTR_TSTR_results_cancer.xlsx,utility,0.47006308224096033,,0.0,100.0
1. Cancer,TabDDPM,,0.0,Recall,0.9166666666666666,Decision Tree,,Utility,TRTR,0.9166666666666666,0.04158154570612613,classification,Generators/Experiment with utility data leak/utility results/1. Cancer/TRTR_TSTR_results_cancer.xlsx,utility,0.9166666666666666,,0.0,100.0
1. Cancer,TabDDPM,,0.0,Recall,0.2761904761904762,Decision Tree,,Utility,TSTR,0.2761904761904762,0.3517368630975121,classification,Generators/Experiment with utility data leak/utility results/1. Cancer/TRTR_TSTR_results_cancer.xlsx,utility,0.2761904761904762,,0.0,100.0
1. Cancer,TabDDPM,,0.0,Recall_Gap,0.2761904761904762,Decision Tree,,Utility,Gap,0.6404761904761904,0.3517368630975121,classification,Generators/Experiment with utility data leak/utility results/1. Cancer/TRTR_TSTR_results_cancer.xlsx,utility,0.6404761904761904,,0.0,100.0
1. Cancer,TabDDPM,,,Accuracy_Drop,,Decision Tree,,,Gap,0.3605263157894738,,classification,Generators/Experiment with utility data leak/utility results/1. Cancer/TRTR_TSTR_results_cancer.xlsx,utility,0.3605263157894738,,0.0,100.0
1. Cancer,TabDDPM,,,F1_Drop,,Decision Tree,,,Gap,0.6966060653855537,,classification,Generators/Experiment with utility data leak/utility results/1. Cancer/TRTR_TSTR_results_cancer.xlsx,utility,0.6966060653855537,,0.0,100.0
1. Cancer,TabDDPM,,,Precision_Drop,,Decision Tree,,,Gap,0.4700630822409603,,classification,Generators/Experiment with utility data leak/utility results/1. Cancer/TRTR_TSTR_results_cancer.xlsx,utility,0.4700630822409603,,0.0,100.0
1. Cancer,TabDDPM,,,Recall_Drop,,Decision Tree,,,Gap,0.6404761904761904,,classification,Generators/Experiment with utility data leak/utility results/1. Cancer/TRTR_TSTR_results_cancer.xlsx,utility,0.6404761904761904,,0.0,100.0
1. Cancer,TabDDPM,,0.0,Accuracy,0.9324561403508772,Naive Bayes,,Utility,TRTR,0.9324561403508772,0.02322491630679601,classification,Generators/Experiment with utility data leak/utility results/1. Cancer/TRTR_TSTR_results_cancer.xlsx,utility,0.9324561403508772,,0.0,100.0
1. Cancer,TabDDPM,,0.0,Accuracy,0.4771929824561403,Naive Bayes,,Utility,TSTR,0.4771929824561403,0.1403070106886471,classification,Generators/Experiment with utility data leak/utility results/1. Cancer/TRTR_TSTR_results_cancer.xlsx,utility,0.4771929824561403,,0.0,100.0
1. Cancer,TabDDPM,,0.0,Accuracy_Gap,0.4771929824561403,Naive Bayes,,Utility,Gap,0.4552631578947369,0.1403070106886471,classification,Generators/Experiment with utility data leak/utility results/1. Cancer/TRTR_TSTR_results_cancer.xlsx,utility,0.4552631578947369,,0.0,100.0
1. Cancer,TabDDPM,,0.0,F1,0.9055642341410918,Naive Bayes,,Utility,TRTR,0.9055642341410918,0.0327534076549362,classification,Generators/Experiment with utility data leak/utility results/1. Cancer/TRTR_TSTR_results_cancer.xlsx,utility,0.9055642341410918,,0.0,100.0
1. Cancer,TabDDPM,,0.0,F1,0.5679480126030505,Naive Bayes,,Utility,TSTR,0.5679480126030505,0.05662520698035989,classification,Generators/Experiment with utility data leak/utility results/1. Cancer/TRTR_TSTR_results_cancer.xlsx,utility,0.5679480126030505,,0.0,100.0
1. Cancer,TabDDPM,,0.0,F1_Gap,0.5679480126030505,Naive Bayes,,Utility,Gap,0.3376162215380413,0.05662520698035989,classification,Generators/Experiment with utility data leak/utility results/1. Cancer/TRTR_TSTR_results_cancer.xlsx,utility,0.3376162215380413,,0.0,100.0
1. Cancer,TabDDPM,,0.0,Precision,0.931024002484766,Naive Bayes,,Utility,TRTR,0.931024002484766,0.03636585629143303,classification,Generators/Experiment with utility data leak/utility results/1. Cancer/TRTR_TSTR_results_cancer.xlsx,utility,0.931024002484766,,0.0,100.0
1. Cancer,TabDDPM,,0.0,Precision,0.4660965354317902,Naive Bayes,,Utility,TSTR,0.4660965354317902,0.1892559003672637,classification,Generators/Experiment with utility data leak/utility results/1. Cancer/TRTR_TSTR_results_cancer.xlsx,utility,0.4660965354317902,,0.0,100.0
1. Cancer,TabDDPM,,0.0,Precision_Gap,0.4660965354317902,Naive Bayes,,Utility,Gap,0.46492746705297583,0.1892559003672637,classification,Generators/Experiment with utility data leak/utility results/1. Cancer/TRTR_TSTR_results_cancer.xlsx,utility,0.46492746705297583,,0.0,100.0
1. Cancer,TabDDPM,,0.0,Recall,0.8833333333333332,Naive Bayes,,Utility,TRTR,0.8833333333333332,0.05156287578025646,classification,Generators/Experiment with utility data leak/utility results/1. Cancer/TRTR_TSTR_results_cancer.xlsx,utility,0.8833333333333332,,0.0,100.0
1. Cancer,TabDDPM,,0.0,Recall,0.9238095238095237,Naive Bayes,,Utility,TSTR,0.9238095238095237,0.1895214165917372,classification,Generators/Experiment with utility data leak/utility results/1. Cancer/TRTR_TSTR_results_cancer.xlsx,utility,0.9238095238095237,,0.0,100.0
1. Cancer,TabDDPM,,0.0,Recall_Gap,0.9238095238095237,Naive Bayes,,Utility,Gap,-0.040476190476190554,0.1895214165917372,classification,Generators/Experiment with utility data leak/utility results/1. Cancer/TRTR_TSTR_results_cancer.xlsx,utility,-0.040476190476190554,,0.0,100.0
1. Cancer,TabDDPM,,,Accuracy_Drop,,Naive Bayes,,,Gap,0.4552631578947369,,classification,Generators/Experiment with utility data leak/utility results/1. Cancer/TRTR_TSTR_results_cancer.xlsx,utility,0.4552631578947369,,0.0,100.0
1. Cancer,TabDDPM,,,F1_Drop,,Naive Bayes,,,Gap,0.3376162215380413,,classification,Generators/Experiment with utility data leak/utility results/1. Cancer/TRTR_TSTR_results_cancer.xlsx,utility,0.3376162215380413,,0.0,100.0
1. Cancer,TabDDPM,,,Precision_Drop,,Naive Bayes,,,Gap,0.4649274670529758,,classification,Generators/Experiment with utility data leak/utility results/1. Cancer/TRTR_TSTR_results_cancer.xlsx,utility,0.4649274670529758,,0.0,100.0
1. Cancer,TabDDPM,,,Recall_Drop,,Naive Bayes,,,Gap,-0.04047619047619055,,classification,Generators/Experiment with utility data leak/utility results/1. Cancer/TRTR_TSTR_results_cancer.xlsx,utility,-0.04047619047619055,,0.0,100.0
1. Cancer,ForestDiffusion,,0.0,Accuracy,0.9789473684210526,Logistic Regression,,Utility,TRTR,0.9789473684210526,0.009768007654087744,classification,Generators/Experiment with utility data leak/utility results/1. Cancer/TRTR_TSTR_results_cancer.xlsx,utility,0.9789473684210526,,0.0,100.0
1. Cancer,ForestDiffusion,,0.0,Accuracy,0.9824561403508772,Logistic Regression,,Utility,TSTR,0.9824561403508772,0.01109571108831009,classification,Generators/Experiment with utility data leak/utility results/1. Cancer/TRTR_TSTR_results_cancer.xlsx,utility,0.9824561403508772,,0.0,100.0
1. Cancer,ForestDiffusion,,0.0,Accuracy_Gap,0.9824561403508772,Logistic Regression,,Utility,Gap,-0.0035087719298246833,0.01109571108831009,classification,Generators/Experiment with utility data leak/utility results/1. Cancer/TRTR_TSTR_results_cancer.xlsx,utility,-0.0035087719298246833,,0.0,100.0
1. Cancer,ForestDiffusion,,0.0,F1,0.9707868770215718,Logistic Regression,,Utility,TRTR,0.9707868770215718,0.0137941861874265,classification,Generators/Experiment with utility data leak/utility results/1. Cancer/TRTR_TSTR_results_cancer.xlsx,utility,0.9707868770215718,,0.0,100.0
1. Cancer,ForestDiffusion,,0.0,F1,0.9753647652942392,Logistic Regression,,Utility,TSTR,0.9753647652942392,0.01588371197929723,classification,Generators/Experiment with utility data leak/utility results/1. Cancer/TRTR_TSTR_results_cancer.xlsx,utility,0.9753647652942392,,0.0,100.0
1. Cancer,ForestDiffusion,,0.0,F1_Gap,0.9753647652942392,Logistic Regression,,Utility,Gap,-0.004577888272667363,0.01588371197929723,classification,Generators/Experiment with utility data leak/utility results/1. Cancer/TRTR_TSTR_results_cancer.xlsx,utility,-0.004577888272667363,,0.0,100.0
1. Cancer,ForestDiffusion,,0.0,Precision,0.9901768962744573,Logistic Regression,,Utility,TRTR,0.9901768962744573,0.01203823054760635,classification,Generators/Experiment with utility data leak/utility results/1. Cancer/TRTR_TSTR_results_cancer.xlsx,utility,0.9901768962744573,,0.0,100.0
1. Cancer,ForestDiffusion,,0.0,Precision,1.0,Logistic Regression,,Utility,TSTR,1.0,0.0,classification,Generators/Experiment with utility data leak/utility results/1. Cancer/TRTR_TSTR_results_cancer.xlsx,utility,1.0,,0.0,100.0
1. Cancer,ForestDiffusion,,0.0,Precision_Gap,1.0,Logistic Regression,,Utility,Gap,-0.009823103725542737,0.0,classification,Generators/Experiment with utility data leak/utility results/1. Cancer/TRTR_TSTR_results_cancer.xlsx,utility,-0.009823103725542737,,0.0,100.0
1. Cancer,ForestDiffusion,,0.0,Recall,0.9523809523809523,Logistic Regression,,Utility,TRTR,0.9523809523809523,0.02129588549999798,classification,Generators/Experiment with utility data leak/utility results/1. Cancer/TRTR_TSTR_results_cancer.xlsx,utility,0.9523809523809523,,0.0,100.0
1. Cancer,ForestDiffusion,,0.0,Recall,0.9523809523809523,Logistic Regression,,Utility,TSTR,0.9523809523809523,0.03011693009684169,classification,Generators/Experiment with utility data leak/utility results/1. Cancer/TRTR_TSTR_results_cancer.xlsx,utility,0.9523809523809523,,0.0,100.0
1. Cancer,ForestDiffusion,,0.0,Recall_Gap,0.9523809523809523,Logistic Regression,,Utility,Gap,0.0,0.03011693009684169,classification,Generators/Experiment with utility data leak/utility results/1. Cancer/TRTR_TSTR_results_cancer.xlsx,utility,0.0,,0.0,100.0
1. Cancer,ForestDiffusion,,,Accuracy_Drop,,Logistic Regression,,,Gap,-0.003508771929824683,,classification,Generators/Experiment with utility data leak/utility results/1. Cancer/TRTR_TSTR_results_cancer.xlsx,utility,-0.003508771929824683,,0.0,100.0
1. Cancer,ForestDiffusion,,,F1_Drop,,Logistic Regression,,,Gap,-0.004577888272667363,,classification,Generators/Experiment with utility data leak/utility results/1. Cancer/TRTR_TSTR_results_cancer.xlsx,utility,-0.004577888272667363,,0.0,100.0
1. Cancer,ForestDiffusion,,,Precision_Drop,,Logistic Regression,,,Gap,-0.009823103725542737,,classification,Generators/Experiment with utility data leak/utility results/1. Cancer/TRTR_TSTR_results_cancer.xlsx,utility,-0.009823103725542737,,0.0,100.0
1. Cancer,ForestDiffusion,,,Recall_Drop,,Logistic Regression,,,Gap,0.0,,classification,Generators/Experiment with utility data leak/utility results/1. Cancer/TRTR_TSTR_results_cancer.xlsx,utility,0.0,,0.0,100.0
1. Cancer,ForestDiffusion,,0.0,Accuracy,0.974561403508772,MLP,,Utility,TRTR,0.974561403508772,0.01327433855300136,classification,Generators/Experiment with utility data leak/utility results/1. Cancer/TRTR_TSTR_results_cancer.xlsx,utility,0.974561403508772,,0.0,100.0
1. Cancer,ForestDiffusion,,0.0,Accuracy,0.9710526315789473,MLP,,Utility,TSTR,0.9710526315789473,0.009649122807017537,classification,Generators/Experiment with utility data leak/utility results/1. Cancer/TRTR_TSTR_results_cancer.xlsx,utility,0.9710526315789473,,0.0,100.0
1. Cancer,ForestDiffusion,,0.0,Accuracy_Gap,0.9710526315789473,MLP,,Utility,Gap,0.0035087719298246833,0.009649122807017537,classification,Generators/Experiment with utility data leak/utility results/1. Cancer/TRTR_TSTR_results_cancer.xlsx,utility,0.0035087719298246833,,0.0,100.0
1. Cancer,ForestDiffusion,,0.0,F1,0.9646057122906845,MLP,,Utility,TRTR,0.9646057122906845,0.01869298955577862,classification,Generators/Experiment with utility data leak/utility results/1. Cancer/TRTR_TSTR_results_cancer.xlsx,utility,0.9646057122906845,,0.0,100.0
1. Cancer,ForestDiffusion,,0.0,F1,0.9597907671465317,MLP,,Utility,TSTR,0.9597907671465317,0.01365969229454085,classification,Generators/Experiment with utility data leak/utility results/1. Cancer/TRTR_TSTR_results_cancer.xlsx,utility,0.9597907671465317,,0.0,100.0
1. Cancer,ForestDiffusion,,0.0,F1_Gap,0.9597907671465317,MLP,,Utility,Gap,0.004814945144152816,0.01365969229454085,classification,Generators/Experiment with utility data leak/utility results/1. Cancer/TRTR_TSTR_results_cancer.xlsx,utility,0.004814945144152816,,0.0,100.0
1. Cancer,ForestDiffusion,,0.0,Precision,0.985467661474468,MLP,,Utility,TRTR,0.985467661474468,0.0191919907367019,classification,Generators/Experiment with utility data leak/utility results/1. Cancer/TRTR_TSTR_results_cancer.xlsx,utility,0.985467661474468,,0.0,100.0
1. Cancer,ForestDiffusion,,0.0,Precision,0.9804149915125524,MLP,,Utility,TSTR,0.9804149915125524,0.01447747124608494,classification,Generators/Experiment with utility data leak/utility results/1. Cancer/TRTR_TSTR_results_cancer.xlsx,utility,0.9804149915125524,,0.0,100.0
1. Cancer,ForestDiffusion,,0.0,Precision_Gap,0.9804149915125524,MLP,,Utility,Gap,0.005052669961915557,0.01447747124608494,classification,Generators/Experiment with utility data leak/utility results/1. Cancer/TRTR_TSTR_results_cancer.xlsx,utility,0.005052669961915557,,0.0,100.0
1. Cancer,ForestDiffusion,,0.0,Recall,0.9452380952380952,MLP,,Utility,TRTR,0.9452380952380952,0.03021089890583217,classification,Generators/Experiment with utility data leak/utility results/1. Cancer/TRTR_TSTR_results_cancer.xlsx,utility,0.9452380952380952,,0.0,100.0
1. Cancer,ForestDiffusion,,0.0,Recall,0.9404761904761905,MLP,,Utility,TSTR,0.9404761904761905,0.02439750182371331,classification,Generators/Experiment with utility data leak/utility results/1. Cancer/TRTR_TSTR_results_cancer.xlsx,utility,0.9404761904761905,,0.0,100.0
1. Cancer,ForestDiffusion,,0.0,Recall_Gap,0.9404761904761905,MLP,,Utility,Gap,0.004761904761904745,0.02439750182371331,classification,Generators/Experiment with utility data leak/utility results/1. Cancer/TRTR_TSTR_results_cancer.xlsx,utility,0.004761904761904745,,0.0,100.0
1. Cancer,ForestDiffusion,,,Accuracy_Drop,,MLP,,,Gap,0.003508771929824683,,classification,Generators/Experiment with utility data leak/utility results/1. Cancer/TRTR_TSTR_results_cancer.xlsx,utility,0.003508771929824683,,0.0,100.0
1. Cancer,ForestDiffusion,,,F1_Drop,,MLP,,,Gap,0.004814945144152816,,classification,Generators/Experiment with utility data leak/utility results/1. Cancer/TRTR_TSTR_results_cancer.xlsx,utility,0.004814945144152816,,0.0,100.0
1. Cancer,ForestDiffusion,,,Precision_Drop,,MLP,,,Gap,0.005052669961915557,,classification,Generators/Experiment with utility data leak/utility results/1. Cancer/TRTR_TSTR_results_cancer.xlsx,utility,0.005052669961915557,,0.0,100.0
1. Cancer,ForestDiffusion,,,Recall_Drop,,MLP,,,Gap,0.004761904761904745,,classification,Generators/Experiment with utility data leak/utility results/1. Cancer/TRTR_TSTR_results_cancer.xlsx,utility,0.004761904761904745,,0.0,100.0
1. Cancer,ForestDiffusion,,0.0,Accuracy,0.9701754385964912,Extra Trees,,Utility,TRTR,0.9701754385964912,0.01189882453179872,classification,Generators/Experiment with utility data leak/utility results/1. Cancer/TRTR_TSTR_results_cancer.xlsx,utility,0.9701754385964912,,0.0,100.0
1. Cancer,ForestDiffusion,,0.0,Accuracy,0.968421052631579,Extra Trees,,Utility,TSTR,0.968421052631579,0.02007986516185893,classification,Generators/Experiment with utility data leak/utility results/1. Cancer/TRTR_TSTR_results_cancer.xlsx,utility,0.968421052631579,,0.0,100.0
1. Cancer,ForestDiffusion,,0.0,Accuracy_Gap,0.968421052631579,Extra Trees,,Utility,Gap,0.0017543859649122862,0.02007986516185893,classification,Generators/Experiment with utility data leak/utility results/1. Cancer/TRTR_TSTR_results_cancer.xlsx,utility,0.0017543859649122862,,0.0,100.0
1. Cancer,ForestDiffusion,,0.0,F1,0.9589899381997989,Extra Trees,,Utility,TRTR,0.9589899381997989,0.01652286372603384,classification,Generators/Experiment with utility data leak/utility results/1. Cancer/TRTR_TSTR_results_cancer.xlsx,utility,0.9589899381997989,,0.0,100.0
1. Cancer,ForestDiffusion,,0.0,F1,0.9548841008708386,Extra Trees,,Utility,TSTR,0.9548841008708386,0.02934845124707383,classification,Generators/Experiment with utility data leak/utility results/1. Cancer/TRTR_TSTR_results_cancer.xlsx,utility,0.9548841008708386,,0.0,100.0
1. Cancer,ForestDiffusion,,0.0,F1_Gap,0.9548841008708386,Extra Trees,,Utility,Gap,0.0041058373289603045,0.02934845124707383,classification,Generators/Experiment with utility data leak/utility results/1. Cancer/TRTR_TSTR_results_cancer.xlsx,utility,0.0041058373289603045,,0.0,100.0
1. Cancer,ForestDiffusion,,0.0,Precision,0.971542217000243,Extra Trees,,Utility,TRTR,0.971542217000243,0.02506278422086412,classification,Generators/Experiment with utility data leak/utility results/1. Cancer/TRTR_TSTR_results_cancer.xlsx,utility,0.971542217000243,,0.0,100.0
1. Cancer,ForestDiffusion,,0.0,Precision,0.9922331947331948,Extra Trees,,Utility,TSTR,0.9922331947331948,0.01187303560728529,classification,Generators/Experiment with utility data leak/utility results/1. Cancer/TRTR_TSTR_results_cancer.xlsx,utility,0.9922331947331948,,0.0,100.0
1. Cancer,ForestDiffusion,,0.0,Precision_Gap,0.9922331947331948,Extra Trees,,Utility,Gap,-0.02069097773295181,0.01187303560728529,classification,Generators/Experiment with utility data leak/utility results/1. Cancer/TRTR_TSTR_results_cancer.xlsx,utility,-0.02069097773295181,,0.0,100.0
1. Cancer,ForestDiffusion,,0.0,Recall,0.9476190476190476,Extra Trees,,Utility,TRTR,0.9476190476190476,0.02776643759450141,classification,Generators/Experiment with utility data leak/utility results/1. Cancer/TRTR_TSTR_results_cancer.xlsx,utility,0.9476190476190476,,0.0,100.0
1. Cancer,ForestDiffusion,,0.0,Recall,0.9214285714285714,Extra Trees,,Utility,TSTR,0.9214285714285714,0.04999999999999999,classification,Generators/Experiment with utility data leak/utility results/1. Cancer/TRTR_TSTR_results_cancer.xlsx,utility,0.9214285714285714,,0.0,100.0
1. Cancer,ForestDiffusion,,0.0,Recall_Gap,0.9214285714285714,Extra Trees,,Utility,Gap,0.02619047619047621,0.04999999999999999,classification,Generators/Experiment with utility data leak/utility results/1. Cancer/TRTR_TSTR_results_cancer.xlsx,utility,0.02619047619047621,,0.0,100.0
1. Cancer,ForestDiffusion,,,Accuracy_Drop,,Extra Trees,,,Gap,0.001754385964912286,,classification,Generators/Experiment with utility data leak/utility results/1. Cancer/TRTR_TSTR_results_cancer.xlsx,utility,0.001754385964912286,,0.0,100.0
1. Cancer,ForestDiffusion,,,F1_Drop,,Extra Trees,,,Gap,0.004105837328960305,,classification,Generators/Experiment with utility data leak/utility results/1. Cancer/TRTR_TSTR_results_cancer.xlsx,utility,0.004105837328960305,,0.0,100.0
1. Cancer,ForestDiffusion,,,Precision_Drop,,Extra Trees,,,Gap,-0.02069097773295181,,classification,Generators/Experiment with utility data leak/utility results/1. Cancer/TRTR_TSTR_results_cancer.xlsx,utility,-0.02069097773295181,,0.0,100.0
1. Cancer,ForestDiffusion,,,Recall_Drop,,Extra Trees,,,Gap,0.02619047619047621,,classification,Generators/Experiment with utility data leak/utility results/1. Cancer/TRTR_TSTR_results_cancer.xlsx,utility,0.02619047619047621,,0.0,100.0
1. Cancer,ForestDiffusion,,0.0,Accuracy,0.968421052631579,SVM-RBF,,Utility,TRTR,0.968421052631579,0.01806250901927543,classification,Generators/Experiment with utility data leak/utility results/1. Cancer/TRTR_TSTR_results_cancer.xlsx,utility,0.968421052631579,,0.0,100.0
1. Cancer,ForestDiffusion,,0.0,Accuracy,0.976315789473684,SVM-RBF,,Utility,TSTR,0.976315789473684,0.01417148633456448,classification,Generators/Experiment with utility data leak/utility results/1. Cancer/TRTR_TSTR_results_cancer.xlsx,utility,0.976315789473684,,0.0,100.0
1. Cancer,ForestDiffusion,,0.0,Accuracy_Gap,0.976315789473684,SVM-RBF,,Utility,Gap,-0.007894736842105066,0.01417148633456448,classification,Generators/Experiment with utility data leak/utility results/1. Cancer/TRTR_TSTR_results_cancer.xlsx,utility,-0.007894736842105066,,0.0,100.0
1. Cancer,ForestDiffusion,,0.0,F1,0.9562595401456587,SVM-RBF,,Utility,TRTR,0.9562595401456587,0.0249697085948244,classification,Generators/Experiment with utility data leak/utility results/1. Cancer/TRTR_TSTR_results_cancer.xlsx,utility,0.9562595401456587,,0.0,100.0
1. Cancer,ForestDiffusion,,0.0,F1,0.9668967874877652,SVM-RBF,,Utility,TSTR,0.9668967874877652,0.02019724432921812,classification,Generators/Experiment with utility data leak/utility results/1. Cancer/TRTR_TSTR_results_cancer.xlsx,utility,0.9668967874877652,,0.0,100.0
1. Cancer,ForestDiffusion,,0.0,F1_Gap,0.9668967874877652,SVM-RBF,,Utility,Gap,-0.01063724734210647,0.02019724432921812,classification,Generators/Experiment with utility data leak/utility results/1. Cancer/TRTR_TSTR_results_cancer.xlsx,utility,-0.01063724734210647,,0.0,100.0
1. Cancer,ForestDiffusion,,0.0,Precision,0.9756903217837779,SVM-RBF,,Utility,TRTR,0.9756903217837779,0.02809606508844681,classification,Generators/Experiment with utility data leak/utility results/1. Cancer/TRTR_TSTR_results_cancer.xlsx,utility,0.9756903217837779,,0.0,100.0
1. Cancer,ForestDiffusion,,0.0,Precision,0.9876768962744572,SVM-RBF,,Utility,TSTR,0.9876768962744572,0.012330996557035,classification,Generators/Experiment with utility data leak/utility results/1. Cancer/TRTR_TSTR_results_cancer.xlsx,utility,0.9876768962744572,,0.0,100.0
1. Cancer,ForestDiffusion,,0.0,Precision_Gap,0.9876768962744572,SVM-RBF,,Utility,Gap,-0.011986574490679303,0.012330996557035,classification,Generators/Experiment with utility data leak/utility results/1. Cancer/TRTR_TSTR_results_cancer.xlsx,utility,-0.011986574490679303,,0.0,100.0
1. Cancer,ForestDiffusion,,0.0,Recall,0.9380952380952381,SVM-RBF,,Utility,TRTR,0.9380952380952381,0.03049106779729926,classification,Generators/Experiment with utility data leak/utility results/1. Cancer/TRTR_TSTR_results_cancer.xlsx,utility,0.9380952380952381,,0.0,100.0
1. Cancer,ForestDiffusion,,0.0,Recall,0.9476190476190476,SVM-RBF,,Utility,TSTR,0.9476190476190476,0.03499271061118825,classification,Generators/Experiment with utility data leak/utility results/1. Cancer/TRTR_TSTR_results_cancer.xlsx,utility,0.9476190476190476,,0.0,100.0
1. Cancer,ForestDiffusion,,0.0,Recall_Gap,0.9476190476190476,SVM-RBF,,Utility,Gap,-0.00952380952380949,0.03499271061118825,classification,Generators/Experiment with utility data leak/utility results/1. Cancer/TRTR_TSTR_results_cancer.xlsx,utility,-0.00952380952380949,,0.0,100.0
1. Cancer,ForestDiffusion,,,Accuracy_Drop,,SVM-RBF,,,Gap,-0.007894736842105066,,classification,Generators/Experiment with utility data leak/utility results/1. Cancer/TRTR_TSTR_results_cancer.xlsx,utility,-0.007894736842105066,,0.0,100.0
1. Cancer,ForestDiffusion,,,F1_Drop,,SVM-RBF,,,Gap,-0.01063724734210647,,classification,Generators/Experiment with utility data leak/utility results/1. Cancer/TRTR_TSTR_results_cancer.xlsx,utility,-0.01063724734210647,,0.0,100.0
1. Cancer,ForestDiffusion,,,Precision_Drop,,SVM-RBF,,,Gap,-0.0119865744906793,,classification,Generators/Experiment with utility data leak/utility results/1. Cancer/TRTR_TSTR_results_cancer.xlsx,utility,-0.0119865744906793,,0.0,100.0
1. Cancer,ForestDiffusion,,,Recall_Drop,,SVM-RBF,,,Gap,-0.00952380952380949,,classification,Generators/Experiment with utility data leak/utility results/1. Cancer/TRTR_TSTR_results_cancer.xlsx,utility,-0.00952380952380949,,0.0,100.0
1. Cancer,ForestDiffusion,,0.0,Accuracy,0.9666666666666666,AdaBoost,,Utility,TRTR,0.9666666666666666,0.01022974016639526,classification,Generators/Experiment with utility data leak/utility results/1. Cancer/TRTR_TSTR_results_cancer.xlsx,utility,0.9666666666666666,,0.0,100.0
1. Cancer,ForestDiffusion,,0.0,Accuracy,0.9771929824561403,AdaBoost,,Utility,TSTR,0.9771929824561403,0.01370219241387132,classification,Generators/Experiment with utility data leak/utility results/1. Cancer/TRTR_TSTR_results_cancer.xlsx,utility,0.9771929824561403,,0.0,100.0
1. Cancer,ForestDiffusion,,0.0,Accuracy_Gap,0.9771929824561403,AdaBoost,,Utility,Gap,-0.010526315789473717,0.01370219241387132,classification,Generators/Experiment with utility data leak/utility results/1. Cancer/TRTR_TSTR_results_cancer.xlsx,utility,-0.010526315789473717,,0.0,100.0
1. Cancer,ForestDiffusion,,0.0,F1,0.9537824074424763,AdaBoost,,Utility,TRTR,0.9537824074424763,0.01443243582836966,classification,Generators/Experiment with utility data leak/utility results/1. Cancer/TRTR_TSTR_results_cancer.xlsx,utility,0.9537824074424763,,0.0,100.0
1. Cancer,ForestDiffusion,,0.0,F1,0.9683790770860614,AdaBoost,,Utility,TSTR,0.9683790770860614,0.01893114988312735,classification,Generators/Experiment with utility data leak/utility results/1. Cancer/TRTR_TSTR_results_cancer.xlsx,utility,0.9683790770860614,,0.0,100.0
1. Cancer,ForestDiffusion,,0.0,F1_Gap,0.9683790770860614,AdaBoost,,Utility,Gap,-0.01459666964358508,0.01893114988312735,classification,Generators/Experiment with utility data leak/utility results/1. Cancer/TRTR_TSTR_results_cancer.xlsx,utility,-0.01459666964358508,,0.0,100.0
1. Cancer,ForestDiffusion,,0.0,Precision,0.9735489892977129,AdaBoost,,Utility,TRTR,0.9735489892977129,0.02210918228480495,classification,Generators/Experiment with utility data leak/utility results/1. Cancer/TRTR_TSTR_results_cancer.xlsx,utility,0.9735489892977129,,0.0,100.0
1. Cancer,ForestDiffusion,,0.0,Precision,0.9863465053255183,AdaBoost,,Utility,TSTR,0.9863465053255183,0.02678203181220571,classification,Generators/Experiment with utility data leak/utility results/1. Cancer/TRTR_TSTR_results_cancer.xlsx,utility,0.9863465053255183,,0.0,100.0
1. Cancer,ForestDiffusion,,0.0,Precision_Gap,0.9863465053255183,AdaBoost,,Utility,Gap,-0.012797516027805322,0.02678203181220571,classification,Generators/Experiment with utility data leak/utility results/1. Cancer/TRTR_TSTR_results_cancer.xlsx,utility,-0.012797516027805322,,0.0,100.0
1. Cancer,ForestDiffusion,,0.0,Recall,0.9357142857142857,AdaBoost,,Utility,TRTR,0.9357142857142857,0.02827224306437598,classification,Generators/Experiment with utility data leak/utility results/1. Cancer/TRTR_TSTR_results_cancer.xlsx,utility,0.9357142857142857,,0.0,100.0
1. Cancer,ForestDiffusion,,0.0,Recall,0.9523809523809523,AdaBoost,,Utility,TSTR,0.9523809523809523,0.03531523089093172,classification,Generators/Experiment with utility data leak/utility results/1. Cancer/TRTR_TSTR_results_cancer.xlsx,utility,0.9523809523809523,,0.0,100.0
1. Cancer,ForestDiffusion,,0.0,Recall_Gap,0.9523809523809523,AdaBoost,,Utility,Gap,-0.016666666666666607,0.03531523089093172,classification,Generators/Experiment with utility data leak/utility results/1. Cancer/TRTR_TSTR_results_cancer.xlsx,utility,-0.016666666666666607,,0.0,100.0
1. Cancer,ForestDiffusion,,,Accuracy_Drop,,AdaBoost,,,Gap,-0.01052631578947372,,classification,Generators/Experiment with utility data leak/utility results/1. Cancer/TRTR_TSTR_results_cancer.xlsx,utility,-0.01052631578947372,,0.0,100.0
1. Cancer,ForestDiffusion,,,F1_Drop,,AdaBoost,,,Gap,-0.01459666964358508,,classification,Generators/Experiment with utility data leak/utility results/1. Cancer/TRTR_TSTR_results_cancer.xlsx,utility,-0.01459666964358508,,0.0,100.0
1. Cancer,ForestDiffusion,,,Precision_Drop,,AdaBoost,,,Gap,-0.01279751602780532,,classification,Generators/Experiment with utility data leak/utility results/1. Cancer/TRTR_TSTR_results_cancer.xlsx,utility,-0.01279751602780532,,0.0,100.0
1. Cancer,ForestDiffusion,,,Recall_Drop,,AdaBoost,,,Gap,-0.01666666666666661,,classification,Generators/Experiment with utility data leak/utility results/1. Cancer/TRTR_TSTR_results_cancer.xlsx,utility,-0.01666666666666661,,0.0,100.0
1. Cancer,ForestDiffusion,,0.0,Accuracy,0.9631578947368421,Gradient Boosting,,Utility,TRTR,0.9631578947368421,0.0203084857943688,classification,Generators/Experiment with utility data leak/utility results/1. Cancer/TRTR_TSTR_results_cancer.xlsx,utility,0.9631578947368421,,0.0,100.0
1. Cancer,ForestDiffusion,,0.0,Accuracy,0.9728070175438598,Gradient Boosting,,Utility,TSTR,0.9728070175438598,0.01491228070175439,classification,Generators/Experiment with utility data leak/utility results/1. Cancer/TRTR_TSTR_results_cancer.xlsx,utility,0.9728070175438598,,0.0,100.0
1. Cancer,ForestDiffusion,,0.0,Accuracy_Gap,0.9728070175438598,Gradient Boosting,,Utility,Gap,-0.009649122807017685,0.01491228070175439,classification,Generators/Experiment with utility data leak/utility results/1. Cancer/TRTR_TSTR_results_cancer.xlsx,utility,-0.009649122807017685,,0.0,100.0
1. Cancer,ForestDiffusion,,0.0,F1,0.9494212600983015,Gradient Boosting,,Utility,TRTR,0.9494212600983015,0.02779434087071402,classification,Generators/Experiment with utility data leak/utility results/1. Cancer/TRTR_TSTR_results_cancer.xlsx,utility,0.9494212600983015,,0.0,100.0
1. Cancer,ForestDiffusion,,0.0,F1,0.9619575125900426,Gradient Boosting,,Utility,TSTR,0.9619575125900426,0.02116204340633657,classification,Generators/Experiment with utility data leak/utility results/1. Cancer/TRTR_TSTR_results_cancer.xlsx,utility,0.9619575125900426,,0.0,100.0
1. Cancer,ForestDiffusion,,0.0,F1_Gap,0.9619575125900426,Gradient Boosting,,Utility,Gap,-0.012536252491741062,0.02116204340633657,classification,Generators/Experiment with utility data leak/utility results/1. Cancer/TRTR_TSTR_results_cancer.xlsx,utility,-0.012536252491741062,,0.0,100.0
1. Cancer,ForestDiffusion,,0.0,Precision,0.9620305430373497,Gradient Boosting,,Utility,TRTR,0.9620305430373497,0.0358379580625646,classification,Generators/Experiment with utility data leak/utility results/1. Cancer/TRTR_TSTR_results_cancer.xlsx,utility,0.9620305430373497,,0.0,100.0
1. Cancer,ForestDiffusion,,0.0,Precision,0.9852313711107037,Gradient Boosting,,Utility,TSTR,0.9852313711107037,0.01627142953979377,classification,Generators/Experiment with utility data leak/utility results/1. Cancer/TRTR_TSTR_results_cancer.xlsx,utility,0.9852313711107037,,0.0,100.0
1. Cancer,ForestDiffusion,,0.0,Precision_Gap,0.9852313711107037,Gradient Boosting,,Utility,Gap,-0.023200828073353996,0.01627142953979377,classification,Generators/Experiment with utility data leak/utility results/1. Cancer/TRTR_TSTR_results_cancer.xlsx,utility,-0.023200828073353996,,0.0,100.0
1. Cancer,ForestDiffusion,,0.0,Recall,0.938095238095238,Gradient Boosting,,Utility,TRTR,0.938095238095238,0.03400680204068023,classification,Generators/Experiment with utility data leak/utility results/1. Cancer/TRTR_TSTR_results_cancer.xlsx,utility,0.938095238095238,,0.0,100.0
1. Cancer,ForestDiffusion,,0.0,Recall,0.9404761904761905,Gradient Boosting,,Utility,TSTR,0.9404761904761905,0.03571428571428571,classification,Generators/Experiment with utility data leak/utility results/1. Cancer/TRTR_TSTR_results_cancer.xlsx,utility,0.9404761904761905,,0.0,100.0
1. Cancer,ForestDiffusion,,0.0,Recall_Gap,0.9404761904761905,Gradient Boosting,,Utility,Gap,-0.0023809523809524835,0.03571428571428571,classification,Generators/Experiment with utility data leak/utility results/1. Cancer/TRTR_TSTR_results_cancer.xlsx,utility,-0.0023809523809524835,,0.0,100.0
1. Cancer,ForestDiffusion,,,Accuracy_Drop,,Gradient Boosting,,,Gap,-0.009649122807017685,,classification,Generators/Experiment with utility data leak/utility results/1. Cancer/TRTR_TSTR_results_cancer.xlsx,utility,-0.009649122807017685,,0.0,100.0
1. Cancer,ForestDiffusion,,,F1_Drop,,Gradient Boosting,,,Gap,-0.01253625249174106,,classification,Generators/Experiment with utility data leak/utility results/1. Cancer/TRTR_TSTR_results_cancer.xlsx,utility,-0.01253625249174106,,0.0,100.0
1. Cancer,ForestDiffusion,,,Precision_Drop,,Gradient Boosting,,,Gap,-0.023200828073354,,classification,Generators/Experiment with utility data leak/utility results/1. Cancer/TRTR_TSTR_results_cancer.xlsx,utility,-0.023200828073354,,0.0,100.0
1. Cancer,ForestDiffusion,,,Recall_Drop,,Gradient Boosting,,,Gap,-0.002380952380952484,,classification,Generators/Experiment with utility data leak/utility results/1. Cancer/TRTR_TSTR_results_cancer.xlsx,utility,-0.002380952380952484,,0.0,100.0
1. Cancer,ForestDiffusion,,0.0,Accuracy,0.962280701754386,Random Forest,,Utility,TRTR,0.962280701754386,0.0136176971019825,classification,Generators/Experiment with utility data leak/utility results/1. Cancer/TRTR_TSTR_results_cancer.xlsx,utility,0.962280701754386,,0.0,100.0
1. Cancer,ForestDiffusion,,0.0,Accuracy,0.9692982456140351,Random Forest,,Utility,TSTR,0.9692982456140351,0.0212164677586804,classification,Generators/Experiment with utility data leak/utility results/1. Cancer/TRTR_TSTR_results_cancer.xlsx,utility,0.9692982456140351,,0.0,100.0
1. Cancer,ForestDiffusion,,0.0,Accuracy_Gap,0.9692982456140351,Random Forest,,Utility,Gap,-0.007017543859649145,0.0212164677586804,classification,Generators/Experiment with utility data leak/utility results/1. Cancer/TRTR_TSTR_results_cancer.xlsx,utility,-0.007017543859649145,,0.0,100.0
1. Cancer,ForestDiffusion,,0.0,F1,0.9482304799188631,Random Forest,,Utility,TRTR,0.9482304799188631,0.01843776018375915,classification,Generators/Experiment with utility data leak/utility results/1. Cancer/TRTR_TSTR_results_cancer.xlsx,utility,0.9482304799188631,,0.0,100.0
1. Cancer,ForestDiffusion,,0.0,F1,0.9562420946465988,Random Forest,,Utility,TSTR,0.9562420946465988,0.03078678036577362,classification,Generators/Experiment with utility data leak/utility results/1. Cancer/TRTR_TSTR_results_cancer.xlsx,utility,0.9562420946465988,,0.0,100.0
1. Cancer,ForestDiffusion,,0.0,F1_Gap,0.9562420946465988,Random Forest,,Utility,Gap,-0.008011614727735705,0.03078678036577362,classification,Generators/Experiment with utility data leak/utility results/1. Cancer/TRTR_TSTR_results_cancer.xlsx,utility,-0.008011614727735705,,0.0,100.0
1. Cancer,ForestDiffusion,,0.0,Precision,0.9617923931806518,Random Forest,,Utility,TRTR,0.9617923931806518,0.02967466301692189,classification,Generators/Experiment with utility data leak/utility results/1. Cancer/TRTR_TSTR_results_cancer.xlsx,utility,0.9617923931806518,,0.0,100.0
1. Cancer,ForestDiffusion,,0.0,Precision,0.9898962148962148,Random Forest,,Utility,TSTR,0.9898962148962148,0.01635779965675632,classification,Generators/Experiment with utility data leak/utility results/1. Cancer/TRTR_TSTR_results_cancer.xlsx,utility,0.9898962148962148,,0.0,100.0
1. Cancer,ForestDiffusion,,0.0,Precision_Gap,0.9898962148962148,Random Forest,,Utility,Gap,-0.028103821715563027,0.01635779965675632,classification,Generators/Experiment with utility data leak/utility results/1. Cancer/TRTR_TSTR_results_cancer.xlsx,utility,-0.028103821715563027,,0.0,100.0
1. Cancer,ForestDiffusion,,0.0,Recall,0.9357142857142857,Random Forest,,Utility,TRTR,0.9357142857142857,0.0214285714285714,classification,Generators/Experiment with utility data leak/utility results/1. Cancer/TRTR_TSTR_results_cancer.xlsx,utility,0.9357142857142857,,0.0,100.0
1. Cancer,ForestDiffusion,,0.0,Recall,0.9261904761904761,Random Forest,,Utility,TSTR,0.9261904761904761,0.05265081997022852,classification,Generators/Experiment with utility data leak/utility results/1. Cancer/TRTR_TSTR_results_cancer.xlsx,utility,0.9261904761904761,,0.0,100.0
1. Cancer,ForestDiffusion,,0.0,Recall_Gap,0.9261904761904761,Random Forest,,Utility,Gap,0.009523809523809601,0.05265081997022852,classification,Generators/Experiment with utility data leak/utility results/1. Cancer/TRTR_TSTR_results_cancer.xlsx,utility,0.009523809523809601,,0.0,100.0
1. Cancer,ForestDiffusion,,,Accuracy_Drop,,Random Forest,,,Gap,-0.007017543859649145,,classification,Generators/Experiment with utility data leak/utility results/1. Cancer/TRTR_TSTR_results_cancer.xlsx,utility,-0.007017543859649145,,0.0,100.0
1. Cancer,ForestDiffusion,,,F1_Drop,,Random Forest,,,Gap,-0.008011614727735705,,classification,Generators/Experiment with utility data leak/utility results/1. Cancer/TRTR_TSTR_results_cancer.xlsx,utility,-0.008011614727735705,,0.0,100.0
1. Cancer,ForestDiffusion,,,Precision_Drop,,Random Forest,,,Gap,-0.02810382171556303,,classification,Generators/Experiment with utility data leak/utility results/1. Cancer/TRTR_TSTR_results_cancer.xlsx,utility,-0.02810382171556303,,0.0,100.0
1. Cancer,ForestDiffusion,,,Recall_Drop,,Random Forest,,,Gap,0.009523809523809601,,classification,Generators/Experiment with utility data leak/utility results/1. Cancer/TRTR_TSTR_results_cancer.xlsx,utility,0.009523809523809601,,0.0,100.0
1. Cancer,ForestDiffusion,,0.0,Accuracy,0.962280701754386,KNN,,Utility,TRTR,0.962280701754386,0.01883413206454726,classification,Generators/Experiment with utility data leak/utility results/1. Cancer/TRTR_TSTR_results_cancer.xlsx,utility,0.962280701754386,,0.0,100.0
1. Cancer,ForestDiffusion,,0.0,Accuracy,0.9526315789473683,KNN,,Utility,TSTR,0.9526315789473683,0.01848360307518024,classification,Generators/Experiment with utility data leak/utility results/1. Cancer/TRTR_TSTR_results_cancer.xlsx,utility,0.9526315789473683,,0.0,100.0
1. Cancer,ForestDiffusion,,0.0,Accuracy_Gap,0.9526315789473683,KNN,,Utility,Gap,0.009649122807017685,0.01848360307518024,classification,Generators/Experiment with utility data leak/utility results/1. Cancer/TRTR_TSTR_results_cancer.xlsx,utility,0.009649122807017685,,0.0,100.0
1. Cancer,ForestDiffusion,,0.0,F1,0.947074373024434,KNN,,Utility,TRTR,0.947074373024434,0.02672761688789936,classification,Generators/Experiment with utility data leak/utility results/1. Cancer/TRTR_TSTR_results_cancer.xlsx,utility,0.947074373024434,,0.0,100.0
1. Cancer,ForestDiffusion,,0.0,F1,0.9332309434412295,KNN,,Utility,TSTR,0.9332309434412295,0.02747334297566519,classification,Generators/Experiment with utility data leak/utility results/1. Cancer/TRTR_TSTR_results_cancer.xlsx,utility,0.9332309434412295,,0.0,100.0
1. Cancer,ForestDiffusion,,0.0,F1_Gap,0.9332309434412295,KNN,,Utility,Gap,0.013843429583204503,0.02747334297566519,classification,Generators/Experiment with utility data leak/utility results/1. Cancer/TRTR_TSTR_results_cancer.xlsx,utility,0.013843429583204503,,0.0,100.0
1. Cancer,ForestDiffusion,,0.0,Precision,0.9751404010156286,KNN,,Utility,TRTR,0.9751404010156286,0.02459125532957641,classification,Generators/Experiment with utility data leak/utility results/1. Cancer/TRTR_TSTR_results_cancer.xlsx,utility,0.9751404010156286,,0.0,100.0
1. Cancer,ForestDiffusion,,0.0,Precision,0.9629047211524746,KNN,,Utility,TSTR,0.9629047211524746,0.02270577718504238,classification,Generators/Experiment with utility data leak/utility results/1. Cancer/TRTR_TSTR_results_cancer.xlsx,utility,0.9629047211524746,,0.0,100.0
1. Cancer,ForestDiffusion,,0.0,Precision_Gap,0.9629047211524746,KNN,,Utility,Gap,0.012235679863153992,0.02270577718504238,classification,Generators/Experiment with utility data leak/utility results/1. Cancer/TRTR_TSTR_results_cancer.xlsx,utility,0.012235679863153992,,0.0,100.0
1. Cancer,ForestDiffusion,,0.0,Recall,0.9214285714285715,KNN,,Utility,TRTR,0.9214285714285715,0.03991203479581002,classification,Generators/Experiment with utility data leak/utility results/1. Cancer/TRTR_TSTR_results_cancer.xlsx,utility,0.9214285714285715,,0.0,100.0
1. Cancer,ForestDiffusion,,0.0,Recall,0.9071428571428571,KNN,,Utility,TSTR,0.9071428571428571,0.0504514764295645,classification,Generators/Experiment with utility data leak/utility results/1. Cancer/TRTR_TSTR_results_cancer.xlsx,utility,0.9071428571428571,,0.0,100.0
1. Cancer,ForestDiffusion,,0.0,Recall_Gap,0.9071428571428571,KNN,,Utility,Gap,0.014285714285714346,0.0504514764295645,classification,Generators/Experiment with utility data leak/utility results/1. Cancer/TRTR_TSTR_results_cancer.xlsx,utility,0.014285714285714346,,0.0,100.0
1. Cancer,ForestDiffusion,,,Accuracy_Drop,,KNN,,,Gap,0.009649122807017685,,classification,Generators/Experiment with utility data leak/utility results/1. Cancer/TRTR_TSTR_results_cancer.xlsx,utility,0.009649122807017685,,0.0,100.0
1. Cancer,ForestDiffusion,,,F1_Drop,,KNN,,,Gap,0.0138434295832045,,classification,Generators/Experiment with utility data leak/utility results/1. Cancer/TRTR_TSTR_results_cancer.xlsx,utility,0.0138434295832045,,0.0,100.0
1. Cancer,ForestDiffusion,,,Precision_Drop,,KNN,,,Gap,0.01223567986315399,,classification,Generators/Experiment with utility data leak/utility results/1. Cancer/TRTR_TSTR_results_cancer.xlsx,utility,0.01223567986315399,,0.0,100.0
1. Cancer,ForestDiffusion,,,Recall_Drop,,KNN,,,Gap,0.01428571428571435,,classification,Generators/Experiment with utility data leak/utility results/1. Cancer/TRTR_TSTR_results_cancer.xlsx,utility,0.01428571428571435,,0.0,100.0
1. Cancer,ForestDiffusion,,0.0,Accuracy,0.9350877192982457,Decision Tree,,Utility,TRTR,0.9350877192982457,0.02045948033279054,classification,Generators/Experiment with utility data leak/utility results/1. Cancer/TRTR_TSTR_results_cancer.xlsx,utility,0.9350877192982457,,0.0,100.0
1. Cancer,ForestDiffusion,,0.0,Accuracy,0.9184210526315789,Decision Tree,,Utility,TSTR,0.9184210526315789,0.02355389751245184,classification,Generators/Experiment with utility data leak/utility results/1. Cancer/TRTR_TSTR_results_cancer.xlsx,utility,0.9184210526315789,,0.0,100.0
1. Cancer,ForestDiffusion,,0.0,Accuracy_Gap,0.9184210526315789,Decision Tree,,Utility,Gap,0.01666666666666683,0.02355389751245184,classification,Generators/Experiment with utility data leak/utility results/1. Cancer/TRTR_TSTR_results_cancer.xlsx,utility,0.01666666666666683,,0.0,100.0
1. Cancer,ForestDiffusion,,0.0,F1,0.9122461606275634,Decision Tree,,Utility,TRTR,0.9122461606275634,0.02771502846045041,classification,Generators/Experiment with utility data leak/utility results/1. Cancer/TRTR_TSTR_results_cancer.xlsx,utility,0.9122461606275634,,0.0,100.0
1. Cancer,ForestDiffusion,,0.0,F1,0.8874586514506332,Decision Tree,,Utility,TSTR,0.8874586514506332,0.03462216351334562,classification,Generators/Experiment with utility data leak/utility results/1. Cancer/TRTR_TSTR_results_cancer.xlsx,utility,0.8874586514506332,,0.0,100.0
1. Cancer,ForestDiffusion,,0.0,F1_Gap,0.8874586514506332,Decision Tree,,Utility,Gap,0.024787509176930178,0.03462216351334562,classification,Generators/Experiment with utility data leak/utility results/1. Cancer/TRTR_TSTR_results_cancer.xlsx,utility,0.024787509176930178,,0.0,100.0
1. Cancer,ForestDiffusion,,0.0,Precision,0.9096981560397401,Decision Tree,,Utility,TRTR,0.9096981560397401,0.03732307542896939,classification,Generators/Experiment with utility data leak/utility results/1. Cancer/TRTR_TSTR_results_cancer.xlsx,utility,0.9096981560397401,,0.0,100.0
1. Cancer,ForestDiffusion,,0.0,Precision,0.8978543785778763,Decision Tree,,Utility,TSTR,0.8978543785778763,0.02583052328885385,classification,Generators/Experiment with utility data leak/utility results/1. Cancer/TRTR_TSTR_results_cancer.xlsx,utility,0.8978543785778763,,0.0,100.0
1. Cancer,ForestDiffusion,,0.0,Precision_Gap,0.8978543785778763,Decision Tree,,Utility,Gap,0.011843777461863825,0.02583052328885385,classification,Generators/Experiment with utility data leak/utility results/1. Cancer/TRTR_TSTR_results_cancer.xlsx,utility,0.011843777461863825,,0.0,100.0
1. Cancer,ForestDiffusion,,0.0,Recall,0.9166666666666666,Decision Tree,,Utility,TRTR,0.9166666666666666,0.04158154570612613,classification,Generators/Experiment with utility data leak/utility results/1. Cancer/TRTR_TSTR_results_cancer.xlsx,utility,0.9166666666666666,,0.0,100.0
1. Cancer,ForestDiffusion,,0.0,Recall,0.8785714285714284,Decision Tree,,Utility,TSTR,0.8785714285714284,0.05265081997022854,classification,Generators/Experiment with utility data leak/utility results/1. Cancer/TRTR_TSTR_results_cancer.xlsx,utility,0.8785714285714284,,0.0,100.0
1. Cancer,ForestDiffusion,,0.0,Recall_Gap,0.8785714285714284,Decision Tree,,Utility,Gap,0.03809523809523818,0.05265081997022854,classification,Generators/Experiment with utility data leak/utility results/1. Cancer/TRTR_TSTR_results_cancer.xlsx,utility,0.03809523809523818,,0.0,100.0
1. Cancer,ForestDiffusion,,,Accuracy_Drop,,Decision Tree,,,Gap,0.01666666666666683,,classification,Generators/Experiment with utility data leak/utility results/1. Cancer/TRTR_TSTR_results_cancer.xlsx,utility,0.01666666666666683,,0.0,100.0
1. Cancer,ForestDiffusion,,,F1_Drop,,Decision Tree,,,Gap,0.02478750917693018,,classification,Generators/Experiment with utility data leak/utility results/1. Cancer/TRTR_TSTR_results_cancer.xlsx,utility,0.02478750917693018,,0.0,100.0
1. Cancer,ForestDiffusion,,,Precision_Drop,,Decision Tree,,,Gap,0.01184377746186382,,classification,Generators/Experiment with utility data leak/utility results/1. Cancer/TRTR_TSTR_results_cancer.xlsx,utility,0.01184377746186382,,0.0,100.0
1. Cancer,ForestDiffusion,,,Recall_Drop,,Decision Tree,,,Gap,0.03809523809523818,,classification,Generators/Experiment with utility data leak/utility results/1. Cancer/TRTR_TSTR_results_cancer.xlsx,utility,0.03809523809523818,,0.0,100.0
1. Cancer,ForestDiffusion,,0.0,Accuracy,0.9324561403508772,Naive Bayes,,Utility,TRTR,0.9324561403508772,0.02322491630679601,classification,Generators/Experiment with utility data leak/utility results/1. Cancer/TRTR_TSTR_results_cancer.xlsx,utility,0.9324561403508772,,0.0,100.0
1. Cancer,ForestDiffusion,,0.0,Accuracy,0.9280701754385966,Naive Bayes,,Utility,TSTR,0.9280701754385966,0.02105263157894736,classification,Generators/Experiment with utility data leak/utility results/1. Cancer/TRTR_TSTR_results_cancer.xlsx,utility,0.9280701754385966,,0.0,100.0
1. Cancer,ForestDiffusion,,0.0,Accuracy_Gap,0.9280701754385966,Naive Bayes,,Utility,Gap,0.004385964912280604,0.02105263157894736,classification,Generators/Experiment with utility data leak/utility results/1. Cancer/TRTR_TSTR_results_cancer.xlsx,utility,0.004385964912280604,,0.0,100.0
1. Cancer,ForestDiffusion,,0.0,F1,0.9055642341410918,Naive Bayes,,Utility,TRTR,0.9055642341410918,0.0327534076549362,classification,Generators/Experiment with utility data leak/utility results/1. Cancer/TRTR_TSTR_results_cancer.xlsx,utility,0.9055642341410918,,0.0,100.0
1. Cancer,ForestDiffusion,,0.0,F1,0.8998892151047351,Naive Bayes,,Utility,TSTR,0.8998892151047351,0.03076924209025666,classification,Generators/Experiment with utility data leak/utility results/1. Cancer/TRTR_TSTR_results_cancer.xlsx,utility,0.8998892151047351,,0.0,100.0
1. Cancer,ForestDiffusion,,0.0,F1_Gap,0.8998892151047351,Naive Bayes,,Utility,Gap,0.005675019036356699,0.03076924209025666,classification,Generators/Experiment with utility data leak/utility results/1. Cancer/TRTR_TSTR_results_cancer.xlsx,utility,0.005675019036356699,,0.0,100.0
1. Cancer,ForestDiffusion,,0.0,Precision,0.931024002484766,Naive Bayes,,Utility,TRTR,0.931024002484766,0.03636585629143303,classification,Generators/Experiment with utility data leak/utility results/1. Cancer/TRTR_TSTR_results_cancer.xlsx,utility,0.931024002484766,,0.0,100.0
1. Cancer,ForestDiffusion,,0.0,Precision,0.9197667999268523,Naive Bayes,,Utility,TSTR,0.9197667999268523,0.03384720557007491,classification,Generators/Experiment with utility data leak/utility results/1. Cancer/TRTR_TSTR_results_cancer.xlsx,utility,0.9197667999268523,,0.0,100.0
1. Cancer,ForestDiffusion,,0.0,Precision_Gap,0.9197667999268523,Naive Bayes,,Utility,Gap,0.011257202557913737,0.03384720557007491,classification,Generators/Experiment with utility data leak/utility results/1. Cancer/TRTR_TSTR_results_cancer.xlsx,utility,0.011257202557913737,,0.0,100.0
1. Cancer,ForestDiffusion,,0.0,Recall,0.8833333333333332,Naive Bayes,,Utility,TRTR,0.8833333333333332,0.05156287578025646,classification,Generators/Experiment with utility data leak/utility results/1. Cancer/TRTR_TSTR_results_cancer.xlsx,utility,0.8833333333333332,,0.0,100.0
1. Cancer,ForestDiffusion,,0.0,Recall,0.8833333333333334,Naive Bayes,,Utility,TSTR,0.8833333333333334,0.05578749768504752,classification,Generators/Experiment with utility data leak/utility results/1. Cancer/TRTR_TSTR_results_cancer.xlsx,utility,0.8833333333333334,,0.0,100.0
1. Cancer,ForestDiffusion,,0.0,Recall_Gap,0.8833333333333334,Naive Bayes,,Utility,Gap,-2.220446049250313e-16,0.05578749768504752,classification,Generators/Experiment with utility data leak/utility results/1. Cancer/TRTR_TSTR_results_cancer.xlsx,utility,-2.220446049250313e-16,,0.0,100.0
1. Cancer,ForestDiffusion,,,Accuracy_Drop,,Naive Bayes,,,Gap,0.004385964912280604,,classification,Generators/Experiment with utility data leak/utility results/1. Cancer/TRTR_TSTR_results_cancer.xlsx,utility,0.004385964912280604,,0.0,100.0
1. Cancer,ForestDiffusion,,,F1_Drop,,Naive Bayes,,,Gap,0.005675019036356699,,classification,Generators/Experiment with utility data leak/utility results/1. Cancer/TRTR_TSTR_results_cancer.xlsx,utility,0.005675019036356699,,0.0,100.0
1. Cancer,ForestDiffusion,,,Precision_Drop,,Naive Bayes,,,Gap,0.01125720255791374,,classification,Generators/Experiment with utility data leak/utility results/1. Cancer/TRTR_TSTR_results_cancer.xlsx,utility,0.01125720255791374,,0.0,100.0
1. Cancer,ForestDiffusion,,,Recall_Drop,,Naive Bayes,,,Gap,-2.220446049250313e-16,,classification,Generators/Experiment with utility data leak/utility results/1. Cancer/TRTR_TSTR_results_cancer.xlsx,utility,-2.220446049250313e-16,,0.0,100.0
1. Cancer,GaussianCopula,,0.0,Wasserstein_Distance,0.014806,,,Fidelity,Score,0.014806,,,Generators/SDV models/1. Cancer.ipynb,,,,,
1. Cancer,TVAE,,0.0,Wasserstein_Distance,0.030417,,,Fidelity,Score,0.030417,,,Generators/SDV models/1. Cancer.ipynb,,,,,
1. Cancer,CTGAN,,0.0,Wasserstein_Distance,0.07423,,,Fidelity,Score,0.07423,,,Generators/SDV models/1. Cancer.ipynb,,,,,
1. Cancer,CopulaGAN,,0.0,Wasserstein_Distance,0.123656,,,Fidelity,Score,0.123656,,,Generators/SDV models/1. Cancer.ipynb,,,,,
1. Cancer,CTGAN,,0.0,Gower_Distance,0.825575,,,Fidelity,Score,0.825575,,,Generators/SDV models/1. Cancer.ipynb,,,,,
1. Cancer,CopulaGAN,,0.0,Gower_Distance,0.787046,,,Fidelity,Score,0.787046,,,Generators/SDV models/1. Cancer.ipynb,,,,,
1. Cancer,TVAE,,0.0,Gower_Distance,0.865425,,,Fidelity,Score,0.865425,,,Generators/SDV models/1. Cancer.ipynb,,,,,
1. Cancer,GaussianCopula,,0.0,Gower_Distance,0.851888,,,Fidelity,Score,0.851888,,,Generators/SDV models/1. Cancer.ipynb,,,,,
1. Cancer,GaussianCopula,,0.0,MMD,0.003901,,,Fidelity,Score,0.003901,,,Generators/SDV models/1. Cancer.ipynb,,,,,
1. Cancer,TVAE,,0.0,MMD,0.020162,,,Fidelity,Score,0.020162,,,Generators/SDV models/1. Cancer.ipynb,,,,,
1. Cancer,CTGAN,,0.0,MMD,0.142486,,,Fidelity,Score,0.142486,,,Generators/SDV models/1. Cancer.ipynb,,,,,
1. Cancer,CopulaGAN,,0.0,MMD,0.341616,,,Fidelity,Score,0.341616,,,Generators/SDV models/1. Cancer.ipynb,,,,,
1. Cancer,TVAE,,0.0,Cosine_Similarity,0.043196,,,Fidelity,Score,0.043196,,,Generators/SDV models/1. Cancer.ipynb,,,,,
1. Cancer,GaussianCopula,,0.0,Cosine_Similarity,0.012774,,,Fidelity,Score,0.012774,,,Generators/SDV models/1. Cancer.ipynb,,,,,
1. Cancer,CTGAN,,0.0,Cosine_Similarity,0.007301,,,Fidelity,Score,0.007301,,,Generators/SDV models/1. Cancer.ipynb,,,,,
1. Cancer,CopulaGAN,,0.0,Cosine_Similarity,-0.042749,,,Fidelity,Score,-0.042749,,,Generators/SDV models/1. Cancer.ipynb,,,,,
1. Cancer,CTGAN,,0.0,PCA_Mean_Error,22.139785,,,Fidelity,Score,22.139785,,,Generators/SDV models/1. Cancer.ipynb,,,,,
1. Cancer,CopulaGAN,,0.0,PCA_Mean_Error,43.617757,,,Fidelity,Score,43.617757,,,Generators/SDV models/1. Cancer.ipynb,,,,,
1. Cancer,TVAE,,0.0,PCA_Mean_Error,9.333224,,,Fidelity,Score,9.333224,,,Generators/SDV models/1. Cancer.ipynb,,,,,
1. Cancer,GaussianCopula,,0.0,PCA_Mean_Error,1.140859,,,Fidelity,Score,1.140859,,,Generators/SDV models/1. Cancer.ipynb,,,,,
1. Cancer,GaussianCopula,,0.0,MMD_Multivariate,0.001456,,,Fidelity,Score,0.001456,,,Generators/SDV models/1. Cancer.ipynb,,,,,
1. Cancer,TVAE,,0.0,MMD_Multivariate,0.018341,,,Fidelity,Score,0.018341,,,Generators/SDV models/1. Cancer.ipynb,,,,,
1. Cancer,CTGAN,,0.0,MMD_Multivariate,0.087208,,,Fidelity,Score,0.087208,,,Generators/SDV models/1. Cancer.ipynb,,,,,
1. Cancer,CopulaGAN,,0.0,MMD_Multivariate,0.210474,,,Fidelity,Score,0.210474,,,Generators/SDV models/1. Cancer.ipynb,,,,,
1. Cancer,CTGAN,,0.0,KS_Complement,0.7403,,,Fidelity,Score,0.7403,,,Generators/SDV models/1. Cancer.ipynb,,,,,
1. Cancer,CopulaGAN,,0.0,KS_Complement,0.6568999999999999,,,Fidelity,Score,0.6568999999999999,,,Generators/SDV models/1. Cancer.ipynb,,,,,
1. Cancer,TVAE,,0.0,KS_Complement,0.873,,,Fidelity,Score,0.873,,,Generators/SDV models/1. Cancer.ipynb,,,,,
1. Cancer,GaussianCopula,,0.0,KS_Complement,0.93,,,Fidelity,Score,0.93,,,Generators/SDV models/1. Cancer.ipynb,,,,,
1. Cancer,CTGAN,,0.0,JS_Divergence,0.1121379310344827,,,Fidelity,Score,0.1121379310344827,,,Results/Supplementary/js_divergence_from_plots.csv,,,,,
1. Cancer,CopulaGAN,,0.0,JS_Divergence,0.1410357142857143,,,Fidelity,Score,0.1410357142857143,,,Results/Supplementary/js_divergence_from_plots.csv,,,,,
1. Cancer,TVAE,,0.0,JS_Divergence,0.0458095238095238,,,Fidelity,Score,0.0458095238095238,,,Results/Supplementary/js_divergence_from_plots.csv,,,,,
1. Cancer,GaussianCopula,,0.0,JS_Divergence,0.037235294117647,,,Fidelity,Score,0.037235294117647,,,Results/Supplementary/js_divergence_from_plots.csv,,,,,
1. Cancer,WGAN_GP,,0.0,Wasserstein_Distance,0.010063,,,Fidelity,Score,0.010063,,,Generators/Other GANS/1. Cancer_other GAN.ipynb,,,,,
1. Cancer,CTABGAN,,0.0,Wasserstein_Distance,0.037154,,,Fidelity,Score,0.037154,,,Generators/Other GANS/1. Cancer_other GAN.ipynb,,,,,
1. Cancer,CTABGAN,,0.0,Gower_Distance,0.845894,,,Fidelity,Score,0.845894,,,Generators/Other GANS/1. Cancer_other GAN.ipynb,,,,,
1. Cancer,WGAN_GP,,0.0,Gower_Distance,0.87225,,,Fidelity,Score,0.87225,,,Generators/Other GANS/1. Cancer_other GAN.ipynb,,,,,
1. Cancer,WGAN_GP,,0.0,MMD,0.001618,,,Fidelity,Score,0.001618,,,Generators/Other GANS/1. Cancer_other GAN.ipynb,,,,,
1. Cancer,CTABGAN,,0.0,MMD,0.045172,,,Fidelity,Score,0.045172,,,Generators/Other GANS/1. Cancer_other GAN.ipynb,,,,,
1. Cancer,WGAN_GP,,0.0,Cosine_Similarity,0.021422,,,Fidelity,Score,0.021422,,,Generators/Other GANS/1. Cancer_other GAN.ipynb,,,,,
1. Cancer,CTABGAN,,0.0,Cosine_Similarity,-0.008807,,,Fidelity,Score,-0.008807,,,Generators/Other GANS/1. Cancer_other GAN.ipynb,,,,,
1. Cancer,CTABGAN,,0.0,PCA_Mean_Error,10.578803,,,Fidelity,Score,10.578803,,,Generators/Other GANS/1. Cancer_other GAN.ipynb,,,,,
1. Cancer,WGAN_GP,,0.0,PCA_Mean_Error,1.608508,,,Fidelity,Score,1.608508,,,Generators/Other GANS/1. Cancer_other GAN.ipynb,,,,,
1. Cancer,CTABGAN,,0.0,PCA_Correlation_Diff,1.040025,,,Fidelity,Score,1.040025,,,Generators/Other GANS/1. Cancer_other GAN.ipynb,,,,,
1. Cancer,WGAN_GP,,0.0,PCA_Correlation_Diff,0.153608,,,Fidelity,Score,0.153608,,,Generators/Other GANS/1. Cancer_other GAN.ipynb,,,,,
1. Cancer,WGAN_GP,,0.0,MMD_Multivariate,0.000164,,,Fidelity,Score,0.000164,,,Generators/Other GANS/1. Cancer_other GAN.ipynb,,,,,
1. Cancer,CTABGAN,,0.0,MMD_Multivariate,0.029374,,,Fidelity,Score,0.029374,,,Generators/Other GANS/1. Cancer_other GAN.ipynb,,,,,
1. Cancer,CTABGAN,,0.0,KS_Complement,0.8515999999999999,,,Fidelity,Score,0.8515999999999999,,,Generators/Other GANS/1. Cancer_other GAN.ipynb,,,,,
1. Cancer,WGAN_GP,,0.0,KS_Complement,0.9490000000000001,,,Fidelity,Score,0.9490000000000001,,,Generators/Other GANS/1. Cancer_other GAN.ipynb,,,,,
1. Cancer,CTABGAN,,0.0,JS_Divergence,0.0739615384615384,,,Fidelity,Score,0.0739615384615384,,,Results/Supplementary/js_divergence_from_plots.csv,,,,,
1. Cancer,WGAN_GP,,0.0,JS_Divergence,0.0238999999999999,,,Fidelity,Score,0.0238999999999999,,,Results/Supplementary/js_divergence_from_plots.csv,,,,,
1. Cancer,ForestDiffusion,,0.0,Wasserstein_Distance,0.012196,,,Fidelity,Score,0.012196,,,Generators/Diffusion GANs/1. Cancer_diffusion.ipynb,,,,,
1. Cancer,TabDDPM,,0.0,Wasserstein_Distance,0.424491,,,Fidelity,Score,0.424491,,,Generators/Diffusion GANs/1. Cancer_diffusion.ipynb,,,,,
1. Cancer,TabDDPM,,0.0,Gower_Distance,0.478821,,,Fidelity,Score,0.478821,,,Generators/Diffusion GANs/1. Cancer_diffusion.ipynb,,,,,
1. Cancer,ForestDiffusion,,0.0,Gower_Distance,0.860912,,,Fidelity,Score,0.860912,,,Generators/Diffusion GANs/1. Cancer_diffusion.ipynb,,,,,
1. Cancer,ForestDiffusion,,0.0,MMD,0.003385,,,Fidelity,Score,0.003385,,,Generators/Diffusion GANs/1. Cancer_diffusion.ipynb,,,,,
1. Cancer,TabDDPM,,0.0,MMD,0.568095,,,Fidelity,Score,0.568095,,,Generators/Diffusion GANs/1. Cancer_diffusion.ipynb,,,,,
1. Cancer,ForestDiffusion,,0.0,Cosine_Similarity,0.020406,,,Fidelity,Score,0.020406,,,Generators/Diffusion GANs/1. Cancer_diffusion.ipynb,,,,,
1. Cancer,TabDDPM,,0.0,Cosine_Similarity,-0.05887,,,Fidelity,Score,-0.05887,,,Generators/Diffusion GANs/1. Cancer_diffusion.ipynb,,,,,
1. Cancer,TabDDPM,,0.0,PCA_Mean_Error,138.499025,,,Fidelity,Score,138.499025,,,Generators/Diffusion GANs/1. Cancer_diffusion.ipynb,,,,,
1. Cancer,ForestDiffusion,,0.0,PCA_Mean_Error,1.192193,,,Fidelity,Score,1.192193,,,Generators/Diffusion GANs/1. Cancer_diffusion.ipynb,,,,,
1. Cancer,TabDDPM,,0.0,PCA_Correlation_Diff,0.711648,,,Fidelity,Score,0.711648,,,Generators/Diffusion GANs/1. Cancer_diffusion.ipynb,,,,,
1. Cancer,ForestDiffusion,,0.0,PCA_Correlation_Diff,0.193923,,,Fidelity,Score,0.193923,,,Generators/Diffusion GANs/1. Cancer_diffusion.ipynb,,,,,
1. Cancer,ForestDiffusion,,0.0,MMD_Multivariate,0.00178,,,Fidelity,Score,0.00178,,,Generators/Diffusion GANs/1. Cancer_diffusion.ipynb,,,,,
1. Cancer,TabDDPM,,0.0,MMD_Multivariate,0.370326,,,Fidelity,Score,0.370326,,,Generators/Diffusion GANs/1. Cancer_diffusion.ipynb,,,,,
1. Cancer,TabDDPM,,0.0,KS_Complement,0.4014,,,Fidelity,Score,0.4014,,,Generators/Diffusion GANs/1. Cancer_diffusion.ipynb,,,,,
1. Cancer,ForestDiffusion,,0.0,KS_Complement,0.9479000000000001,,,Fidelity,Score,0.9479000000000001,,,Generators/Diffusion GANs/1. Cancer_diffusion.ipynb,,,,,
1. Cancer,TabDDPM,,0.0,JS_Divergence,0.6448333333333334,,,Fidelity,Score,0.6448333333333334,,,Results/Supplementary/js_divergence_from_plots.csv,,,,,
1. Cancer,ForestDiffusion,,0.0,JS_Divergence,0.0208333333333333,,,Fidelity,Score,0.0208333333333333,,,Results/Supplementary/js_divergence_from_plots.csv,,,,,
1. Cancer,GaussianCopula,,0.0,Quality_Score,0.943748,,,Fidelity,,0.943748,,,Generators/SDV models/1. Cancer.ipynb,fidelity,0.943748,,,
1. Cancer,TVAE,,0.0,Quality_Score,0.896421,,,Fidelity,,0.896421,,,Generators/SDV models/1. Cancer.ipynb,fidelity,0.896421,,,
1. Cancer,CTGAN,,0.0,Quality_Score,0.765081,,,Fidelity,,0.765081,,,Generators/SDV models/1. Cancer.ipynb,fidelity,0.765081,,,
1. Cancer,CopulaGAN,,0.0,Quality_Score,0.721867,,,Fidelity,,0.721867,,,Generators/SDV models/1. Cancer.ipynb,fidelity,0.721867,,,
1. Cancer,WGAN_GP,,0.0,Quality_Score,0.949012,,,Fidelity,,0.949012,,,Generators/Other GANS/1. Cancer_other GAN.ipynb,fidelity,0.949012,,,
1. Cancer,CTABGAN,,0.0,Quality_Score,0.851563,,,Fidelity,,0.851563,,,Generators/Other GANS/1. Cancer_other GAN.ipynb,fidelity,0.851563,,,
1. Cancer,ForestDiffusion,,0.0,Quality_Score,0.947885,,,Fidelity,,0.947885,,,Generators/Diffusion GANs/1. Cancer_diffusion.ipynb,fidelity,0.947885,,,
1. Cancer,TabDDPM,,0.0,Quality_Score,0.401382,,,Fidelity,,0.401382,,,Generators/Diffusion GANs/1. Cancer_diffusion.ipynb,fidelity,0.401382,,,
1. Cancer,GaussianCopula,,0.0,Mean_Distance,5.993095267039475,,,Privacy,Score,5.993095267039475,,,/home/gopi.battineni/SYNTH_BENCHMARK/Generators/SDV models/Excel sheets/Hungarian_Mahalanobis_Four_Models.xlsx,privacy,5.993095267039475,,0.0,100.0
1. Cancer,TVAE,,0.0,Mean_Distance,43.68269224460514,,,Privacy,Score,43.68269224460514,,,/home/gopi.battineni/SYNTH_BENCHMARK/Generators/SDV models/Excel sheets/Hungarian_Mahalanobis_Four_Models.xlsx,privacy,43.68269224460514,,0.0,100.0
1. Cancer,CTGAN,,0.0,Mean_Distance,110.2921594178478,,,Privacy,Score,110.2921594178478,,,/home/gopi.battineni/SYNTH_BENCHMARK/Generators/SDV models/Excel sheets/Hungarian_Mahalanobis_Four_Models.xlsx,privacy,110.2921594178478,,0.0,100.0
1. Cancer,CopulaGAN,,0.0,Mean_Distance,133.737854553859,,,Privacy,Score,133.737854553859,,,/home/gopi.battineni/SYNTH_BENCHMARK/Generators/SDV models/Excel sheets/Hungarian_Mahalanobis_Four_Models.xlsx,privacy,133.737854553859,,0.0,100.0
1. Cancer,WGAN_GP,,0.0,Mean_Distance,6.218621,,,Privacy,Score,6.218621,,,Generators/Other GANS/1. Cancer_other GAN.ipynb,,,,,
1. Cancer,CTABGAN,,0.0,Mean_Distance,49.904281,,,Privacy,Score,49.904281,,,Generators/Other GANS/1. Cancer_other GAN.ipynb,,,,,
1. Cancer,ForestDiffusion,,0.0,Mean_Distance,3.883779,,,Privacy,Score,3.883779,,,Generators/Diffusion GANs/1. Cancer_diffusion.ipynb,,,,,
1. Cancer,TabDDPM,,0.0,Mean_Distance,34.433394,,,Privacy,Score,34.433394,,,Generators/Diffusion GANs/1. Cancer_diffusion.ipynb,,,,,
1. Cancer,GaussianCopula,,0.0,Median_Distance,5.455853609420996,,,Privacy,Score,5.455853609420996,,,/home/gopi.battineni/SYNTH_BENCHMARK/Generators/SDV models/Excel sheets/Hungarian_Mahalanobis_Four_Models.xlsx,privacy,5.455853609420996,,0.0,100.0
1. Cancer,GaussianCopula,,0.0,Std_Distance,2.229809634333889,,,Privacy,Score,2.229809634333889,,,/home/gopi.battineni/SYNTH_BENCHMARK/Generators/SDV models/Excel sheets/Hungarian_Mahalanobis_Four_Models.xlsx,privacy,2.229809634333889,,0.0,100.0
1. Cancer,GaussianCopula,,0.0,Min_Distance,2.98864040475122,,,Privacy,Score,2.98864040475122,,,/home/gopi.battineni/SYNTH_BENCHMARK/Generators/SDV models/Excel sheets/Hungarian_Mahalanobis_Four_Models.xlsx,privacy,2.98864040475122,,0.0,100.0
1. Cancer,GaussianCopula,,0.0,Max_Distance,22.00424531028987,,,Privacy,Score,22.00424531028987,,,/home/gopi.battineni/SYNTH_BENCHMARK/Generators/SDV models/Excel sheets/Hungarian_Mahalanobis_Four_Models.xlsx,privacy,22.00424531028987,,0.0,100.0
1. Cancer,TVAE,,0.0,Median_Distance,33.13567064522416,,,Privacy,Score,33.13567064522416,,,/home/gopi.battineni/SYNTH_BENCHMARK/Generators/SDV models/Excel sheets/Hungarian_Mahalanobis_Four_Models.xlsx,privacy,33.13567064522416,,0.0,100.0
1. Cancer,TVAE,,0.0,Std_Distance,32.50966032276904,,,Privacy,Score,32.50966032276904,,,/home/gopi.battineni/SYNTH_BENCHMARK/Generators/SDV models/Excel sheets/Hungarian_Mahalanobis_Four_Models.xlsx,privacy,32.50966032276904,,0.0,100.0
1. Cancer,TVAE,,0.0,Min_Distance,8.444834969028067,,,Privacy,Score,8.444834969028067,,,/home/gopi.battineni/SYNTH_BENCHMARK/Generators/SDV models/Excel sheets/Hungarian_Mahalanobis_Four_Models.xlsx,privacy,8.444834969028067,,0.0,100.0
1. Cancer,TVAE,,0.0,Max_Distance,170.1715718576419,,,Privacy,Score,170.1715718576419,,,/home/gopi.battineni/SYNTH_BENCHMARK/Generators/SDV models/Excel sheets/Hungarian_Mahalanobis_Four_Models.xlsx,privacy,170.1715718576419,,0.0,100.0
1. Cancer,CTGAN,,0.0,Median_Distance,94.34770805130505,,,Privacy,Score,94.34770805130505,,,/home/gopi.battineni/SYNTH_BENCHMARK/Generators/SDV models/Excel sheets/Hungarian_Mahalanobis_Four_Models.xlsx,privacy,94.34770805130505,,0.0,100.0
1. Cancer,CTGAN,,0.0,Std_Distance,57.07331412932883,,,Privacy,Score,57.07331412932883,,,/home/gopi.battineni/SYNTH_BENCHMARK/Generators/SDV models/Excel sheets/Hungarian_Mahalanobis_Four_Models.xlsx,privacy,57.07331412932883,,0.0,100.0
1. Cancer,CTGAN,,0.0,Min_Distance,25.33626767737993,,,Privacy,Score,25.33626767737993,,,/home/gopi.battineni/SYNTH_BENCHMARK/Generators/SDV models/Excel sheets/Hungarian_Mahalanobis_Four_Models.xlsx,privacy,25.33626767737993,,0.0,100.0
1. Cancer,CTGAN,,0.0,Max_Distance,349.5339478916002,,,Privacy,Score,349.5339478916002,,,/home/gopi.battineni/SYNTH_BENCHMARK/Generators/SDV models/Excel sheets/Hungarian_Mahalanobis_Four_Models.xlsx,privacy,349.5339478916002,,0.0,100.0
1. Cancer,CopulaGAN,,0.0,Median_Distance,121.8004469268097,,,Privacy,Score,121.8004469268097,,,/home/gopi.battineni/SYNTH_BENCHMARK/Generators/SDV models/Excel sheets/Hungarian_Mahalanobis_Four_Models.xlsx,privacy,121.8004469268097,,0.0,100.0
1. Cancer,CopulaGAN,,0.0,Std_Distance,65.13365889698537,,,Privacy,Score,65.13365889698537,,,/home/gopi.battineni/SYNTH_BENCHMARK/Generators/SDV models/Excel sheets/Hungarian_Mahalanobis_Four_Models.xlsx,privacy,65.13365889698537,,0.0,100.0
1. Cancer,CopulaGAN,,0.0,Min_Distance,24.77390350464789,,,Privacy,Score,24.77390350464789,,,/home/gopi.battineni/SYNTH_BENCHMARK/Generators/SDV models/Excel sheets/Hungarian_Mahalanobis_Four_Models.xlsx,privacy,24.77390350464789,,0.0,100.0
1. Cancer,CopulaGAN,,0.0,Max_Distance,355.5887680751471,,,Privacy,Score,355.5887680751471,,,/home/gopi.battineni/SYNTH_BENCHMARK/Generators/SDV models/Excel sheets/Hungarian_Mahalanobis_Four_Models.xlsx,privacy,355.5887680751471,,0.0,100.0
1. Cancer,CopulaGAN,,0.0,NNDR,8.754585,,,Privacy,Score,8.754585,,,Generators/SDV models/1. Cancer.ipynb,,,,,
1. Cancer,CTGAN,,0.0,NNDR,6.264304,,,Privacy,Score,6.264304,,,Generators/SDV models/1. Cancer.ipynb,,,,,
1. Cancer,TVAE,,0.0,NNDR,2.786137,,,Privacy,Score,2.786137,,,Generators/SDV models/1. Cancer.ipynb,,,,,
1. Cancer,GaussianCopula,,0.0,NNDR,2.722936,,,Privacy,Score,2.722936,,,Generators/SDV models/1. Cancer.ipynb,,,,,
1. Cancer,GaussianCopula,,0.0,Hungarian_Cosine_Similarity,0.999626,,,Privacy,Score,0.999626,,,Generators/SDV models/1. Cancer.ipynb,,,,,
1. Cancer,GaussianCopula,,0.0,Num_Matches,569.0,,,Privacy,Score,569.0,,,Generators/SDV models/1. Cancer.ipynb,,,,,
1. Cancer,TVAE,,0.0,Hungarian_Cosine_Similarity,0.994255,,,Privacy,Score,0.994255,,,Generators/SDV models/1. Cancer.ipynb,,,,,
1. Cancer,TVAE,,0.0,Num_Matches,569.0,,,Privacy,Score,569.0,,,Generators/SDV models/1. Cancer.ipynb,,,,,
1. Cancer,CopulaGAN,,0.0,Hungarian_Cosine_Similarity,0.956947,,,Privacy,Score,0.956947,,,Generators/SDV models/1. Cancer.ipynb,,,,,
1. Cancer,CopulaGAN,,0.0,Num_Matches,569.0,,,Privacy,Score,569.0,,,Generators/SDV models/1. Cancer.ipynb,,,,,
1. Cancer,CTGAN,,0.0,Hungarian_Cosine_Similarity,0.94758,,,Privacy,Score,0.94758,,,Generators/SDV models/1. Cancer.ipynb,,,,,
1. Cancer,CTGAN,,0.0,Num_Matches,569.0,,,Privacy,Score,569.0,,,Generators/SDV models/1. Cancer.ipynb,,,,,
1. Cancer,TVAE,,0.0,Mahalanobis_Distance,0.982851,,,Privacy,Score,0.982851,,,Generators/SDV models/1. Cancer.ipynb,,,,,
1. Cancer,GaussianCopula,,0.0,Mahalanobis_Distance,1.170214,,,Privacy,Score,1.170214,,,Generators/SDV models/1. Cancer.ipynb,,,,,
1. Cancer,CTGAN,,0.0,Mahalanobis_Distance,1.205707,,,Privacy,Score,1.205707,,,Generators/SDV models/1. Cancer.ipynb,,,,,
1. Cancer,CopulaGAN,,0.0,Mahalanobis_Distance,1.783988,,,Privacy,Score,1.783988,,,Generators/SDV models/1. Cancer.ipynb,,,,,
1. Cancer,CTGAN,,0.0,MIA_AUC,1.0,,,Privacy,Score,1.0,,,Generators/SDV models/1. Cancer.ipynb,,,,,
1. Cancer,CopulaGAN,,0.0,MIA_AUC,1.0,,,Privacy,Score,1.0,,,Generators/SDV models/1. Cancer.ipynb,,,,,
1. Cancer,TVAE,,0.0,MIA_AUC,0.998391,,,Privacy,Score,0.998391,,,Generators/SDV models/1. Cancer.ipynb,,,,,
1. Cancer,GaussianCopula,,0.0,MIA_AUC,0.792606,,,Privacy,Score,0.792606,,,Generators/SDV models/1. Cancer.ipynb,,,,,
1. Cancer,CTABGAN,,0.0,NNDR,4.696354,,,Privacy,Score,4.696354,,,Generators/Other GANS/1. Cancer_other GAN.ipynb,,,,,
1. Cancer,WGAN_GP,,0.0,NNDR,2.333268,,,Privacy,Score,2.333268,,,Generators/Other GANS/1. Cancer_other GAN.ipynb,,,,,
1. Cancer,WGAN_GP,,0.0,Hungarian_Cosine_Similarity,0.99984,,,Privacy,Score,0.99984,,,Generators/Other GANS/1. Cancer_other GAN.ipynb,,,,,
1. Cancer,WGAN_GP,,0.0,Num_Matches,569.0,,,Privacy,Score,569.0,,,Generators/Other GANS/1. Cancer_other GAN.ipynb,,,,,
1. Cancer,CTABGAN,,0.0,Hungarian_Cosine_Similarity,0.998195,,,Privacy,Score,0.998195,,,Generators/Other GANS/1. Cancer_other GAN.ipynb,,,,,
1. Cancer,CTABGAN,,0.0,Num_Matches,569.0,,,Privacy,Score,569.0,,,Generators/Other GANS/1. Cancer_other GAN.ipynb,,,,,
1. Cancer,CTABGAN,,0.0,Mahalanobis_Distance,0.96297,,,Privacy,Score,0.96297,,,Generators/Other GANS/1. Cancer_other GAN.ipynb,,,,,
1. Cancer,WGAN_GP,,0.0,Mahalanobis_Distance,1.147123,,,Privacy,Score,1.147123,,,Generators/Other GANS/1. Cancer_other GAN.ipynb,,,,,
1. Cancer,WGAN_GP,,0.0,MIA_AUC,0.556715,,,Privacy,Score,0.556715,,,Generators/Other GANS/1. Cancer_other GAN.ipynb,,,,,
1. Cancer,CTABGAN,,0.0,MIA_AUC,0.624091,,,Privacy,Score,0.624091,,,Generators/Other GANS/1. Cancer_other GAN.ipynb,,,,,
1. Cancer,TabDDPM,,0.0,NNDR,17.765025,,,Privacy,Score,17.765025,,,Generators/Diffusion GANs/1. Cancer_diffusion.ipynb,,,,,
1. Cancer,ForestDiffusion,,0.0,NNDR,1.873807,,,Privacy,Score,1.873807,,,Generators/Diffusion GANs/1. Cancer_diffusion.ipynb,,,,,
1. Cancer,ForestDiffusion,,0.0,Hungarian_Cosine_Similarity,0.999888,,,Privacy,Score,0.999888,,,Generators/Diffusion GANs/1. Cancer_diffusion.ipynb,,,,,
1. Cancer,ForestDiffusion,,0.0,Num_Matches,569.0,,,Privacy,Score,569.0,,,Generators/Diffusion GANs/1. Cancer_diffusion.ipynb,,,,,
1. Cancer,TabDDPM,,0.0,Hungarian_Cosine_Similarity,0.991305,,,Privacy,Score,0.991305,,,Generators/Diffusion GANs/1. Cancer_diffusion.ipynb,,,,,
1. Cancer,TabDDPM,,0.0,Num_Matches,569.0,,,Privacy,Score,569.0,,,Generators/Diffusion GANs/1. Cancer_diffusion.ipynb,,,,,
1. Cancer,ForestDiffusion,,0.0,Mahalanobis_Distance,1.110723,,,Privacy,Score,1.110723,,,Generators/Diffusion GANs/1. Cancer_diffusion.ipynb,,,,,
1. Cancer,TabDDPM,,0.0,Mahalanobis_Distance,9.926277,,,Privacy,Score,9.926277,,,Generators/Diffusion GANs/1. Cancer_diffusion.ipynb,,,,,
1. Cancer,TabDDPM,,0.0,MIA_AUC,0.309536,,,Privacy,Score,0.309536,,,Generators/Diffusion GANs/1. Cancer_diffusion.ipynb,,,,,
1. Cancer,ForestDiffusion,,0.0,MIA_AUC,0.546859,,,Privacy,Score,0.546859,,,Generators/Diffusion GANs/1. Cancer_diffusion.ipynb,,,,,
